,State Name,county Name,Year,Month,State Code,County Code,Avg AQI,Category,Min AQI,Max AQI,Days with AQI >50,Monthly Mode DP (AQI>50),DP as NO2 (AQI>50),DP as Ozone (AQI>50),DP as PM10 (AQI>50),DP as PM2.5 (AQI>50),Days with AQI >100,Monthly Mode DP (AQI>100),DP as NO2 (AQI>100),DP as Ozone (AQI>100),DP as PM10 (AQI>100),DP as PM2.5 (AQI>100)
0,Illinois,Adams,2016,4,17,1,37.2,Good,22,58,2.0,Ozone,0.0,2.0,0.0,0.0,0.0,0,0.0,0.0,0.0,0.0
1,Illinois,Adams,2016,5,17,1,42.41935483870968,Good,21,80,3.0,Ozone,0.0,3.0,0.0,0.0,0.0,0,0.0,0.0,0.0,0.0
2,Illinois,Adams,2016,6,17,1,49.63333333333333,Good,35,77,8.0,Ozone,0.0,8.0,0.0,0.0,0.0,0,0.0,0.0,0.0,0.0
3,Illinois,Adams,2016,7,17,1,34.774193548387096,Good,29,43,0.0,0,0.0,0.0,0.0,0.0,0.0,0,0.0,0.0,0.0,0.0
4,Illinois,Adams,2016,8,17,1,32.54838709677419,Good,23,44,0.0,0,0.0,0.0,0.0,0.0,0.0,0,0.0,0.0,0.0,0.0
5,Illinois,Adams,2016,9,17,1,33.86666666666667,Good,21,58,1.0,Ozone,0.0,1.0,0.0,0.0,0.0,0,0.0,0.0,0.0,0.0
6,Illinois,Adams,2016,10,17,1,31.193548387096776,Good,19,51,1.0,Ozone,0.0,1.0,0.0,0.0,0.0,0,0.0,0.0,0.0,0.0
7,Illinois,Adams,2017,3,17,1,37.38709677419355,Good,22,50,0.0,0,0.0,0.0,0.0,0.0,0.0,0,0.0,0.0,0.0,0.0
8,Illinois,Adams,2017,4,17,1,46.6,Good,27,87,6.0,Ozone,0.0,6.0,0.0,0.0,0.0,0,0.0,0.0,0.0,0.0
9,Illinois,Adams,2017,5,17,1,49.903225806451616,Good,23,80,8.0,Ozone,0.0,8.0,0.0,0.0,0.0,0,0.0,0.0,0.0,0.0
10,Illinois,Adams,2017,6,17,1,52.43333333333333,Moderate,31,115,9.0,Ozone,0.0,9.0,0.0,0.0,1.0,Ozone,0.0,1.0,0.0,0.0
11,Illinois,Adams,2017,7,17,1,41.7,Good,32,58,1.0,Ozone,0.0,1.0,0.0,0.0,0.0,0,0.0,0.0,0.0,0.0
12,Illinois,Adams,2017,8,17,1,38.61290322580645,Good,24,58,2.0,Ozone,0.0,2.0,0.0,0.0,0.0,0,0.0,0.0,0.0,0.0
13,Illinois,Adams,2017,9,17,1,41.43333333333333,Good,25,58,4.0,Ozone,0.0,4.0,0.0,0.0,0.0,0,0.0,0.0,0.0,0.0
14,Illinois,Adams,2017,10,17,1,32.645161290322584,Good,15,54,1.0,Ozone,0.0,1.0,0.0,0.0,0.0,0,0.0,0.0,0.0,0.0
15,Illinois,Adams,2018,3,17,1,33.645161290322584,Good,21,42,0.0,0,0.0,0.0,0.0,0.0,0.0,0,0.0,0.0,0.0,0.0
16,Illinois,Adams,2018,4,17,1,41.6,Good,31,58,2.0,Ozone,0.0,2.0,0.0,0.0,0.0,0,0.0,0.0,0.0,0.0
17,Illinois,Adams,2018,5,17,1,49.903225806451616,Good,27,84,10.0,Ozone,0.0,10.0,0.0,0.0,0.0,0,0.0,0.0,0.0,0.0
18,Illinois,Adams,2018,6,17,1,40.53333333333333,Good,25,87,5.0,Ozone,0.0,5.0,0.0,0.0,0.0,0,0.0,0.0,0.0,0.0
19,Illinois,Adams,2018,7,17,1,37.38709677419355,Good,29,49,0.0,0,0.0,0.0,0.0,0.0,0.0,0,0.0,0.0,0.0,0.0
20,Illinois,Adams,2018,8,17,1,33.354838709677416,Good,22,47,0.0,0,0.0,0.0,0.0,0.0,0.0,0,0.0,0.0,0.0,0.0
21,Illinois,Adams,2018,9,17,1,32.2,Good,19,48,0.0,0,0.0,0.0,0.0,0.0,0.0,0,0.0,0.0,0.0,0.0
22,Illinois,Adams,2018,10,17,1,23.870967741935484,Good,13,32,0.0,0,0.0,0.0,0.0,0.0,0.0,0,0.0,0.0,0.0,0.0
23,Illinois,Adams,2019,3,17,1,44.45161290322581,Good,36,54,4.0,Ozone,0.0,4.0,0.0,0.0,0.0,0,0.0,0.0,0.0,0.0
24,Illinois,Adams,2019,4,17,1,47.8,Good,26,87,10.0,Ozone,0.0,10.0,0.0,0.0,0.0,0,0.0,0.0,0.0,0.0
25,Illinois,Adams,2019,5,17,1,45.064516129032256,Good,28,67,6.0,Ozone,0.0,6.0,0.0,0.0,0.0,0,0.0,0.0,0.0,0.0
26,Illinois,Adams,2019,6,17,1,48.51851851851852,Good,26,93,7.0,Ozone,0.0,7.0,0.0,0.0,0.0,0,0.0,0.0,0.0,0.0
27,Illinois,Adams,2019,7,17,1,40.06666666666667,Good,30,51,1.0,Ozone,0.0,1.0,0.0,0.0,0.0,0,0.0,0.0,0.0,0.0
28,Illinois,Adams,2019,8,17,1,40.483870967741936,Good,24,80,4.0,Ozone,0.0,4.0,0.0,0.0,0.0,0,0.0,0.0,0.0,0.0
29,Illinois,Adams,2019,9,17,1,37.766666666666666,Good,25,54,1.0,Ozone,0.0,1.0,0.0,0.0,0.0,0,0.0,0.0,0.0,0.0
30,Illinois,Adams,2019,10,17,1,31.516129032258064,Good,18,43,0.0,0,0.0,0.0,0.0,0.0,0.0,0,0.0,0.0,0.0,0.0
31,Illinois,Adams,2020,3,17,1,34.8,Good,19,46,0.0,0,0.0,0.0,0.0,0.0,0.0,0,0.0,0.0,0.0,0.0
32,Illinois,Adams,2020,4,17,1,42.2,Good,27,58,1.0,Ozone,0.0,1.0,0.0,0.0,0.0,0,0.0,0.0,0.0,0.0
33,Illinois,Adams,2020,5,17,1,40.096774193548384,Good,28,54,3.0,Ozone,0.0,3.0,0.0,0.0,0.0,0,0.0,0.0,0.0,0.0
34,Illinois,Adams,2020,6,17,1,52.86666666666667,Moderate,31,84,12.0,Ozone,0.0,12.0,0.0,0.0,0.0,0,0.0,0.0,0.0,0.0
35,Illinois,Adams,2020,7,17,1,43.12903225806452,Good,24,80,7.0,Ozone,0.0,7.0,0.0,0.0,0.0,0,0.0,0.0,0.0,0.0
36,Illinois,Adams,2020,8,17,1,35.25806451612903,Good,19,58,1.0,Ozone,0.0,1.0,0.0,0.0,0.0,0,0.0,0.0,0.0,0.0
37,Illinois,Adams,2020,9,17,1,30.666666666666668,Good,7,44,0.0,0,0.0,0.0,0.0,0.0,0.0,0,0.0,0.0,0.0,0.0
38,Illinois,Adams,2020,10,17,1,28.0,Good,14,47,0.0,0,0.0,0.0,0.0,0.0,0.0,0,0.0,0.0,0.0,0.0
39,Illinois,Adams,2021,3,17,1,39.74193548387097,Good,22,58,1.0,Ozone,0.0,1.0,0.0,0.0,0.0,0,0.0,0.0,0.0,0.0
40,Illinois,Adams,2021,4,17,1,41.51851851851852,Good,24,64,3.0,Ozone,0.0,3.0,0.0,0.0,0.0,0,0.0,0.0,0.0,0.0
41,Illinois,Adams,2021,5,17,1,39.29032258064516,Good,28,58,1.0,Ozone,0.0,1.0,0.0,0.0,0.0,0,0.0,0.0,0.0,0.0
42,Illinois,Adams,2021,6,17,1,51.56666666666667,Moderate,26,93,11.0,Ozone,0.0,11.0,0.0,0.0,0.0,0,0.0,0.0,0.0,0.0
43,Illinois,Adams,2021,7,17,1,40.354838709677416,Good,25,54,4.0,Ozone,0.0,4.0,0.0,0.0,0.0,0,0.0,0.0,0.0,0.0
44,Illinois,Adams,2021,8,17,1,36.70967741935484,Good,26,43,0.0,0,0.0,0.0,0.0,0.0,0.0,0,0.0,0.0,0.0,0.0
45,Illinois,Adams,2021,9,17,1,43.733333333333334,Good,20,87,3.0,Ozone,0.0,3.0,0.0,0.0,0.0,0,0.0,0.0,0.0,0.0
46,Illinois,Adams,2021,10,17,1,30.322580645161292,Good,14,46,0.0,0,0.0,0.0,0.0,0.0,0.0,0,0.0,0.0,0.0,0.0
47,Illinois,Adams,2022,3,17,1,38.96774193548387,Good,27,49,0.0,0,0.0,0.0,0.0,0.0,0.0,0,0.0,0.0,0.0,0.0
48,Illinois,Adams,2022,4,17,1,39.7,Good,31,50,0.0,0,0.0,0.0,0.0,0.0,0.0,0,0.0,0.0,0.0,0.0
49,Illinois,Adams,2022,5,17,1,39.193548387096776,Good,26,54,1.0,Ozone,0.0,1.0,0.0,0.0,0.0,0,0.0,0.0,0.0,0.0
50,Illinois,Adams,2022,6,17,1,45.82142857142857,Good,27,71,5.0,Ozone,0.0,5.0,0.0,0.0,0.0,0,0.0,0.0,0.0,0.0
51,Illinois,Adams,2022,7,17,1,38.12903225806452,Good,23,49,0.0,0,0.0,0.0,0.0,0.0,0.0,0,0.0,0.0,0.0,0.0
52,Illinois,Adams,2022,8,17,1,37.15384615384615,Good,25,49,0.0,0,0.0,0.0,0.0,0.0,0.0,0,0.0,0.0,0.0,0.0
53,Illinois,Adams,2022,9,17,1,35.310344827586206,Good,20,51,1.0,Ozone,0.0,1.0,0.0,0.0,0.0,0,0.0,0.0,0.0,0.0
54,Illinois,Adams,2022,10,17,1,34.16129032258065,Good,16,48,0.0,0,0.0,0.0,0.0,0.0,0.0,0,0.0,0.0,0.0,0.0
55,Illinois,Adams,2023,3,17,1,38.83870967741935,Good,27,48,0.0,0,0.0,0.0,0.0,0.0,0.0,0,0.0,0.0,0.0,0.0
56,Illinois,Adams,2023,4,17,1,45.93333333333333,Good,33,77,4.0,Ozone,0.0,4.0,0.0,0.0,0.0,0,0.0,0.0,0.0,0.0
57,Illinois,Adams,2023,5,17,1,60.45161290322581,Moderate,34,119,16.0,Ozone,0.0,16.0,0.0,0.0,3.0,Ozone,0.0,3.0,0.0,0.0
58,Illinois,Adams,2023,6,17,1,81.33333333333333,Moderate,40,136,22.0,Ozone,0.0,22.0,0.0,0.0,9.0,Ozone,0.0,9.0,0.0,0.0
59,Illinois,Adams,2023,7,17,1,47.354838709677416,Good,35,80,7.0,Ozone,0.0,7.0,0.0,0.0,0.0,0,0.0,0.0,0.0,0.0
60,Illinois,Adams,2023,8,17,1,39.225806451612904,Good,28,61,2.0,Ozone,0.0,2.0,0.0,0.0,0.0,0,0.0,0.0,0.0,0.0
61,Illinois,Adams,2023,9,17,1,43.166666666666664,Good,25,71,6.0,Ozone,0.0,6.0,0.0,0.0,0.0,0,0.0,0.0,0.0,0.0
62,Illinois,Adams,2023,10,17,1,34.32258064516129,Good,14,74,4.0,Ozone,0.0,4.0,0.0,0.0,0.0,0,0.0,0.0,0.0,0.0
63,Illinois,Adams,2024,3,17,1,38.45161290322581,Good,20,54,1.0,Ozone,0.0,1.0,0.0,0.0,0.0,0,0.0,0.0,0.0,0.0
64,Illinois,Adams,2024,4,17,1,44.43333333333333,Good,27,71,4.0,Ozone,0.0,4.0,0.0,0.0,0.0,0,0.0,0.0,0.0,0.0
65,Illinois,Adams,2024,5,17,1,44.96,Good,34,58,4.0,Ozone,0.0,4.0,0.0,0.0,0.0,0,0.0,0.0,0.0,0.0
66,Illinois,Adams,2024,6,17,1,46.53333333333333,Good,32,97,4.0,Ozone,0.0,4.0,0.0,0.0,0.0,0,0.0,0.0,0.0,0.0
67,Illinois,Adams,2024,7,17,1,42.12,Good,28,50,0.0,0,0.0,0.0,0.0,0.0,0.0,0,0.0,0.0,0.0,0.0
68,Illinois,Adams,2024,8,17,1,39.45161290322581,Good,27,48,0.0,0,0.0,0.0,0.0,0.0,0.0,0,0.0,0.0,0.0,0.0
69,Illinois,Adams,2024,9,17,1,38.63333333333333,Good,12,67,2.0,Ozone,0.0,2.0,0.0,0.0,0.0,0,0.0,0.0,0.0,0.0
70,Illinois,Adams,2024,10,17,1,43.354838709677416,Good,26,87,8.0,Ozone,0.0,8.0,0.0,0.0,0.0,0,0.0,0.0,0.0,0.0
71,Illinois,Adams,2025,3,17,1,41.61290322580645,Good,31,71,1.0,Ozone,0.0,1.0,0.0,0.0,0.0,0,0.0,0.0,0.0,0.0
72,Illinois,Adams,2025,4,17,1,37.37931034482759,Good,16,49,0.0,0,0.0,0.0,0.0,0.0,0.0,0,0.0,0.0,0.0,0.0
73,Illinois,Adams,2025,5,17,1,42.74193548387097,Good,28,71,5.0,Ozone,0.0,5.0,0.0,0.0,0.0,0,0.0,0.0,0.0,0.0
74,Illinois,Adams,2025,6,17,1,37.733333333333334,Good,25,67,2.0,Ozone,0.0,2.0,0.0,0.0,0.0,0,0.0,0.0,0.0,0.0
75,Illinois,Champaign,2016,1,17,19,42.774193548387096,Good,23,70,9.0,PM2.5,0.0,0.0,0.0,9.0,0.0,0,0.0,0.0,0.0,0.0
76,Illinois,Champaign,2016,2,17,19,41.10344827586207,Good,26,74,8.0,PM2.5,0.0,0.0,0.0,8.0,0.0,0,0.0,0.0,0.0,0.0
77,Illinois,Champaign,2016,3,17,19,39.41935483870968,Good,26,58,2.0,PM2.5,0.0,0.0,0.0,2.0,0.0,0,0.0,0.0,0.0,0.0
78,Illinois,Champaign,2016,4,17,19,51.9,Moderate,31,93,13.0,Ozone,0.0,8.0,0.0,5.0,0.0,0,0.0,0.0,0.0,0.0
79,Illinois,Champaign,2016,5,17,19,53.354838709677416,Moderate,37,100,12.0,Ozone,0.0,10.0,0.0,2.0,0.0,0,0.0,0.0,0.0,0.0
80,Illinois,Champaign,2016,6,17,19,59.166666666666664,Moderate,39,87,20.0,Ozone,0.0,16.0,0.0,4.0,0.0,0,0.0,0.0,0.0,0.0
81,Illinois,Champaign,2016,7,17,19,42.774193548387096,Good,26,59,6.0,PM2.5,0.0,0.0,0.0,6.0,0.0,0,0.0,0.0,0.0,0.0
82,Illinois,Champaign,2016,8,17,19,42.61290322580645,Good,18,64,10.0,PM2.5,0.0,1.0,0.0,9.0,0.0,0,0.0,0.0,0.0,0.0
83,Illinois,Champaign,2016,9,17,19,41.8,Good,22,93,6.0,Ozone,0.0,3.0,0.0,3.0,0.0,0,0.0,0.0,0.0,0.0
84,Illinois,Champaign,2016,10,17,19,38.903225806451616,Good,23,56,7.0,PM2.5,0.0,0.0,0.0,7.0,0.0,0,0.0,0.0,0.0,0.0
85,Illinois,Champaign,2016,11,17,19,41.266666666666666,Good,14,59,11.0,PM2.5,0.0,0.0,0.0,11.0,0.0,0,0.0,0.0,0.0,0.0
86,Illinois,Champaign,2016,12,17,19,37.87096774193548,Good,14,63,8.0,PM2.5,0.0,0.0,0.0,8.0,0.0,0,0.0,0.0,0.0,0.0
87,Illinois,Champaign,2017,1,17,19,46.806451612903224,Good,27,83,14.0,PM2.5,0.0,0.0,0.0,14.0,0.0,0,0.0,0.0,0.0,0.0
88,Illinois,Champaign,2017,2,17,19,49.392857142857146,Good,31,75,13.0,PM2.5,0.0,0.0,0.0,13.0,0.0,0,0.0,0.0,0.0,0.0
89,Illinois,Champaign,2017,3,17,19,44.03225806451613,Good,30,68,8.0,PM2.5,0.0,0.0,0.0,8.0,0.0,0,0.0,0.0,0.0,0.0
90,Illinois,Champaign,2017,4,17,19,43.166666666666664,Good,28,67,4.0,Ozone,0.0,3.0,0.0,1.0,0.0,0,0.0,0.0,0.0,0.0
91,Illinois,Champaign,2017,5,17,19,48.54838709677419,Good,35,74,9.0,Ozone,0.0,7.0,0.0,2.0,0.0,0,0.0,0.0,0.0,0.0
92,Illinois,Champaign,2017,6,17,19,56.46666666666667,Moderate,34,105,15.0,Ozone,0.0,14.0,0.0,1.0,1.0,Ozone,0.0,1.0,0.0,0.0
93,Illinois,Champaign,2017,7,17,19,48.67741935483871,Good,34,64,14.0,PM2.5,0.0,4.0,0.0,10.0,0.0,0,0.0,0.0,0.0,0.0
94,Illinois,Champaign,2017,8,17,19,44.354838709677416,Good,27,58,9.0,PM2.5,0.0,1.0,0.0,8.0,0.0,0,0.0,0.0,0.0,0.0
95,Illinois,Champaign,2017,9,17,19,46.8,Good,20,77,13.0,PM2.5,0.0,3.0,0.0,10.0,0.0,0,0.0,0.0,0.0,0.0
96,Illinois,Champaign,2017,10,17,19,37.25806451612903,Good,15,57,6.0,PM2.5,0.0,0.0,0.0,6.0,0.0,0,0.0,0.0,0.0,0.0
97,Illinois,Champaign,2017,11,17,19,46.266666666666666,Good,30,67,13.0,PM2.5,0.0,0.0,0.0,13.0,0.0,0,0.0,0.0,0.0,0.0
98,Illinois,Champaign,2017,12,17,19,43.225806451612904,Good,22,71,14.0,PM2.5,0.0,0.0,0.0,14.0,0.0,0,0.0,0.0,0.0,0.0
99,Illinois,Champaign,2018,1,17,19,45.83870967741935,Good,27,70,14.0,PM2.5,0.0,0.0,0.0,14.0,0.0,0,0.0,0.0,0.0,0.0
100,Illinois,Champaign,2018,2,17,19,45.214285714285715,Good,23,68,11.0,PM2.5,0.0,0.0,0.0,11.0,0.0,0,0.0,0.0,0.0,0.0
101,Illinois,Champaign,2018,3,17,19,43.54838709677419,Good,31,56,6.0,PM2.5,0.0,0.0,0.0,6.0,0.0,0,0.0,0.0,0.0,0.0
102,Illinois,Champaign,2018,4,17,19,46.86666666666667,Good,35,64,8.0,Ozone,0.0,4.0,0.0,4.0,0.0,0,0.0,0.0,0.0,0.0
103,Illinois,Champaign,2018,5,17,19,68.54838709677419,Moderate,37,112,25.0,Ozone,0.0,19.0,0.0,6.0,3.0,Ozone,0.0,3.0,0.0,0.0
104,Illinois,Champaign,2018,6,17,19,52.7,Moderate,33,105,11.0,Ozone,0.0,7.0,0.0,4.0,1.0,Ozone,0.0,1.0,0.0,0.0
105,Illinois,Champaign,2018,7,17,19,47.096774193548384,Good,30,80,12.0,PM2.5,0.0,2.0,0.0,10.0,0.0,0,0.0,0.0,0.0,0.0
106,Illinois,Champaign,2018,8,17,19,55.064516129032256,Moderate,32,74,26.0,PM2.5,0.0,1.0,0.0,25.0,0.0,0,0.0,0.0,0.0,0.0
107,Illinois,Champaign,2018,9,17,19,40.03333333333333,Good,23,58,6.0,PM2.5,0.0,0.0,0.0,6.0,0.0,0,0.0,0.0,0.0,0.0
108,Illinois,Champaign,2018,10,17,19,36.74193548387097,Good,20,56,4.0,PM2.5,0.0,0.0,0.0,4.0,0.0,0,0.0,0.0,0.0,0.0
109,Illinois,Champaign,2018,11,17,19,45.93333333333333,Good,19,73,14.0,PM2.5,0.0,0.0,0.0,14.0,0.0,0,0.0,0.0,0.0,0.0
110,Illinois,Champaign,2018,12,17,19,48.225806451612904,Good,24,83,19.0,PM2.5,0.0,0.0,0.0,19.0,0.0,0,0.0,0.0,0.0,0.0
111,Illinois,Champaign,2019,1,17,19,47.225806451612904,Good,27,73,16.0,PM2.5,0.0,0.0,0.0,16.0,0.0,0,0.0,0.0,0.0,0.0
112,Illinois,Champaign,2019,2,17,19,51.75,Moderate,31,76,18.0,PM2.5,0.0,0.0,0.0,18.0,0.0,0,0.0,0.0,0.0,0.0
113,Illinois,Champaign,2019,3,17,19,49.516129032258064,Good,38,69,14.0,PM2.5,0.0,0.0,0.0,14.0,0.0,0,0.0,0.0,0.0,0.0
114,Illinois,Champaign,2019,4,17,19,47.6,Good,30,64,10.0,PM2.5,0.0,4.0,0.0,6.0,0.0,0,0.0,0.0,0.0,0.0
115,Illinois,Champaign,2019,5,17,19,45.87096774193548,Good,26,64,9.0,Ozone,0.0,7.0,0.0,2.0,0.0,0,0.0,0.0,0.0,0.0
116,Illinois,Champaign,2019,6,17,19,54.266666666666666,Moderate,35,87,14.0,Ozone,0.0,11.0,0.0,3.0,0.0,0,0.0,0.0,0.0,0.0
117,Illinois,Champaign,2019,7,17,19,51.935483870967744,Moderate,36,93,15.0,PM2.5,0.0,6.0,0.0,9.0,0.0,0,0.0,0.0,0.0,0.0
118,Illinois,Champaign,2019,8,17,19,44.12903225806452,Good,30,71,6.0,Ozone,0.0,5.0,0.0,1.0,0.0,0,0.0,0.0,0.0,0.0
119,Illinois,Champaign,2019,9,17,19,45.1,Good,26,100,11.0,PM2.5,0.0,2.0,0.0,9.0,0.0,0,0.0,0.0,0.0,0.0
120,Illinois,Champaign,2019,10,17,19,33.41935483870968,Good,15,53,1.0,PM2.5,0.0,0.0,0.0,1.0,0.0,0,0.0,0.0,0.0,0.0
121,Illinois,Champaign,2019,11,17,19,44.4,Good,22,72,10.0,PM2.5,0.0,0.0,0.0,10.0,0.0,0,0.0,0.0,0.0,0.0
122,Illinois,Champaign,2019,12,17,19,49.83870967741935,Good,26,72,16.0,PM2.5,0.0,0.0,0.0,16.0,0.0,0,0.0,0.0,0.0,0.0
123,Illinois,Champaign,2020,1,17,19,45.54838709677419,Good,25,61,12.0,PM2.5,0.0,0.0,0.0,12.0,0.0,0,0.0,0.0,0.0,0.0
124,Illinois,Champaign,2020,2,17,19,43.96551724137931,Good,24,60,12.0,PM2.5,0.0,0.0,0.0,12.0,0.0,0,0.0,0.0,0.0,0.0
125,Illinois,Champaign,2020,3,17,19,44.516129032258064,Good,26,67,8.0,PM2.5,0.0,0.0,0.0,8.0,0.0,0,0.0,0.0,0.0,0.0
126,Illinois,Champaign,2020,4,17,19,46.4,Good,37,66,10.0,PM2.5,0.0,0.0,0.0,10.0,0.0,0,0.0,0.0,0.0,0.0
127,Illinois,Champaign,2020,5,17,19,41.32258064516129,Good,28,64,3.0,Ozone,0.0,2.0,0.0,1.0,0.0,0,0.0,0.0,0.0,0.0
128,Illinois,Champaign,2020,6,17,19,59.733333333333334,Moderate,34,108,21.0,Ozone,0.0,17.0,0.0,4.0,1.0,Ozone,0.0,1.0,0.0,0.0
129,Illinois,Champaign,2020,7,17,19,50.12903225806452,Moderate,29,126,8.0,Ozone,0.0,7.0,0.0,1.0,1.0,Ozone,0.0,1.0,0.0,0.0
130,Illinois,Champaign,2020,8,17,19,43.935483870967744,Good,27,64,9.0,PM2.5,0.0,1.0,0.0,8.0,0.0,0,0.0,0.0,0.0,0.0
131,Illinois,Champaign,2020,9,17,19,40.46666666666667,Good,18,58,5.0,PM2.5,0.0,0.0,0.0,5.0,0.0,0,0.0,0.0,0.0,0.0
132,Illinois,Champaign,2020,10,17,19,37.0,Good,19,64,3.0,PM2.5,0.0,0.0,0.0,3.0,0.0,0,0.0,0.0,0.0,0.0
133,Illinois,Champaign,2020,11,17,19,39.833333333333336,Good,23,62,6.0,PM2.5,0.0,0.0,0.0,6.0,0.0,0,0.0,0.0,0.0,0.0
134,Illinois,Champaign,2020,12,17,19,50.54838709677419,Moderate,24,76,19.0,PM2.5,0.0,0.0,0.0,19.0,0.0,0,0.0,0.0,0.0,0.0
135,Illinois,Champaign,2021,1,17,19,44.12903225806452,Good,23,65,10.0,PM2.5,0.0,0.0,0.0,10.0,0.0,0,0.0,0.0,0.0,0.0
136,Illinois,Champaign,2021,2,17,19,48.214285714285715,Good,28,81,15.0,PM2.5,0.0,0.0,0.0,15.0,0.0,0,0.0,0.0,0.0,0.0
137,Illinois,Champaign,2021,3,17,19,44.645161290322584,Good,33,69,7.0,PM2.5,0.0,0.0,0.0,7.0,0.0,0,0.0,0.0,0.0,0.0
138,Illinois,Champaign,2021,4,17,19,45.36666666666667,Good,24,90,9.0,PM2.5,0.0,2.0,0.0,7.0,0.0,0,0.0,0.0,0.0,0.0
139,Illinois,Champaign,2021,5,17,19,45.225806451612904,Good,34,61,9.0,PM2.5,0.0,4.0,0.0,5.0,0.0,0,0.0,0.0,0.0,0.0
140,Illinois,Champaign,2021,6,17,19,50.43333333333333,Moderate,24,97,13.0,Ozone,0.0,10.0,0.0,3.0,0.0,0,0.0,0.0,0.0,0.0
141,Illinois,Champaign,2021,7,17,19,54.03225806451613,Moderate,28,99,17.0,PM2.5,0.0,0.0,0.0,17.0,0.0,0,0.0,0.0,0.0,0.0
142,Illinois,Champaign,2021,8,17,19,50.193548387096776,Moderate,31,85,16.0,PM2.5,0.0,1.0,0.0,15.0,0.0,0,0.0,0.0,0.0,0.0
143,Illinois,Champaign,2021,9,17,19,46.06666666666667,Good,22,77,11.0,PM2.5,0.0,5.0,0.0,6.0,0.0,0,0.0,0.0,0.0,0.0
144,Illinois,Champaign,2021,10,17,19,35.41935483870968,Good,18,59,4.0,PM2.5,0.0,0.0,0.0,4.0,0.0,0,0.0,0.0,0.0,0.0
145,Illinois,Champaign,2021,11,17,19,39.03333333333333,Good,18,77,8.0,PM2.5,0.0,0.0,0.0,8.0,0.0,0,0.0,0.0,0.0,0.0
146,Illinois,Champaign,2021,12,17,19,42.064516129032256,Good,23,66,10.0,PM2.5,0.0,0.0,0.0,10.0,0.0,0,0.0,0.0,0.0,0.0
147,Illinois,Champaign,2022,1,17,19,43.645161290322584,Good,28,69,10.0,PM2.5,0.0,0.0,0.0,10.0,0.0,0,0.0,0.0,0.0,0.0
148,Illinois,Champaign,2022,2,17,19,43.107142857142854,Good,27,62,11.0,PM2.5,0.0,0.0,0.0,11.0,0.0,0,0.0,0.0,0.0,0.0
149,Illinois,Champaign,2022,3,17,19,43.74193548387097,Good,26,62,10.0,PM2.5,0.0,0.0,0.0,10.0,0.0,0,0.0,0.0,0.0,0.0
150,Illinois,Champaign,2022,4,17,19,39.666666666666664,Good,27,56,6.0,PM2.5,0.0,0.0,0.0,6.0,0.0,0,0.0,0.0,0.0,0.0
151,Illinois,Champaign,2022,5,17,19,45.096774193548384,Good,24,77,10.0,Ozone,0.0,6.0,0.0,4.0,0.0,0,0.0,0.0,0.0,0.0
152,Illinois,Champaign,2022,6,17,19,68.66666666666667,Moderate,36,126,23.0,Ozone,0.0,17.0,0.0,6.0,1.0,Ozone,0.0,1.0,0.0,0.0
153,Illinois,Champaign,2022,7,17,19,47.806451612903224,Good,32,67,13.0,PM2.5,0.0,2.0,0.0,11.0,0.0,0,0.0,0.0,0.0,0.0
154,Illinois,Champaign,2022,8,17,19,41.54838709677419,Good,28,53,5.0,PM2.5,0.0,0.0,0.0,5.0,0.0,0,0.0,0.0,0.0,0.0
155,Illinois,Champaign,2022,9,17,19,41.766666666666666,Good,24,57,8.0,PM2.5,0.0,0.0,0.0,8.0,0.0,0,0.0,0.0,0.0,0.0
156,Illinois,Champaign,2022,10,17,19,43.87096774193548,Good,21,61,13.0,PM2.5,0.0,1.0,0.0,12.0,0.0,0,0.0,0.0,0.0,0.0
157,Illinois,Champaign,2022,11,17,19,47.766666666666666,Good,24,65,17.0,PM2.5,0.0,0.0,0.0,17.0,0.0,0,0.0,0.0,0.0,0.0
158,Illinois,Champaign,2022,12,17,19,48.25806451612903,Good,26,91,16.0,PM2.5,0.0,0.0,0.0,16.0,0.0,0,0.0,0.0,0.0,0.0
159,Illinois,Champaign,2023,1,17,19,48.096774193548384,Good,27,69,17.0,PM2.5,0.0,0.0,0.0,17.0,0.0,0,0.0,0.0,0.0,0.0
160,Illinois,Champaign,2023,2,17,19,42.892857142857146,Good,25,63,10.0,PM2.5,0.0,0.0,0.0,10.0,0.0,0,0.0,0.0,0.0,0.0
161,Illinois,Champaign,2023,3,17,19,47.193548387096776,Good,31,65,15.0,PM2.5,0.0,0.0,0.0,15.0,0.0,0,0.0,0.0,0.0,0.0
162,Illinois,Champaign,2023,4,17,19,47.9,Good,31,74,12.0,Ozone,0.0,8.0,0.0,4.0,0.0,0,0.0,0.0,0.0,0.0
163,Illinois,Champaign,2023,5,17,19,66.70967741935483,Moderate,38,136,24.0,Ozone,0.0,20.0,0.0,4.0,3.0,Ozone,0.0,3.0,0.0,0.0
164,Illinois,Champaign,2023,6,17,19,94.96666666666667,Moderate,43,277,27.0,Ozone,0.0,18.0,0.0,9.0,9.0,Ozone,0.0,6.0,0.0,3.0
165,Illinois,Champaign,2023,7,17,19,55.096774193548384,Moderate,37,148,17.0,PM2.5,0.0,1.0,0.0,16.0,1.0,PM2.5,0.0,0.0,0.0,1.0
166,Illinois,Champaign,2023,8,17,19,51.516129032258064,Moderate,30,71,16.0,PM2.5,0.0,1.0,0.0,15.0,0.0,0,0.0,0.0,0.0,0.0
167,Illinois,Champaign,2023,9,17,19,47.4,Good,32,67,9.0,PM2.5,0.0,3.0,0.0,6.0,0.0,0,0.0,0.0,0.0,0.0
168,Illinois,Champaign,2023,10,17,19,40.32258064516129,Good,21,70,10.0,PM2.5,0.0,3.0,0.0,7.0,0.0,0,0.0,0.0,0.0,0.0
169,Illinois,Champaign,2023,11,17,19,40.166666666666664,Good,26,56,7.0,PM2.5,0.0,0.0,0.0,7.0,0.0,0,0.0,0.0,0.0,0.0
170,Illinois,Champaign,2023,12,17,19,35.74193548387097,Good,20,63,5.0,PM2.5,0.0,0.0,0.0,5.0,0.0,0,0.0,0.0,0.0,0.0
171,Illinois,Champaign,2024,1,17,19,36.225806451612904,Good,18,56,2.0,PM2.5,0.0,0.0,0.0,2.0,0.0,0,0.0,0.0,0.0,0.0
172,Illinois,Champaign,2024,2,17,19,44.6551724137931,Good,21,96,11.0,PM2.5,0.0,0.0,0.0,11.0,0.0,0,0.0,0.0,0.0,0.0
173,Illinois,Champaign,2024,3,17,19,43.225806451612904,Good,32,58,8.0,PM2.5,0.0,0.0,0.0,8.0,0.0,0,0.0,0.0,0.0,0.0
174,Illinois,Champaign,2024,4,17,19,43.63333333333333,Good,33,67,5.0,Ozone,0.0,4.0,0.0,1.0,0.0,0,0.0,0.0,0.0,0.0
175,Illinois,Champaign,2024,5,17,19,53.58064516129032,Moderate,33,87,15.0,Ozone,0.0,14.0,0.0,1.0,0.0,0,0.0,0.0,0.0,0.0
176,Illinois,Champaign,2024,6,17,19,57.166666666666664,Moderate,38,100,16.0,Ozone,0.0,14.0,0.0,2.0,0.0,0,0.0,0.0,0.0,0.0
177,Illinois,Champaign,2024,7,17,19,50.225806451612904,Moderate,37,84,16.0,PM2.5,0.0,4.0,0.0,12.0,0.0,0,0.0,0.0,0.0,0.0
178,Illinois,Champaign,2024,8,17,19,46.45161290322581,Good,25,64,14.0,PM2.5,0.0,0.0,0.0,14.0,0.0,0,0.0,0.0,0.0,0.0
179,Illinois,Champaign,2024,9,17,19,44.53333333333333,Good,25,100,7.0,Ozone,0.0,6.0,0.0,1.0,0.0,0,0.0,0.0,0.0,0.0
180,Illinois,Champaign,2024,10,17,19,46.03225806451613,Good,24,80,11.0,PM2.5,0.0,3.0,0.0,8.0,0.0,0,0.0,0.0,0.0,0.0
181,Illinois,Champaign,2024,11,17,19,36.733333333333334,Good,18,53,7.0,PM2.5,0.0,0.0,0.0,7.0,0.0,0,0.0,0.0,0.0,0.0
182,Illinois,Champaign,2024,12,17,19,37.0,Good,23,66,4.0,PM2.5,0.0,0.0,0.0,4.0,0.0,0,0.0,0.0,0.0,0.0
183,Illinois,Champaign,2025,1,17,19,36.58064516129032,Good,21,71,5.0,PM2.5,0.0,0.0,0.0,5.0,0.0,0,0.0,0.0,0.0,0.0
184,Illinois,Champaign,2025,2,17,19,41.82142857142857,Good,26,60,7.0,PM2.5,0.0,0.0,0.0,7.0,0.0,0,0.0,0.0,0.0,0.0
185,Illinois,Champaign,2025,3,17,19,45.354838709677416,Good,27,137,7.0,PM2.5,0.0,1.0,0.0,6.0,1.0,PM2.5,0.0,0.0,0.0,1.0
186,Illinois,Champaign,2025,4,17,19,43.766666666666666,Good,27,71,7.0,PM2.5,0.0,3.0,0.0,4.0,0.0,0,0.0,0.0,0.0,0.0
187,Illinois,Champaign,2025,5,17,19,42.16129032258065,Good,21,67,7.0,PM2.5,0.0,3.0,0.0,4.0,0.0,0,0.0,0.0,0.0,0.0
188,Illinois,Champaign,2025,6,17,19,57.46666666666667,Moderate,37,97,18.0,PM2.5,0.0,2.0,0.0,16.0,0.0,0,0.0,0.0,0.0,0.0
189,Illinois,Clark,2016,4,17,23,42.43333333333333,Good,30,74,7.0,Ozone,0.0,7.0,0.0,0.0,0.0,0,0.0,0.0,0.0,0.0
190,Illinois,Clark,2016,5,17,23,46.354838709677416,Good,29,80,7.0,Ozone,0.0,7.0,0.0,0.0,0.0,0,0.0,0.0,0.0,0.0
191,Illinois,Clark,2016,6,17,23,55.233333333333334,Moderate,32,101,12.0,Ozone,0.0,12.0,0.0,0.0,1.0,Ozone,0.0,1.0,0.0,0.0
192,Illinois,Clark,2016,7,17,23,33.0,Good,22,46,0.0,0,0.0,0.0,0.0,0.0,0.0,0,0.0,0.0,0.0,0.0
193,Illinois,Clark,2016,8,17,23,32.25806451612903,Good,19,47,0.0,0,0.0,0.0,0.0,0.0,0.0,0,0.0,0.0,0.0,0.0
194,Illinois,Clark,2016,9,17,23,35.13333333333333,Good,19,64,2.0,Ozone,0.0,2.0,0.0,0.0,0.0,0,0.0,0.0,0.0,0.0
195,Illinois,Clark,2016,10,17,23,33.18181818181818,Good,21,49,0.0,0,0.0,0.0,0.0,0.0,0.0,0,0.0,0.0,0.0,0.0
196,Illinois,Clark,2017,3,17,23,36.58064516129032,Good,25,44,0.0,0,0.0,0.0,0.0,0.0,0.0,0,0.0,0.0,0.0,0.0
197,Illinois,Clark,2017,4,17,23,41.86666666666667,Good,22,67,4.0,Ozone,0.0,4.0,0.0,0.0,0.0,0,0.0,0.0,0.0,0.0
198,Illinois,Clark,2017,5,17,23,50.806451612903224,Moderate,33,87,11.0,Ozone,0.0,11.0,0.0,0.0,0.0,0,0.0,0.0,0.0,0.0
199,Illinois,Clark,2017,6,17,23,54.0,Moderate,21,101,12.0,Ozone,0.0,12.0,0.0,0.0,1.0,Ozone,0.0,1.0,0.0,0.0
200,Illinois,Clark,2017,7,17,23,39.96774193548387,Good,30,54,1.0,Ozone,0.0,1.0,0.0,0.0,0.0,0,0.0,0.0,0.0,0.0
201,Illinois,Clark,2017,8,17,23,37.592592592592595,Good,22,46,0.0,0,0.0,0.0,0.0,0.0,0.0,0,0.0,0.0,0.0,0.0
202,Illinois,Clark,2017,9,17,23,38.63333333333333,Good,20,64,2.0,Ozone,0.0,2.0,0.0,0.0,0.0,0,0.0,0.0,0.0,0.0
203,Illinois,Clark,2017,10,17,23,32.16129032258065,Good,13,48,0.0,0,0.0,0.0,0.0,0.0,0.0,0,0.0,0.0,0.0,0.0
204,Illinois,Clark,2018,1,17,23,28.225806451612904,Good,15,41,0.0,0,0.0,0.0,0.0,0.0,0.0,0,0.0,0.0,0.0,0.0
205,Illinois,Clark,2018,2,17,23,28.285714285714285,Good,14,44,0.0,0,0.0,0.0,0.0,0.0,0.0,0,0.0,0.0,0.0,0.0
206,Illinois,Clark,2018,3,17,23,36.645161290322584,Good,16,45,0.0,0,0.0,0.0,0.0,0.0,0.0,0,0.0,0.0,0.0,0.0
207,Illinois,Clark,2018,4,17,23,44.25,Good,31,58,3.0,Ozone,0.0,3.0,0.0,0.0,0.0,0,0.0,0.0,0.0,0.0
208,Illinois,Clark,2018,5,17,23,54.67741935483871,Moderate,28,101,14.0,Ozone,0.0,14.0,0.0,0.0,1.0,Ozone,0.0,1.0,0.0,0.0
209,Illinois,Clark,2018,6,17,23,44.233333333333334,Good,31,87,4.0,Ozone,0.0,4.0,0.0,0.0,0.0,0,0.0,0.0,0.0,0.0
210,Illinois,Clark,2018,7,17,23,39.29032258064516,Good,24,97,1.0,Ozone,0.0,1.0,0.0,0.0,0.0,0,0.0,0.0,0.0,0.0
211,Illinois,Clark,2018,8,17,23,33.806451612903224,Good,19,43,0.0,0,0.0,0.0,0.0,0.0,0.0,0,0.0,0.0,0.0,0.0
212,Illinois,Clark,2018,9,17,23,31.966666666666665,Good,11,50,0.0,0,0.0,0.0,0.0,0.0,0.0,0,0.0,0.0,0.0,0.0
213,Illinois,Clark,2018,10,17,23,29.129032258064516,Good,19,40,0.0,0,0.0,0.0,0.0,0.0,0.0,0,0.0,0.0,0.0,0.0
214,Illinois,Clark,2018,11,17,23,20.866666666666667,Good,11,31,0.0,0,0.0,0.0,0.0,0.0,0.0,0,0.0,0.0,0.0,0.0
215,Illinois,Clark,2018,12,17,23,21.032258064516128,Good,14,29,0.0,0,0.0,0.0,0.0,0.0,0.0,0,0.0,0.0,0.0,0.0
216,Illinois,Clark,2019,1,17,23,25.677419354838708,Good,14,34,0.0,0,0.0,0.0,0.0,0.0,0.0,0,0.0,0.0,0.0,0.0
217,Illinois,Clark,2019,2,17,23,27.785714285714285,Good,5,43,0.0,0,0.0,0.0,0.0,0.0,0.0,0,0.0,0.0,0.0,0.0
218,Illinois,Clark,2019,3,17,23,39.193548387096776,Good,31,47,0.0,0,0.0,0.0,0.0,0.0,0.0,0,0.0,0.0,0.0,0.0
219,Illinois,Clark,2019,4,17,23,42.266666666666666,Good,27,58,3.0,Ozone,0.0,3.0,0.0,0.0,0.0,0,0.0,0.0,0.0,0.0
220,Illinois,Clark,2019,5,17,23,39.25925925925926,Good,24,67,1.0,Ozone,0.0,1.0,0.0,0.0,0.0,0,0.0,0.0,0.0,0.0
221,Illinois,Clark,2019,6,17,23,44.148148148148145,Good,29,61,2.0,Ozone,0.0,2.0,0.0,0.0,0.0,0,0.0,0.0,0.0,0.0
222,Illinois,Clark,2019,7,17,23,38.41935483870968,Good,23,64,3.0,Ozone,0.0,3.0,0.0,0.0,0.0,0,0.0,0.0,0.0,0.0
223,Illinois,Clark,2019,8,17,23,45.375,Good,33,67,3.0,Ozone,0.0,3.0,0.0,0.0,0.0,0,0.0,0.0,0.0,0.0
224,Illinois,Clark,2019,9,17,23,42.214285714285715,Good,31,74,1.0,Ozone,0.0,1.0,0.0,0.0,0.0,0,0.0,0.0,0.0,0.0
225,Illinois,Clark,2019,10,17,23,29.903225806451612,Good,11,42,0.0,0,0.0,0.0,0.0,0.0,0.0,0,0.0,0.0,0.0,0.0
226,Illinois,Clark,2019,11,17,23,24.933333333333334,Good,10,32,0.0,0,0.0,0.0,0.0,0.0,0.0,0,0.0,0.0,0.0,0.0
227,Illinois,Clark,2019,12,17,23,24.06451612903226,Good,13,32,0.0,0,0.0,0.0,0.0,0.0,0.0,0,0.0,0.0,0.0,0.0
228,Illinois,Clark,2020,1,17,23,24.451612903225808,Good,18,32,0.0,0,0.0,0.0,0.0,0.0,0.0,0,0.0,0.0,0.0,0.0
229,Illinois,Clark,2020,2,17,23,28.962962962962962,Good,21,40,0.0,0,0.0,0.0,0.0,0.0,0.0,0,0.0,0.0,0.0,0.0
230,Illinois,Clark,2020,3,17,23,31.64516129032258,Good,15,43,0.0,0,0.0,0.0,0.0,0.0,0.0,0,0.0,0.0,0.0,0.0
231,Illinois,Clark,2020,4,17,23,36.51724137931034,Good,14,46,0.0,0,0.0,0.0,0.0,0.0,0.0,0,0.0,0.0,0.0,0.0
232,Illinois,Clark,2020,5,17,23,38.225806451612904,Good,28,54,1.0,Ozone,0.0,1.0,0.0,0.0,0.0,0,0.0,0.0,0.0,0.0
233,Illinois,Clark,2020,6,17,23,49.56666666666667,Good,26,97,11.0,Ozone,0.0,11.0,0.0,0.0,0.0,0,0.0,0.0,0.0,0.0
234,Illinois,Clark,2020,7,17,23,39.16129032258065,Good,22,61,4.0,Ozone,0.0,4.0,0.0,0.0,0.0,0,0.0,0.0,0.0,0.0
235,Illinois,Clark,2020,8,17,23,34.74193548387097,Good,21,46,0.0,0,0.0,0.0,0.0,0.0,0.0,0,0.0,0.0,0.0,0.0
236,Illinois,Clark,2020,9,17,23,33.96666666666667,Good,19,49,0.0,0,0.0,0.0,0.0,0.0,0.0,0,0.0,0.0,0.0,0.0
237,Illinois,Clark,2020,10,17,23,26.612903225806452,Good,7,47,0.0,0,0.0,0.0,0.0,0.0,0.0,0,0.0,0.0,0.0,0.0
238,Illinois,Clark,2020,11,17,23,27.9,Good,18,43,0.0,0,0.0,0.0,0.0,0.0,0.0,0,0.0,0.0,0.0,0.0
239,Illinois,Clark,2020,12,17,23,24.0,Good,15,39,0.0,0,0.0,0.0,0.0,0.0,0.0,0,0.0,0.0,0.0,0.0
240,Illinois,Clark,2021,1,17,23,25.806451612903224,Good,18,34,0.0,0,0.0,0.0,0.0,0.0,0.0,0,0.0,0.0,0.0,0.0
241,Illinois,Clark,2021,2,17,23,34.607142857142854,Good,26,51,1.0,Ozone,0.0,1.0,0.0,0.0,0.0,0,0.0,0.0,0.0,0.0
242,Illinois,Clark,2021,3,17,23,38.25806451612903,Good,25,58,1.0,Ozone,0.0,1.0,0.0,0.0,0.0,0,0.0,0.0,0.0,0.0
243,Illinois,Clark,2021,4,17,23,40.93333333333333,Good,22,58,4.0,Ozone,0.0,4.0,0.0,0.0,0.0,0,0.0,0.0,0.0,0.0
244,Illinois,Clark,2021,5,17,23,42.516129032258064,Good,23,71,4.0,Ozone,0.0,4.0,0.0,0.0,0.0,0,0.0,0.0,0.0,0.0
245,Illinois,Clark,2021,6,17,23,45.07142857142857,Good,28,84,6.0,Ozone,0.0,6.0,0.0,0.0,0.0,0,0.0,0.0,0.0,0.0
246,Illinois,Clark,2021,7,17,23,36.61290322580645,Good,23,49,0.0,0,0.0,0.0,0.0,0.0,0.0,0,0.0,0.0,0.0,0.0
247,Illinois,Clark,2021,8,17,23,34.354838709677416,Good,25,46,0.0,0,0.0,0.0,0.0,0.0,0.0,0,0.0,0.0,0.0,0.0
248,Illinois,Clark,2021,9,17,23,37.666666666666664,Good,20,58,3.0,Ozone,0.0,3.0,0.0,0.0,0.0,0,0.0,0.0,0.0,0.0
249,Illinois,Clark,2021,10,17,23,29.06451612903226,Good,11,46,0.0,0,0.0,0.0,0.0,0.0,0.0,0,0.0,0.0,0.0,0.0
250,Illinois,Clark,2021,11,17,23,26.6,Good,19,38,0.0,0,0.0,0.0,0.0,0.0,0.0,0,0.0,0.0,0.0,0.0
251,Illinois,Clark,2021,12,17,23,23.322580645161292,Good,16,31,0.0,0,0.0,0.0,0.0,0.0,0.0,0,0.0,0.0,0.0,0.0
252,Illinois,Clark,2022,1,17,23,25.92,Good,19,31,0.0,0,0.0,0.0,0.0,0.0,0.0,0,0.0,0.0,0.0,0.0
253,Illinois,Clark,2022,2,17,23,31.333333333333332,Good,25,40,0.0,0,0.0,0.0,0.0,0.0,0.0,0,0.0,0.0,0.0,0.0
254,Illinois,Clark,2022,3,17,23,36.43333333333333,Good,23,58,1.0,Ozone,0.0,1.0,0.0,0.0,0.0,0,0.0,0.0,0.0,0.0
255,Illinois,Clark,2022,4,17,23,37.4,Good,28,44,0.0,0,0.0,0.0,0.0,0.0,0.0,0,0.0,0.0,0.0,0.0
256,Illinois,Clark,2022,5,17,23,41.85,Good,23,54,4.0,Ozone,0.0,4.0,0.0,0.0,0.0,0,0.0,0.0,0.0,0.0
257,Illinois,Clark,2022,6,17,23,55.76190476190476,Moderate,38,101,9.0,Ozone,0.0,9.0,0.0,0.0,1.0,Ozone,0.0,1.0,0.0,0.0
258,Illinois,Clark,2022,7,17,23,37.16129032258065,Good,22,54,2.0,Ozone,0.0,2.0,0.0,0.0,0.0,0,0.0,0.0,0.0,0.0
259,Illinois,Clark,2022,8,17,23,33.275862068965516,Good,20,44,0.0,0,0.0,0.0,0.0,0.0,0.0,0,0.0,0.0,0.0,0.0
260,Illinois,Clark,2022,9,17,23,34.84,Good,25,46,0.0,0,0.0,0.0,0.0,0.0,0.0,0,0.0,0.0,0.0,0.0
261,Illinois,Clark,2022,10,17,23,33.903225806451616,Good,19,49,0.0,0,0.0,0.0,0.0,0.0,0.0,0,0.0,0.0,0.0,0.0
262,Illinois,Clark,2022,11,17,23,26.93103448275862,Good,15,40,0.0,0,0.0,0.0,0.0,0.0,0.0,0,0.0,0.0,0.0,0.0
263,Illinois,Clark,2022,12,17,23,20.46153846153846,Good,7,40,0.0,0,0.0,0.0,0.0,0.0,0.0,0,0.0,0.0,0.0,0.0
264,Illinois,Clark,2023,1,17,23,25.53846153846154,Good,19,35,0.0,0,0.0,0.0,0.0,0.0,0.0,0,0.0,0.0,0.0,0.0
265,Illinois,Clark,2023,2,17,23,31.296296296296298,Good,23,39,0.0,0,0.0,0.0,0.0,0.0,0.0,0,0.0,0.0,0.0,0.0
266,Illinois,Clark,2023,3,17,23,37.06666666666667,Good,27,47,0.0,0,0.0,0.0,0.0,0.0,0.0,0,0.0,0.0,0.0,0.0
267,Illinois,Clark,2023,4,17,23,43.666666666666664,Good,30,58,5.0,Ozone,0.0,5.0,0.0,0.0,0.0,0,0.0,0.0,0.0,0.0
268,Illinois,Clark,2023,5,17,23,54.064516129032256,Moderate,33,126,12.0,Ozone,0.0,12.0,0.0,0.0,1.0,Ozone,0.0,1.0,0.0,0.0
269,Illinois,Clark,2023,6,17,23,68.4,Moderate,35,136,18.0,Ozone,0.0,18.0,0.0,0.0,4.0,Ozone,0.0,4.0,0.0,0.0
270,Illinois,Clark,2023,7,17,23,40.16129032258065,Good,31,46,0.0,0,0.0,0.0,0.0,0.0,0.0,0,0.0,0.0,0.0,0.0
271,Illinois,Clark,2023,8,17,23,37.774193548387096,Good,28,48,0.0,0,0.0,0.0,0.0,0.0,0.0,0,0.0,0.0,0.0,0.0
272,Illinois,Clark,2023,9,17,23,40.4,Good,21,58,2.0,Ozone,0.0,2.0,0.0,0.0,0.0,0,0.0,0.0,0.0,0.0
273,Illinois,Clark,2023,10,17,23,32.03225806451613,Good,10,54,1.0,Ozone,0.0,1.0,0.0,0.0,0.0,0,0.0,0.0,0.0,0.0
274,Illinois,Clark,2023,11,17,23,29.4,Good,18,42,0.0,0,0.0,0.0,0.0,0.0,0.0,0,0.0,0.0,0.0,0.0
275,Illinois,Clark,2023,12,17,23,22.387096774193548,Good,15,31,0.0,0,0.0,0.0,0.0,0.0,0.0,0,0.0,0.0,0.0,0.0
276,Illinois,Clark,2024,1,17,23,23.862068965517242,Good,9,33,0.0,0,0.0,0.0,0.0,0.0,0.0,0,0.0,0.0,0.0,0.0
277,Illinois,Clark,2024,2,17,23,30.75862068965517,Good,19,47,0.0,0,0.0,0.0,0.0,0.0,0.0,0,0.0,0.0,0.0,0.0
278,Illinois,Clark,2024,3,17,23,35.38709677419355,Good,20,49,0.0,0,0.0,0.0,0.0,0.0,0.0,0,0.0,0.0,0.0,0.0
279,Illinois,Clark,2024,4,17,23,40.8,Good,29,58,2.0,Ozone,0.0,2.0,0.0,0.0,0.0,0,0.0,0.0,0.0,0.0
280,Illinois,Clark,2024,5,17,23,44.266666666666666,Good,28,58,4.0,Ozone,0.0,4.0,0.0,0.0,0.0,0,0.0,0.0,0.0,0.0
281,Illinois,Clark,2024,6,17,23,49.53333333333333,Good,31,90,11.0,Ozone,0.0,11.0,0.0,0.0,0.0,0,0.0,0.0,0.0,0.0
282,Illinois,Clark,2024,7,17,23,42.38709677419355,Good,24,77,2.0,Ozone,0.0,2.0,0.0,0.0,0.0,0,0.0,0.0,0.0,0.0
283,Illinois,Clark,2024,8,17,23,39.0,Good,26,64,3.0,Ozone,0.0,3.0,0.0,0.0,0.0,0,0.0,0.0,0.0,0.0
284,Illinois,Clark,2024,9,17,23,40.03333333333333,Good,19,80,5.0,Ozone,0.0,5.0,0.0,0.0,0.0,0,0.0,0.0,0.0,0.0
285,Illinois,Clark,2024,10,17,23,40.903225806451616,Good,26,71,4.0,Ozone,0.0,4.0,0.0,0.0,0.0,0,0.0,0.0,0.0,0.0
286,Illinois,Clark,2024,11,17,23,24.9,Good,16,36,0.0,0,0.0,0.0,0.0,0.0,0.0,0,0.0,0.0,0.0,0.0
287,Illinois,Clark,2024,12,17,23,22.93548387096774,Good,13,38,0.0,0,0.0,0.0,0.0,0.0,0.0,0,0.0,0.0,0.0,0.0
288,Illinois,Clark,2025,1,17,23,28.806451612903224,Good,21,38,0.0,0,0.0,0.0,0.0,0.0,0.0,0,0.0,0.0,0.0,0.0
289,Illinois,Clark,2025,2,17,23,30.892857142857142,Good,19,43,0.0,0,0.0,0.0,0.0,0.0,0.0,0,0.0,0.0,0.0,0.0
290,Illinois,Clark,2025,3,17,23,39.225806451612904,Good,24,54,1.0,Ozone,0.0,1.0,0.0,0.0,0.0,0,0.0,0.0,0.0,0.0
291,Illinois,Clark,2025,4,17,23,39.535714285714285,Good,22,54,1.0,Ozone,0.0,1.0,0.0,0.0,0.0,0,0.0,0.0,0.0,0.0
292,Illinois,Cook,2016,1,17,31,54.16129032258065,Moderate,32,74,21.0,PM2.5,3.0,0.0,0.0,18.0,0.0,0,0.0,0.0,0.0,0.0
293,Illinois,Cook,2016,2,17,31,55.241379310344826,Moderate,30,74,18.0,PM2.5,4.0,0.0,1.0,13.0,0.0,0,0.0,0.0,0.0,0.0
294,Illinois,Cook,2016,3,17,31,58.903225806451616,Moderate,32,89,18.0,PM2.5,0.0,0.0,0.0,18.0,0.0,0,0.0,0.0,0.0,0.0
295,Illinois,Cook,2016,4,17,31,59.166666666666664,Moderate,36,119,21.0,PM2.5,1.0,6.0,0.0,14.0,3.0,Ozone,0.0,3.0,0.0,0.0
296,Illinois,Cook,2016,5,17,31,63.516129032258064,Moderate,34,129,23.0,Ozone,3.0,11.0,0.0,9.0,2.0,Ozone,0.0,2.0,0.0,0.0
297,Illinois,Cook,2016,6,17,31,80.76666666666667,Moderate,37,151,25.0,Ozone,3.0,18.0,0.0,4.0,7.0,Ozone,0.0,7.0,0.0,0.0
298,Illinois,Cook,2016,7,17,31,69.90322580645162,Moderate,44,169,29.0,PM2.5,0.0,13.0,0.0,16.0,3.0,Ozone,0.0,3.0,0.0,0.0
299,Illinois,Cook,2016,8,17,31,66.3225806451613,Moderate,31,150,25.0,Ozone,1.0,12.0,0.0,12.0,3.0,Ozone,0.0,3.0,0.0,0.0
300,Illinois,Cook,2016,9,17,31,50.266666666666666,Moderate,28,84,15.0,PM2.5,0.0,3.0,1.0,11.0,0.0,0,0.0,0.0,0.0,0.0
301,Illinois,Cook,2016,10,17,31,48.74193548387097,Good,27,71,16.0,PM2.5,0.0,0.0,0.0,16.0,0.0,0,0.0,0.0,0.0,0.0
302,Illinois,Cook,2016,11,17,31,55.53333333333333,Moderate,32,86,19.0,PM2.5,1.0,0.0,0.0,18.0,0.0,0,0.0,0.0,0.0,0.0
303,Illinois,Cook,2016,12,17,31,53.58064516129032,Moderate,31,70,21.0,PM2.5,1.0,0.0,0.0,20.0,0.0,0,0.0,0.0,0.0,0.0
304,Illinois,Cook,2017,1,17,31,59.25806451612903,Moderate,32,102,26.0,PM2.5,0.0,0.0,0.0,26.0,1.0,PM2.5,0.0,0.0,0.0,1.0
305,Illinois,Cook,2017,2,17,31,58.142857142857146,Moderate,37,84,19.0,PM2.5,1.0,0.0,0.0,18.0,0.0,0,0.0,0.0,0.0,0.0
306,Illinois,Cook,2017,3,17,31,51.903225806451616,Moderate,39,69,16.0,PM2.5,0.0,0.0,0.0,16.0,0.0,0,0.0,0.0,0.0,0.0
307,Illinois,Cook,2017,4,17,31,55.266666666666666,Moderate,41,84,20.0,PM2.5,2.0,6.0,1.0,11.0,0.0,0,0.0,0.0,0.0,0.0
308,Illinois,Cook,2017,5,17,31,60.96774193548387,Moderate,34,100,20.0,Ozone,0.0,11.0,1.0,8.0,0.0,0,0.0,0.0,0.0,0.0
309,Illinois,Cook,2017,6,17,31,76.06666666666666,Moderate,31,150,22.0,Ozone,0.0,17.0,0.0,5.0,7.0,Ozone,0.0,7.0,0.0,0.0
310,Illinois,Cook,2017,7,17,31,76.6774193548387,Moderate,35,177,27.0,Ozone,0.0,18.0,0.0,9.0,7.0,Ozone,0.0,6.0,0.0,1.0
311,Illinois,Cook,2017,8,17,31,61.58064516129032,Moderate,37,93,26.0,PM2.5,0.0,9.0,0.0,17.0,0.0,0,0.0,0.0,0.0,0.0
312,Illinois,Cook,2017,9,17,31,63.666666666666664,Moderate,34,122,19.0,Ozone,0.0,10.0,0.0,9.0,4.0,Ozone,0.0,4.0,0.0,0.0
313,Illinois,Cook,2017,10,17,31,46.16129032258065,Good,26,71,15.0,PM2.5,0.0,1.0,0.0,14.0,0.0,0,0.0,0.0,0.0,0.0
314,Illinois,Cook,2017,11,17,31,56.03333333333333,Moderate,36,84,22.0,PM2.5,0.0,0.0,0.0,22.0,0.0,0,0.0,0.0,0.0,0.0
315,Illinois,Cook,2017,12,17,31,54.32258064516129,Moderate,31,87,19.0,PM2.5,0.0,0.0,1.0,18.0,0.0,0,0.0,0.0,0.0,0.0
316,Illinois,Cook,2018,1,17,31,56.38709677419355,Moderate,33,90,25.0,PM2.5,2.0,0.0,0.0,23.0,0.0,0,0.0,0.0,0.0,0.0
317,Illinois,Cook,2018,2,17,31,58.214285714285715,Moderate,36,88,20.0,PM2.5,2.0,0.0,0.0,18.0,0.0,0,0.0,0.0,0.0,0.0
318,Illinois,Cook,2018,3,17,31,54.03225806451613,Moderate,36,82,16.0,NO2,8.0,0.0,0.0,8.0,0.0,0,0.0,0.0,0.0,0.0
319,Illinois,Cook,2018,4,17,31,54.666666666666664,Moderate,39,80,18.0,PM2.5,3.0,5.0,0.0,10.0,0.0,0,0.0,0.0,0.0,0.0
320,Illinois,Cook,2018,5,17,31,80.90322580645162,Moderate,44,177,29.0,Ozone,0.0,15.0,1.0,13.0,7.0,Ozone,0.0,7.0,0.0,0.0
321,Illinois,Cook,2018,6,17,31,69.83333333333333,Moderate,42,129,27.0,PM2.5,0.0,12.0,0.0,15.0,4.0,Ozone,0.0,4.0,0.0,0.0
322,Illinois,Cook,2018,7,17,31,80.19354838709677,Moderate,36,151,28.0,Ozone,0.0,18.0,0.0,10.0,6.0,Ozone,0.0,6.0,0.0,0.0
323,Illinois,Cook,2018,8,17,31,71.87096774193549,Moderate,56,105,31.0,PM2.5,0.0,10.0,0.0,21.0,1.0,Ozone,0.0,1.0,0.0,0.0
324,Illinois,Cook,2018,9,17,31,58.166666666666664,Moderate,35,90,24.0,PM2.5,0.0,5.0,1.0,18.0,0.0,0,0.0,0.0,0.0,0.0
325,Illinois,Cook,2018,10,17,31,51.29032258064516,Moderate,30,71,18.0,PM2.5,1.0,0.0,2.0,15.0,0.0,0,0.0,0.0,0.0,0.0
326,Illinois,Cook,2018,11,17,31,52.53333333333333,Moderate,31,89,18.0,PM2.5,0.0,0.0,0.0,18.0,0.0,0,0.0,0.0,0.0,0.0
327,Illinois,Cook,2018,12,17,31,62.58064516129032,Moderate,28,101,25.0,PM2.5,1.0,0.0,0.0,24.0,1.0,PM2.5,0.0,0.0,0.0,1.0
328,Illinois,Cook,2019,1,17,31,54.935483870967744,Moderate,35,74,21.0,PM2.5,0.0,0.0,0.0,21.0,0.0,0,0.0,0.0,0.0,0.0
329,Illinois,Cook,2019,2,17,31,60.142857142857146,Moderate,37,88,25.0,PM2.5,1.0,0.0,1.0,23.0,0.0,0,0.0,0.0,0.0,0.0
330,Illinois,Cook,2019,3,17,31,58.516129032258064,Moderate,42,84,23.0,PM2.5,3.0,0.0,2.0,18.0,0.0,0,0.0,0.0,0.0,0.0
331,Illinois,Cook,2019,4,17,31,56.9,Moderate,41,97,18.0,PM2.5,0.0,1.0,0.0,17.0,0.0,0,0.0,0.0,0.0,0.0
332,Illinois,Cook,2019,5,17,31,55.54838709677419,Moderate,36,84,24.0,PM2.5,0.0,5.0,0.0,19.0,0.0,0,0.0,0.0,0.0,0.0
333,Illinois,Cook,2019,6,17,31,72.5,Moderate,48,129,29.0,PM2.5,0.0,9.0,0.0,20.0,4.0,Ozone,0.0,4.0,0.0,0.0
334,Illinois,Cook,2019,7,17,31,76.09677419354838,Moderate,38,129,29.0,PM2.5,0.0,14.0,0.0,15.0,4.0,Ozone,0.0,4.0,0.0,0.0
335,Illinois,Cook,2019,8,17,31,62.12903225806452,Moderate,41,133,27.0,PM2.5,0.0,6.0,0.0,21.0,1.0,Ozone,0.0,1.0,0.0,0.0
336,Illinois,Cook,2019,9,17,31,59.3,Moderate,42,93,25.0,PM2.5,0.0,3.0,0.0,22.0,0.0,0,0.0,0.0,0.0,0.0
337,Illinois,Cook,2019,10,17,31,50.45161290322581,Moderate,36,66,15.0,PM2.5,0.0,0.0,0.0,15.0,0.0,0,0.0,0.0,0.0,0.0
338,Illinois,Cook,2019,11,17,31,58.766666666666666,Moderate,32,79,23.0,PM2.5,0.0,0.0,0.0,23.0,0.0,0,0.0,0.0,0.0,0.0
339,Illinois,Cook,2019,12,17,31,62.45161290322581,Moderate,37,91,26.0,PM2.5,0.0,0.0,1.0,25.0,0.0,0,0.0,0.0,0.0,0.0
340,Illinois,Cook,2020,1,17,31,56.32258064516129,Moderate,35,80,23.0,PM2.5,0.0,0.0,0.0,23.0,0.0,0,0.0,0.0,0.0,0.0
341,Illinois,Cook,2020,2,17,31,53.62068965517241,Moderate,33,76,18.0,PM2.5,0.0,0.0,0.0,18.0,0.0,0,0.0,0.0,0.0,0.0
342,Illinois,Cook,2020,3,17,31,53.61290322580645,Moderate,34,80,21.0,PM2.5,1.0,0.0,0.0,20.0,0.0,0,0.0,0.0,0.0,0.0
343,Illinois,Cook,2020,4,17,31,56.46666666666667,Moderate,42,75,21.0,PM2.5,0.0,0.0,1.0,20.0,0.0,0,0.0,0.0,0.0,0.0
344,Illinois,Cook,2020,5,17,31,57.45161290322581,Moderate,36,77,23.0,PM2.5,0.0,3.0,0.0,20.0,0.0,0,0.0,0.0,0.0,0.0
345,Illinois,Cook,2020,6,17,31,83.43333333333334,Moderate,37,164,28.0,Ozone,0.0,19.0,1.0,8.0,7.0,Ozone,0.0,7.0,0.0,0.0
346,Illinois,Cook,2020,7,17,31,77.54838709677419,Moderate,37,156,26.0,Ozone,0.0,15.0,0.0,11.0,9.0,Ozone,0.0,8.0,0.0,1.0
347,Illinois,Cook,2020,8,17,31,68.16129032258064,Moderate,32,129,27.0,Ozone,0.0,15.0,0.0,12.0,2.0,Ozone,0.0,2.0,0.0,0.0
348,Illinois,Cook,2020,9,17,31,53.7,Moderate,26,81,21.0,PM2.5,0.0,0.0,7.0,14.0,0.0,0,0.0,0.0,0.0,0.0
349,Illinois,Cook,2020,10,17,31,54.54838709677419,Moderate,33,75,23.0,PM2.5,0.0,0.0,7.0,16.0,0.0,0,0.0,0.0,0.0,0.0
350,Illinois,Cook,2020,11,17,31,58.2,Moderate,27,103,23.0,PM2.5,0.0,0.0,8.0,15.0,1.0,PM10,0.0,0.0,1.0,0.0
351,Illinois,Cook,2020,12,17,31,61.41935483870968,Moderate,28,103,26.0,PM2.5,0.0,0.0,0.0,26.0,1.0,PM2.5,0.0,0.0,0.0,1.0
352,Illinois,Cook,2021,1,17,31,60.38709677419355,Moderate,31,87,27.0,PM2.5,0.0,0.0,0.0,27.0,0.0,0,0.0,0.0,0.0,0.0
353,Illinois,Cook,2021,2,17,31,63.25,Moderate,43,100,25.0,PM2.5,0.0,0.0,0.0,25.0,0.0,0,0.0,0.0,0.0,0.0
354,Illinois,Cook,2021,3,17,31,57.935483870967744,Moderate,40,81,25.0,PM2.5,0.0,0.0,3.0,22.0,0.0,0,0.0,0.0,0.0,0.0
355,Illinois,Cook,2021,4,17,31,56.2,Moderate,37,113,18.0,PM2.5,0.0,1.0,4.0,13.0,1.0,PM2.5,0.0,0.0,0.0,1.0
356,Illinois,Cook,2021,5,17,31,56.096774193548384,Moderate,37,93,18.0,Ozone,0.0,8.0,2.0,8.0,0.0,0,0.0,0.0,0.0,0.0
357,Illinois,Cook,2021,6,17,31,74.53333333333333,Moderate,36,147,21.0,Ozone,0.0,17.0,0.0,4.0,5.0,Ozone,0.0,5.0,0.0,0.0
358,Illinois,Cook,2021,7,17,31,72.45161290322581,Moderate,34,133,26.0,PM2.5,0.0,9.0,1.0,16.0,7.0,Ozone,0.0,6.0,0.0,1.0
359,Illinois,Cook,2021,8,17,31,76.29032258064517,Moderate,48,156,30.0,PM2.5,0.0,13.0,1.0,16.0,5.0,Ozone,0.0,5.0,0.0,0.0
360,Illinois,Cook,2021,9,17,31,60.53333333333333,Moderate,38,115,19.0,Ozone,0.0,9.0,3.0,7.0,1.0,Ozone,0.0,1.0,0.0,0.0
361,Illinois,Cook,2021,10,17,31,58.774193548387096,Moderate,37,114,24.0,PM2.5,0.0,1.0,3.0,20.0,2.0,Ozone,0.0,1.0,0.0,1.0
362,Illinois,Cook,2021,11,17,31,54.93333333333333,Moderate,24,80,20.0,PM2.5,0.0,0.0,6.0,14.0,0.0,0,0.0,0.0,0.0,0.0
363,Illinois,Cook,2021,12,17,31,57.806451612903224,Moderate,42,72,25.0,PM2.5,0.0,0.0,0.0,25.0,0.0,0,0.0,0.0,0.0,0.0
364,Illinois,Cook,2022,1,17,31,56.45161290322581,Moderate,37,95,26.0,PM2.5,0.0,0.0,0.0,26.0,0.0,0,0.0,0.0,0.0,0.0
365,Illinois,Cook,2022,2,17,31,56.535714285714285,Moderate,35,78,20.0,PM2.5,0.0,0.0,0.0,20.0,0.0,0,0.0,0.0,0.0,0.0
366,Illinois,Cook,2022,3,17,31,50.83870967741935,Moderate,32,85,17.0,PM2.5,0.0,0.0,0.0,17.0,0.0,0,0.0,0.0,0.0,0.0
367,Illinois,Cook,2022,4,17,31,49.666666666666664,Good,31,74,15.0,PM2.5,0.0,0.0,2.0,13.0,0.0,0,0.0,0.0,0.0,0.0
368,Illinois,Cook,2022,5,17,31,58.58064516129032,Moderate,32,100,20.0,PM2.5,1.0,6.0,3.0,10.0,0.0,0,0.0,0.0,0.0,0.0
369,Illinois,Cook,2022,6,17,31,76.36666666666666,Moderate,41,151,26.0,Ozone,0.0,16.0,0.0,10.0,5.0,Ozone,0.0,5.0,0.0,0.0
370,Illinois,Cook,2022,7,17,31,63.74193548387097,Moderate,43,112,23.0,PM2.5,0.0,11.0,0.0,12.0,3.0,Ozone,0.0,3.0,0.0,0.0
371,Illinois,Cook,2022,8,17,31,54.03225806451613,Moderate,35,77,20.0,PM2.5,0.0,6.0,1.0,13.0,0.0,0,0.0,0.0,0.0,0.0
372,Illinois,Cook,2022,9,17,31,52.2,Moderate,26,90,17.0,PM2.5,0.0,4.0,1.0,12.0,0.0,0,0.0,0.0,0.0,0.0
373,Illinois,Cook,2022,10,17,31,56.83870967741935,Moderate,26,96,21.0,PM2.5,2.0,0.0,5.0,14.0,0.0,0,0.0,0.0,0.0,0.0
374,Illinois,Cook,2022,11,17,31,57.03333333333333,Moderate,27,85,23.0,PM2.5,0.0,0.0,4.0,19.0,0.0,0,0.0,0.0,0.0,0.0
375,Illinois,Cook,2022,12,17,31,57.0,Moderate,32,90,20.0,PM2.5,0.0,0.0,0.0,20.0,0.0,0,0.0,0.0,0.0,0.0
376,Illinois,Cook,2023,1,17,31,58.0,Moderate,34,84,25.0,PM2.5,0.0,0.0,0.0,25.0,0.0,0,0.0,0.0,0.0,0.0
377,Illinois,Cook,2023,2,17,31,51.607142857142854,Moderate,33,76,16.0,PM2.5,1.0,0.0,0.0,15.0,0.0,0,0.0,0.0,0.0,0.0
378,Illinois,Cook,2023,3,17,31,52.54838709677419,Moderate,36,82,18.0,PM2.5,1.0,0.0,0.0,17.0,0.0,0,0.0,0.0,0.0,0.0
379,Illinois,Cook,2023,4,17,31,56.56666666666667,Moderate,29,143,19.0,PM2.5,1.0,4.0,1.0,13.0,1.0,Ozone,0.0,1.0,0.0,0.0
380,Illinois,Cook,2023,5,17,31,71.70967741935483,Moderate,32,133,24.0,Ozone,0.0,14.0,0.0,10.0,5.0,Ozone,0.0,5.0,0.0,0.0
381,Illinois,Cook,2023,6,17,31,108.7,Unhealthy for Sensitive Groups,47,223,28.0,Ozone,0.0,15.0,0.0,13.0,17.0,Ozone,0.0,13.0,0.0,4.0
382,Illinois,Cook,2023,7,17,31,81.64516129032258,Moderate,44,185,26.0,Ozone,0.0,16.0,0.0,10.0,8.0,Ozone,0.0,6.0,0.0,2.0
383,Illinois,Cook,2023,8,17,31,67.29032258064517,Moderate,34,166,23.0,PM2.5,0.0,4.0,1.0,18.0,3.0,Ozone,0.0,3.0,0.0,0.0
384,Illinois,Cook,2023,9,17,31,57.4,Moderate,25,87,23.0,PM2.5,0.0,8.0,0.0,15.0,0.0,0,0.0,0.0,0.0,0.0
385,Illinois,Cook,2023,10,17,31,53.354838709677416,Moderate,29,100,17.0,PM2.5,0.0,3.0,2.0,12.0,0.0,0,0.0,0.0,0.0,0.0
386,Illinois,Cook,2023,11,17,31,53.86666666666667,Moderate,30,77,20.0,PM2.5,0.0,0.0,4.0,16.0,0.0,0,0.0,0.0,0.0,0.0
387,Illinois,Cook,2023,12,17,31,53.41935483870968,Moderate,34,71,22.0,PM2.5,0.0,0.0,0.0,22.0,0.0,0,0.0,0.0,0.0,0.0
388,Illinois,Cook,2024,1,17,31,56.0,Moderate,41,81,25.0,PM2.5,0.0,0.0,0.0,25.0,0.0,0,0.0,0.0,0.0,0.0
389,Illinois,Cook,2024,2,17,31,55.03448275862069,Moderate,30,79,19.0,PM2.5,2.0,0.0,0.0,17.0,0.0,0,0.0,0.0,0.0,0.0
390,Illinois,Cook,2024,3,17,31,49.064516129032256,Good,35,68,17.0,PM2.5,2.0,0.0,0.0,15.0,0.0,0,0.0,0.0,0.0,0.0
391,Illinois,Cook,2024,4,17,31,47.7,Good,33,71,9.0,PM2.5,0.0,4.0,0.0,5.0,0.0,0,0.0,0.0,0.0,0.0
392,Illinois,Cook,2024,5,17,31,57.903225806451616,Moderate,38,93,18.0,Ozone,0.0,12.0,1.0,5.0,0.0,0,0.0,0.0,0.0,0.0
393,Illinois,Cook,2024,6,17,31,66.16666666666667,Moderate,33,129,21.0,Ozone,0.0,14.0,1.0,6.0,2.0,Ozone,0.0,2.0,0.0,0.0
394,Illinois,Cook,2024,7,17,31,68.7741935483871,Moderate,36,122,26.0,Ozone,0.0,14.0,0.0,12.0,2.0,Ozone,0.0,2.0,0.0,0.0
395,Illinois,Cook,2024,8,17,31,66.93548387096774,Moderate,31,166,25.0,Ozone,1.0,13.0,0.0,11.0,4.0,Ozone,0.0,4.0,0.0,0.0
396,Illinois,Cook,2024,9,17,31,62.13333333333333,Moderate,27,115,15.0,Ozone,0.0,13.0,1.0,1.0,3.0,Ozone,0.0,3.0,0.0,0.0
397,Illinois,Cook,2024,10,17,31,54.54838709677419,Moderate,29,92,22.0,PM2.5,1.0,1.0,8.0,12.0,0.0,0,0.0,0.0,0.0,0.0
398,Illinois,Cook,2024,11,17,31,47.36666666666667,Good,28,68,15.0,PM2.5,0.0,0.0,0.0,15.0,0.0,0,0.0,0.0,0.0,0.0
399,Illinois,Cook,2024,12,17,31,52.903225806451616,Moderate,33,71,23.0,PM2.5,0.0,0.0,0.0,23.0,0.0,0,0.0,0.0,0.0,0.0
400,Illinois,Cook,2025,1,17,31,46.16129032258065,Good,30,79,13.0,PM2.5,1.0,0.0,1.0,11.0,0.0,0,0.0,0.0,0.0,0.0
401,Illinois,Cook,2025,2,17,31,50.285714285714285,Moderate,31,66,15.0,PM2.5,1.0,0.0,0.0,14.0,0.0,0,0.0,0.0,0.0,0.0
402,Illinois,Cook,2025,3,17,31,49.58064516129032,Good,34,127,11.0,PM2.5,1.0,0.0,1.0,9.0,1.0,PM10,0.0,0.0,1.0,0.0
403,Illinois,Cook,2025,4,17,31,48.733333333333334,Good,33,66,14.0,PM2.5,0.0,1.0,0.0,13.0,0.0,0,0.0,0.0,0.0,0.0
404,Illinois,Cook,2025,5,17,31,46.225806451612904,Good,23,80,11.0,PM2.5,0.0,2.0,1.0,8.0,0.0,0,0.0,0.0,0.0,0.0
405,Illinois,Cook,2025,6,17,31,81.33333333333333,Moderate,50,154,29.0,PM2.5,0.0,13.0,0.0,16.0,6.0,Ozone,0.0,3.0,0.0,3.0
406,Illinois,Cook,2025,7,17,31,2.0,Good,2,2,0.0,0,0.0,0.0,0.0,0.0,0.0,0,0.0,0.0,0.0,0.0
407,Illinois,DuPage,2016,1,17,43,40.81818181818182,Good,15,62,4.0,PM2.5,0.0,0.0,0.0,4.0,0.0,0,0.0,0.0,0.0,0.0
408,Illinois,DuPage,2016,2,17,43,41.75,Good,21,62,3.0,PM2.5,0.0,0.0,0.0,3.0,0.0,0,0.0,0.0,0.0,0.0
409,Illinois,DuPage,2016,3,17,43,35.888888888888886,Good,22,58,1.0,PM2.5,0.0,0.0,0.0,1.0,0.0,0,0.0,0.0,0.0,0.0
410,Illinois,DuPage,2016,4,17,43,45.357142857142854,Good,27,100,7.0,Ozone,0.0,5.0,0.0,2.0,0.0,0,0.0,0.0,0.0,0.0
411,Illinois,DuPage,2016,5,17,43,52.08695652173913,Moderate,31,105,8.0,Ozone,0.0,7.0,0.0,1.0,1.0,Ozone,0.0,1.0,0.0,0.0
412,Illinois,DuPage,2016,6,17,43,63.13333333333333,Moderate,27,136,16.0,Ozone,0.0,14.0,0.0,2.0,5.0,Ozone,0.0,5.0,0.0,0.0
413,Illinois,DuPage,2016,7,17,43,49.774193548387096,Good,23,112,8.0,Ozone,0.0,5.0,0.0,3.0,1.0,Ozone,0.0,1.0,0.0,0.0
414,Illinois,DuPage,2016,8,17,43,48.83870967741935,Good,23,122,7.0,Ozone,0.0,7.0,0.0,0.0,2.0,Ozone,0.0,2.0,0.0,0.0
415,Illinois,DuPage,2016,9,17,43,37.13333333333333,Good,20,60,3.0,PM2.5,0.0,0.0,0.0,3.0,0.0,0,0.0,0.0,0.0,0.0
416,Illinois,DuPage,2016,10,17,43,30.4,Good,14,56,3.0,PM2.5,0.0,0.0,0.0,3.0,0.0,0,0.0,0.0,0.0,0.0
417,Illinois,DuPage,2016,11,17,43,47.44444444444444,Good,18,64,5.0,PM2.5,0.0,0.0,0.0,5.0,0.0,0,0.0,0.0,0.0,0.0
418,Illinois,DuPage,2016,12,17,43,27.833333333333332,Good,14,49,0.0,0,0.0,0.0,0.0,0.0,0.0,0,0.0,0.0,0.0,0.0
419,Illinois,DuPage,2017,1,17,43,46.7,Good,13,76,5.0,PM2.5,0.0,0.0,0.0,5.0,0.0,0,0.0,0.0,0.0,0.0
420,Illinois,DuPage,2017,2,17,43,40.125,Good,9,72,3.0,PM2.5,0.0,0.0,0.0,3.0,0.0,0,0.0,0.0,0.0,0.0
421,Illinois,DuPage,2017,3,17,43,34.21739130434783,Good,16,57,1.0,PM2.5,0.0,0.0,0.0,1.0,0.0,0,0.0,0.0,0.0,0.0
422,Illinois,DuPage,2017,4,17,43,43.733333333333334,Good,26,74,6.0,Ozone,0.0,5.0,0.0,1.0,0.0,0,0.0,0.0,0.0,0.0
423,Illinois,DuPage,2017,5,17,43,47.38709677419355,Good,24,90,8.0,Ozone,0.0,7.0,0.0,1.0,0.0,0,0.0,0.0,0.0,0.0
424,Illinois,DuPage,2017,6,17,43,59.03333333333333,Moderate,29,129,13.0,Ozone,0.0,13.0,0.0,0.0,2.0,Ozone,0.0,2.0,0.0,0.0
425,Illinois,DuPage,2017,7,17,43,52.32258064516129,Moderate,25,100,12.0,Ozone,0.0,11.0,0.0,1.0,0.0,0,0.0,0.0,0.0,0.0
426,Illinois,DuPage,2017,8,17,43,44.903225806451616,Good,28,67,7.0,PM2.5,0.0,3.0,0.0,4.0,0.0,0,0.0,0.0,0.0,0.0
427,Illinois,DuPage,2017,9,17,43,48.214285714285715,Good,17,97,8.0,Ozone,0.0,5.0,0.0,3.0,0.0,0,0.0,0.0,0.0,0.0
428,Illinois,DuPage,2017,10,17,43,37.357142857142854,Good,11,66,8.0,PM2.5,0.0,0.0,0.0,8.0,0.0,0,0.0,0.0,0.0,0.0
429,Illinois,DuPage,2017,11,17,43,50.7,Moderate,33,82,15.0,PM2.5,0.0,0.0,0.0,15.0,0.0,0,0.0,0.0,0.0,0.0
430,Illinois,DuPage,2017,12,17,43,49.225806451612904,Good,21,83,15.0,PM2.5,0.0,0.0,0.0,15.0,0.0,0,0.0,0.0,0.0,0.0
431,Illinois,DuPage,2018,1,17,43,50.16129032258065,Moderate,19,82,21.0,PM2.5,0.0,0.0,0.0,21.0,0.0,0,0.0,0.0,0.0,0.0
432,Illinois,DuPage,2018,2,17,43,50.714285714285715,Moderate,21,80,16.0,PM2.5,0.0,0.0,0.0,16.0,0.0,0,0.0,0.0,0.0,0.0
433,Illinois,DuPage,2018,3,17,43,47.266666666666666,Good,32,69,12.0,PM2.5,0.0,0.0,0.0,12.0,0.0,0,0.0,0.0,0.0,0.0
434,Illinois,DuPage,2018,4,17,43,50.63333333333333,Moderate,37,80,15.0,PM2.5,0.0,4.0,0.0,11.0,0.0,0,0.0,0.0,0.0,0.0
435,Illinois,DuPage,2018,5,17,43,63.74193548387097,Moderate,32,112,25.0,Ozone,0.0,14.0,0.0,11.0,2.0,Ozone,0.0,2.0,0.0,0.0
436,Illinois,DuPage,2018,6,17,43,56.4,Moderate,31,93,22.0,PM2.5,0.0,9.0,0.0,13.0,0.0,0,0.0,0.0,0.0,0.0
437,Illinois,DuPage,2018,7,17,43,59.67741935483871,Moderate,33,108,23.0,PM2.5,0.0,10.0,0.0,13.0,1.0,Ozone,0.0,1.0,0.0,0.0
438,Illinois,DuPage,2018,8,17,43,60.83870967741935,Moderate,29,101,27.0,PM2.5,0.0,2.0,0.0,25.0,1.0,Ozone,0.0,1.0,0.0,0.0
439,Illinois,DuPage,2018,9,17,43,45.3,Good,23,77,13.0,PM2.5,0.0,2.0,0.0,11.0,0.0,0,0.0,0.0,0.0,0.0
440,Illinois,DuPage,2018,10,17,43,42.45161290322581,Good,21,70,14.0,PM2.5,0.0,0.0,0.0,14.0,0.0,0,0.0,0.0,0.0,0.0
441,Illinois,DuPage,2018,11,17,43,49.8,Good,23,89,18.0,PM2.5,0.0,0.0,0.0,18.0,0.0,0,0.0,0.0,0.0,0.0
442,Illinois,DuPage,2018,12,17,43,59.142857142857146,Moderate,28,87,19.0,PM2.5,0.0,0.0,0.0,19.0,0.0,0,0.0,0.0,0.0,0.0
443,Illinois,DuPage,2019,1,17,43,51.96296296296296,Moderate,22,70,17.0,PM2.5,0.0,0.0,0.0,17.0,0.0,0,0.0,0.0,0.0,0.0
444,Illinois,DuPage,2019,2,17,43,53.95238095238095,Moderate,12,89,14.0,PM2.5,0.0,0.0,0.0,14.0,0.0,0,0.0,0.0,0.0,0.0
445,Illinois,DuPage,2019,3,17,43,52.83870967741935,Moderate,37,82,18.0,PM2.5,0.0,0.0,0.0,18.0,0.0,0,0.0,0.0,0.0,0.0
446,Illinois,DuPage,2019,4,17,43,45.7,Good,24,69,8.0,PM2.5,0.0,1.0,0.0,7.0,0.0,0,0.0,0.0,0.0,0.0
447,Illinois,DuPage,2019,5,17,43,37.483870967741936,Good,23,58,1.0,Ozone,0.0,1.0,0.0,0.0,0.0,0,0.0,0.0,0.0,0.0
448,Illinois,DuPage,2019,6,17,43,42.48275862068966,Good,24,93,6.0,Ozone,0.0,6.0,0.0,0.0,0.0,0,0.0,0.0,0.0,0.0
449,Illinois,DuPage,2019,7,17,43,55.806451612903224,Moderate,34,101,19.0,PM2.5,0.0,7.0,0.0,12.0,1.0,Ozone,0.0,1.0,0.0,0.0
450,Illinois,DuPage,2019,8,17,43,56.25806451612903,Moderate,31,174,16.0,PM2.5,0.0,6.0,0.0,10.0,2.0,Ozone,0.0,2.0,0.0,0.0
451,Illinois,DuPage,2019,9,17,43,47.0,Good,24,67,12.0,PM2.5,0.0,1.0,0.0,11.0,0.0,0,0.0,0.0,0.0,0.0
452,Illinois,DuPage,2019,10,17,43,37.83870967741935,Good,19,57,8.0,PM2.5,0.0,0.0,0.0,8.0,0.0,0,0.0,0.0,0.0,0.0
453,Illinois,DuPage,2019,11,17,43,48.48275862068966,Good,19,74,15.0,PM2.5,0.0,0.0,0.0,15.0,0.0,0,0.0,0.0,0.0,0.0
454,Illinois,DuPage,2019,12,17,43,54.67741935483871,Moderate,17,85,22.0,PM2.5,0.0,0.0,0.0,22.0,0.0,0,0.0,0.0,0.0,0.0
455,Illinois,DuPage,2020,1,17,43,49.41935483870968,Good,20,74,17.0,PM2.5,0.0,0.0,0.0,17.0,0.0,0,0.0,0.0,0.0,0.0
456,Illinois,DuPage,2020,2,17,43,44.96551724137931,Good,22,69,13.0,PM2.5,0.0,0.0,0.0,13.0,0.0,0,0.0,0.0,0.0,0.0
457,Illinois,DuPage,2020,3,17,43,46.96774193548387,Good,30,71,13.0,PM2.5,0.0,0.0,0.0,13.0,0.0,0,0.0,0.0,0.0,0.0
458,Illinois,DuPage,2020,4,17,43,43.46666666666667,Good,23,59,7.0,PM2.5,0.0,0.0,0.0,7.0,0.0,0,0.0,0.0,0.0,0.0
459,Illinois,DuPage,2020,5,17,43,40.58064516129032,Good,30,52,1.0,PM2.5,0.0,0.0,0.0,1.0,0.0,0,0.0,0.0,0.0,0.0
460,Illinois,DuPage,2020,6,17,43,59.46666666666667,Moderate,35,154,14.0,Ozone,0.0,9.0,0.0,5.0,2.0,Ozone,0.0,2.0,0.0,0.0
461,Illinois,DuPage,2020,7,17,43,59.16129032258065,Moderate,32,122,13.0,Ozone,0.0,10.0,0.0,3.0,2.0,Ozone,0.0,2.0,0.0,0.0
462,Illinois,DuPage,2020,8,17,43,51.483870967741936,Moderate,32,84,17.0,PM2.5,0.0,3.0,0.0,14.0,0.0,0,0.0,0.0,0.0,0.0
463,Illinois,DuPage,2020,9,17,43,43.93333333333333,Good,20,60,16.0,PM2.5,0.0,0.0,0.0,16.0,0.0,0,0.0,0.0,0.0,0.0
464,Illinois,DuPage,2020,10,17,43,40.806451612903224,Good,18,67,8.0,PM2.5,0.0,0.0,0.0,8.0,0.0,0,0.0,0.0,0.0,0.0
465,Illinois,DuPage,2020,11,17,43,45.333333333333336,Good,17,64,13.0,PM2.5,0.0,0.0,0.0,13.0,0.0,0,0.0,0.0,0.0,0.0
466,Illinois,DuPage,2020,12,17,43,52.03225806451613,Moderate,11,78,21.0,PM2.5,0.0,0.0,0.0,21.0,0.0,0,0.0,0.0,0.0,0.0
467,Illinois,DuPage,2021,1,17,43,51.774193548387096,Moderate,22,71,19.0,PM2.5,0.0,0.0,0.0,19.0,0.0,0,0.0,0.0,0.0,0.0
468,Illinois,DuPage,2021,2,17,43,53.42857142857143,Moderate,20,95,17.0,PM2.5,0.0,0.0,0.0,17.0,0.0,0,0.0,0.0,0.0,0.0
469,Illinois,DuPage,2021,3,17,43,49.25806451612903,Good,27,69,15.0,PM2.5,0.0,0.0,0.0,15.0,0.0,0,0.0,0.0,0.0,0.0
470,Illinois,DuPage,2021,4,17,43,45.0,Good,24,91,10.0,PM2.5,0.0,0.0,0.0,10.0,0.0,0,0.0,0.0,0.0,0.0
471,Illinois,DuPage,2021,5,17,43,46.096774193548384,Good,25,64,12.0,PM2.5,0.0,3.0,0.0,9.0,0.0,0,0.0,0.0,0.0,0.0
472,Illinois,DuPage,2021,6,17,43,58.6,Moderate,27,97,18.0,Ozone,0.0,14.0,0.0,4.0,0.0,0,0.0,0.0,0.0,0.0
473,Illinois,DuPage,2021,7,17,43,56.0,Moderate,33,105,19.0,PM2.5,0.0,3.0,0.0,16.0,1.0,Ozone,0.0,1.0,0.0,0.0
474,Illinois,DuPage,2021,8,17,43,58.483870967741936,Moderate,43,101,22.0,PM2.5,0.0,7.0,0.0,15.0,1.0,Ozone,0.0,1.0,0.0,0.0
475,Illinois,DuPage,2021,9,17,43,46.833333333333336,Good,26,71,12.0,PM2.5,0.0,3.0,0.0,9.0,0.0,0,0.0,0.0,0.0,0.0
476,Illinois,DuPage,2021,10,17,43,43.483870967741936,Good,23,71,11.0,PM2.5,0.0,1.0,0.0,10.0,0.0,0,0.0,0.0,0.0,0.0
477,Illinois,DuPage,2021,11,17,43,43.0,Good,14,71,12.0,PM2.5,0.0,0.0,0.0,12.0,0.0,0,0.0,0.0,0.0,0.0
478,Illinois,DuPage,2021,12,17,43,50.193548387096776,Moderate,21,69,19.0,PM2.5,0.0,0.0,0.0,19.0,0.0,0,0.0,0.0,0.0,0.0
479,Illinois,DuPage,2022,1,17,43,47.38709677419355,Good,27,86,14.0,PM2.5,0.0,0.0,0.0,14.0,0.0,0,0.0,0.0,0.0,0.0
480,Illinois,DuPage,2022,2,17,43,46.964285714285715,Good,23,69,14.0,PM2.5,0.0,0.0,0.0,14.0,0.0,0,0.0,0.0,0.0,0.0
481,Illinois,DuPage,2022,3,17,43,44.193548387096776,Good,21,73,10.0,PM2.5,0.0,0.0,0.0,10.0,0.0,0,0.0,0.0,0.0,0.0
482,Illinois,DuPage,2022,4,17,43,42.5,Good,26,69,8.0,PM2.5,0.0,0.0,0.0,8.0,0.0,0,0.0,0.0,0.0,0.0
483,Illinois,DuPage,2022,5,17,43,49.354838709677416,Good,28,83,14.0,PM2.5,0.0,5.0,0.0,9.0,0.0,0,0.0,0.0,0.0,0.0
484,Illinois,DuPage,2022,6,17,43,61.8,Moderate,37,129,20.0,Ozone,0.0,13.0,0.0,7.0,1.0,Ozone,0.0,1.0,0.0,0.0
485,Illinois,DuPage,2022,7,17,43,52.25806451612903,Moderate,32,97,15.0,PM2.5,0.0,5.0,0.0,10.0,0.0,0,0.0,0.0,0.0,0.0
486,Illinois,DuPage,2022,8,17,43,46.064516129032256,Good,34,57,11.0,PM2.5,0.0,0.0,0.0,11.0,0.0,0,0.0,0.0,0.0,0.0
487,Illinois,DuPage,2022,9,17,43,43.06666666666667,Good,21,62,11.0,PM2.5,0.0,0.0,0.0,11.0,0.0,0,0.0,0.0,0.0,0.0
488,Illinois,DuPage,2022,10,17,43,47.225806451612904,Good,20,80,15.0,PM2.5,0.0,0.0,0.0,15.0,0.0,0,0.0,0.0,0.0,0.0
489,Illinois,DuPage,2022,11,17,43,49.8,Good,22,72,17.0,PM2.5,0.0,0.0,0.0,17.0,0.0,0,0.0,0.0,0.0,0.0
490,Illinois,DuPage,2022,12,17,43,50.41935483870968,Moderate,20,84,17.0,PM2.5,0.0,0.0,0.0,17.0,0.0,0,0.0,0.0,0.0,0.0
491,Illinois,DuPage,2023,1,17,43,51.45161290322581,Moderate,24,73,20.0,PM2.5,0.0,0.0,0.0,20.0,0.0,0,0.0,0.0,0.0,0.0
492,Illinois,DuPage,2023,2,17,43,44.964285714285715,Good,22,70,13.0,PM2.5,0.0,0.0,0.0,13.0,0.0,0,0.0,0.0,0.0,0.0
493,Illinois,DuPage,2023,3,17,43,49.354838709677416,Good,32,67,19.0,PM2.5,0.0,0.0,0.0,19.0,0.0,0,0.0,0.0,0.0,0.0
494,Illinois,DuPage,2023,4,17,43,48.9,Good,27,62,17.0,PM2.5,0.0,1.0,0.0,16.0,0.0,0,0.0,0.0,0.0,0.0
495,Illinois,DuPage,2023,5,17,43,60.45161290322581,Moderate,31,119,22.0,Ozone,0.0,11.0,0.0,11.0,3.0,Ozone,0.0,3.0,0.0,0.0
496,Illinois,DuPage,2023,6,17,43,98.66666666666667,Moderate,41,234,28.0,PM2.5,0.0,12.0,0.0,16.0,11.0,Ozone,0.0,7.0,0.0,4.0
497,Illinois,DuPage,2023,7,17,43,62.806451612903224,Moderate,35,156,18.0,Ozone,0.0,12.0,0.0,6.0,2.0,Ozone,0.0,2.0,0.0,0.0
498,Illinois,DuPage,2023,8,17,43,60.03225806451613,Moderate,30,115,24.0,PM2.5,0.0,4.0,0.0,20.0,1.0,Ozone,0.0,1.0,0.0,0.0
499,Illinois,DuPage,2023,9,17,43,51.36666666666667,Moderate,18,65,17.0,PM2.5,0.0,4.0,0.0,13.0,0.0,0,0.0,0.0,0.0,0.0
500,Illinois,DuPage,2023,10,17,43,44.74193548387097,Good,24,71,14.0,PM2.5,0.0,3.0,0.0,11.0,0.0,0,0.0,0.0,0.0,0.0
501,Illinois,DuPage,2023,11,17,43,48.0,Good,20,81,14.0,PM2.5,0.0,0.0,0.0,14.0,0.0,0,0.0,0.0,0.0,0.0
502,Illinois,DuPage,2023,12,17,43,41.483870967741936,Good,19,63,13.0,PM2.5,0.0,0.0,0.0,13.0,0.0,0,0.0,0.0,0.0,0.0
503,Illinois,DuPage,2024,1,17,43,42.96774193548387,Good,19,75,11.0,PM2.5,0.0,0.0,0.0,11.0,0.0,0,0.0,0.0,0.0,0.0
504,Illinois,DuPage,2024,2,17,43,47.37931034482759,Good,18,74,16.0,PM2.5,0.0,0.0,0.0,16.0,0.0,0,0.0,0.0,0.0,0.0
505,Illinois,DuPage,2024,3,17,43,42.25806451612903,Good,29,64,8.0,PM2.5,0.0,0.0,0.0,8.0,0.0,0,0.0,0.0,0.0,0.0
506,Illinois,DuPage,2024,4,17,43,40.53333333333333,Good,27,57,2.0,PM2.5,0.0,0.0,0.0,2.0,0.0,0,0.0,0.0,0.0,0.0
507,Illinois,DuPage,2024,5,17,43,46.903225806451616,Good,29,74,8.0,Ozone,0.0,4.0,0.0,4.0,0.0,0,0.0,0.0,0.0,0.0
508,Illinois,DuPage,2024,6,17,43,47.86666666666667,Good,27,84,14.0,Ozone,0.0,7.0,0.0,7.0,0.0,0,0.0,0.0,0.0,0.0
509,Illinois,DuPage,2024,7,17,43,51.935483870967744,Moderate,37,74,17.0,PM2.5,0.0,8.0,0.0,9.0,0.0,0,0.0,0.0,0.0,0.0
510,Illinois,DuPage,2024,8,17,43,49.516129032258064,Good,31,71,16.0,PM2.5,0.0,2.0,0.0,14.0,0.0,0,0.0,0.0,0.0,0.0
511,Illinois,DuPage,2024,9,17,43,47.53333333333333,Good,26,97,11.0,Ozone,0.0,7.0,0.0,4.0,0.0,0,0.0,0.0,0.0,0.0
512,Illinois,DuPage,2024,10,17,43,44.12903225806452,Good,25,64,13.0,PM2.5,0.0,1.0,0.0,12.0,0.0,0,0.0,0.0,0.0,0.0
513,Illinois,DuPage,2024,11,17,43,35.8,Good,13,60,8.0,PM2.5,0.0,0.0,0.0,8.0,0.0,0,0.0,0.0,0.0,0.0
514,Illinois,DuPage,2024,12,17,43,44.483870967741936,Good,18,69,12.0,PM2.5,0.0,0.0,0.0,12.0,0.0,0,0.0,0.0,0.0,0.0
515,Illinois,DuPage,2025,1,17,43,33.12903225806452,Good,16,72,3.0,PM2.5,0.0,0.0,0.0,3.0,0.0,0,0.0,0.0,0.0,0.0
516,Illinois,DuPage,2025,2,17,43,42.42857142857143,Good,21,65,10.0,PM2.5,0.0,0.0,0.0,10.0,0.0,0,0.0,0.0,0.0,0.0
517,Illinois,DuPage,2025,3,17,43,43.774193548387096,Good,28,76,7.0,PM2.5,0.0,0.0,0.0,7.0,0.0,0,0.0,0.0,0.0,0.0
518,Illinois,DuPage,2025,4,17,43,42.46666666666667,Good,29,64,7.0,PM2.5,0.0,0.0,0.0,7.0,0.0,0,0.0,0.0,0.0,0.0
519,Illinois,DuPage,2025,5,17,43,41.12903225806452,Good,21,60,8.0,PM2.5,0.0,2.0,0.0,6.0,0.0,0,0.0,0.0,0.0,0.0
520,Illinois,DuPage,2025,6,17,43,65.53333333333333,Moderate,36,139,21.0,PM2.5,0.0,6.0,0.0,15.0,2.0,PM2.5,0.0,0.0,0.0,2.0
521,Illinois,Effingham,2016,4,17,49,42.1,Good,30,77,5.0,Ozone,0.0,5.0,0.0,0.0,0.0,0,0.0,0.0,0.0,0.0
522,Illinois,Effingham,2016,5,17,49,45.58064516129032,Good,29,77,6.0,Ozone,0.0,6.0,0.0,0.0,0.0,0,0.0,0.0,0.0,0.0
523,Illinois,Effingham,2016,6,17,49,57.333333333333336,Moderate,31,93,17.0,Ozone,0.0,17.0,0.0,0.0,0.0,0,0.0,0.0,0.0,0.0
524,Illinois,Effingham,2016,7,17,49,36.41935483870968,Good,29,46,0.0,0,0.0,0.0,0.0,0.0,0.0,0,0.0,0.0,0.0,0.0
525,Illinois,Effingham,2016,8,17,49,34.58064516129032,Good,19,74,1.0,Ozone,0.0,1.0,0.0,0.0,0.0,0,0.0,0.0,0.0,0.0
526,Illinois,Effingham,2016,9,17,49,37.3,Good,19,87,4.0,Ozone,0.0,4.0,0.0,0.0,0.0,0,0.0,0.0,0.0,0.0
527,Illinois,Effingham,2016,10,17,49,33.12903225806452,Good,17,49,0.0,0,0.0,0.0,0.0,0.0,0.0,0,0.0,0.0,0.0,0.0
528,Illinois,Effingham,2017,3,17,49,36.83870967741935,Good,24,45,0.0,0,0.0,0.0,0.0,0.0,0.0,0,0.0,0.0,0.0,0.0
529,Illinois,Effingham,2017,4,17,49,42.233333333333334,Good,22,80,3.0,Ozone,0.0,3.0,0.0,0.0,0.0,0,0.0,0.0,0.0,0.0
530,Illinois,Effingham,2017,5,17,49,53.32258064516129,Moderate,39,90,9.0,Ozone,0.0,9.0,0.0,0.0,0.0,0,0.0,0.0,0.0,0.0
531,Illinois,Effingham,2017,6,17,49,61.166666666666664,Moderate,26,112,14.0,Ozone,0.0,14.0,0.0,0.0,3.0,Ozone,0.0,3.0,0.0,0.0
532,Illinois,Effingham,2017,7,17,49,45.064516129032256,Good,34,64,3.0,Ozone,0.0,3.0,0.0,0.0,0.0,0,0.0,0.0,0.0,0.0
533,Illinois,Effingham,2017,8,17,49,43.3,Good,28,61,5.0,Ozone,0.0,5.0,0.0,0.0,0.0,0,0.0,0.0,0.0,0.0
534,Illinois,Effingham,2017,9,17,49,43.63333333333333,Good,19,80,4.0,Ozone,0.0,4.0,0.0,0.0,0.0,0,0.0,0.0,0.0,0.0
535,Illinois,Effingham,2017,10,17,49,34.25806451612903,Good,14,49,0.0,0,0.0,0.0,0.0,0.0,0.0,0,0.0,0.0,0.0,0.0
536,Illinois,Effingham,2018,3,17,49,38.16129032258065,Good,20,49,0.0,0,0.0,0.0,0.0,0.0,0.0,0,0.0,0.0,0.0,0.0
537,Illinois,Effingham,2018,4,17,49,45.96666666666667,Good,36,67,6.0,Ozone,0.0,6.0,0.0,0.0,0.0,0,0.0,0.0,0.0,0.0
538,Illinois,Effingham,2018,5,17,49,50.70967741935484,Moderate,31,84,12.0,Ozone,0.0,12.0,0.0,0.0,0.0,0,0.0,0.0,0.0,0.0
539,Illinois,Effingham,2018,6,17,49,52.233333333333334,Moderate,34,112,10.0,Ozone,0.0,10.0,0.0,0.0,1.0,Ozone,0.0,1.0,0.0,0.0
540,Illinois,Effingham,2018,7,17,49,39.935483870967744,Good,27,74,2.0,Ozone,0.0,2.0,0.0,0.0,0.0,0,0.0,0.0,0.0,0.0
541,Illinois,Effingham,2018,8,17,49,36.774193548387096,Good,24,51,1.0,Ozone,0.0,1.0,0.0,0.0,0.0,0,0.0,0.0,0.0,0.0
542,Illinois,Effingham,2018,9,17,49,34.4,Good,19,49,0.0,0,0.0,0.0,0.0,0.0,0.0,0,0.0,0.0,0.0,0.0
543,Illinois,Effingham,2018,10,17,49,29.35483870967742,Good,21,43,0.0,0,0.0,0.0,0.0,0.0,0.0,0,0.0,0.0,0.0,0.0
544,Illinois,Effingham,2019,3,17,49,42.096774193548384,Good,36,48,0.0,0,0.0,0.0,0.0,0.0,0.0,0,0.0,0.0,0.0,0.0
545,Illinois,Effingham,2019,4,17,49,42.6,Good,26,58,3.0,Ozone,0.0,3.0,0.0,0.0,0.0,0,0.0,0.0,0.0,0.0
546,Illinois,Effingham,2019,5,17,49,40.54838709677419,Good,28,67,2.0,Ozone,0.0,2.0,0.0,0.0,0.0,0,0.0,0.0,0.0,0.0
547,Illinois,Effingham,2019,6,17,49,45.03333333333333,Good,28,77,5.0,Ozone,0.0,5.0,0.0,0.0,0.0,0,0.0,0.0,0.0,0.0
548,Illinois,Effingham,2019,7,17,49,42.354838709677416,Good,21,84,5.0,Ozone,0.0,5.0,0.0,0.0,0.0,0,0.0,0.0,0.0,0.0
549,Illinois,Effingham,2019,8,17,49,40.806451612903224,Good,22,84,5.0,Ozone,0.0,5.0,0.0,0.0,0.0,0,0.0,0.0,0.0,0.0
550,Illinois,Effingham,2019,9,17,49,39.36666666666667,Good,29,84,1.0,Ozone,0.0,1.0,0.0,0.0,0.0,0,0.0,0.0,0.0,0.0
551,Illinois,Effingham,2019,10,17,49,30.838709677419356,Good,15,45,0.0,0,0.0,0.0,0.0,0.0,0.0,0,0.0,0.0,0.0,0.0
552,Illinois,Effingham,2020,3,17,49,33.666666666666664,Good,20,43,0.0,0,0.0,0.0,0.0,0.0,0.0,0,0.0,0.0,0.0,0.0
553,Illinois,Effingham,2020,6,17,49,48.5,Good,27,84,8.0,Ozone,0.0,8.0,0.0,0.0,0.0,0,0.0,0.0,0.0,0.0
554,Illinois,Effingham,2020,7,17,49,40.193548387096776,Good,24,74,2.0,Ozone,0.0,2.0,0.0,0.0,0.0,0,0.0,0.0,0.0,0.0
555,Illinois,Effingham,2020,8,17,49,36.516129032258064,Good,26,46,0.0,0,0.0,0.0,0.0,0.0,0.0,0,0.0,0.0,0.0,0.0
556,Illinois,Effingham,2020,9,17,49,35.46666666666667,Good,20,47,0.0,0,0.0,0.0,0.0,0.0,0.0,0,0.0,0.0,0.0,0.0
557,Illinois,Effingham,2020,10,17,49,28.903225806451612,Good,8,49,0.0,0,0.0,0.0,0.0,0.0,0.0,0,0.0,0.0,0.0,0.0
558,Illinois,Effingham,2021,3,17,49,38.354838709677416,Good,28,54,1.0,Ozone,0.0,1.0,0.0,0.0,0.0,0,0.0,0.0,0.0,0.0
559,Illinois,Effingham,2021,4,17,49,37.827586206896555,Good,22,67,1.0,Ozone,0.0,1.0,0.0,0.0,0.0,0,0.0,0.0,0.0,0.0
560,Illinois,Effingham,2021,5,17,49,38.70967741935484,Good,23,49,0.0,0,0.0,0.0,0.0,0.0,0.0,0,0.0,0.0,0.0,0.0
561,Illinois,Effingham,2021,6,17,49,41.63333333333333,Good,22,77,6.0,Ozone,0.0,6.0,0.0,0.0,0.0,0,0.0,0.0,0.0,0.0
562,Illinois,Effingham,2021,7,17,49,38.67741935483871,Good,25,61,1.0,Ozone,0.0,1.0,0.0,0.0,0.0,0,0.0,0.0,0.0,0.0
563,Illinois,Effingham,2021,8,17,49,35.583333333333336,Good,26,47,0.0,0,0.0,0.0,0.0,0.0,0.0,0,0.0,0.0,0.0,0.0
564,Illinois,Effingham,2021,9,17,49,40.36666666666667,Good,23,71,2.0,Ozone,0.0,2.0,0.0,0.0,0.0,0,0.0,0.0,0.0,0.0
565,Illinois,Effingham,2021,10,17,49,30.193548387096776,Good,17,49,0.0,0,0.0,0.0,0.0,0.0,0.0,0,0.0,0.0,0.0,0.0
566,Illinois,Effingham,2022,3,17,49,36.774193548387096,Good,22,47,0.0,0,0.0,0.0,0.0,0.0,0.0,0,0.0,0.0,0.0,0.0
567,Illinois,Effingham,2022,4,17,49,37.36666666666667,Good,25,46,0.0,0,0.0,0.0,0.0,0.0,0.0,0,0.0,0.0,0.0,0.0
568,Illinois,Effingham,2022,5,17,49,38.29032258064516,Good,17,67,6.0,Ozone,0.0,6.0,0.0,0.0,0.0,0,0.0,0.0,0.0,0.0
569,Illinois,Effingham,2022,6,17,49,59.0,Moderate,30,100,15.0,Ozone,0.0,15.0,0.0,0.0,0.0,0,0.0,0.0,0.0,0.0
570,Illinois,Effingham,2022,7,17,49,40.233333333333334,Good,27,64,2.0,Ozone,0.0,2.0,0.0,0.0,0.0,0,0.0,0.0,0.0,0.0
571,Illinois,Effingham,2022,8,17,49,37.107142857142854,Good,20,47,0.0,0,0.0,0.0,0.0,0.0,0.0,0,0.0,0.0,0.0,0.0
572,Illinois,Effingham,2022,9,17,49,31.766666666666666,Good,16,43,0.0,0,0.0,0.0,0.0,0.0,0.0,0,0.0,0.0,0.0,0.0
573,Illinois,Effingham,2022,10,17,49,34.903225806451616,Good,19,54,1.0,Ozone,0.0,1.0,0.0,0.0,0.0,0,0.0,0.0,0.0,0.0
574,Illinois,Effingham,2023,3,17,49,39.354838709677416,Good,31,61,1.0,Ozone,0.0,1.0,0.0,0.0,0.0,0,0.0,0.0,0.0,0.0
575,Illinois,Effingham,2023,4,17,49,46.56666666666667,Good,32,64,7.0,Ozone,0.0,7.0,0.0,0.0,0.0,0,0.0,0.0,0.0,0.0
576,Illinois,Effingham,2023,5,17,49,58.93103448275862,Moderate,31,126,16.0,Ozone,0.0,16.0,0.0,0.0,1.0,Ozone,0.0,1.0,0.0,0.0
577,Illinois,Effingham,2023,6,17,49,82.5,Moderate,41,140,24.0,Ozone,0.0,24.0,0.0,0.0,9.0,Ozone,0.0,9.0,0.0,0.0
578,Illinois,Effingham,2023,7,17,49,43.83870967741935,Good,22,71,3.0,Ozone,0.0,3.0,0.0,0.0,0.0,0,0.0,0.0,0.0,0.0
579,Illinois,Effingham,2023,8,17,49,39.6,Good,28,49,0.0,0,0.0,0.0,0.0,0.0,0.0,0,0.0,0.0,0.0,0.0
580,Illinois,Effingham,2023,9,17,49,44.93333333333333,Good,24,77,8.0,Ozone,0.0,8.0,0.0,0.0,0.0,0,0.0,0.0,0.0,0.0
581,Illinois,Effingham,2023,10,17,49,34.0,Good,13,54,1.0,Ozone,0.0,1.0,0.0,0.0,0.0,0,0.0,0.0,0.0,0.0
582,Illinois,Effingham,2024,3,17,49,35.12903225806452,Good,20,48,0.0,0,0.0,0.0,0.0,0.0,0.0,0,0.0,0.0,0.0,0.0
583,Illinois,Effingham,2024,4,17,49,40.8,Good,30,64,1.0,Ozone,0.0,1.0,0.0,0.0,0.0,0,0.0,0.0,0.0,0.0
584,Illinois,Effingham,2024,5,17,49,42.806451612903224,Good,32,51,1.0,Ozone,0.0,1.0,0.0,0.0,0.0,0,0.0,0.0,0.0,0.0
585,Illinois,Effingham,2024,6,17,49,50.4,Moderate,30,101,10.0,Ozone,0.0,10.0,0.0,0.0,1.0,Ozone,0.0,1.0,0.0,0.0
586,Illinois,Effingham,2024,7,17,49,42.166666666666664,Good,24,74,2.0,Ozone,0.0,2.0,0.0,0.0,0.0,0,0.0,0.0,0.0,0.0
587,Illinois,Effingham,2024,8,17,49,37.7,Good,23,50,0.0,0,0.0,0.0,0.0,0.0,0.0,0,0.0,0.0,0.0,0.0
588,Illinois,Effingham,2024,9,17,49,36.592592592592595,Good,15,77,4.0,Ozone,0.0,4.0,0.0,0.0,0.0,0,0.0,0.0,0.0,0.0
589,Illinois,Effingham,2024,10,17,49,40.61290322580645,Good,25,61,5.0,Ozone,0.0,5.0,0.0,0.0,0.0,0,0.0,0.0,0.0,0.0
590,Illinois,Effingham,2025,3,17,49,41.38709677419355,Good,27,64,3.0,Ozone,0.0,3.0,0.0,0.0,0.0,0,0.0,0.0,0.0,0.0
591,Illinois,Effingham,2025,4,17,49,33.0,Good,15,44,0.0,0,0.0,0.0,0.0,0.0,0.0,0,0.0,0.0,0.0,0.0
592,Illinois,Effingham,2025,5,17,49,34.16129032258065,Good,25,46,0.0,0,0.0,0.0,0.0,0.0,0.0,0,0.0,0.0,0.0,0.0
593,Illinois,Effingham,2025,6,17,49,32.7,Good,21,47,0.0,0,0.0,0.0,0.0,0.0,0.0,0,0.0,0.0,0.0,0.0
594,Illinois,Hamilton,2016,1,17,65,34.09090909090909,Good,14,63,3.0,PM2.5,0.0,0.0,0.0,3.0,0.0,0,0.0,0.0,0.0,0.0
595,Illinois,Hamilton,2016,2,17,65,37.25,Good,18,56,1.0,PM2.5,0.0,0.0,0.0,1.0,0.0,0,0.0,0.0,0.0,0.0
596,Illinois,Hamilton,2016,3,17,65,30.90909090909091,Good,19,56,1.0,PM2.5,0.0,0.0,0.0,1.0,0.0,0,0.0,0.0,0.0,0.0
597,Illinois,Hamilton,2016,4,17,65,46.5,Good,30,74,8.0,Ozone,0.0,8.0,0.0,0.0,0.0,0,0.0,0.0,0.0,0.0
598,Illinois,Hamilton,2016,5,17,65,47.25806451612903,Good,30,93,9.0,Ozone,0.0,7.0,0.0,2.0,0.0,0,0.0,0.0,0.0,0.0
599,Illinois,Hamilton,2016,6,17,65,60.833333333333336,Moderate,33,100,18.0,Ozone,0.0,14.0,0.0,4.0,0.0,0,0.0,0.0,0.0,0.0
600,Illinois,Hamilton,2016,7,17,65,41.53333333333333,Good,31,61,5.0,PM2.5,0.0,1.0,0.0,4.0,0.0,0,0.0,0.0,0.0,0.0
601,Illinois,Hamilton,2016,8,17,65,38.391304347826086,Good,19,74,7.0,PM2.5,0.0,2.0,0.0,5.0,0.0,0,0.0,0.0,0.0,0.0
602,Illinois,Hamilton,2016,9,17,65,39.23076923076923,Good,25,77,3.0,PM2.5,0.0,1.0,0.0,2.0,0.0,0,0.0,0.0,0.0,0.0
603,Illinois,Hamilton,2016,10,17,65,42.666666666666664,Good,22,64,8.0,PM2.5,0.0,1.0,0.0,7.0,0.0,0,0.0,0.0,0.0,0.0
604,Illinois,Hamilton,2016,11,17,65,48.53333333333333,Good,24,67,13.0,PM2.5,0.0,0.0,0.0,13.0,0.0,0,0.0,0.0,0.0,0.0
605,Illinois,Hamilton,2016,12,17,65,43.58064516129032,Good,16,63,12.0,PM2.5,0.0,0.0,0.0,12.0,0.0,0,0.0,0.0,0.0,0.0
606,Illinois,Hamilton,2017,1,17,65,42.74193548387097,Good,22,61,8.0,PM2.5,0.0,0.0,0.0,8.0,0.0,0,0.0,0.0,0.0,0.0
607,Illinois,Hamilton,2017,2,17,65,48.0,Good,31,66,13.0,PM2.5,0.0,0.0,0.0,13.0,0.0,0,0.0,0.0,0.0,0.0
608,Illinois,Hamilton,2017,3,17,65,44.29032258064516,Good,30,57,6.0,PM2.5,0.0,0.0,0.0,6.0,0.0,0,0.0,0.0,0.0,0.0
609,Illinois,Hamilton,2017,4,17,65,44.8,Good,23,74,8.0,Ozone,0.0,5.0,0.0,3.0,0.0,0,0.0,0.0,0.0,0.0
610,Illinois,Hamilton,2017,5,17,65,53.58064516129032,Moderate,36,80,18.0,Ozone,0.0,12.0,0.0,6.0,0.0,0,0.0,0.0,0.0,0.0
611,Illinois,Hamilton,2017,6,17,65,55.2,Moderate,29,87,18.0,Ozone,0.0,13.0,0.0,5.0,0.0,0,0.0,0.0,0.0,0.0
612,Illinois,Hamilton,2017,7,17,65,46.29032258064516,Good,34,59,10.0,PM2.5,0.0,0.0,0.0,10.0,0.0,0,0.0,0.0,0.0,0.0
613,Illinois,Hamilton,2017,8,17,65,48.193548387096776,Good,29,61,17.0,PM2.5,0.0,0.0,0.0,17.0,0.0,0,0.0,0.0,0.0,0.0
614,Illinois,Hamilton,2017,9,17,65,49.6,Good,22,74,17.0,PM2.5,0.0,1.0,0.0,16.0,0.0,0,0.0,0.0,0.0,0.0
615,Illinois,Hamilton,2017,10,17,65,39.096774193548384,Good,18,56,5.0,PM2.5,0.0,0.0,0.0,5.0,0.0,0,0.0,0.0,0.0,0.0
616,Illinois,Hamilton,2017,11,17,65,45.5,Good,27,60,10.0,PM2.5,0.0,0.0,0.0,10.0,0.0,0,0.0,0.0,0.0,0.0
617,Illinois,Hamilton,2017,12,17,65,46.61290322580645,Good,19,65,15.0,PM2.5,0.0,0.0,0.0,15.0,0.0,0,0.0,0.0,0.0,0.0
618,Illinois,Hamilton,2018,1,17,65,44.096774193548384,Good,28,60,11.0,PM2.5,0.0,0.0,0.0,11.0,0.0,0,0.0,0.0,0.0,0.0
619,Illinois,Hamilton,2018,2,17,65,42.69230769230769,Good,7,77,10.0,PM2.5,0.0,0.0,0.0,10.0,0.0,0,0.0,0.0,0.0,0.0
620,Illinois,Hamilton,2018,3,17,65,46.774193548387096,Good,33,84,10.0,PM2.5,0.0,1.0,0.0,9.0,0.0,0,0.0,0.0,0.0,0.0
621,Illinois,Hamilton,2018,4,17,65,47.733333333333334,Good,35,67,8.0,Ozone,0.0,6.0,0.0,2.0,0.0,0,0.0,0.0,0.0,0.0
622,Illinois,Hamilton,2018,5,17,65,60.774193548387096,Moderate,28,101,23.0,Ozone,0.0,14.0,0.0,9.0,2.0,Ozone,0.0,2.0,0.0,0.0
623,Illinois,Hamilton,2018,6,17,65,58.333333333333336,Moderate,35,105,21.0,PM2.5,0.0,9.0,0.0,12.0,1.0,Ozone,0.0,1.0,0.0,0.0
624,Illinois,Hamilton,2018,7,17,65,50.645161290322584,Moderate,39,75,14.0,PM2.5,0.0,1.0,0.0,13.0,0.0,0,0.0,0.0,0.0,0.0
625,Illinois,Hamilton,2018,8,17,65,53.25806451612903,Moderate,29,75,21.0,PM2.5,0.0,1.0,0.0,20.0,0.0,0,0.0,0.0,0.0,0.0
626,Illinois,Hamilton,2018,9,17,65,37.689655172413794,Good,17,57,4.0,PM2.5,0.0,0.0,0.0,4.0,0.0,0,0.0,0.0,0.0,0.0
627,Illinois,Hamilton,2018,10,17,65,38.61290322580645,Good,26,57,4.0,PM2.5,0.0,0.0,0.0,4.0,0.0,0,0.0,0.0,0.0,0.0
628,Illinois,Hamilton,2018,11,17,65,46.166666666666664,Good,11,74,14.0,PM2.5,0.0,0.0,0.0,14.0,0.0,0,0.0,0.0,0.0,0.0
629,Illinois,Hamilton,2018,12,17,65,42.806451612903224,Good,19,82,10.0,PM2.5,0.0,0.0,0.0,10.0,0.0,0,0.0,0.0,0.0,0.0
630,Illinois,Hamilton,2019,1,17,65,44.25806451612903,Good,21,61,13.0,PM2.5,0.0,0.0,0.0,13.0,0.0,0,0.0,0.0,0.0,0.0
631,Illinois,Hamilton,2019,2,17,65,51.875,Moderate,25,63,6.0,PM2.5,0.0,0.0,0.0,6.0,0.0,0,0.0,0.0,0.0,0.0
632,Illinois,Hamilton,2019,3,17,65,51.096774193548384,Moderate,37,74,15.0,PM2.5,0.0,2.0,0.0,13.0,0.0,0,0.0,0.0,0.0,0.0
633,Illinois,Hamilton,2019,4,17,65,51.53333333333333,Moderate,38,77,14.0,Ozone,0.0,7.0,0.0,7.0,0.0,0,0.0,0.0,0.0,0.0
634,Illinois,Hamilton,2019,5,17,65,45.0,Good,27,67,9.0,Ozone,0.0,6.0,0.0,3.0,0.0,0,0.0,0.0,0.0,0.0
635,Illinois,Hamilton,2019,6,17,65,49.7,Good,32,80,10.0,Ozone,0.0,7.0,0.0,3.0,0.0,0,0.0,0.0,0.0,0.0
636,Illinois,Hamilton,2019,7,17,65,49.645161290322584,Good,26,105,15.0,PM2.5,0.0,3.0,0.0,12.0,1.0,Ozone,0.0,1.0,0.0,0.0
637,Illinois,Hamilton,2019,8,17,65,47.83870967741935,Good,30,87,11.0,Ozone,0.0,8.0,0.0,3.0,0.0,0,0.0,0.0,0.0,0.0
638,Illinois,Hamilton,2019,9,17,65,50.86666666666667,Moderate,33,93,16.0,PM2.5,0.0,4.0,0.0,12.0,0.0,0,0.0,0.0,0.0,0.0
639,Illinois,Hamilton,2019,10,17,65,39.87096774193548,Good,20,56,4.0,PM2.5,0.0,0.0,0.0,4.0,0.0,0,0.0,0.0,0.0,0.0
640,Illinois,Hamilton,2019,11,17,65,43.10344827586207,Good,18,77,10.0,PM2.5,0.0,0.0,0.0,10.0,0.0,0,0.0,0.0,0.0,0.0
641,Illinois,Hamilton,2019,12,17,65,47.38709677419355,Good,14,71,17.0,PM2.5,0.0,0.0,0.0,17.0,0.0,0,0.0,0.0,0.0,0.0
642,Illinois,Hamilton,2020,1,17,65,47.70967741935484,Good,23,66,17.0,PM2.5,0.0,0.0,0.0,17.0,0.0,0,0.0,0.0,0.0,0.0
643,Illinois,Hamilton,2020,2,17,65,42.48275862068966,Good,24,61,8.0,PM2.5,0.0,0.0,0.0,8.0,0.0,0,0.0,0.0,0.0,0.0
644,Illinois,Hamilton,2020,3,17,65,45.38709677419355,Good,32,62,9.0,PM2.5,0.0,0.0,0.0,9.0,0.0,0,0.0,0.0,0.0,0.0
645,Illinois,Hamilton,2020,4,17,65,47.56666666666667,Good,28,63,11.0,PM2.5,0.0,0.0,0.0,11.0,0.0,0,0.0,0.0,0.0,0.0
646,Illinois,Hamilton,2020,5,17,65,41.74193548387097,Good,23,71,4.0,Ozone,0.0,3.0,0.0,1.0,0.0,0,0.0,0.0,0.0,0.0
647,Illinois,Hamilton,2020,6,17,65,64.26666666666667,Moderate,32,118,20.0,Ozone,0.0,13.0,0.0,7.0,1.0,PM2.5,0.0,0.0,0.0,1.0
648,Illinois,Hamilton,2020,7,17,65,49.55555555555556,Good,29,87,8.0,PM2.5,0.0,3.0,0.0,5.0,0.0,0,0.0,0.0,0.0,0.0
649,Illinois,Hamilton,2020,8,17,65,45.25806451612903,Good,27,64,11.0,PM2.5,0.0,0.0,0.0,11.0,0.0,0,0.0,0.0,0.0,0.0
650,Illinois,Hamilton,2020,9,17,65,47.36666666666667,Good,26,70,10.0,PM2.5,0.0,0.0,0.0,10.0,0.0,0,0.0,0.0,0.0,0.0
651,Illinois,Hamilton,2020,10,17,65,44.32258064516129,Good,21,79,7.0,PM2.5,0.0,0.0,0.0,7.0,0.0,0,0.0,0.0,0.0,0.0
652,Illinois,Hamilton,2020,11,17,65,40.46666666666667,Good,18,64,7.0,PM2.5,0.0,0.0,0.0,7.0,0.0,0,0.0,0.0,0.0,0.0
653,Illinois,Hamilton,2020,12,17,65,49.38709677419355,Good,21,68,18.0,PM2.5,0.0,0.0,0.0,18.0,0.0,0,0.0,0.0,0.0,0.0
654,Illinois,Hamilton,2021,1,17,65,44.354838709677416,Good,20,63,11.0,PM2.5,0.0,0.0,0.0,11.0,0.0,0,0.0,0.0,0.0,0.0
655,Illinois,Hamilton,2021,2,17,65,48.357142857142854,Good,26,71,13.0,PM2.5,0.0,0.0,0.0,13.0,0.0,0,0.0,0.0,0.0,0.0
656,Illinois,Hamilton,2021,3,17,65,43.0,Good,33,61,6.0,PM2.5,0.0,1.0,0.0,5.0,0.0,0,0.0,0.0,0.0,0.0
657,Illinois,Hamilton,2021,4,17,65,47.9,Good,33,64,11.0,PM2.5,0.0,1.0,0.0,10.0,0.0,0,0.0,0.0,0.0,0.0
658,Illinois,Hamilton,2021,5,17,65,47.41935483870968,Good,33,71,13.0,PM2.5,0.0,4.0,0.0,9.0,0.0,0,0.0,0.0,0.0,0.0
659,Illinois,Hamilton,2021,6,17,65,57.2,Moderate,29,115,17.0,Ozone,0.0,11.0,0.0,6.0,1.0,Ozone,0.0,1.0,0.0,0.0
660,Illinois,Hamilton,2021,7,17,65,56.83870967741935,Moderate,24,92,22.0,PM2.5,0.0,0.0,0.0,22.0,0.0,0,0.0,0.0,0.0,0.0
661,Illinois,Hamilton,2021,8,17,65,51.516129032258064,Moderate,26,101,19.0,PM2.5,0.0,0.0,0.0,19.0,1.0,PM2.5,0.0,0.0,0.0,1.0
662,Illinois,Hamilton,2021,9,17,65,47.13333333333333,Good,23,68,14.0,PM2.5,0.0,0.0,0.0,14.0,0.0,0,0.0,0.0,0.0,0.0
663,Illinois,Hamilton,2021,10,17,65,43.064516129032256,Good,22,69,10.0,PM2.5,0.0,0.0,0.0,10.0,0.0,0,0.0,0.0,0.0,0.0
664,Illinois,Hamilton,2021,11,17,65,38.37931034482759,Good,15,63,7.0,PM2.5,0.0,0.0,0.0,7.0,0.0,0,0.0,0.0,0.0,0.0
665,Illinois,Hamilton,2021,12,17,65,44.064516129032256,Good,18,66,14.0,PM2.5,0.0,0.0,0.0,14.0,0.0,0,0.0,0.0,0.0,0.0
666,Illinois,Hamilton,2022,1,17,65,45.03225806451613,Good,26,81,10.0,PM2.5,0.0,0.0,0.0,10.0,0.0,0,0.0,0.0,0.0,0.0
667,Illinois,Hamilton,2022,2,17,65,40.5,Good,22,56,8.0,PM2.5,0.0,0.0,0.0,8.0,0.0,0,0.0,0.0,0.0,0.0
668,Illinois,Hamilton,2022,3,17,65,45.32258064516129,Good,22,74,11.0,PM2.5,0.0,1.0,0.0,10.0,0.0,0,0.0,0.0,0.0,0.0
669,Illinois,Hamilton,2022,4,17,65,42.9,Good,28,56,5.0,PM2.5,0.0,0.0,0.0,5.0,0.0,0,0.0,0.0,0.0,0.0
670,Illinois,Hamilton,2022,5,17,65,46.58064516129032,Good,27,68,14.0,PM2.5,0.0,4.0,0.0,10.0,0.0,0,0.0,0.0,0.0,0.0
671,Illinois,Hamilton,2022,6,17,65,63.46666666666667,Moderate,43,88,23.0,Ozone,0.0,16.0,0.0,7.0,0.0,0,0.0,0.0,0.0,0.0
672,Illinois,Hamilton,2022,7,17,65,49.064516129032256,Good,29,80,13.0,PM2.5,0.0,3.0,0.0,10.0,0.0,0,0.0,0.0,0.0,0.0
673,Illinois,Hamilton,2022,8,17,65,43.0,Good,24,55,8.0,PM2.5,0.0,0.0,0.0,8.0,0.0,0,0.0,0.0,0.0,0.0
674,Illinois,Hamilton,2022,9,17,65,42.86666666666667,Good,29,61,8.0,PM2.5,0.0,0.0,0.0,8.0,0.0,0,0.0,0.0,0.0,0.0
675,Illinois,Hamilton,2022,10,17,65,44.064516129032256,Good,22,59,11.0,PM2.5,0.0,2.0,0.0,9.0,0.0,0,0.0,0.0,0.0,0.0
676,Illinois,Hamilton,2022,11,17,65,45.2,Good,22,62,14.0,PM2.5,0.0,0.0,0.0,14.0,0.0,0,0.0,0.0,0.0,0.0
677,Illinois,Hamilton,2022,12,17,65,41.41935483870968,Good,17,66,13.0,PM2.5,0.0,0.0,0.0,13.0,0.0,0,0.0,0.0,0.0,0.0
678,Illinois,Hamilton,2023,1,17,65,40.41935483870968,Good,20,59,10.0,PM2.5,0.0,0.0,0.0,10.0,0.0,0,0.0,0.0,0.0,0.0
679,Illinois,Hamilton,2023,2,17,65,38.035714285714285,Good,14,55,4.0,PM2.5,0.0,0.0,0.0,4.0,0.0,0,0.0,0.0,0.0,0.0
680,Illinois,Hamilton,2023,3,17,65,46.83870967741935,Good,30,62,12.0,PM2.5,0.0,1.0,0.0,11.0,0.0,0,0.0,0.0,0.0,0.0
681,Illinois,Hamilton,2023,4,17,65,50.733333333333334,Moderate,34,77,13.0,PM2.5,0.0,6.0,0.0,7.0,0.0,0,0.0,0.0,0.0,0.0
682,Illinois,Hamilton,2023,5,17,65,56.774193548387096,Moderate,37,112,17.0,Ozone,0.0,10.0,0.0,7.0,2.0,Ozone,0.0,2.0,0.0,0.0
683,Illinois,Hamilton,2023,6,17,65,83.4,Moderate,44,157,29.0,Ozone,0.0,15.0,0.0,14.0,8.0,Ozone,0.0,7.0,0.0,1.0
684,Illinois,Hamilton,2023,7,17,65,51.83870967741935,Moderate,34,104,15.0,PM2.5,0.0,0.0,0.0,15.0,1.0,PM2.5,0.0,0.0,0.0,1.0
685,Illinois,Hamilton,2023,8,17,65,49.483870967741936,Good,31,79,14.0,PM2.5,0.0,0.0,0.0,14.0,0.0,0,0.0,0.0,0.0,0.0
686,Illinois,Hamilton,2023,9,17,65,48.6,Good,26,70,13.0,PM2.5,0.0,3.0,0.0,10.0,0.0,0,0.0,0.0,0.0,0.0
687,Illinois,Hamilton,2023,10,17,65,41.58064516129032,Good,19,66,9.0,PM2.5,0.0,0.0,0.0,9.0,0.0,0,0.0,0.0,0.0,0.0
688,Illinois,Hamilton,2023,11,17,65,44.333333333333336,Good,30,59,11.0,PM2.5,0.0,0.0,0.0,11.0,0.0,0,0.0,0.0,0.0,0.0
689,Illinois,Hamilton,2023,12,17,65,36.70967741935484,Good,16,58,5.0,PM2.5,0.0,0.0,0.0,5.0,0.0,0,0.0,0.0,0.0,0.0
690,Illinois,Hamilton,2024,1,17,65,32.70967741935484,Good,13,57,4.0,PM2.5,0.0,0.0,0.0,4.0,0.0,0,0.0,0.0,0.0,0.0
691,Illinois,Hamilton,2024,2,17,65,40.3448275862069,Good,23,67,9.0,PM2.5,0.0,0.0,0.0,9.0,0.0,0,0.0,0.0,0.0,0.0
692,Illinois,Hamilton,2024,3,17,65,44.67741935483871,Good,26,60,11.0,PM2.5,0.0,0.0,0.0,11.0,0.0,0,0.0,0.0,0.0,0.0
693,Illinois,Hamilton,2024,4,17,65,43.766666666666666,Good,18,61,7.0,PM2.5,0.0,2.0,0.0,5.0,0.0,0,0.0,0.0,0.0,0.0
694,Illinois,Hamilton,2024,5,17,65,45.806451612903224,Good,30,57,5.0,Ozone,0.0,3.0,0.0,2.0,0.0,0,0.0,0.0,0.0,0.0
695,Illinois,Hamilton,2024,6,17,65,55.266666666666666,Moderate,34,112,19.0,Ozone,0.0,11.0,0.0,8.0,1.0,Ozone,0.0,1.0,0.0,0.0
696,Illinois,Hamilton,2024,7,17,65,52.935483870967744,Moderate,34,74,18.0,PM2.5,0.0,1.0,0.0,17.0,0.0,0,0.0,0.0,0.0,0.0
697,Illinois,Hamilton,2024,8,17,65,53.225806451612904,Moderate,31,76,19.0,PM2.5,0.0,1.0,0.0,18.0,0.0,0,0.0,0.0,0.0,0.0
698,Illinois,Hamilton,2024,9,17,65,44.766666666666666,Good,24,90,12.0,PM2.5,0.0,1.0,0.0,11.0,0.0,0,0.0,0.0,0.0,0.0
699,Illinois,Hamilton,2024,10,17,65,51.193548387096776,Moderate,30,71,21.0,PM2.5,0.0,5.0,0.0,16.0,0.0,0,0.0,0.0,0.0,0.0
700,Illinois,Hamilton,2024,11,17,65,29.566666666666666,Good,10,56,2.0,PM2.5,0.0,0.0,0.0,2.0,0.0,0,0.0,0.0,0.0,0.0
701,Illinois,Hamilton,2024,12,17,65,33.41935483870968,Good,14,56,3.0,PM2.5,0.0,0.0,0.0,3.0,0.0,0,0.0,0.0,0.0,0.0
702,Illinois,Hamilton,2025,1,17,65,32.851851851851855,Good,15,66,4.0,PM2.5,0.0,0.0,0.0,4.0,0.0,0,0.0,0.0,0.0,0.0
703,Illinois,Hamilton,2025,2,17,65,35.57142857142857,Good,17,54,2.0,PM2.5,0.0,0.0,0.0,2.0,0.0,0,0.0,0.0,0.0,0.0
704,Illinois,Hamilton,2025,3,17,65,49.193548387096776,Good,27,98,12.0,PM2.5,0.0,3.0,0.0,9.0,0.0,0,0.0,0.0,0.0,0.0
705,Illinois,Hamilton,2025,4,17,65,42.766666666666666,Good,28,63,4.0,Ozone,0.0,2.0,0.0,2.0,0.0,0,0.0,0.0,0.0,0.0
706,Illinois,Hamilton,2025,5,17,65,43.41935483870968,Good,29,71,5.0,Ozone,0.0,3.0,0.0,2.0,0.0,0,0.0,0.0,0.0,0.0
707,Illinois,Hamilton,2025,6,17,65,49.2,Good,25,82,15.0,PM2.5,0.0,4.0,0.0,11.0,0.0,0,0.0,0.0,0.0,0.0
708,Illinois,Jersey,2016,1,17,83,36.81818181818182,Good,15,71,3.0,PM2.5,0.0,0.0,0.0,3.0,0.0,0,0.0,0.0,0.0,0.0
709,Illinois,Jersey,2016,2,17,83,41.333333333333336,Good,18,68,3.0,PM2.5,0.0,0.0,0.0,3.0,0.0,0,0.0,0.0,0.0,0.0
710,Illinois,Jersey,2016,3,17,83,34.3,Good,9,69,3.0,PM2.5,0.0,0.0,0.0,3.0,0.0,0,0.0,0.0,0.0,0.0
711,Illinois,Jersey,2016,4,17,83,37.35,Good,21,53,1.0,PM2.5,0.0,0.0,0.0,1.0,0.0,0,0.0,0.0,0.0,0.0
712,Illinois,Jersey,2016,5,17,83,49.32258064516129,Good,29,115,7.0,Ozone,0.0,7.0,0.0,0.0,1.0,Ozone,0.0,1.0,0.0,0.0
713,Illinois,Jersey,2016,6,17,83,58.333333333333336,Moderate,40,129,15.0,Ozone,0.0,13.0,0.0,2.0,1.0,Ozone,0.0,1.0,0.0,0.0
714,Illinois,Jersey,2016,7,17,83,44.483870967741936,Good,28,84,7.0,Ozone,0.0,6.0,0.0,1.0,0.0,0,0.0,0.0,0.0,0.0
715,Illinois,Jersey,2016,8,17,83,45.774193548387096,Good,20,150,5.0,Ozone,0.0,5.0,0.0,0.0,1.0,Ozone,0.0,1.0,0.0,0.0
716,Illinois,Jersey,2016,9,17,83,45.46666666666667,Good,22,112,6.0,Ozone,0.0,5.0,0.0,1.0,2.0,Ozone,0.0,2.0,0.0,0.0
717,Illinois,Jersey,2016,10,17,83,42.483870967741936,Good,19,63,11.0,PM2.5,0.0,0.0,0.0,11.0,0.0,0,0.0,0.0,0.0,0.0
718,Illinois,Jersey,2016,11,17,83,48.13333333333333,Good,22,66,18.0,PM2.5,0.0,0.0,0.0,18.0,0.0,0,0.0,0.0,0.0,0.0
719,Illinois,Jersey,2016,12,17,83,45.74193548387097,Good,12,67,14.0,PM2.5,0.0,0.0,0.0,14.0,0.0,0,0.0,0.0,0.0,0.0
720,Illinois,Jersey,2017,1,17,83,46.903225806451616,Good,19,83,16.0,PM2.5,0.0,0.0,0.0,16.0,0.0,0,0.0,0.0,0.0,0.0
721,Illinois,Jersey,2017,2,17,83,50.32142857142857,Moderate,23,72,16.0,PM2.5,0.0,0.0,0.0,16.0,0.0,0,0.0,0.0,0.0,0.0
722,Illinois,Jersey,2017,3,17,83,47.354838709677416,Good,31,64,12.0,PM2.5,0.0,0.0,0.0,12.0,0.0,0,0.0,0.0,0.0,0.0
723,Illinois,Jersey,2017,4,17,83,46.46666666666667,Good,26,71,10.0,PM2.5,0.0,4.0,0.0,6.0,0.0,0,0.0,0.0,0.0,0.0
724,Illinois,Jersey,2017,5,17,83,52.806451612903224,Moderate,32,101,15.0,Ozone,0.0,9.0,0.0,6.0,1.0,Ozone,0.0,1.0,0.0,0.0
725,Illinois,Jersey,2017,6,17,83,57.733333333333334,Moderate,35,119,14.0,Ozone,0.0,12.0,0.0,2.0,2.0,Ozone,0.0,2.0,0.0,0.0
726,Illinois,Jersey,2017,7,17,83,51.064516129032256,Moderate,33,68,16.0,PM2.5,0.0,2.0,0.0,14.0,0.0,0,0.0,0.0,0.0,0.0
727,Illinois,Jersey,2017,8,17,83,45.55555555555556,Good,31,58,4.0,PM2.5,0.0,1.0,0.0,3.0,0.0,0,0.0,0.0,0.0,0.0
728,Illinois,Jersey,2017,10,17,83,41.285714285714285,Good,22,69,8.0,PM2.5,0.0,0.0,0.0,8.0,0.0,0,0.0,0.0,0.0,0.0
729,Illinois,Jersey,2017,11,17,83,47.63333333333333,Good,23,65,16.0,PM2.5,0.0,0.0,0.0,16.0,0.0,0,0.0,0.0,0.0,0.0
730,Illinois,Jersey,2017,12,17,83,44.13333333333333,Good,13,77,12.0,PM2.5,0.0,0.0,0.0,12.0,0.0,0,0.0,0.0,0.0,0.0
731,Illinois,Jersey,2018,1,17,83,43.81481481481482,Good,18,74,9.0,PM2.5,0.0,0.0,0.0,9.0,0.0,0,0.0,0.0,0.0,0.0
732,Illinois,Jersey,2018,2,17,83,43.95652173913044,Good,14,72,10.0,PM2.5,0.0,0.0,0.0,10.0,0.0,0,0.0,0.0,0.0,0.0
733,Illinois,Jersey,2018,3,17,83,45.354838709677416,Good,35,71,8.0,PM2.5,0.0,0.0,0.0,8.0,0.0,0,0.0,0.0,0.0,0.0
734,Illinois,Jersey,2018,4,17,83,50.6,Moderate,37,71,15.0,Ozone,0.0,9.0,0.0,6.0,0.0,0,0.0,0.0,0.0,0.0
735,Illinois,Jersey,2018,5,17,83,63.0,Moderate,38,112,22.0,Ozone,0.0,15.0,0.0,7.0,2.0,Ozone,0.0,2.0,0.0,0.0
736,Illinois,Jersey,2018,6,17,83,54.766666666666666,Moderate,33,100,14.0,Ozone,0.0,7.0,0.0,7.0,0.0,0,0.0,0.0,0.0,0.0
737,Illinois,Jersey,2018,7,17,83,51.58064516129032,Moderate,34,122,15.0,PM2.5,0.0,4.0,0.0,11.0,1.0,Ozone,0.0,1.0,0.0,0.0
738,Illinois,Jersey,2018,8,17,83,50.806451612903224,Moderate,28,87,16.0,PM2.5,0.0,4.0,0.0,12.0,0.0,0,0.0,0.0,0.0,0.0
739,Illinois,Jersey,2018,9,17,83,42.93333333333333,Good,27,74,9.0,PM2.5,0.0,2.0,0.0,7.0,0.0,0,0.0,0.0,0.0,0.0
740,Illinois,Jersey,2018,10,17,83,37.29032258064516,Good,24,61,3.0,PM2.5,0.0,0.0,0.0,3.0,0.0,0,0.0,0.0,0.0,0.0
741,Illinois,Jersey,2018,11,17,83,45.2,Good,23,72,13.0,PM2.5,0.0,0.0,0.0,13.0,0.0,0,0.0,0.0,0.0,0.0
742,Illinois,Jersey,2018,12,17,83,44.903225806451616,Good,19,68,14.0,PM2.5,0.0,0.0,0.0,14.0,0.0,0,0.0,0.0,0.0,0.0
743,Illinois,Jersey,2019,1,17,83,44.516129032258064,Good,11,67,14.0,PM2.5,0.0,0.0,0.0,14.0,0.0,0,0.0,0.0,0.0,0.0
744,Illinois,Jersey,2019,2,17,83,48.15384615384615,Good,27,64,15.0,PM2.5,0.0,0.0,0.0,15.0,0.0,0,0.0,0.0,0.0,0.0
745,Illinois,Jersey,2019,3,17,83,50.354838709677416,Moderate,37,72,14.0,PM2.5,0.0,0.0,0.0,14.0,0.0,0,0.0,0.0,0.0,0.0
746,Illinois,Jersey,2019,4,17,83,47.7,Good,36,71,9.0,PM2.5,0.0,4.0,0.0,5.0,0.0,0,0.0,0.0,0.0,0.0
747,Illinois,Jersey,2019,5,17,83,45.193548387096776,Good,25,71,6.0,Ozone,0.0,3.0,0.0,3.0,0.0,0,0.0,0.0,0.0,0.0
748,Illinois,Jersey,2019,6,17,83,54.166666666666664,Moderate,32,100,14.0,Ozone,0.0,9.0,0.0,5.0,0.0,0,0.0,0.0,0.0,0.0
749,Illinois,Jersey,2019,7,17,83,52.25806451612903,Moderate,31,112,17.0,PM2.5,0.0,4.0,0.0,13.0,1.0,Ozone,0.0,1.0,0.0,0.0
750,Illinois,Jersey,2019,8,17,83,42.29032258064516,Good,23,84,5.0,Ozone,0.0,4.0,0.0,1.0,0.0,0,0.0,0.0,0.0,0.0
751,Illinois,Jersey,2019,9,17,83,46.6,Good,31,119,8.0,Ozone,0.0,6.0,0.0,2.0,1.0,Ozone,0.0,1.0,0.0,0.0
752,Illinois,Jersey,2019,10,17,83,35.935483870967744,Good,15,52,1.0,PM2.5,0.0,0.0,0.0,1.0,0.0,0,0.0,0.0,0.0,0.0
753,Illinois,Jersey,2019,11,17,83,45.34615384615385,Good,16,71,11.0,PM2.5,0.0,0.0,0.0,11.0,0.0,0,0.0,0.0,0.0,0.0
754,Illinois,Jersey,2019,12,17,83,49.526315789473685,Good,17,69,12.0,PM2.5,0.0,0.0,0.0,12.0,0.0,0,0.0,0.0,0.0,0.0
755,Illinois,Jersey,2020,1,17,83,44.78260869565217,Good,22,66,11.0,PM2.5,0.0,0.0,0.0,11.0,0.0,0,0.0,0.0,0.0,0.0
756,Illinois,Jersey,2020,2,17,83,41.793103448275865,Good,13,61,7.0,PM2.5,0.0,0.0,0.0,7.0,0.0,0,0.0,0.0,0.0,0.0
757,Illinois,Jersey,2020,3,17,83,46.0,Good,29,84,11.0,PM2.5,0.0,0.0,0.0,11.0,0.0,0,0.0,0.0,0.0,0.0
758,Illinois,Jersey,2020,4,17,83,46.36666666666667,Good,29,61,6.0,PM2.5,0.0,2.0,0.0,4.0,0.0,0,0.0,0.0,0.0,0.0
759,Illinois,Jersey,2020,5,17,83,40.38709677419355,Good,27,71,2.0,Ozone,0.0,2.0,0.0,0.0,0.0,0,0.0,0.0,0.0,0.0
760,Illinois,Jersey,2020,6,17,83,57.0,Moderate,29,112,16.0,Ozone,0.0,11.0,0.0,5.0,1.0,Ozone,0.0,1.0,0.0,0.0
761,Illinois,Jersey,2020,7,17,83,44.38709677419355,Good,31,74,8.0,Ozone,0.0,4.0,0.0,4.0,0.0,0,0.0,0.0,0.0,0.0
762,Illinois,Jersey,2020,8,17,83,40.58064516129032,Good,21,56,4.0,PM2.5,0.0,0.0,0.0,4.0,0.0,0,0.0,0.0,0.0,0.0
763,Illinois,Jersey,2020,9,17,83,41.0,Good,22,64,5.0,PM2.5,0.0,1.0,0.0,4.0,0.0,0,0.0,0.0,0.0,0.0
764,Illinois,Jersey,2020,10,17,83,40.67741935483871,Good,23,73,5.0,PM2.5,0.0,0.0,0.0,5.0,0.0,0,0.0,0.0,0.0,0.0
765,Illinois,Jersey,2020,11,17,83,37.266666666666666,Good,16,62,6.0,PM2.5,0.0,0.0,0.0,6.0,0.0,0,0.0,0.0,0.0,0.0
766,Illinois,Jersey,2020,12,17,83,48.645161290322584,Good,12,71,19.0,PM2.5,0.0,0.0,0.0,19.0,0.0,0,0.0,0.0,0.0,0.0
767,Illinois,Jersey,2021,1,17,83,43.67741935483871,Good,14,63,11.0,PM2.5,0.0,0.0,0.0,11.0,0.0,0,0.0,0.0,0.0,0.0
768,Illinois,Jersey,2021,2,17,83,44.4,Good,23,70,12.0,PM2.5,0.0,0.0,0.0,12.0,0.0,0,0.0,0.0,0.0,0.0
769,Illinois,Jersey,2021,3,17,83,43.32258064516129,Good,26,64,7.0,PM2.5,0.0,2.0,0.0,5.0,0.0,0,0.0,0.0,0.0,0.0
770,Illinois,Jersey,2021,4,17,83,44.7,Good,27,83,7.0,PM2.5,0.0,0.0,0.0,7.0,0.0,0,0.0,0.0,0.0,0.0
771,Illinois,Jersey,2021,5,17,83,45.225806451612904,Good,29,71,7.0,PM2.5,0.0,3.0,0.0,4.0,0.0,0,0.0,0.0,0.0,0.0
772,Illinois,Jersey,2021,6,17,83,46.86666666666667,Good,24,105,11.0,Ozone,0.0,8.0,0.0,3.0,1.0,Ozone,0.0,1.0,0.0,0.0
773,Illinois,Jersey,2021,7,17,83,57.38709677419355,Moderate,31,112,21.0,PM2.5,0.0,4.0,0.0,17.0,1.0,Ozone,0.0,1.0,0.0,0.0
774,Illinois,Jersey,2021,8,17,83,51.096774193548384,Moderate,30,91,17.0,PM2.5,0.0,1.0,0.0,16.0,0.0,0,0.0,0.0,0.0,0.0
775,Illinois,Jersey,2021,9,17,83,46.5,Good,31,72,10.0,PM2.5,0.0,2.0,0.0,8.0,0.0,0,0.0,0.0,0.0,0.0
776,Illinois,Jersey,2021,10,17,83,39.645161290322584,Good,21,60,7.0,PM2.5,0.0,0.0,0.0,7.0,0.0,0,0.0,0.0,0.0,0.0
777,Illinois,Jersey,2021,11,17,83,41.0,Good,18,81,7.0,PM2.5,0.0,0.0,0.0,7.0,0.0,0,0.0,0.0,0.0,0.0
778,Illinois,Jersey,2021,12,17,83,48.16129032258065,Good,21,82,18.0,PM2.5,0.0,0.0,0.0,18.0,0.0,0,0.0,0.0,0.0,0.0
779,Illinois,Jersey,2022,1,17,83,44.25806451612903,Good,23,72,8.0,PM2.5,0.0,0.0,0.0,8.0,0.0,0,0.0,0.0,0.0,0.0
780,Illinois,Jersey,2022,2,17,83,43.07142857142857,Good,22,61,12.0,PM2.5,0.0,0.0,0.0,12.0,0.0,0,0.0,0.0,0.0,0.0
781,Illinois,Jersey,2022,3,17,83,45.12903225806452,Good,29,60,10.0,PM2.5,0.0,1.0,0.0,9.0,0.0,0,0.0,0.0,0.0,0.0
782,Illinois,Jersey,2022,4,17,83,43.53333333333333,Good,31,56,6.0,PM2.5,0.0,1.0,0.0,5.0,0.0,0,0.0,0.0,0.0,0.0
783,Illinois,Jersey,2022,5,17,83,48.193548387096776,Good,27,100,9.0,Ozone,0.0,5.0,0.0,4.0,0.0,0,0.0,0.0,0.0,0.0
784,Illinois,Jersey,2022,6,17,83,64.53333333333333,Moderate,31,112,17.0,Ozone,0.0,12.0,0.0,5.0,5.0,Ozone,0.0,5.0,0.0,0.0
785,Illinois,Jersey,2022,7,17,83,47.903225806451616,Good,31,84,12.0,PM2.5,0.0,3.0,0.0,9.0,0.0,0,0.0,0.0,0.0,0.0
786,Illinois,Jersey,2022,8,17,83,42.064516129032256,Good,27,52,3.0,PM2.5,0.0,1.0,0.0,2.0,0.0,0,0.0,0.0,0.0,0.0
787,Illinois,Jersey,2022,9,17,83,42.93333333333333,Good,21,64,9.0,PM2.5,0.0,3.0,0.0,6.0,0.0,0,0.0,0.0,0.0,0.0
788,Illinois,Jersey,2022,10,17,83,43.38709677419355,Good,21,77,10.0,PM2.5,0.0,0.0,0.0,10.0,0.0,0,0.0,0.0,0.0,0.0
789,Illinois,Jersey,2022,11,17,83,45.06666666666667,Good,15,66,14.0,PM2.5,0.0,0.0,0.0,14.0,0.0,0,0.0,0.0,0.0,0.0
790,Illinois,Jersey,2022,12,17,83,44.774193548387096,Good,16,81,15.0,PM2.5,0.0,0.0,0.0,15.0,0.0,0,0.0,0.0,0.0,0.0
791,Illinois,Jersey,2023,1,17,83,44.29032258064516,Good,21,66,15.0,PM2.5,0.0,0.0,0.0,15.0,0.0,0,0.0,0.0,0.0,0.0
792,Illinois,Jersey,2023,2,17,83,36.75,Good,19,61,6.0,PM2.5,0.0,0.0,0.0,6.0,0.0,0,0.0,0.0,0.0,0.0
793,Illinois,Jersey,2023,3,17,83,46.096774193548384,Good,31,84,10.0,PM2.5,0.0,1.0,0.0,9.0,0.0,0,0.0,0.0,0.0,0.0
794,Illinois,Jersey,2023,4,17,83,52.5,Moderate,37,77,14.0,Ozone,0.0,10.0,0.0,4.0,0.0,0,0.0,0.0,0.0,0.0
795,Illinois,Jersey,2023,5,17,83,70.25806451612904,Moderate,21,147,22.0,Ozone,0.0,16.0,0.0,6.0,4.0,Ozone,0.0,4.0,0.0,0.0
796,Illinois,Jersey,2023,6,17,83,93.2,Moderate,42,166,28.0,Ozone,0.0,20.0,0.0,8.0,13.0,Ozone,0.0,11.0,0.0,2.0
797,Illinois,Jersey,2023,7,17,83,57.54838709677419,Moderate,36,105,18.0,PM2.5,0.0,8.0,0.0,10.0,1.0,PM2.5,0.0,0.0,0.0,1.0
798,Illinois,Jersey,2023,8,17,83,48.903225806451616,Good,30,65,14.0,PM2.5,0.0,0.0,0.0,14.0,0.0,0,0.0,0.0,0.0,0.0
799,Illinois,Jersey,2023,9,17,83,56.93333333333333,Moderate,39,90,19.0,PM2.5,0.0,7.0,0.0,12.0,0.0,0,0.0,0.0,0.0,0.0
800,Illinois,Jersey,2023,10,17,83,44.25806451612903,Good,20,80,9.0,PM2.5,0.0,3.0,0.0,6.0,0.0,0,0.0,0.0,0.0,0.0
801,Illinois,Jersey,2023,11,17,83,37.46666666666667,Good,22,53,5.0,PM2.5,0.0,0.0,0.0,5.0,0.0,0,0.0,0.0,0.0,0.0
802,Illinois,Jersey,2023,12,17,83,33.58064516129032,Good,11,60,6.0,PM2.5,0.0,0.0,0.0,6.0,0.0,0,0.0,0.0,0.0,0.0
803,Illinois,Jersey,2024,1,17,83,32.193548387096776,Good,14,55,3.0,PM2.5,0.0,0.0,0.0,3.0,0.0,0,0.0,0.0,0.0,0.0
804,Illinois,Jersey,2024,2,17,83,42.40909090909091,Good,19,80,7.0,PM2.5,0.0,0.0,0.0,7.0,0.0,0,0.0,0.0,0.0,0.0
805,Illinois,Jersey,2024,3,17,83,46.6,Good,33,55,2.0,PM2.5,0.0,0.0,0.0,2.0,0.0,0,0.0,0.0,0.0,0.0
806,Illinois,Jersey,2024,4,17,83,43.56666666666667,Good,32,67,4.0,Ozone,0.0,3.0,0.0,1.0,0.0,0,0.0,0.0,0.0,0.0
807,Illinois,Jersey,2024,5,17,83,47.12903225806452,Good,35,67,6.0,Ozone,0.0,4.0,0.0,2.0,0.0,0,0.0,0.0,0.0,0.0
808,Illinois,Jersey,2024,6,17,83,52.2,Moderate,32,112,12.0,Ozone,0.0,9.0,0.0,3.0,1.0,Ozone,0.0,1.0,0.0,0.0
809,Illinois,Jersey,2024,7,17,83,48.70967741935484,Good,24,93,12.0,PM2.5,0.0,2.0,0.0,10.0,0.0,0,0.0,0.0,0.0,0.0
810,Illinois,Jersey,2024,8,17,83,49.70967741935484,Good,28,80,17.0,PM2.5,0.0,6.0,0.0,11.0,0.0,0,0.0,0.0,0.0,0.0
811,Illinois,Jersey,2024,9,17,83,43.0,Good,22,80,6.0,Ozone,0.0,5.0,0.0,1.0,0.0,0,0.0,0.0,0.0,0.0
812,Illinois,Jersey,2024,10,17,83,47.903225806451616,Good,28,74,13.0,Ozone,0.0,8.0,0.0,5.0,0.0,0,0.0,0.0,0.0,0.0
813,Illinois,Jersey,2024,11,17,83,23.766666666666666,Good,7,46,0.0,0,0.0,0.0,0.0,0.0,0.0,0,0.0,0.0,0.0,0.0
814,Illinois,Jersey,2024,12,17,83,29.64516129032258,Good,10,61,3.0,PM2.5,0.0,0.0,0.0,3.0,0.0,0,0.0,0.0,0.0,0.0
815,Illinois,Jersey,2025,1,17,83,24.70967741935484,Good,12,56,2.0,PM2.5,0.0,0.0,0.0,2.0,0.0,0,0.0,0.0,0.0,0.0
816,Illinois,Jersey,2025,2,17,83,26.238095238095237,Good,12,55,1.0,PM2.5,0.0,0.0,0.0,1.0,0.0,0,0.0,0.0,0.0,0.0
817,Illinois,Jersey,2025,3,17,83,45.58064516129032,Good,33,91,4.0,Ozone,0.0,3.0,0.0,1.0,0.0,0,0.0,0.0,0.0,0.0
818,Illinois,Jersey,2025,4,17,83,42.2,Good,28,61,4.0,Ozone,0.0,4.0,0.0,0.0,0.0,0,0.0,0.0,0.0,0.0
819,Illinois,Jersey,2025,5,17,83,45.516129032258064,Good,28,80,7.0,Ozone,0.0,7.0,0.0,0.0,0.0,0,0.0,0.0,0.0,0.0
820,Illinois,Jersey,2025,6,17,83,55.36666666666667,Moderate,31,119,15.0,PM2.5,0.0,6.0,0.0,9.0,1.0,Ozone,0.0,1.0,0.0,0.0
821,Illinois,Jo Daviess,2016,1,17,85,28.7,Good,19,35,0.0,0,0.0,0.0,0.0,0.0,0.0,0,0.0,0.0,0.0,0.0
822,Illinois,Jo Daviess,2016,2,17,85,31.333333333333332,Good,22,40,0.0,0,0.0,0.0,0.0,0.0,0.0,0,0.0,0.0,0.0,0.0
823,Illinois,Jo Daviess,2016,3,17,85,34.29032258064516,Good,25,44,0.0,0,0.0,0.0,0.0,0.0,0.0,0,0.0,0.0,0.0,0.0
824,Illinois,Jo Daviess,2016,4,17,85,44.8,Good,29,90,5.0,Ozone,0.0,5.0,0.0,0.0,0.0,0,0.0,0.0,0.0,0.0
825,Illinois,Jo Daviess,2016,5,17,85,41.86363636363637,Good,21,77,2.0,Ozone,0.0,2.0,0.0,0.0,0.0,0,0.0,0.0,0.0,0.0
826,Illinois,Jo Daviess,2016,6,17,85,52.0,Moderate,30,108,12.0,Ozone,0.0,12.0,0.0,0.0,1.0,Ozone,0.0,1.0,0.0,0.0
827,Illinois,Jo Daviess,2016,7,17,85,35.18518518518518,Good,19,50,0.0,0,0.0,0.0,0.0,0.0,0.0,0,0.0,0.0,0.0,0.0
828,Illinois,Jo Daviess,2016,8,17,85,35.935483870967744,Good,24,48,0.0,0,0.0,0.0,0.0,0.0,0.0,0,0.0,0.0,0.0,0.0
829,Illinois,Jo Daviess,2016,9,17,85,33.06666666666667,Good,14,46,0.0,0,0.0,0.0,0.0,0.0,0.0,0,0.0,0.0,0.0,0.0
830,Illinois,Jo Daviess,2016,10,17,85,29.548387096774192,Good,19,45,0.0,0,0.0,0.0,0.0,0.0,0.0,0,0.0,0.0,0.0,0.0
831,Illinois,Jo Daviess,2016,11,17,85,28.433333333333334,Good,12,43,0.0,0,0.0,0.0,0.0,0.0,0.0,0,0.0,0.0,0.0,0.0
832,Illinois,Jo Daviess,2016,12,17,85,26.258064516129032,Good,12,33,0.0,0,0.0,0.0,0.0,0.0,0.0,0,0.0,0.0,0.0,0.0
833,Illinois,Jo Daviess,2017,1,17,85,27.677419354838708,Good,15,35,0.0,0,0.0,0.0,0.0,0.0,0.0,0,0.0,0.0,0.0,0.0
834,Illinois,Jo Daviess,2017,2,17,85,34.05,Good,21,44,0.0,0,0.0,0.0,0.0,0.0,0.0,0,0.0,0.0,0.0,0.0
835,Illinois,Jo Daviess,2017,3,17,85,35.041666666666664,Good,16,43,0.0,0,0.0,0.0,0.0,0.0,0.0,0,0.0,0.0,0.0,0.0
836,Illinois,Jo Daviess,2017,4,17,85,42.11538461538461,Good,23,77,4.0,Ozone,0.0,4.0,0.0,0.0,0.0,0,0.0,0.0,0.0,0.0
837,Illinois,Jo Daviess,2017,5,17,85,44.46666666666667,Good,26,77,6.0,Ozone,0.0,6.0,0.0,0.0,0.0,0,0.0,0.0,0.0,0.0
838,Illinois,Jo Daviess,2017,6,17,85,45.689655172413794,Good,21,87,7.0,Ozone,0.0,7.0,0.0,0.0,0.0,0,0.0,0.0,0.0,0.0
839,Illinois,Jo Daviess,2017,7,17,85,38.793103448275865,Good,30,50,0.0,0,0.0,0.0,0.0,0.0,0.0,0,0.0,0.0,0.0,0.0
840,Illinois,Jo Daviess,2017,8,17,85,34.111111111111114,Good,25,44,0.0,0,0.0,0.0,0.0,0.0,0.0,0,0.0,0.0,0.0,0.0
841,Illinois,Jo Daviess,2017,9,17,85,39.07692307692308,Good,17,80,3.0,Ozone,0.0,3.0,0.0,0.0,0.0,0,0.0,0.0,0.0,0.0
842,Illinois,Jo Daviess,2017,10,17,85,31.29032258064516,Good,18,54,1.0,Ozone,0.0,1.0,0.0,0.0,0.0,0,0.0,0.0,0.0,0.0
843,Illinois,Jo Daviess,2017,11,17,85,22.652173913043477,Good,10,32,0.0,0,0.0,0.0,0.0,0.0,0.0,0,0.0,0.0,0.0,0.0
844,Illinois,Jo Daviess,2017,12,17,85,26.535714285714285,Good,16,32,0.0,0,0.0,0.0,0.0,0.0,0.0,0,0.0,0.0,0.0,0.0
845,Illinois,Jo Daviess,2018,1,17,85,27.17241379310345,Good,15,33,0.0,0,0.0,0.0,0.0,0.0,0.0,0,0.0,0.0,0.0,0.0
846,Illinois,Jo Daviess,2018,2,17,85,35.2962962962963,Good,24,44,0.0,0,0.0,0.0,0.0,0.0,0.0,0,0.0,0.0,0.0,0.0
847,Illinois,Jo Daviess,2018,3,17,85,39.72,Good,29,48,0.0,0,0.0,0.0,0.0,0.0,0.0,0,0.0,0.0,0.0,0.0
848,Illinois,Jo Daviess,2018,4,17,85,46.93103448275862,Good,33,84,6.0,Ozone,0.0,6.0,0.0,0.0,0.0,0,0.0,0.0,0.0,0.0
849,Illinois,Jo Daviess,2018,5,17,85,55.78260869565217,Moderate,25,119,11.0,Ozone,0.0,11.0,0.0,0.0,2.0,Ozone,0.0,2.0,0.0,0.0
850,Illinois,Jo Daviess,2018,6,17,85,43.666666666666664,Good,25,87,4.0,Ozone,0.0,4.0,0.0,0.0,0.0,0,0.0,0.0,0.0,0.0
851,Illinois,Jo Daviess,2018,7,17,85,38.4,Good,28,48,0.0,0,0.0,0.0,0.0,0.0,0.0,0,0.0,0.0,0.0,0.0
852,Illinois,Jo Daviess,2018,8,17,85,36.225806451612904,Good,25,47,0.0,0,0.0,0.0,0.0,0.0,0.0,0,0.0,0.0,0.0,0.0
853,Illinois,Jo Daviess,2018,9,17,85,33.241379310344826,Good,19,50,0.0,0,0.0,0.0,0.0,0.0,0.0,0,0.0,0.0,0.0,0.0
854,Illinois,Jo Daviess,2018,10,17,85,26.566666666666666,Good,13,36,0.0,0,0.0,0.0,0.0,0.0,0.0,0,0.0,0.0,0.0,0.0
855,Illinois,Jo Daviess,2018,11,17,85,22.6,Good,14,29,0.0,0,0.0,0.0,0.0,0.0,0.0,0,0.0,0.0,0.0,0.0
856,Illinois,Jo Daviess,2018,12,17,85,22.774193548387096,Good,10,31,0.0,0,0.0,0.0,0.0,0.0,0.0,0,0.0,0.0,0.0,0.0
857,Illinois,Jo Daviess,2019,1,17,85,28.483870967741936,Good,18,35,0.0,0,0.0,0.0,0.0,0.0,0.0,0,0.0,0.0,0.0,0.0
858,Illinois,Jo Daviess,2019,2,17,85,36.17857142857143,Good,23,64,1.0,Ozone,0.0,1.0,0.0,0.0,0.0,0,0.0,0.0,0.0,0.0
859,Illinois,Jo Daviess,2019,3,17,85,42.666666666666664,Good,32,64,3.0,Ozone,0.0,3.0,0.0,0.0,0.0,0,0.0,0.0,0.0,0.0
860,Illinois,Jo Daviess,2019,4,17,85,41.03333333333333,Good,29,64,1.0,Ozone,0.0,1.0,0.0,0.0,0.0,0,0.0,0.0,0.0,0.0
861,Illinois,Jo Daviess,2019,5,17,85,40.064516129032256,Good,23,58,2.0,Ozone,0.0,2.0,0.0,0.0,0.0,0,0.0,0.0,0.0,0.0
862,Illinois,Jo Daviess,2019,6,17,85,44.03333333333333,Good,25,74,4.0,Ozone,0.0,4.0,0.0,0.0,0.0,0,0.0,0.0,0.0,0.0
863,Illinois,Jo Daviess,2019,7,17,85,40.0,Good,29,50,0.0,0,0.0,0.0,0.0,0.0,0.0,0,0.0,0.0,0.0,0.0
864,Illinois,Jo Daviess,2019,8,17,85,35.67741935483871,Good,22,58,1.0,Ozone,0.0,1.0,0.0,0.0,0.0,0,0.0,0.0,0.0,0.0
865,Illinois,Jo Daviess,2019,9,17,85,31.066666666666666,Good,17,44,0.0,0,0.0,0.0,0.0,0.0,0.0,0,0.0,0.0,0.0,0.0
866,Illinois,Jo Daviess,2019,10,17,85,27.451612903225808,Good,17,47,0.0,0,0.0,0.0,0.0,0.0,0.0,0,0.0,0.0,0.0,0.0
867,Illinois,Jo Daviess,2019,11,17,85,22.93103448275862,Good,10,31,0.0,0,0.0,0.0,0.0,0.0,0.0,0,0.0,0.0,0.0,0.0
868,Illinois,Jo Daviess,2019,12,17,85,25.193548387096776,Good,18,32,0.0,0,0.0,0.0,0.0,0.0,0.0,0,0.0,0.0,0.0,0.0
869,Illinois,Jo Daviess,2020,1,17,85,27.483870967741936,Good,19,33,0.0,0,0.0,0.0,0.0,0.0,0.0,0,0.0,0.0,0.0,0.0
870,Illinois,Jo Daviess,2020,2,17,85,35.10344827586207,Good,25,43,0.0,0,0.0,0.0,0.0,0.0,0.0,0,0.0,0.0,0.0,0.0
871,Illinois,Jo Daviess,2020,3,17,85,32.266666666666666,Good,20,44,0.0,0,0.0,0.0,0.0,0.0,0.0,0,0.0,0.0,0.0,0.0
872,Illinois,Jo Daviess,2020,4,17,85,37.63333333333333,Good,21,44,0.0,0,0.0,0.0,0.0,0.0,0.0,0,0.0,0.0,0.0,0.0
873,Illinois,Jo Daviess,2020,5,17,85,39.2,Good,28,48,0.0,0,0.0,0.0,0.0,0.0,0.0,0,0.0,0.0,0.0,0.0
874,Illinois,Jo Daviess,2020,6,17,85,48.689655172413794,Good,30,87,9.0,Ozone,0.0,9.0,0.0,0.0,0.0,0,0.0,0.0,0.0,0.0
875,Illinois,Jo Daviess,2020,7,17,85,40.61904761904762,Good,27,80,4.0,Ozone,0.0,4.0,0.0,0.0,0.0,0,0.0,0.0,0.0,0.0
876,Illinois,Jo Daviess,2020,8,17,85,38.12903225806452,Good,20,71,3.0,Ozone,0.0,3.0,0.0,0.0,0.0,0,0.0,0.0,0.0,0.0
877,Illinois,Jo Daviess,2020,9,17,85,31.166666666666668,Good,19,49,0.0,0,0.0,0.0,0.0,0.0,0.0,0,0.0,0.0,0.0,0.0
878,Illinois,Jo Daviess,2020,10,17,85,29.35483870967742,Good,17,47,0.0,0,0.0,0.0,0.0,0.0,0.0,0,0.0,0.0,0.0,0.0
879,Illinois,Jo Daviess,2020,11,17,85,29.1,Good,15,48,0.0,0,0.0,0.0,0.0,0.0,0.0,0,0.0,0.0,0.0,0.0
880,Illinois,Jo Daviess,2020,12,17,85,24.322580645161292,Good,17,29,0.0,0,0.0,0.0,0.0,0.0,0.0,0,0.0,0.0,0.0,0.0
881,Illinois,Jo Daviess,2021,1,17,85,29.548387096774192,Good,22,39,0.0,0,0.0,0.0,0.0,0.0,0.0,0,0.0,0.0,0.0,0.0
882,Illinois,Jo Daviess,2021,2,17,85,36.57142857142857,Good,26,54,1.0,Ozone,0.0,1.0,0.0,0.0,0.0,0,0.0,0.0,0.0,0.0
883,Illinois,Jo Daviess,2021,3,17,85,37.483870967741936,Good,20,51,2.0,Ozone,0.0,2.0,0.0,0.0,0.0,0,0.0,0.0,0.0,0.0
884,Illinois,Jo Daviess,2021,4,17,85,40.233333333333334,Good,17,84,4.0,Ozone,0.0,4.0,0.0,0.0,0.0,0,0.0,0.0,0.0,0.0
885,Illinois,Jo Daviess,2021,5,17,85,39.645161290322584,Good,28,50,0.0,0,0.0,0.0,0.0,0.0,0.0,0,0.0,0.0,0.0,0.0
886,Illinois,Jo Daviess,2021,6,17,85,51.166666666666664,Moderate,26,97,13.0,Ozone,0.0,13.0,0.0,0.0,0.0,0,0.0,0.0,0.0,0.0
887,Illinois,Jo Daviess,2021,7,17,85,38.74193548387097,Good,19,49,0.0,0,0.0,0.0,0.0,0.0,0.0,0,0.0,0.0,0.0,0.0
888,Illinois,Jo Daviess,2021,8,17,85,39.0,Good,27,44,0.0,0,0.0,0.0,0.0,0.0,0.0,0,0.0,0.0,0.0,0.0
889,Illinois,Jo Daviess,2021,9,17,85,42.9,Good,25,80,5.0,Ozone,0.0,5.0,0.0,0.0,0.0,0,0.0,0.0,0.0,0.0
890,Illinois,Jo Daviess,2021,10,17,85,29.966666666666665,Good,15,54,1.0,Ozone,0.0,1.0,0.0,0.0,0.0,0,0.0,0.0,0.0,0.0
891,Illinois,Jo Daviess,2021,11,17,85,27.333333333333332,Good,16,36,0.0,0,0.0,0.0,0.0,0.0,0.0,0,0.0,0.0,0.0,0.0
892,Illinois,Jo Daviess,2021,12,17,85,23.620689655172413,Good,15,31,0.0,0,0.0,0.0,0.0,0.0,0.0,0,0.0,0.0,0.0,0.0
893,Illinois,Jo Daviess,2022,1,17,85,30.176470588235293,Good,22,37,0.0,0,0.0,0.0,0.0,0.0,0.0,0,0.0,0.0,0.0,0.0
894,Illinois,Jo Daviess,2022,2,17,85,34.107142857142854,Good,28,43,0.0,0,0.0,0.0,0.0,0.0,0.0,0,0.0,0.0,0.0,0.0
895,Illinois,Jo Daviess,2022,3,17,85,36.70967741935484,Good,26,51,1.0,Ozone,0.0,1.0,0.0,0.0,0.0,0,0.0,0.0,0.0,0.0
896,Illinois,Jo Daviess,2022,4,17,85,35.8,Good,28,45,0.0,0,0.0,0.0,0.0,0.0,0.0,0,0.0,0.0,0.0,0.0
897,Illinois,Jo Daviess,2022,5,17,85,40.806451612903224,Good,28,64,4.0,Ozone,0.0,4.0,0.0,0.0,0.0,0,0.0,0.0,0.0,0.0
898,Illinois,Jo Daviess,2022,6,17,85,49.0,Good,35,84,8.0,Ozone,0.0,8.0,0.0,0.0,0.0,0,0.0,0.0,0.0,0.0
899,Illinois,Jo Daviess,2022,7,17,85,37.827586206896555,Good,26,61,1.0,Ozone,0.0,1.0,0.0,0.0,0.0,0,0.0,0.0,0.0,0.0
900,Illinois,Jo Daviess,2022,8,17,85,32.70967741935484,Good,21,43,0.0,0,0.0,0.0,0.0,0.0,0.0,0,0.0,0.0,0.0,0.0
901,Illinois,Jo Daviess,2022,9,17,85,31.82758620689655,Good,15,47,0.0,0,0.0,0.0,0.0,0.0,0.0,0,0.0,0.0,0.0,0.0
902,Illinois,Jo Daviess,2022,10,17,85,34.266666666666666,Good,18,54,1.0,Ozone,0.0,1.0,0.0,0.0,0.0,0,0.0,0.0,0.0,0.0
903,Illinois,Jo Daviess,2022,11,17,85,27.896551724137932,Good,19,48,0.0,0,0.0,0.0,0.0,0.0,0.0,0,0.0,0.0,0.0,0.0
904,Illinois,Jo Daviess,2022,12,17,85,23.535714285714285,Good,15,33,0.0,0,0.0,0.0,0.0,0.0,0.0,0,0.0,0.0,0.0,0.0
905,Illinois,Jo Daviess,2023,1,17,85,25.032258064516128,Good,12,35,0.0,0,0.0,0.0,0.0,0.0,0.0,0,0.0,0.0,0.0,0.0
906,Illinois,Jo Daviess,2023,2,17,85,34.28,Good,28,42,0.0,0,0.0,0.0,0.0,0.0,0.0,0,0.0,0.0,0.0,0.0
907,Illinois,Jo Daviess,2023,3,17,85,39.0,Good,28,58,2.0,Ozone,0.0,2.0,0.0,0.0,0.0,0,0.0,0.0,0.0,0.0
908,Illinois,Jo Daviess,2023,4,17,85,44.7,Good,29,71,6.0,Ozone,0.0,6.0,0.0,0.0,0.0,0,0.0,0.0,0.0,0.0
909,Illinois,Jo Daviess,2023,5,17,85,63.4,Moderate,32,119,18.0,Ozone,0.0,18.0,0.0,0.0,4.0,Ozone,0.0,4.0,0.0,0.0
910,Illinois,Jo Daviess,2023,6,17,85,75.44827586206897,Moderate,25,154,18.0,Ozone,0.0,18.0,0.0,0.0,5.0,Ozone,0.0,5.0,0.0,0.0
911,Illinois,Jo Daviess,2023,7,17,85,43.16129032258065,Good,30,67,2.0,Ozone,0.0,2.0,0.0,0.0,0.0,0,0.0,0.0,0.0,0.0
912,Illinois,Jo Daviess,2023,8,17,85,38.83870967741935,Good,23,49,0.0,0,0.0,0.0,0.0,0.0,0.0,0,0.0,0.0,0.0,0.0
913,Illinois,Jo Daviess,2023,9,17,85,37.11538461538461,Good,19,54,2.0,Ozone,0.0,2.0,0.0,0.0,0.0,0,0.0,0.0,0.0,0.0
914,Illinois,Jo Daviess,2023,10,17,85,31.548387096774192,Good,19,61,3.0,Ozone,0.0,3.0,0.0,0.0,0.0,0,0.0,0.0,0.0,0.0
915,Illinois,Jo Daviess,2023,11,17,85,29.20689655172414,Good,19,40,0.0,0,0.0,0.0,0.0,0.0,0.0,0,0.0,0.0,0.0,0.0
916,Illinois,Jo Daviess,2023,12,17,85,22.233333333333334,Good,8,31,0.0,0,0.0,0.0,0.0,0.0,0.0,0,0.0,0.0,0.0,0.0
917,Illinois,Jo Daviess,2024,1,17,85,25.4,Good,14,34,0.0,0,0.0,0.0,0.0,0.0,0.0,0,0.0,0.0,0.0,0.0
918,Illinois,Jo Daviess,2024,2,17,85,31.344827586206897,Good,19,44,0.0,0,0.0,0.0,0.0,0.0,0.0,0,0.0,0.0,0.0,0.0
919,Illinois,Jo Daviess,2024,3,17,85,37.03225806451613,Good,26,45,0.0,0,0.0,0.0,0.0,0.0,0.0,0,0.0,0.0,0.0,0.0
920,Illinois,Jo Daviess,2024,4,17,85,41.86666666666667,Good,31,64,2.0,Ozone,0.0,2.0,0.0,0.0,0.0,0,0.0,0.0,0.0,0.0
921,Illinois,Jo Daviess,2024,5,17,85,48.86206896551724,Good,34,80,8.0,Ozone,0.0,8.0,0.0,0.0,0.0,0,0.0,0.0,0.0,0.0
922,Illinois,Jo Daviess,2024,6,17,85,44.80769230769231,Good,32,77,5.0,Ozone,0.0,5.0,0.0,0.0,0.0,0,0.0,0.0,0.0,0.0
923,Illinois,Jo Daviess,2024,7,17,85,39.06896551724138,Good,29,46,0.0,0,0.0,0.0,0.0,0.0,0.0,0,0.0,0.0,0.0,0.0
924,Illinois,Jo Daviess,2024,8,17,85,38.2,Good,23,61,1.0,Ozone,0.0,1.0,0.0,0.0,0.0,0,0.0,0.0,0.0,0.0
925,Illinois,Jo Daviess,2024,9,17,85,42.892857142857146,Good,22,101,3.0,Ozone,0.0,3.0,0.0,0.0,1.0,Ozone,0.0,1.0,0.0,0.0
926,Illinois,Jo Daviess,2024,10,17,85,39.935483870967744,Good,27,67,3.0,Ozone,0.0,3.0,0.0,0.0,0.0,0,0.0,0.0,0.0,0.0
927,Illinois,Jo Daviess,2024,11,17,85,22.566666666666666,Good,12,31,0.0,0,0.0,0.0,0.0,0.0,0.0,0,0.0,0.0,0.0,0.0
928,Illinois,Jo Daviess,2024,12,17,85,22.76923076923077,Good,14,37,0.0,0,0.0,0.0,0.0,0.0,0.0,0,0.0,0.0,0.0,0.0
929,Illinois,Jo Daviess,2025,1,17,85,29.483870967741936,Good,22,36,0.0,0,0.0,0.0,0.0,0.0,0.0,0,0.0,0.0,0.0,0.0
930,Illinois,Jo Daviess,2025,2,17,85,32.285714285714285,Good,20,41,0.0,0,0.0,0.0,0.0,0.0,0.0,0,0.0,0.0,0.0,0.0
931,Illinois,Jo Daviess,2025,3,17,85,37.13333333333333,Good,30,46,0.0,0,0.0,0.0,0.0,0.0,0.0,0,0.0,0.0,0.0,0.0
932,Illinois,Jo Daviess,2025,4,17,85,39.233333333333334,Good,30,54,2.0,Ozone,0.0,2.0,0.0,0.0,0.0,0,0.0,0.0,0.0,0.0
933,Illinois,Kane,2016,1,17,89,33.96774193548387,Good,11,62,5.0,PM2.5,0.0,0.0,0.0,5.0,0.0,0,0.0,0.0,0.0,0.0
934,Illinois,Kane,2016,2,17,89,36.62068965517241,Good,25,71,4.0,PM2.5,0.0,0.0,0.0,4.0,0.0,0,0.0,0.0,0.0,0.0
935,Illinois,Kane,2016,3,17,89,35.5,Good,23,54,2.0,PM2.5,0.0,0.0,0.0,2.0,0.0,0,0.0,0.0,0.0,0.0
936,Illinois,Kane,2016,4,17,89,47.275862068965516,Good,32,108,8.0,Ozone,0.0,4.0,0.0,4.0,2.0,Ozone,0.0,2.0,0.0,0.0
937,Illinois,Kane,2016,5,17,89,44.84,Good,19,100,8.0,Ozone,0.0,5.0,0.0,3.0,0.0,0,0.0,0.0,0.0,0.0
938,Illinois,Kane,2016,6,17,89,60.63333333333333,Moderate,29,136,13.0,Ozone,0.0,13.0,0.0,0.0,4.0,Ozone,0.0,4.0,0.0,0.0
939,Illinois,Kane,2016,7,17,89,45.87096774193548,Good,18,87,9.0,PM2.5,0.0,3.0,0.0,6.0,0.0,0,0.0,0.0,0.0,0.0
940,Illinois,Kane,2016,8,17,89,47.41935483870968,Good,24,140,7.0,Ozone,0.0,7.0,0.0,0.0,2.0,Ozone,0.0,2.0,0.0,0.0
941,Illinois,Kane,2016,9,17,89,36.733333333333334,Good,19,57,2.0,PM2.5,0.0,0.0,0.0,2.0,0.0,0,0.0,0.0,0.0,0.0
942,Illinois,Kane,2016,10,17,89,31.193548387096776,Good,15,59,4.0,PM2.5,0.0,0.0,0.0,4.0,0.0,0,0.0,0.0,0.0,0.0
943,Illinois,Kane,2016,11,17,89,32.8,Good,10,70,6.0,PM2.5,0.0,0.0,0.0,6.0,0.0,0,0.0,0.0,0.0,0.0
944,Illinois,Kane,2016,12,17,89,29.741935483870968,Good,10,61,4.0,PM2.5,0.0,0.0,0.0,4.0,0.0,0,0.0,0.0,0.0,0.0
945,Illinois,Kane,2017,1,17,89,38.04,Good,13,75,8.0,PM2.5,0.0,0.0,0.0,8.0,0.0,0,0.0,0.0,0.0,0.0
946,Illinois,Kane,2017,2,17,89,37.0,Good,24,75,4.0,PM2.5,0.0,0.0,0.0,4.0,0.0,0,0.0,0.0,0.0,0.0
947,Illinois,Kane,2017,3,17,89,38.61290322580645,Good,21,60,3.0,PM2.5,0.0,0.0,0.0,3.0,0.0,0,0.0,0.0,0.0,0.0
948,Illinois,Kane,2017,4,17,89,45.3,Good,22,74,7.0,Ozone,0.0,5.0,0.0,2.0,0.0,0,0.0,0.0,0.0,0.0
949,Illinois,Kane,2017,5,17,89,50.62068965517241,Moderate,31,84,9.0,Ozone,0.0,7.0,0.0,2.0,0.0,0,0.0,0.0,0.0,0.0
950,Illinois,Kane,2017,6,17,89,62.73076923076923,Moderate,25,143,13.0,Ozone,0.0,13.0,0.0,0.0,1.0,Ozone,0.0,1.0,0.0,0.0
951,Illinois,Kane,2017,7,17,89,47.645161290322584,Good,21,90,9.0,Ozone,0.0,7.0,0.0,2.0,0.0,0,0.0,0.0,0.0,0.0
952,Illinois,Kane,2017,8,17,89,43.193548387096776,Good,28,62,5.0,PM2.5,0.0,0.0,0.0,5.0,0.0,0,0.0,0.0,0.0,0.0
953,Illinois,Kane,2017,9,17,89,48.63333333333333,Good,15,100,11.0,PM2.5,0.0,5.0,0.0,6.0,0.0,0,0.0,0.0,0.0,0.0
954,Illinois,Kane,2017,10,17,89,33.225806451612904,Good,16,49,0.0,0,0.0,0.0,0.0,0.0,0.0,0,0.0,0.0,0.0,0.0
955,Illinois,Kane,2017,11,17,89,29.866666666666667,Good,12,72,3.0,PM2.5,0.0,0.0,0.0,3.0,0.0,0,0.0,0.0,0.0,0.0
956,Illinois,Kane,2017,12,17,89,34.45161290322581,Good,17,76,6.0,PM2.5,0.0,0.0,0.0,6.0,0.0,0,0.0,0.0,0.0,0.0
957,Illinois,Kane,2018,1,17,89,32.193548387096776,Good,8,63,5.0,PM2.5,0.0,0.0,0.0,5.0,0.0,0,0.0,0.0,0.0,0.0
958,Illinois,Kane,2018,2,17,89,36.107142857142854,Good,17,76,2.0,PM2.5,0.0,0.0,0.0,2.0,0.0,0,0.0,0.0,0.0,0.0
959,Illinois,Kane,2018,3,17,89,40.354838709677416,Good,27,65,2.0,PM2.5,0.0,0.0,0.0,2.0,0.0,0,0.0,0.0,0.0,0.0
960,Illinois,Kane,2018,4,17,89,46.733333333333334,Good,37,71,7.0,Ozone,0.0,4.0,0.0,3.0,0.0,0,0.0,0.0,0.0,0.0
961,Illinois,Kane,2018,5,17,89,62.12903225806452,Moderate,19,122,18.0,Ozone,0.0,16.0,0.0,2.0,4.0,Ozone,0.0,4.0,0.0,0.0
962,Illinois,Kane,2018,6,17,89,49.43333333333333,Good,27,100,10.0,Ozone,0.0,8.0,0.0,2.0,0.0,0,0.0,0.0,0.0,0.0
963,Illinois,Kane,2018,7,17,89,52.54838709677419,Moderate,31,122,14.0,Ozone,0.0,8.0,0.0,6.0,1.0,Ozone,0.0,1.0,0.0,0.0
964,Illinois,Kane,2018,8,17,89,46.63333333333333,Good,26,71,9.0,PM2.5,0.0,1.0,0.0,8.0,0.0,0,0.0,0.0,0.0,0.0
965,Illinois,Kane,2018,9,17,89,37.86666666666667,Good,18,87,6.0,Ozone,0.0,3.0,0.0,3.0,0.0,0,0.0,0.0,0.0,0.0
966,Illinois,Kane,2018,10,17,89,29.29032258064516,Good,16,63,2.0,PM2.5,0.0,0.0,0.0,2.0,0.0,0,0.0,0.0,0.0,0.0
967,Illinois,Kane,2018,11,17,89,28.633333333333333,Good,9,67,5.0,PM2.5,0.0,0.0,0.0,5.0,0.0,0,0.0,0.0,0.0,0.0
968,Illinois,Kane,2018,12,17,89,34.03225806451613,Good,11,81,9.0,PM2.5,0.0,0.0,0.0,9.0,0.0,0,0.0,0.0,0.0,0.0
969,Illinois,Kane,2019,1,17,89,46.7,Good,28,66,4.0,PM2.5,0.0,0.0,0.0,4.0,0.0,0,0.0,0.0,0.0,0.0
970,Illinois,Kane,2019,2,17,89,51.888888888888886,Moderate,20,81,5.0,PM2.5,0.0,0.0,0.0,5.0,0.0,0,0.0,0.0,0.0,0.0
971,Illinois,Kane,2019,3,17,89,44.87096774193548,Good,30,72,5.0,PM2.5,0.0,0.0,0.0,5.0,0.0,0,0.0,0.0,0.0,0.0
972,Illinois,Kane,2019,4,17,89,43.06666666666667,Good,28,65,3.0,Ozone,0.0,2.0,0.0,1.0,0.0,0,0.0,0.0,0.0,0.0
973,Illinois,Kane,2019,5,17,89,42.58064516129032,Good,26,74,6.0,Ozone,0.0,6.0,0.0,0.0,0.0,0,0.0,0.0,0.0,0.0
974,Illinois,Kane,2019,6,17,89,53.1,Moderate,26,101,13.0,Ozone,0.0,11.0,0.0,2.0,1.0,Ozone,0.0,1.0,0.0,0.0
975,Illinois,Kane,2019,7,17,89,52.225806451612904,Moderate,27,112,11.0,Ozone,0.0,7.0,0.0,4.0,2.0,Ozone,0.0,2.0,0.0,0.0
976,Illinois,Kane,2019,8,17,89,45.0,Good,24,105,6.0,Ozone,0.0,6.0,0.0,0.0,1.0,Ozone,0.0,1.0,0.0,0.0
977,Illinois,Kane,2019,9,17,89,37.266666666666666,Good,19,58,6.0,PM2.5,0.0,1.0,0.0,5.0,0.0,0,0.0,0.0,0.0,0.0
978,Illinois,Kane,2019,10,17,89,28.70967741935484,Good,15,54,1.0,PM2.5,0.0,0.0,0.0,1.0,0.0,0,0.0,0.0,0.0,0.0
979,Illinois,Kane,2019,11,17,89,47.0,Good,16,68,6.0,PM2.5,0.0,0.0,0.0,6.0,0.0,0,0.0,0.0,0.0,0.0
980,Illinois,Kane,2019,12,17,89,58.1,Moderate,20,85,8.0,PM2.5,0.0,0.0,0.0,8.0,0.0,0,0.0,0.0,0.0,0.0
981,Illinois,Kane,2020,1,17,89,44.54545454545455,Good,17,71,4.0,PM2.5,0.0,0.0,0.0,4.0,0.0,0,0.0,0.0,0.0,0.0
982,Illinois,Kane,2020,2,17,89,47.6,Good,32,62,5.0,PM2.5,0.0,0.0,0.0,5.0,0.0,0,0.0,0.0,0.0,0.0
983,Illinois,Kane,2020,3,17,89,37.903225806451616,Good,15,95,4.0,PM2.5,0.0,0.0,0.0,4.0,0.0,0,0.0,0.0,0.0,0.0
984,Illinois,Kane,2020,4,17,89,41.833333333333336,Good,28,72,4.0,PM2.5,0.0,0.0,0.0,4.0,0.0,0,0.0,0.0,0.0,0.0
985,Illinois,Kane,2020,5,17,89,41.83870967741935,Good,31,90,2.0,PM2.5,0.0,0.0,0.0,2.0,0.0,0,0.0,0.0,0.0,0.0
986,Illinois,Kane,2020,6,17,89,64.0,Moderate,37,161,16.0,Ozone,0.0,14.0,0.0,2.0,4.0,Ozone,0.0,4.0,0.0,0.0
987,Illinois,Kane,2020,7,17,89,56.77777777777778,Moderate,17,122,11.0,Ozone,0.0,10.0,0.0,1.0,3.0,Ozone,0.0,3.0,0.0,0.0
988,Illinois,Kane,2020,8,17,89,49.58064516129032,Good,16,97,8.0,Ozone,0.0,6.0,0.0,2.0,0.0,0,0.0,0.0,0.0,0.0
989,Illinois,Kane,2020,9,17,89,38.88461538461539,Good,13,79,5.0,PM2.5,0.0,1.0,0.0,4.0,0.0,0,0.0,0.0,0.0,0.0
990,Illinois,Kane,2020,10,17,89,31.933333333333334,Good,16,63,2.0,PM2.5,0.0,0.0,0.0,2.0,0.0,0,0.0,0.0,0.0,0.0
991,Illinois,Kane,2020,11,17,89,47.18181818181818,Good,27,66,5.0,PM2.5,0.0,0.0,0.0,5.0,0.0,0,0.0,0.0,0.0,0.0
992,Illinois,Kane,2020,12,17,89,53.36363636363637,Moderate,36,64,9.0,PM2.5,0.0,0.0,0.0,9.0,0.0,0,0.0,0.0,0.0,0.0
993,Illinois,Kane,2021,1,17,89,53.166666666666664,Moderate,27,64,9.0,PM2.5,0.0,0.0,0.0,9.0,0.0,0,0.0,0.0,0.0,0.0
994,Illinois,Kane,2021,2,17,89,51.22222222222222,Moderate,23,68,5.0,PM2.5,0.0,0.0,0.0,5.0,0.0,0,0.0,0.0,0.0,0.0
995,Illinois,Kane,2021,3,17,89,40.16129032258065,Good,23,65,4.0,PM2.5,0.0,0.0,0.0,4.0,0.0,0,0.0,0.0,0.0,0.0
996,Illinois,Kane,2021,4,17,89,42.4,Good,24,112,6.0,PM2.5,0.0,2.0,0.0,4.0,1.0,PM2.5,0.0,0.0,0.0,1.0
997,Illinois,Kane,2021,5,17,89,45.25806451612903,Good,31,85,10.0,PM2.5,0.0,4.0,0.0,6.0,0.0,0,0.0,0.0,0.0,0.0
998,Illinois,Kane,2021,6,17,89,63.89655172413793,Moderate,28,100,17.0,Ozone,0.0,14.0,0.0,3.0,0.0,0,0.0,0.0,0.0,0.0
999,Illinois,Kane,2021,7,17,89,48.87096774193548,Good,19,74,10.0,PM2.5,0.0,4.0,0.0,6.0,0.0,0,0.0,0.0,0.0,0.0
1000,Illinois,Kane,2021,8,17,89,51.25806451612903,Moderate,29,80,15.0,Ozone,0.0,10.0,0.0,5.0,0.0,0,0.0,0.0,0.0,0.0
1001,Illinois,Kane,2021,9,17,89,43.41379310344828,Good,26,71,5.0,PM2.5,0.0,2.0,0.0,3.0,0.0,0,0.0,0.0,0.0,0.0
1002,Illinois,Kane,2021,10,17,89,36.903225806451616,Good,19,80,6.0,PM2.5,0.0,1.0,0.0,5.0,0.0,0,0.0,0.0,0.0,0.0
1003,Illinois,Kane,2021,11,17,89,43.09090909090909,Good,12,84,5.0,PM2.5,0.0,0.0,0.0,5.0,0.0,0,0.0,0.0,0.0,0.0
1004,Illinois,Kane,2021,12,17,89,45.9,Good,14,65,5.0,PM2.5,0.0,0.0,0.0,5.0,0.0,0,0.0,0.0,0.0,0.0
1005,Illinois,Kane,2022,1,17,89,52.25,Moderate,23,96,7.0,PM2.5,0.0,0.0,0.0,7.0,0.0,0,0.0,0.0,0.0,0.0
1006,Illinois,Kane,2022,2,17,89,50.416666666666664,Moderate,17,88,8.0,PM2.5,0.0,0.0,0.0,8.0,0.0,0,0.0,0.0,0.0,0.0
1007,Illinois,Kane,2022,3,17,89,38.0,Good,21,67,5.0,PM2.5,0.0,0.0,0.0,5.0,0.0,0,0.0,0.0,0.0,0.0
1008,Illinois,Kane,2022,4,17,89,39.15384615384615,Good,22,71,6.0,PM2.5,0.0,0.0,0.0,6.0,0.0,0,0.0,0.0,0.0,0.0
1009,Illinois,Kane,2022,5,17,89,47.48275862068966,Good,19,100,9.0,Ozone,0.0,7.0,0.0,2.0,0.0,0,0.0,0.0,0.0,0.0
1010,Illinois,Kane,2022,6,17,89,59.758620689655174,Moderate,32,129,15.0,Ozone,0.0,13.0,0.0,2.0,2.0,Ozone,0.0,2.0,0.0,0.0
1011,Illinois,Kane,2022,7,17,89,49.516129032258064,Good,31,101,12.0,Ozone,0.0,6.0,0.0,6.0,1.0,Ozone,0.0,1.0,0.0,0.0
1012,Illinois,Kane,2022,8,17,89,42.58064516129032,Good,29,71,5.0,Ozone,0.0,3.0,0.0,2.0,0.0,0,0.0,0.0,0.0,0.0
1013,Illinois,Kane,2022,9,17,89,39.5,Good,19,71,6.0,PM2.5,0.0,2.0,0.0,4.0,0.0,0,0.0,0.0,0.0,0.0
1014,Illinois,Kane,2022,10,17,89,37.54838709677419,Good,17,70,8.0,PM2.5,0.0,1.0,0.0,7.0,0.0,0,0.0,0.0,0.0,0.0
1015,Illinois,Kane,2022,11,17,89,52.833333333333336,Moderate,31,70,8.0,PM2.5,0.0,0.0,0.0,8.0,0.0,0,0.0,0.0,0.0,0.0
1016,Illinois,Kane,2022,12,17,89,53.0,Moderate,17,82,7.0,PM2.5,0.0,0.0,0.0,7.0,0.0,0,0.0,0.0,0.0,0.0
1017,Illinois,Kane,2023,1,17,89,46.0,Good,32,69,3.0,PM2.5,0.0,0.0,0.0,3.0,0.0,0,0.0,0.0,0.0,0.0
1018,Illinois,Kane,2023,2,17,89,39.90909090909091,Good,17,58,5.0,PM2.5,0.0,0.0,0.0,5.0,0.0,0,0.0,0.0,0.0,0.0
1019,Illinois,Kane,2023,3,17,89,41.225806451612904,Good,29,63,5.0,PM2.5,0.0,0.0,0.0,5.0,0.0,0,0.0,0.0,0.0,0.0
1020,Illinois,Kane,2023,4,17,89,46.0,Good,18,74,9.0,Ozone,0.0,5.0,0.0,4.0,0.0,0,0.0,0.0,0.0,0.0
1021,Illinois,Kane,2023,5,17,89,68.3225806451613,Moderate,32,140,20.0,Ozone,0.0,17.0,0.0,3.0,5.0,Ozone,0.0,5.0,0.0,0.0
1022,Illinois,Kane,2023,6,17,89,89.46666666666667,Moderate,29,158,22.0,Ozone,0.0,17.0,0.0,5.0,13.0,Ozone,0.0,11.0,0.0,2.0
1023,Illinois,Kane,2023,7,17,89,61.12903225806452,Moderate,32,174,14.0,Ozone,0.0,11.0,0.0,3.0,2.0,Ozone,0.0,2.0,0.0,0.0
1024,Illinois,Kane,2023,8,17,89,48.67741935483871,Good,29,101,7.0,Ozone,0.0,4.0,0.0,3.0,1.0,Ozone,0.0,1.0,0.0,0.0
1025,Illinois,Kane,2023,9,17,89,43.96666666666667,Good,19,66,9.0,PM2.5,0.0,3.0,0.0,6.0,0.0,0,0.0,0.0,0.0,0.0
1026,Illinois,Kane,2023,10,17,89,36.225806451612904,Good,18,74,6.0,Ozone,0.0,3.0,0.0,3.0,0.0,0,0.0,0.0,0.0,0.0
1027,Illinois,Kane,2023,11,17,89,50.81818181818182,Moderate,28,77,7.0,PM2.5,0.0,0.0,0.0,7.0,0.0,0,0.0,0.0,0.0,0.0
1028,Illinois,Kane,2023,12,17,89,37.9,Good,16,57,3.0,PM2.5,0.0,0.0,0.0,3.0,0.0,0,0.0,0.0,0.0,0.0
1029,Illinois,Kane,2024,1,17,89,35.5,Good,9,67,1.0,PM2.5,0.0,0.0,0.0,1.0,0.0,0,0.0,0.0,0.0,0.0
1030,Illinois,Kane,2024,2,17,89,39.6,Good,11,61,5.0,PM2.5,0.0,0.0,0.0,5.0,0.0,0,0.0,0.0,0.0,0.0
1031,Illinois,Kane,2024,3,17,89,37.193548387096776,Good,23,56,3.0,PM2.5,0.0,0.0,0.0,3.0,0.0,0,0.0,0.0,0.0,0.0
1032,Illinois,Kane,2024,4,17,89,38.53333333333333,Good,27,51,1.0,Ozone,0.0,1.0,0.0,0.0,0.0,0,0.0,0.0,0.0,0.0
1033,Illinois,Kane,2024,5,17,89,48.0,Good,27,87,8.0,Ozone,0.0,8.0,0.0,0.0,0.0,0,0.0,0.0,0.0,0.0
1034,Illinois,Kane,2024,6,17,89,50.1,Moderate,27,93,11.0,Ozone,0.0,9.0,0.0,2.0,0.0,0,0.0,0.0,0.0,0.0
1035,Illinois,Kane,2024,7,17,89,46.74193548387097,Good,32,74,7.0,Ozone,0.0,5.0,0.0,2.0,0.0,0,0.0,0.0,0.0,0.0
1036,Illinois,Kane,2024,8,17,89,45.935483870967744,Good,24,77,11.0,Ozone,0.0,6.0,0.0,5.0,0.0,0,0.0,0.0,0.0,0.0
1037,Illinois,Kane,2024,9,17,89,51.7,Moderate,27,105,11.0,Ozone,0.0,10.0,0.0,1.0,1.0,Ozone,0.0,1.0,0.0,0.0
1038,Illinois,Kane,2024,10,17,89,45.903225806451616,Good,28,67,13.0,PM2.5,0.0,1.0,0.0,12.0,0.0,0,0.0,0.0,0.0,0.0
1039,Illinois,Kane,2024,11,17,89,37.96666666666667,Good,14,73,8.0,PM2.5,0.0,0.0,0.0,8.0,0.0,0,0.0,0.0,0.0,0.0
1040,Illinois,Kane,2024,12,17,89,44.41935483870968,Good,18,68,12.0,PM2.5,0.0,0.0,0.0,12.0,0.0,0,0.0,0.0,0.0,0.0
1041,Illinois,Kane,2025,1,17,89,31.741935483870968,Good,17,72,3.0,PM2.5,0.0,0.0,0.0,3.0,0.0,0,0.0,0.0,0.0,0.0
1042,Illinois,Kane,2025,2,17,89,39.82142857142857,Good,18,66,9.0,PM2.5,0.0,0.0,0.0,9.0,0.0,0,0.0,0.0,0.0,0.0
1043,Illinois,Kane,2025,3,17,89,42.774193548387096,Good,29,73,6.0,PM2.5,0.0,0.0,0.0,6.0,0.0,0,0.0,0.0,0.0,0.0
1044,Illinois,Kane,2025,4,17,89,45.46666666666667,Good,32,71,8.0,PM2.5,0.0,2.0,0.0,6.0,0.0,0,0.0,0.0,0.0,0.0
1045,Illinois,Kane,2025,5,17,89,45.354838709677416,Good,23,80,9.0,PM2.5,0.0,3.0,0.0,6.0,0.0,0,0.0,0.0,0.0,0.0
1046,Illinois,Kane,2025,6,17,89,70.1,Moderate,38,136,22.0,PM2.5,0.0,10.0,0.0,12.0,4.0,Ozone,0.0,3.0,0.0,1.0
1047,Illinois,Lake,2016,1,17,97,26.774193548387096,Good,18,34,0.0,0,0.0,0.0,0.0,0.0,0.0,0,0.0,0.0,0.0,0.0
1048,Illinois,Lake,2016,2,17,97,32.03448275862069,Good,21,44,0.0,0,0.0,0.0,0.0,0.0,0.0,0,0.0,0.0,0.0,0.0
1049,Illinois,Lake,2016,3,17,97,34.25806451612903,Good,22,43,0.0,0,0.0,0.0,0.0,0.0,0.0,0,0.0,0.0,0.0,0.0
1050,Illinois,Lake,2016,4,17,97,45.93333333333333,Good,27,119,4.0,Ozone,0.0,4.0,0.0,0.0,1.0,Ozone,0.0,1.0,0.0,0.0
1051,Illinois,Lake,2016,5,17,97,50.096774193548384,Moderate,21,136,9.0,Ozone,0.0,9.0,0.0,0.0,2.0,Ozone,0.0,2.0,0.0,0.0
1052,Illinois,Lake,2016,6,17,97,56.46666666666667,Moderate,23,122,14.0,Ozone,0.0,14.0,0.0,0.0,3.0,Ozone,0.0,3.0,0.0,0.0
1053,Illinois,Lake,2016,7,17,97,47.193548387096776,Good,23,101,7.0,Ozone,0.0,7.0,0.0,0.0,1.0,Ozone,0.0,1.0,0.0,0.0
1054,Illinois,Lake,2016,8,17,97,45.67741935483871,Good,22,140,6.0,Ozone,0.0,6.0,0.0,0.0,1.0,Ozone,0.0,1.0,0.0,0.0
1055,Illinois,Lake,2016,9,17,97,33.03333333333333,Good,21,44,0.0,0,0.0,0.0,0.0,0.0,0.0,0,0.0,0.0,0.0,0.0
1056,Illinois,Lake,2016,10,17,97,27.70967741935484,Good,17,42,0.0,0,0.0,0.0,0.0,0.0,0.0,0,0.0,0.0,0.0,0.0
1057,Illinois,Lake,2016,11,17,97,28.1875,Good,19,36,0.0,0,0.0,0.0,0.0,0.0,0.0,0,0.0,0.0,0.0,0.0
1058,Illinois,Lake,2016,12,17,97,28.48,Good,19,35,0.0,0,0.0,0.0,0.0,0.0,0.0,0,0.0,0.0,0.0,0.0
1059,Illinois,Lake,2017,1,17,97,27.035714285714285,Good,12,34,0.0,0,0.0,0.0,0.0,0.0,0.0,0,0.0,0.0,0.0,0.0
1060,Illinois,Lake,2017,2,17,97,33.142857142857146,Good,15,45,0.0,0,0.0,0.0,0.0,0.0,0.0,0,0.0,0.0,0.0,0.0
1061,Illinois,Lake,2017,3,17,97,34.774193548387096,Good,22,43,0.0,0,0.0,0.0,0.0,0.0,0.0,0,0.0,0.0,0.0,0.0
1062,Illinois,Lake,2017,4,17,97,40.63333333333333,Good,19,71,3.0,Ozone,0.0,3.0,0.0,0.0,0.0,0,0.0,0.0,0.0,0.0
1063,Illinois,Lake,2017,5,17,97,45.74193548387097,Good,30,100,7.0,Ozone,0.0,7.0,0.0,0.0,0.0,0,0.0,0.0,0.0,0.0
1064,Illinois,Lake,2017,6,17,97,55.758620689655174,Moderate,24,129,10.0,Ozone,0.0,10.0,0.0,0.0,2.0,Ozone,0.0,2.0,0.0,0.0
1065,Illinois,Lake,2017,7,17,97,50.70967741935484,Moderate,20,108,10.0,Ozone,0.0,10.0,0.0,0.0,2.0,Ozone,0.0,2.0,0.0,0.0
1066,Illinois,Lake,2017,8,17,97,44.064516129032256,Good,22,119,5.0,Ozone,0.0,5.0,0.0,0.0,1.0,Ozone,0.0,1.0,0.0,0.0
1067,Illinois,Lake,2017,9,17,97,47.06666666666667,Good,13,122,6.0,Ozone,0.0,6.0,0.0,0.0,2.0,Ozone,0.0,2.0,0.0,0.0
1068,Illinois,Lake,2017,10,17,97,31.580645161290324,Good,19,54,1.0,Ozone,0.0,1.0,0.0,0.0,0.0,0,0.0,0.0,0.0,0.0
1069,Illinois,Lake,2017,11,17,97,23.4,Good,6,31,0.0,0,0.0,0.0,0.0,0.0,0.0,0,0.0,0.0,0.0,0.0
1070,Illinois,Lake,2017,12,17,97,26.607142857142858,Good,19,31,0.0,0,0.0,0.0,0.0,0.0,0.0,0,0.0,0.0,0.0,0.0
1071,Illinois,Lake,2018,1,17,97,26.166666666666668,Good,9,34,0.0,0,0.0,0.0,0.0,0.0,0.0,0,0.0,0.0,0.0,0.0
1072,Illinois,Lake,2018,2,17,97,36.44444444444444,Good,25,47,0.0,0,0.0,0.0,0.0,0.0,0.0,0,0.0,0.0,0.0,0.0
1073,Illinois,Lake,2018,3,17,97,42.84,Good,28,48,0.0,0,0.0,0.0,0.0,0.0,0.0,0,0.0,0.0,0.0,0.0
1074,Illinois,Lake,2018,4,17,97,49.07692307692308,Good,37,74,8.0,Ozone,0.0,8.0,0.0,0.0,0.0,0,0.0,0.0,0.0,0.0
1075,Illinois,Lake,2018,5,17,97,63.16129032258065,Moderate,27,164,13.0,Ozone,0.0,13.0,0.0,0.0,5.0,Ozone,0.0,5.0,0.0,0.0
1076,Illinois,Lake,2018,6,17,97,46.96666666666667,Good,24,100,9.0,Ozone,0.0,9.0,0.0,0.0,0.0,0,0.0,0.0,0.0,0.0
1077,Illinois,Lake,2018,7,17,97,51.935483870967744,Moderate,23,140,11.0,Ozone,0.0,11.0,0.0,0.0,2.0,Ozone,0.0,2.0,0.0,0.0
1078,Illinois,Lake,2018,8,17,97,43.61290322580645,Good,21,112,4.0,Ozone,0.0,4.0,0.0,0.0,1.0,Ozone,0.0,1.0,0.0,0.0
1079,Illinois,Lake,2018,9,17,97,35.13333333333333,Good,18,71,3.0,Ozone,0.0,3.0,0.0,0.0,0.0,0,0.0,0.0,0.0,0.0
1080,Illinois,Lake,2018,10,17,97,25.483870967741936,Good,18,40,0.0,0,0.0,0.0,0.0,0.0,0.0,0,0.0,0.0,0.0,0.0
1081,Illinois,Lake,2018,11,17,97,22.379310344827587,Good,12,31,0.0,0,0.0,0.0,0.0,0.0,0.0,0,0.0,0.0,0.0,0.0
1082,Illinois,Lake,2018,12,17,97,20.677419354838708,Good,9,28,0.0,0,0.0,0.0,0.0,0.0,0.0,0,0.0,0.0,0.0,0.0
1083,Illinois,Lake,2019,3,17,97,41.67741935483871,Good,31,50,0.0,0,0.0,0.0,0.0,0.0,0.0,0,0.0,0.0,0.0,0.0
1084,Illinois,Lake,2019,4,17,97,43.233333333333334,Good,33,64,3.0,Ozone,0.0,3.0,0.0,0.0,0.0,0,0.0,0.0,0.0,0.0
1085,Illinois,Lake,2019,5,17,97,42.12903225806452,Good,29,77,6.0,Ozone,0.0,6.0,0.0,0.0,0.0,0,0.0,0.0,0.0,0.0
1086,Illinois,Lake,2019,6,17,97,47.86666666666667,Good,27,90,10.0,Ozone,0.0,10.0,0.0,0.0,0.0,0,0.0,0.0,0.0,0.0
1087,Illinois,Lake,2019,7,17,97,49.0,Good,25,115,10.0,Ozone,0.0,10.0,0.0,0.0,2.0,Ozone,0.0,2.0,0.0,0.0
1088,Illinois,Lake,2019,8,17,97,41.0,Good,25,84,4.0,Ozone,0.0,4.0,0.0,0.0,0.0,0,0.0,0.0,0.0,0.0
1089,Illinois,Lake,2019,9,17,97,34.733333333333334,Good,21,61,2.0,Ozone,0.0,2.0,0.0,0.0,0.0,0,0.0,0.0,0.0,0.0
1090,Illinois,Lake,2019,10,17,97,27.870967741935484,Good,17,44,0.0,0,0.0,0.0,0.0,0.0,0.0,0,0.0,0.0,0.0,0.0
1091,Illinois,Lake,2020,3,17,97,34.354838709677416,Good,16,44,0.0,0,0.0,0.0,0.0,0.0,0.0,0,0.0,0.0,0.0,0.0
1092,Illinois,Lake,2020,4,17,97,40.333333333333336,Good,24,47,0.0,0,0.0,0.0,0.0,0.0,0.0,0,0.0,0.0,0.0,0.0
1093,Illinois,Lake,2020,5,17,97,45.16129032258065,Good,31,80,6.0,Ozone,0.0,6.0,0.0,0.0,0.0,0,0.0,0.0,0.0,0.0
1094,Illinois,Lake,2020,6,17,97,65.36666666666666,Moderate,30,185,13.0,Ozone,0.0,13.0,0.0,0.0,5.0,Ozone,0.0,5.0,0.0,0.0
1095,Illinois,Lake,2020,7,17,97,58.58064516129032,Moderate,28,126,10.0,Ozone,0.0,10.0,0.0,0.0,6.0,Ozone,0.0,6.0,0.0,0.0
1096,Illinois,Lake,2020,8,17,97,50.607142857142854,Moderate,20,100,11.0,Ozone,0.0,11.0,0.0,0.0,0.0,0,0.0,0.0,0.0,0.0
1097,Illinois,Lake,2020,9,17,97,32.06896551724138,Good,11,64,1.0,Ozone,0.0,1.0,0.0,0.0,0.0,0,0.0,0.0,0.0,0.0
1098,Illinois,Lake,2020,10,17,97,27.870967741935484,Good,15,58,1.0,Ozone,0.0,1.0,0.0,0.0,0.0,0,0.0,0.0,0.0,0.0
1099,Illinois,Lake,2021,3,17,97,41.16129032258065,Good,31,61,1.0,Ozone,0.0,1.0,0.0,0.0,0.0,0,0.0,0.0,0.0,0.0
1100,Illinois,Lake,2021,4,17,97,44.96666666666667,Good,29,90,6.0,Ozone,0.0,6.0,0.0,0.0,0.0,0,0.0,0.0,0.0,0.0
1101,Illinois,Lake,2021,5,17,97,48.096774193548384,Good,26,101,7.0,Ozone,0.0,7.0,0.0,0.0,1.0,Ozone,0.0,1.0,0.0,0.0
1102,Illinois,Lake,2021,6,17,97,66.82758620689656,Moderate,31,136,16.0,Ozone,0.0,16.0,0.0,0.0,3.0,Ozone,0.0,3.0,0.0,0.0
1103,Illinois,Lake,2021,7,17,97,53.064516129032256,Moderate,22,133,13.0,Ozone,0.0,13.0,0.0,0.0,3.0,Ozone,0.0,3.0,0.0,0.0
1104,Illinois,Lake,2021,8,17,97,57.25806451612903,Moderate,31,101,16.0,Ozone,0.0,16.0,0.0,0.0,2.0,Ozone,0.0,2.0,0.0,0.0
1105,Illinois,Lake,2021,9,17,97,40.93333333333333,Good,24,67,4.0,Ozone,0.0,4.0,0.0,0.0,0.0,0,0.0,0.0,0.0,0.0
1106,Illinois,Lake,2021,10,17,97,30.774193548387096,Good,15,71,1.0,Ozone,0.0,1.0,0.0,0.0,0.0,0,0.0,0.0,0.0,0.0
1107,Illinois,Lake,2022,3,17,97,37.89655172413793,Good,29,46,0.0,0,0.0,0.0,0.0,0.0,0.0,0,0.0,0.0,0.0,0.0
1108,Illinois,Lake,2022,4,17,97,37.266666666666666,Good,30,48,0.0,0,0.0,0.0,0.0,0.0,0.0,0,0.0,0.0,0.0,0.0
1109,Illinois,Lake,2022,5,17,97,48.064516129032256,Good,25,100,7.0,Ozone,0.0,7.0,0.0,0.0,0.0,0,0.0,0.0,0.0,0.0
1110,Illinois,Lake,2022,6,17,97,63.4,Moderate,34,159,15.0,Ozone,0.0,15.0,0.0,0.0,3.0,Ozone,0.0,3.0,0.0,0.0
1111,Illinois,Lake,2022,7,17,97,47.16129032258065,Good,31,74,9.0,Ozone,0.0,9.0,0.0,0.0,0.0,0,0.0,0.0,0.0,0.0
1112,Illinois,Lake,2022,8,17,97,42.12903225806452,Good,24,71,5.0,Ozone,0.0,5.0,0.0,0.0,0.0,0,0.0,0.0,0.0,0.0
1113,Illinois,Lake,2022,9,17,97,39.96666666666667,Good,19,74,6.0,Ozone,0.0,6.0,0.0,0.0,0.0,0,0.0,0.0,0.0,0.0
1114,Illinois,Lake,2022,10,17,97,35.354838709677416,Good,20,80,2.0,Ozone,0.0,2.0,0.0,0.0,0.0,0,0.0,0.0,0.0,0.0
1115,Illinois,Lake,2023,3,17,97,41.54838709677419,Good,33,48,0.0,0,0.0,0.0,0.0,0.0,0.0,0,0.0,0.0,0.0,0.0
1116,Illinois,Lake,2023,4,17,97,50.241379310344826,Moderate,29,136,8.0,Ozone,0.0,8.0,0.0,0.0,1.0,Ozone,0.0,1.0,0.0,0.0
1117,Illinois,Lake,2023,5,17,97,60.61290322580645,Moderate,32,115,15.0,Ozone,0.0,15.0,0.0,0.0,2.0,Ozone,0.0,2.0,0.0,0.0
1118,Illinois,Lake,2023,6,17,97,69.43333333333334,Moderate,20,147,16.0,Ozone,0.0,16.0,0.0,0.0,9.0,Ozone,0.0,9.0,0.0,0.0
1119,Illinois,Lake,2023,7,17,97,54.54838709677419,Moderate,28,179,9.0,Ozone,0.0,9.0,0.0,0.0,1.0,Ozone,0.0,1.0,0.0,0.0
1120,Illinois,Lake,2023,8,17,97,47.93333333333333,Good,28,150,5.0,Ozone,0.0,5.0,0.0,0.0,1.0,Ozone,0.0,1.0,0.0,0.0
1121,Illinois,Lake,2023,9,17,97,39.43333333333333,Good,16,67,5.0,Ozone,0.0,5.0,0.0,0.0,0.0,0,0.0,0.0,0.0,0.0
1122,Illinois,Lake,2023,10,17,97,31.516129032258064,Good,20,80,3.0,Ozone,0.0,3.0,0.0,0.0,0.0,0,0.0,0.0,0.0,0.0
1123,Illinois,Lake,2024,3,17,97,37.225806451612904,Good,26,45,0.0,0,0.0,0.0,0.0,0.0,0.0,0,0.0,0.0,0.0,0.0
1124,Illinois,Lake,2024,4,17,97,42.13333333333333,Good,29,61,3.0,Ozone,0.0,3.0,0.0,0.0,0.0,0,0.0,0.0,0.0,0.0
1125,Illinois,Lake,2024,5,17,97,46.25806451612903,Good,27,90,6.0,Ozone,0.0,6.0,0.0,0.0,0.0,0,0.0,0.0,0.0,0.0
1126,Illinois,Lake,2024,6,17,97,51.13333333333333,Moderate,26,140,9.0,Ozone,0.0,9.0,0.0,0.0,1.0,Ozone,0.0,1.0,0.0,0.0
1127,Illinois,Lake,2024,7,17,97,49.096774193548384,Good,18,129,7.0,Ozone,0.0,7.0,0.0,0.0,2.0,Ozone,0.0,2.0,0.0,0.0
1128,Illinois,Lake,2024,8,17,97,49.45161290322581,Good,23,133,6.0,Ozone,0.0,6.0,0.0,0.0,2.0,Ozone,0.0,2.0,0.0,0.0
1129,Illinois,Lake,2024,9,17,97,49.13333333333333,Good,23,97,11.0,Ozone,0.0,11.0,0.0,0.0,0.0,0,0.0,0.0,0.0,0.0
1130,Illinois,Lake,2024,10,17,97,37.354838709677416,Good,24,64,2.0,Ozone,0.0,2.0,0.0,0.0,0.0,0,0.0,0.0,0.0,0.0
1131,Illinois,Lake,2025,3,17,97,36.766666666666666,Good,26,50,0.0,0,0.0,0.0,0.0,0.0,0.0,0,0.0,0.0,0.0,0.0
1132,Illinois,Lake,2025,4,17,97,39.3,Good,31,48,0.0,0,0.0,0.0,0.0,0.0,0.0,0,0.0,0.0,0.0,0.0
1133,Illinois,Lake,2025,5,17,97,37.935483870967744,Good,23,80,3.0,Ozone,0.0,3.0,0.0,0.0,0.0,0,0.0,0.0,0.0,0.0
1134,Illinois,Lake,2025,6,17,97,57.5,Moderate,31,108,7.0,Ozone,0.0,7.0,0.0,0.0,2.0,Ozone,0.0,2.0,0.0,0.0
1135,Illinois,Macon,2016,1,17,115,38.32258064516129,Good,25,62,7.0,PM2.5,0.0,0.0,0.0,7.0,0.0,0,0.0,0.0,0.0,0.0
1136,Illinois,Macon,2016,2,17,115,40.25,Good,24,66,8.0,PM2.5,0.0,0.0,0.0,8.0,0.0,0,0.0,0.0,0.0,0.0
1137,Illinois,Macon,2016,3,17,115,48.38709677419355,Good,33,65,15.0,PM2.5,0.0,0.0,0.0,15.0,0.0,0,0.0,0.0,0.0,0.0
1138,Illinois,Macon,2016,4,17,115,51.9,Moderate,31,93,18.0,PM2.5,0.0,6.0,0.0,12.0,0.0,0,0.0,0.0,0.0,0.0
1139,Illinois,Macon,2016,5,17,115,53.774193548387096,Moderate,39,84,14.0,PM2.5,0.0,5.0,0.0,9.0,0.0,0,0.0,0.0,0.0,0.0
1140,Illinois,Macon,2016,6,17,115,61.266666666666666,Moderate,44,97,25.0,Ozone,0.0,15.0,0.0,10.0,0.0,0,0.0,0.0,0.0,0.0
1141,Illinois,Macon,2016,7,17,115,49.096774193548384,Good,38,60,13.0,PM2.5,0.0,0.0,0.0,13.0,0.0,0,0.0,0.0,0.0,0.0
1142,Illinois,Macon,2016,8,17,115,51.354838709677416,Moderate,38,67,20.0,PM2.5,0.0,2.0,0.0,18.0,0.0,0,0.0,0.0,0.0,0.0
1143,Illinois,Macon,2016,9,17,115,50.03333333333333,Moderate,37,93,11.0,PM2.5,0.0,4.0,0.0,7.0,0.0,0,0.0,0.0,0.0,0.0
1144,Illinois,Macon,2016,10,17,115,47.096774193548384,Good,30,60,13.0,PM2.5,0.0,0.0,0.0,13.0,0.0,0,0.0,0.0,0.0,0.0
1145,Illinois,Macon,2016,11,17,115,45.96666666666667,Good,26,61,14.0,PM2.5,0.0,0.0,0.0,14.0,0.0,0,0.0,0.0,0.0,0.0
1146,Illinois,Macon,2016,12,17,115,37.03225806451613,Good,18,55,6.0,PM2.5,0.0,0.0,0.0,6.0,0.0,0,0.0,0.0,0.0,0.0
1147,Illinois,Macon,2017,1,17,115,37.41935483870968,Good,19,63,6.0,PM2.5,0.0,0.0,0.0,6.0,0.0,0,0.0,0.0,0.0,0.0
1148,Illinois,Macon,2017,2,17,115,44.92857142857143,Good,29,74,9.0,PM2.5,0.0,0.0,0.0,9.0,0.0,0,0.0,0.0,0.0,0.0
1149,Illinois,Macon,2017,3,17,115,43.83870967741935,Good,30,59,7.0,PM2.5,0.0,0.0,0.0,7.0,0.0,0,0.0,0.0,0.0,0.0
1150,Illinois,Macon,2017,4,17,115,47.96666666666667,Good,31,77,14.0,PM2.5,0.0,3.0,0.0,11.0,0.0,0,0.0,0.0,0.0,0.0
1151,Illinois,Macon,2017,5,17,115,49.516129032258064,Good,35,77,9.0,PM2.5,0.0,4.0,0.0,5.0,0.0,0,0.0,0.0,0.0,0.0
1152,Illinois,Macon,2017,6,17,115,58.0,Moderate,37,108,15.0,Ozone,0.0,11.0,0.0,4.0,3.0,Ozone,0.0,3.0,0.0,0.0
1153,Illinois,Macon,2017,7,17,115,49.29032258064516,Good,39,67,12.0,PM2.5,0.0,3.0,0.0,9.0,0.0,0,0.0,0.0,0.0,0.0
1154,Illinois,Macon,2017,8,17,115,48.54838709677419,Good,37,58,13.0,PM2.5,0.0,2.0,0.0,11.0,0.0,0,0.0,0.0,0.0,0.0
1155,Illinois,Macon,2017,9,17,115,49.6,Good,32,84,10.0,Ozone,0.0,5.0,0.0,5.0,0.0,0,0.0,0.0,0.0,0.0
1156,Illinois,Macon,2017,10,17,115,45.13793103448276,Good,24,68,12.0,PM2.5,0.0,0.0,0.0,12.0,0.0,0,0.0,0.0,0.0,0.0
1157,Illinois,Macon,2017,11,17,115,53.53333333333333,Moderate,30,69,22.0,PM2.5,0.0,0.0,0.0,22.0,0.0,0,0.0,0.0,0.0,0.0
1158,Illinois,Macon,2017,12,17,115,52.516129032258064,Moderate,30,78,20.0,PM2.5,0.0,0.0,0.0,20.0,0.0,0,0.0,0.0,0.0,0.0
1159,Illinois,Macon,2018,1,17,115,53.41935483870968,Moderate,31,80,23.0,PM2.5,0.0,0.0,0.0,23.0,0.0,0,0.0,0.0,0.0,0.0
1160,Illinois,Macon,2018,2,17,115,51.357142857142854,Moderate,26,77,16.0,PM2.5,0.0,0.0,0.0,16.0,0.0,0,0.0,0.0,0.0,0.0
1161,Illinois,Macon,2018,3,17,115,49.54838709677419,Good,36,67,15.0,PM2.5,0.0,0.0,0.0,15.0,0.0,0,0.0,0.0,0.0,0.0
1162,Illinois,Macon,2018,4,17,115,48.9,Good,31,63,14.0,PM2.5,0.0,3.0,0.0,11.0,0.0,0,0.0,0.0,0.0,0.0
1163,Illinois,Macon,2018,5,17,115,66.35483870967742,Moderate,47,126,30.0,Ozone,0.0,16.0,0.0,14.0,1.0,Ozone,0.0,1.0,0.0,0.0
1164,Illinois,Macon,2018,6,17,115,54.63333333333333,Moderate,33,108,15.0,PM2.5,0.0,6.0,0.0,9.0,2.0,Ozone,0.0,2.0,0.0,0.0
1165,Illinois,Macon,2018,7,17,115,49.483870967741936,Good,31,79,14.0,PM2.5,0.0,2.0,0.0,12.0,0.0,0,0.0,0.0,0.0,0.0
1166,Illinois,Macon,2018,8,17,115,56.87096774193548,Moderate,31,73,24.0,PM2.5,0.0,0.0,0.0,24.0,0.0,0,0.0,0.0,0.0,0.0
1167,Illinois,Macon,2018,9,17,115,43.63333333333333,Good,24,66,11.0,PM2.5,0.0,0.0,0.0,11.0,0.0,0,0.0,0.0,0.0,0.0
1168,Illinois,Macon,2018,10,17,115,40.193548387096776,Good,19,69,8.0,PM2.5,0.0,0.0,0.0,8.0,0.0,0,0.0,0.0,0.0,0.0
1169,Illinois,Macon,2018,11,17,115,50.86666666666667,Moderate,32,79,18.0,PM2.5,0.0,0.0,0.0,18.0,0.0,0,0.0,0.0,0.0,0.0
1170,Illinois,Macon,2018,12,17,115,46.74193548387097,Good,13,78,15.0,PM2.5,0.0,0.0,0.0,15.0,0.0,0,0.0,0.0,0.0,0.0
1171,Illinois,Macon,2019,1,17,115,51.74193548387097,Moderate,22,73,20.0,PM2.5,0.0,0.0,0.0,20.0,0.0,0,0.0,0.0,0.0,0.0
1172,Illinois,Macon,2019,2,17,115,55.51851851851852,Moderate,33,78,21.0,PM2.5,0.0,0.0,0.0,21.0,0.0,0,0.0,0.0,0.0,0.0
1173,Illinois,Macon,2019,3,17,115,49.61290322580645,Good,34,66,13.0,PM2.5,0.0,0.0,0.0,13.0,0.0,0,0.0,0.0,0.0,0.0
1174,Illinois,Macon,2019,4,17,115,48.733333333333334,Good,33,63,13.0,PM2.5,0.0,1.0,0.0,12.0,0.0,0,0.0,0.0,0.0,0.0
1175,Illinois,Macon,2019,5,17,115,46.096774193548384,Good,26,67,12.0,PM2.5,0.0,3.0,0.0,9.0,0.0,0,0.0,0.0,0.0,0.0
1176,Illinois,Macon,2019,6,17,115,54.733333333333334,Moderate,34,93,20.0,PM2.5,0.0,7.0,0.0,13.0,0.0,0,0.0,0.0,0.0,0.0
1177,Illinois,Macon,2019,7,17,115,52.67741935483871,Moderate,36,74,18.0,PM2.5,0.0,5.0,0.0,13.0,0.0,0,0.0,0.0,0.0,0.0
1178,Illinois,Macon,2019,8,17,115,46.064516129032256,Good,24,80,13.0,PM2.5,0.0,5.0,0.0,8.0,0.0,0,0.0,0.0,0.0,0.0
1179,Illinois,Macon,2019,9,17,115,47.53333333333333,Good,29,84,14.0,PM2.5,0.0,2.0,0.0,12.0,0.0,0,0.0,0.0,0.0,0.0
1180,Illinois,Macon,2019,10,17,115,38.67741935483871,Good,21,61,6.0,PM2.5,0.0,0.0,0.0,6.0,0.0,0,0.0,0.0,0.0,0.0
1181,Illinois,Macon,2019,11,17,115,46.86666666666667,Good,18,82,16.0,PM2.5,0.0,0.0,0.0,16.0,0.0,0,0.0,0.0,0.0,0.0
1182,Illinois,Macon,2019,12,17,115,52.064516129032256,Moderate,4,76,22.0,PM2.5,0.0,0.0,0.0,22.0,0.0,0,0.0,0.0,0.0,0.0
1183,Illinois,Macon,2020,1,17,115,46.225806451612904,Good,6,66,15.0,PM2.5,0.0,0.0,0.0,15.0,0.0,0,0.0,0.0,0.0,0.0
1184,Illinois,Macon,2020,2,17,115,48.111111111111114,Good,16,64,16.0,PM2.5,0.0,0.0,0.0,16.0,0.0,0,0.0,0.0,0.0,0.0
1185,Illinois,Macon,2020,3,17,115,46.12903225806452,Good,25,70,11.0,PM2.5,0.0,0.0,0.0,11.0,0.0,0,0.0,0.0,0.0,0.0
1186,Illinois,Macon,2020,4,17,115,45.96666666666667,Good,33,62,11.0,PM2.5,0.0,0.0,0.0,11.0,0.0,0,0.0,0.0,0.0,0.0
1187,Illinois,Macon,2020,5,17,115,41.16129032258065,Good,25,55,2.0,PM2.5,0.0,0.0,0.0,2.0,0.0,0,0.0,0.0,0.0,0.0
1188,Illinois,Macon,2020,6,17,115,54.833333333333336,Moderate,28,90,17.0,PM2.5,0.0,7.0,0.0,10.0,0.0,0,0.0,0.0,0.0,0.0
1189,Illinois,Macon,2020,7,17,115,48.74193548387097,Good,27,90,11.0,PM2.5,0.0,4.0,0.0,7.0,0.0,0,0.0,0.0,0.0,0.0
1190,Illinois,Macon,2020,8,17,115,44.483870967741936,Good,23,61,13.0,PM2.5,0.0,0.0,0.0,13.0,0.0,0,0.0,0.0,0.0,0.0
1191,Illinois,Macon,2020,9,17,115,44.63333333333333,Good,22,65,13.0,PM2.5,0.0,0.0,0.0,13.0,0.0,0,0.0,0.0,0.0,0.0
1192,Illinois,Macon,2020,10,17,115,41.516129032258064,Good,24,69,9.0,PM2.5,0.0,0.0,0.0,9.0,0.0,0,0.0,0.0,0.0,0.0
1193,Illinois,Macon,2020,11,17,115,43.25,Good,17,67,10.0,PM2.5,0.0,0.0,0.0,10.0,0.0,0,0.0,0.0,0.0,0.0
1194,Illinois,Macon,2020,12,17,115,50.96774193548387,Moderate,17,71,20.0,PM2.5,0.0,0.0,0.0,20.0,0.0,0,0.0,0.0,0.0,0.0
1195,Illinois,Macon,2021,1,17,115,46.935483870967744,Good,26,69,17.0,PM2.5,0.0,0.0,0.0,17.0,0.0,0,0.0,0.0,0.0,0.0
1196,Illinois,Macon,2021,2,17,115,48.535714285714285,Good,21,78,12.0,PM2.5,0.0,0.0,0.0,12.0,0.0,0,0.0,0.0,0.0,0.0
1197,Illinois,Macon,2021,3,17,115,46.61290322580645,Good,30,72,13.0,PM2.5,0.0,0.0,0.0,13.0,0.0,0,0.0,0.0,0.0,0.0
1198,Illinois,Macon,2021,4,17,115,47.266666666666666,Good,27,87,11.0,PM2.5,0.0,2.0,0.0,9.0,0.0,0,0.0,0.0,0.0,0.0
1199,Illinois,Macon,2021,5,17,115,47.83870967741935,Good,27,63,13.0,PM2.5,0.0,2.0,0.0,11.0,0.0,0,0.0,0.0,0.0,0.0
1200,Illinois,Macon,2021,6,17,115,53.46666666666667,Moderate,28,100,16.0,Ozone,0.0,9.0,0.0,7.0,0.0,0,0.0,0.0,0.0,0.0
1201,Illinois,Macon,2021,7,17,115,60.70967741935484,Moderate,31,112,22.0,PM2.5,0.0,1.0,0.0,21.0,3.0,PM2.5,0.0,0.0,0.0,3.0
1202,Illinois,Macon,2021,8,17,115,55.96774193548387,Moderate,37,99,22.0,PM2.5,0.0,0.0,0.0,22.0,0.0,0,0.0,0.0,0.0,0.0
1203,Illinois,Macon,2021,9,17,115,50.03333333333333,Moderate,30,74,14.0,PM2.5,0.0,3.0,0.0,11.0,0.0,0,0.0,0.0,0.0,0.0
1204,Illinois,Macon,2021,10,17,115,43.12903225806452,Good,25,68,9.0,PM2.5,0.0,0.0,0.0,9.0,0.0,0,0.0,0.0,0.0,0.0
1205,Illinois,Macon,2021,11,17,115,45.4,Good,17,93,13.0,PM2.5,0.0,0.0,0.0,13.0,0.0,0,0.0,0.0,0.0,0.0
1206,Illinois,Macon,2021,12,17,115,52.370370370370374,Moderate,21,73,20.0,PM2.5,0.0,0.0,0.0,20.0,0.0,0,0.0,0.0,0.0,0.0
1207,Illinois,Macon,2022,1,17,115,48.29032258064516,Good,24,76,17.0,PM2.5,0.0,0.0,0.0,17.0,0.0,0,0.0,0.0,0.0,0.0
1208,Illinois,Macon,2022,2,17,115,46.82142857142857,Good,26,69,15.0,PM2.5,0.0,0.0,0.0,15.0,0.0,0,0.0,0.0,0.0,0.0
1209,Illinois,Macon,2022,3,17,115,45.645161290322584,Good,30,75,11.0,PM2.5,0.0,0.0,0.0,11.0,0.0,0,0.0,0.0,0.0,0.0
1210,Illinois,Macon,2022,4,17,115,43.06666666666667,Good,29,58,7.0,PM2.5,0.0,0.0,0.0,7.0,0.0,0,0.0,0.0,0.0,0.0
1211,Illinois,Macon,2022,5,17,115,48.806451612903224,Good,24,80,12.0,Ozone,0.0,6.0,0.0,6.0,0.0,0,0.0,0.0,0.0,0.0
1212,Illinois,Macon,2022,6,17,115,64.43333333333334,Moderate,33,115,22.0,Ozone,0.0,14.0,0.0,8.0,2.0,Ozone,0.0,2.0,0.0,0.0
1213,Illinois,Macon,2022,7,17,115,46.83870967741935,Good,29,77,13.0,PM2.5,0.0,1.0,0.0,12.0,0.0,0,0.0,0.0,0.0,0.0
1214,Illinois,Macon,2022,8,17,115,42.54838709677419,Good,29,56,7.0,PM2.5,0.0,0.0,0.0,7.0,0.0,0,0.0,0.0,0.0,0.0
1215,Illinois,Macon,2022,9,17,115,40.4,Good,21,60,7.0,PM2.5,0.0,0.0,0.0,7.0,0.0,0,0.0,0.0,0.0,0.0
1216,Illinois,Macon,2022,10,17,115,43.903225806451616,Good,23,59,9.0,PM2.5,0.0,0.0,0.0,9.0,0.0,0,0.0,0.0,0.0,0.0
1217,Illinois,Macon,2022,11,17,115,48.733333333333334,Good,22,70,18.0,PM2.5,0.0,0.0,0.0,18.0,0.0,0,0.0,0.0,0.0,0.0
1218,Illinois,Macon,2022,12,17,115,49.16129032258065,Good,14,90,18.0,PM2.5,0.0,0.0,0.0,18.0,0.0,0,0.0,0.0,0.0,0.0
1219,Illinois,Macon,2023,1,17,115,49.064516129032256,Good,26,76,18.0,PM2.5,0.0,0.0,0.0,18.0,0.0,0,0.0,0.0,0.0,0.0
1220,Illinois,Macon,2023,2,17,115,43.25,Good,27,63,10.0,PM2.5,0.0,0.0,0.0,10.0,0.0,0,0.0,0.0,0.0,0.0
1221,Illinois,Macon,2023,3,17,115,48.064516129032256,Good,33,67,13.0,PM2.5,0.0,0.0,0.0,13.0,0.0,0,0.0,0.0,0.0,0.0
1222,Illinois,Macon,2023,4,17,115,48.666666666666664,Good,31,71,13.0,PM2.5,0.0,5.0,0.0,8.0,0.0,0,0.0,0.0,0.0,0.0
1223,Illinois,Macon,2023,5,17,115,67.90322580645162,Moderate,39,129,24.0,Ozone,0.0,18.0,0.0,6.0,4.0,Ozone,0.0,4.0,0.0,0.0
1224,Illinois,Macon,2023,6,17,115,97.9,Moderate,44,287,29.0,Ozone,0.0,19.0,0.0,10.0,11.0,Ozone,0.0,9.0,0.0,2.0
1225,Illinois,Macon,2023,7,17,115,56.87096774193548,Moderate,24,148,18.0,PM2.5,0.0,1.0,0.0,17.0,1.0,PM2.5,0.0,0.0,0.0,1.0
1226,Illinois,Macon,2023,8,17,115,54.354838709677416,Moderate,34,76,17.0,PM2.5,0.0,1.0,0.0,16.0,0.0,0,0.0,0.0,0.0,0.0
1227,Illinois,Macon,2023,9,17,115,54.13333333333333,Moderate,33,80,19.0,PM2.5,0.0,8.0,0.0,11.0,0.0,0,0.0,0.0,0.0,0.0
1228,Illinois,Macon,2023,10,17,115,46.32258064516129,Good,22,77,14.0,PM2.5,0.0,3.0,0.0,11.0,0.0,0,0.0,0.0,0.0,0.0
1229,Illinois,Macon,2023,11,17,115,44.8,Good,23,65,12.0,PM2.5,0.0,0.0,0.0,12.0,0.0,0,0.0,0.0,0.0,0.0
1230,Illinois,Macon,2023,12,17,115,37.96774193548387,Good,16,63,7.0,PM2.5,0.0,0.0,0.0,7.0,0.0,0,0.0,0.0,0.0,0.0
1231,Illinois,Macon,2024,1,17,115,36.58064516129032,Good,15,56,8.0,PM2.5,0.0,0.0,0.0,8.0,0.0,0,0.0,0.0,0.0,0.0
1232,Illinois,Macon,2024,2,17,115,44.758620689655174,Good,20,67,14.0,PM2.5,0.0,0.0,0.0,14.0,0.0,0,0.0,0.0,0.0,0.0
1233,Illinois,Macon,2024,3,17,115,42.67741935483871,Good,29,62,10.0,PM2.5,0.0,0.0,0.0,10.0,0.0,0,0.0,0.0,0.0,0.0
1234,Illinois,Macon,2024,4,17,115,40.86666666666667,Good,29,64,3.0,PM2.5,0.0,1.0,0.0,2.0,0.0,0,0.0,0.0,0.0,0.0
1235,Illinois,Macon,2024,5,17,115,46.03225806451613,Good,27,59,8.0,Ozone,0.0,4.0,0.0,4.0,0.0,0,0.0,0.0,0.0,0.0
1236,Illinois,Macon,2024,6,17,115,51.7,Moderate,33,101,11.0,Ozone,0.0,6.0,0.0,5.0,1.0,Ozone,0.0,1.0,0.0,0.0
1237,Illinois,Macon,2024,7,17,115,49.064516129032256,Good,34,61,15.0,PM2.5,0.0,3.0,0.0,12.0,0.0,0,0.0,0.0,0.0,0.0
1238,Illinois,Macon,2024,8,17,115,46.25806451612903,Good,23,68,14.0,PM2.5,0.0,0.0,0.0,14.0,0.0,0,0.0,0.0,0.0,0.0
1239,Illinois,Macon,2024,9,17,115,39.233333333333334,Good,24,93,6.0,Ozone,0.0,3.0,0.0,3.0,0.0,0,0.0,0.0,0.0,0.0
1240,Illinois,Macon,2024,10,17,115,45.74193548387097,Good,25,64,14.0,PM2.5,0.0,1.0,0.0,13.0,0.0,0,0.0,0.0,0.0,0.0
1241,Illinois,Macon,2024,11,17,115,39.13333333333333,Good,17,55,13.0,PM2.5,0.0,0.0,0.0,13.0,0.0,0,0.0,0.0,0.0,0.0
1242,Illinois,Macon,2024,12,17,115,43.58064516129032,Good,22,70,12.0,PM2.5,0.0,0.0,0.0,12.0,0.0,0,0.0,0.0,0.0,0.0
1243,Illinois,Macon,2025,1,17,115,39.12903225806452,Good,19,70,10.0,PM2.5,0.0,0.0,0.0,10.0,0.0,0,0.0,0.0,0.0,0.0
1244,Illinois,Macon,2025,2,17,115,43.107142857142854,Good,23,63,11.0,PM2.5,0.0,0.0,0.0,11.0,0.0,0,0.0,0.0,0.0,0.0
1245,Illinois,Macon,2025,3,17,115,46.774193548387096,Good,31,141,8.0,PM2.5,0.0,1.0,0.0,7.0,1.0,PM2.5,0.0,0.0,0.0,1.0
1246,Illinois,Macon,2025,4,17,115,40.8,Good,16,58,3.0,PM2.5,0.0,1.0,0.0,2.0,0.0,0,0.0,0.0,0.0,0.0
1247,Illinois,Macon,2025,5,17,115,44.193548387096776,Good,26,80,5.0,Ozone,0.0,4.0,0.0,1.0,0.0,0,0.0,0.0,0.0,0.0
1248,Illinois,Macon,2025,6,17,115,56.6,Moderate,36,94,18.0,PM2.5,0.0,3.0,0.0,15.0,0.0,0,0.0,0.0,0.0,0.0
1249,Illinois,Macoupin,2016,4,17,117,38.7,Good,25,61,2.0,Ozone,0.0,2.0,0.0,0.0,0.0,0,0.0,0.0,0.0,0.0
1250,Illinois,Macoupin,2016,5,17,117,47.45161290322581,Good,30,97,6.0,Ozone,0.0,6.0,0.0,0.0,0.0,0,0.0,0.0,0.0,0.0
1251,Illinois,Macoupin,2016,6,17,117,53.86666666666667,Moderate,36,97,10.0,Ozone,0.0,10.0,0.0,0.0,0.0,0,0.0,0.0,0.0,0.0
1252,Illinois,Macoupin,2016,7,17,117,37.56521739130435,Good,22,46,0.0,0,0.0,0.0,0.0,0.0,0.0,0,0.0,0.0,0.0,0.0
1253,Illinois,Macoupin,2016,8,17,117,33.714285714285715,Good,19,49,0.0,0,0.0,0.0,0.0,0.0,0.0,0,0.0,0.0,0.0,0.0
1254,Illinois,Macoupin,2016,9,17,117,38.1,Good,18,90,3.0,Ozone,0.0,3.0,0.0,0.0,0.0,0,0.0,0.0,0.0,0.0
1255,Illinois,Macoupin,2016,10,17,117,30.838709677419356,Good,16,49,0.0,0,0.0,0.0,0.0,0.0,0.0,0,0.0,0.0,0.0,0.0
1256,Illinois,Macoupin,2017,3,17,117,35.833333333333336,Good,21,44,0.0,0,0.0,0.0,0.0,0.0,0.0,0,0.0,0.0,0.0,0.0
1257,Illinois,Macoupin,2017,4,17,117,40.666666666666664,Good,25,61,3.0,Ozone,0.0,3.0,0.0,0.0,0.0,0,0.0,0.0,0.0,0.0
1258,Illinois,Macoupin,2017,5,17,117,48.064516129032256,Good,24,77,8.0,Ozone,0.0,8.0,0.0,0.0,0.0,0,0.0,0.0,0.0,0.0
1259,Illinois,Macoupin,2017,6,17,117,52.6,Moderate,27,93,10.0,Ozone,0.0,10.0,0.0,0.0,0.0,0,0.0,0.0,0.0,0.0
1260,Illinois,Macoupin,2017,7,17,117,40.096774193548384,Good,28,54,1.0,Ozone,0.0,1.0,0.0,0.0,0.0,0,0.0,0.0,0.0,0.0
1261,Illinois,Macoupin,2017,8,17,117,37.483870967741936,Good,25,51,1.0,Ozone,0.0,1.0,0.0,0.0,0.0,0,0.0,0.0,0.0,0.0
1262,Illinois,Macoupin,2017,9,17,117,42.166666666666664,Good,23,71,3.0,Ozone,0.0,3.0,0.0,0.0,0.0,0,0.0,0.0,0.0,0.0
1263,Illinois,Macoupin,2017,10,17,117,32.67741935483871,Good,12,50,0.0,0,0.0,0.0,0.0,0.0,0.0,0,0.0,0.0,0.0,0.0
1264,Illinois,Macoupin,2018,2,17,117,6.857142857142857,Good,2,18,0.0,0,0.0,0.0,0.0,0.0,0.0,0,0.0,0.0,0.0,0.0
1265,Illinois,Macoupin,2018,3,17,117,38.29032258064516,Good,25,50,0.0,0,0.0,0.0,0.0,0.0,0.0,0,0.0,0.0,0.0,0.0
1266,Illinois,Macoupin,2018,4,17,117,46.666666666666664,Good,37,71,5.0,Ozone,0.0,5.0,0.0,0.0,0.0,0,0.0,0.0,0.0,0.0
1267,Illinois,Macoupin,2018,5,17,117,58.45161290322581,Moderate,35,105,18.0,Ozone,0.0,18.0,0.0,0.0,2.0,Ozone,0.0,2.0,0.0,0.0
1268,Illinois,Macoupin,2018,6,17,117,44.8,Good,27,115,4.0,Ozone,0.0,4.0,0.0,0.0,1.0,Ozone,0.0,1.0,0.0,0.0
1269,Illinois,Macoupin,2018,7,17,117,39.03225806451613,Good,28,58,3.0,Ozone,0.0,3.0,0.0,0.0,0.0,0,0.0,0.0,0.0,0.0
1270,Illinois,Macoupin,2018,8,17,117,38.54838709677419,Good,30,51,1.0,Ozone,0.0,1.0,0.0,0.0,0.0,0,0.0,0.0,0.0,0.0
1271,Illinois,Macoupin,2018,9,17,117,36.93333333333333,Good,24,58,2.0,Ozone,0.0,2.0,0.0,0.0,0.0,0,0.0,0.0,0.0,0.0
1272,Illinois,Macoupin,2018,10,17,117,28.612903225806452,Good,4,38,0.0,0,0.0,0.0,0.0,0.0,0.0,0,0.0,0.0,0.0,0.0
1273,Illinois,Macoupin,2018,11,17,117,5.6,Good,1,11,0.0,0,0.0,0.0,0.0,0.0,0.0,0,0.0,0.0,0.0,0.0
1274,Illinois,Macoupin,2018,12,17,117,5.6,Good,1,13,0.0,0,0.0,0.0,0.0,0.0,0.0,0,0.0,0.0,0.0,0.0
1275,Illinois,Macoupin,2019,1,17,117,4.451612903225806,Good,0,12,0.0,0,0.0,0.0,0.0,0.0,0.0,0,0.0,0.0,0.0,0.0
1276,Illinois,Macoupin,2019,2,17,117,4.857142857142857,Good,0,8,0.0,0,0.0,0.0,0.0,0.0,0.0,0,0.0,0.0,0.0,0.0
1277,Illinois,Macoupin,2019,3,17,117,40.45161290322581,Good,32,47,0.0,0,0.0,0.0,0.0,0.0,0.0,0,0.0,0.0,0.0,0.0
1278,Illinois,Macoupin,2019,4,17,117,42.56666666666667,Good,25,58,2.0,Ozone,0.0,2.0,0.0,0.0,0.0,0,0.0,0.0,0.0,0.0
1279,Illinois,Macoupin,2019,5,17,117,41.67741935483871,Good,24,71,2.0,Ozone,0.0,2.0,0.0,0.0,0.0,0,0.0,0.0,0.0,0.0
1280,Illinois,Macoupin,2019,6,17,117,47.36666666666667,Good,28,87,6.0,Ozone,0.0,6.0,0.0,0.0,0.0,0,0.0,0.0,0.0,0.0
1281,Illinois,Macoupin,2019,7,17,117,40.483870967741936,Good,23,77,2.0,Ozone,0.0,2.0,0.0,0.0,0.0,0,0.0,0.0,0.0,0.0
1282,Illinois,Macoupin,2019,8,17,117,37.74193548387097,Good,24,71,3.0,Ozone,0.0,3.0,0.0,0.0,0.0,0,0.0,0.0,0.0,0.0
1283,Illinois,Macoupin,2019,9,17,117,38.166666666666664,Good,27,61,2.0,Ozone,0.0,2.0,0.0,0.0,0.0,0,0.0,0.0,0.0,0.0
1284,Illinois,Macoupin,2019,10,17,117,28.838709677419356,Good,13,41,0.0,0,0.0,0.0,0.0,0.0,0.0,0,0.0,0.0,0.0,0.0
1285,Illinois,Macoupin,2019,11,17,117,7.454545454545454,Good,1,16,0.0,0,0.0,0.0,0.0,0.0,0.0,0,0.0,0.0,0.0,0.0
1286,Illinois,Macoupin,2019,12,17,117,6.483870967741935,Good,0,16,0.0,0,0.0,0.0,0.0,0.0,0.0,0,0.0,0.0,0.0,0.0
1287,Illinois,Macoupin,2020,1,17,117,4.896551724137931,Good,1,10,0.0,0,0.0,0.0,0.0,0.0,0.0,0,0.0,0.0,0.0,0.0
1288,Illinois,Macoupin,2020,2,17,117,5.551724137931035,Good,1,11,0.0,0,0.0,0.0,0.0,0.0,0.0,0,0.0,0.0,0.0,0.0
1289,Illinois,Macoupin,2020,3,17,117,32.96774193548387,Good,21,43,0.0,0,0.0,0.0,0.0,0.0,0.0,0,0.0,0.0,0.0,0.0
1290,Illinois,Macoupin,2020,4,17,117,39.96666666666667,Good,21,50,0.0,0,0.0,0.0,0.0,0.0,0.0,0,0.0,0.0,0.0,0.0
1291,Illinois,Macoupin,2020,5,17,117,29.677419354838708,Good,2,51,1.0,Ozone,0.0,1.0,0.0,0.0,0.0,0,0.0,0.0,0.0,0.0
1292,Illinois,Macoupin,2020,6,17,117,48.56666666666667,Good,4,93,12.0,Ozone,0.0,12.0,0.0,0.0,0.0,0,0.0,0.0,0.0,0.0
1293,Illinois,Macoupin,2020,7,17,117,42.03225806451613,Good,25,77,5.0,Ozone,0.0,5.0,0.0,0.0,0.0,0,0.0,0.0,0.0,0.0
1294,Illinois,Macoupin,2020,8,17,117,35.193548387096776,Good,20,46,0.0,0,0.0,0.0,0.0,0.0,0.0,0,0.0,0.0,0.0,0.0
1295,Illinois,Macoupin,2020,9,17,117,35.266666666666666,Good,19,45,0.0,0,0.0,0.0,0.0,0.0,0.0,0,0.0,0.0,0.0,0.0
1296,Illinois,Macoupin,2020,10,17,117,28.838709677419356,Good,12,48,0.0,0,0.0,0.0,0.0,0.0,0.0,0,0.0,0.0,0.0,0.0
1297,Illinois,Macoupin,2020,11,17,117,5.2,Good,1,11,0.0,0,0.0,0.0,0.0,0.0,0.0,0,0.0,0.0,0.0,0.0
1298,Illinois,Macoupin,2020,12,17,117,6.129032258064516,Good,0,17,0.0,0,0.0,0.0,0.0,0.0,0.0,0,0.0,0.0,0.0,0.0
1299,Illinois,Macoupin,2021,1,17,117,4.483870967741935,Good,1,10,0.0,0,0.0,0.0,0.0,0.0,0.0,0,0.0,0.0,0.0,0.0
1300,Illinois,Macoupin,2021,2,17,117,4.964285714285714,Good,1,14,0.0,0,0.0,0.0,0.0,0.0,0.0,0,0.0,0.0,0.0,0.0
1301,Illinois,Macoupin,2021,3,17,117,37.25806451612903,Good,19,49,0.0,0,0.0,0.0,0.0,0.0,0.0,0,0.0,0.0,0.0,0.0
1302,Illinois,Macoupin,2021,4,17,117,40.03333333333333,Good,27,77,3.0,Ozone,0.0,3.0,0.0,0.0,0.0,0,0.0,0.0,0.0,0.0
1303,Illinois,Macoupin,2021,5,17,117,41.28,Good,26,49,0.0,0,0.0,0.0,0.0,0.0,0.0,0,0.0,0.0,0.0,0.0
1304,Illinois,Macoupin,2021,6,17,117,47.48275862068966,Good,19,93,11.0,Ozone,0.0,11.0,0.0,0.0,0.0,0,0.0,0.0,0.0,0.0
1305,Illinois,Macoupin,2021,7,17,117,27.838709677419356,Good,2,61,2.0,Ozone,0.0,2.0,0.0,0.0,0.0,0,0.0,0.0,0.0,0.0
1306,Illinois,Macoupin,2021,8,17,117,37.774193548387096,Good,27,48,0.0,0,0.0,0.0,0.0,0.0,0.0,0,0.0,0.0,0.0,0.0
1307,Illinois,Macoupin,2021,9,17,117,39.56666666666667,Good,1,61,3.0,Ozone,0.0,3.0,0.0,0.0,0.0,0,0.0,0.0,0.0,0.0
1308,Illinois,Macoupin,2021,10,17,117,28.806451612903224,Good,14,50,0.0,0,0.0,0.0,0.0,0.0,0.0,0,0.0,0.0,0.0,0.0
1309,Illinois,Macoupin,2021,11,17,117,5.2,Good,1,12,0.0,0,0.0,0.0,0.0,0.0,0.0,0,0.0,0.0,0.0,0.0
1310,Illinois,Macoupin,2021,12,17,117,5.129032258064516,Good,2,10,0.0,0,0.0,0.0,0.0,0.0,0.0,0,0.0,0.0,0.0,0.0
1311,Illinois,Macoupin,2022,1,17,117,5.032258064516129,Good,1,15,0.0,0,0.0,0.0,0.0,0.0,0.0,0,0.0,0.0,0.0,0.0
1312,Illinois,Macoupin,2022,2,17,117,5.142857142857143,Good,2,13,0.0,0,0.0,0.0,0.0,0.0,0.0,0,0.0,0.0,0.0,0.0
1313,Illinois,Macoupin,2022,3,17,117,37.29032258064516,Good,26,47,0.0,0,0.0,0.0,0.0,0.0,0.0,0,0.0,0.0,0.0,0.0
1314,Illinois,Macoupin,2022,4,17,117,37.8,Good,29,47,0.0,0,0.0,0.0,0.0,0.0,0.0,0,0.0,0.0,0.0,0.0
1315,Illinois,Macoupin,2022,5,17,117,40.32258064516129,Good,21,67,3.0,Ozone,0.0,3.0,0.0,0.0,0.0,0,0.0,0.0,0.0,0.0
1316,Illinois,Macoupin,2022,6,17,117,53.107142857142854,Moderate,31,108,8.0,Ozone,0.0,8.0,0.0,0.0,2.0,Ozone,0.0,2.0,0.0,0.0
1317,Illinois,Macoupin,2022,7,17,117,37.193548387096776,Good,8,49,0.0,0,0.0,0.0,0.0,0.0,0.0,0,0.0,0.0,0.0,0.0
1318,Illinois,Macoupin,2022,8,17,117,34.25806451612903,Good,20,45,0.0,0,0.0,0.0,0.0,0.0,0.0,0,0.0,0.0,0.0,0.0
1319,Illinois,Macoupin,2022,9,17,117,32.6,Good,14,46,0.0,0,0.0,0.0,0.0,0.0,0.0,0,0.0,0.0,0.0,0.0
1320,Illinois,Macoupin,2022,10,17,117,33.12903225806452,Good,16,49,0.0,0,0.0,0.0,0.0,0.0,0.0,0,0.0,0.0,0.0,0.0
1321,Illinois,Macoupin,2022,11,17,117,4.633333333333334,Good,0,10,0.0,0,0.0,0.0,0.0,0.0,0.0,0,0.0,0.0,0.0,0.0
1322,Illinois,Macoupin,2022,12,17,117,4.193548387096774,Good,1,9,0.0,0,0.0,0.0,0.0,0.0,0.0,0,0.0,0.0,0.0,0.0
1323,Illinois,Macoupin,2023,1,17,117,5.096774193548387,Good,0,16,0.0,0,0.0,0.0,0.0,0.0,0.0,0,0.0,0.0,0.0,0.0
1324,Illinois,Macoupin,2023,2,17,117,4.892857142857143,Good,1,13,0.0,0,0.0,0.0,0.0,0.0,0.0,0,0.0,0.0,0.0,0.0
1325,Illinois,Macoupin,2023,3,17,117,38.193548387096776,Good,27,64,1.0,Ozone,0.0,1.0,0.0,0.0,0.0,0,0.0,0.0,0.0,0.0
1326,Illinois,Macoupin,2023,4,17,117,46.56666666666667,Good,31,77,5.0,Ozone,0.0,5.0,0.0,0.0,0.0,0,0.0,0.0,0.0,0.0
1327,Illinois,Macoupin,2023,5,17,117,60.67741935483871,Moderate,36,129,18.0,Ozone,0.0,18.0,0.0,0.0,3.0,Ozone,0.0,3.0,0.0,0.0
1328,Illinois,Macoupin,2023,6,17,117,76.73333333333333,Moderate,6,129,24.0,Ozone,0.0,24.0,0.0,0.0,7.0,Ozone,0.0,7.0,0.0,0.0
1329,Illinois,Macoupin,2023,7,17,117,43.193548387096776,Good,37,61,2.0,Ozone,0.0,2.0,0.0,0.0,0.0,0,0.0,0.0,0.0,0.0
1330,Illinois,Macoupin,2023,8,17,117,37.96774193548387,Good,26,47,0.0,0,0.0,0.0,0.0,0.0,0.0,0,0.0,0.0,0.0,0.0
1331,Illinois,Macoupin,2023,9,17,117,40.833333333333336,Good,23,58,3.0,Ozone,0.0,3.0,0.0,0.0,0.0,0,0.0,0.0,0.0,0.0
1332,Illinois,Macoupin,2023,10,17,117,32.67741935483871,Good,13,54,2.0,Ozone,0.0,2.0,0.0,0.0,0.0,0,0.0,0.0,0.0,0.0
1333,Illinois,Macoupin,2023,11,17,117,5.933333333333334,Good,1,15,0.0,0,0.0,0.0,0.0,0.0,0.0,0,0.0,0.0,0.0,0.0
1334,Illinois,Macoupin,2023,12,17,117,4.129032258064516,Good,1,8,0.0,0,0.0,0.0,0.0,0.0,0.0,0,0.0,0.0,0.0,0.0
1335,Illinois,Macoupin,2024,1,17,117,5.903225806451613,Good,0,16,0.0,0,0.0,0.0,0.0,0.0,0.0,0,0.0,0.0,0.0,0.0
1336,Illinois,Macoupin,2024,2,17,117,5.379310344827586,Good,1,13,0.0,0,0.0,0.0,0.0,0.0,0.0,0,0.0,0.0,0.0,0.0
1337,Illinois,Macoupin,2024,3,17,117,36.0,Good,18,47,0.0,0,0.0,0.0,0.0,0.0,0.0,0,0.0,0.0,0.0,0.0
1338,Illinois,Macoupin,2024,4,17,117,40.733333333333334,Good,29,71,2.0,Ozone,0.0,2.0,0.0,0.0,0.0,0,0.0,0.0,0.0,0.0
1339,Illinois,Macoupin,2024,5,17,117,45.064516129032256,Good,37,61,5.0,Ozone,0.0,5.0,0.0,0.0,0.0,0,0.0,0.0,0.0,0.0
1340,Illinois,Macoupin,2024,6,17,117,42.9,Good,4,105,6.0,Ozone,0.0,6.0,0.0,0.0,1.0,Ozone,0.0,1.0,0.0,0.0
1341,Illinois,Macoupin,2024,7,17,117,37.29032258064516,Good,3,47,0.0,0,0.0,0.0,0.0,0.0,0.0,0,0.0,0.0,0.0,0.0
1342,Illinois,Macoupin,2024,8,17,117,36.67741935483871,Good,22,64,2.0,Ozone,0.0,2.0,0.0,0.0,0.0,0,0.0,0.0,0.0,0.0
1343,Illinois,Macoupin,2024,9,17,117,37.86666666666667,Good,12,71,4.0,Ozone,0.0,4.0,0.0,0.0,0.0,0,0.0,0.0,0.0,0.0
1344,Illinois,Macoupin,2024,10,17,117,41.806451612903224,Good,24,71,5.0,Ozone,0.0,5.0,0.0,0.0,0.0,0,0.0,0.0,0.0,0.0
1345,Illinois,Macoupin,2024,11,17,117,3.3,Good,0,7,0.0,0,0.0,0.0,0.0,0.0,0.0,0,0.0,0.0,0.0,0.0
1346,Illinois,Macoupin,2024,12,17,117,3.5483870967741935,Good,1,8,0.0,0,0.0,0.0,0.0,0.0,0.0,0,0.0,0.0,0.0,0.0
1347,Illinois,Macoupin,2025,1,17,117,4.741935483870968,Good,0,14,0.0,0,0.0,0.0,0.0,0.0,0.0,0,0.0,0.0,0.0,0.0
1348,Illinois,Macoupin,2025,2,17,117,4.285714285714286,Good,0,10,0.0,0,0.0,0.0,0.0,0.0,0.0,0,0.0,0.0,0.0,0.0
1349,Illinois,Macoupin,2025,3,17,117,36.806451612903224,Good,1,47,0.0,0,0.0,0.0,0.0,0.0,0.0,0,0.0,0.0,0.0,0.0
1350,Illinois,Macoupin,2025,4,17,117,39.96666666666667,Good,19,54,3.0,Ozone,0.0,3.0,0.0,0.0,0.0,0,0.0,0.0,0.0,0.0
1351,Illinois,Macoupin,2025,5,17,117,42.25806451612903,Good,11,87,4.0,Ozone,0.0,4.0,0.0,0.0,0.0,0,0.0,0.0,0.0,0.0
1352,Illinois,Macoupin,2025,6,17,117,40.86206896551724,Good,5,80,3.0,Ozone,0.0,3.0,0.0,0.0,0.0,0,0.0,0.0,0.0,0.0
1353,Illinois,Madison,2016,1,17,119,48.38709677419355,Good,30,73,13.0,PM2.5,0.0,0.0,0.0,13.0,0.0,0,0.0,0.0,0.0,0.0
1354,Illinois,Madison,2016,2,17,119,49.51724137931034,Good,27,92,16.0,PM2.5,0.0,0.0,0.0,16.0,0.0,0,0.0,0.0,0.0,0.0
1355,Illinois,Madison,2016,3,17,119,50.45161290322581,Moderate,29,74,17.0,PM2.5,0.0,0.0,0.0,17.0,0.0,0,0.0,0.0,0.0,0.0
1356,Illinois,Madison,2016,4,17,119,49.5,Good,32,71,14.0,PM2.5,0.0,2.0,0.0,12.0,0.0,0,0.0,0.0,0.0,0.0
1357,Illinois,Madison,2016,5,17,119,52.806451612903224,Moderate,34,108,15.0,PM2.5,0.0,7.0,0.0,8.0,1.0,Ozone,0.0,1.0,0.0,0.0
1358,Illinois,Madison,2016,6,17,119,72.46666666666667,Moderate,40,129,24.0,Ozone,0.0,18.0,0.0,6.0,4.0,Ozone,0.0,4.0,0.0,0.0
1359,Illinois,Madison,2016,7,17,119,54.32258064516129,Moderate,35,80,17.0,PM2.5,0.0,4.0,0.0,13.0,0.0,0,0.0,0.0,0.0,0.0
1360,Illinois,Madison,2016,8,17,119,50.0,Good,19,115,11.0,Ozone,0.0,6.0,0.0,5.0,2.0,Ozone,0.0,2.0,0.0,0.0
1361,Illinois,Madison,2016,9,17,119,49.13333333333333,Good,23,105,12.0,Ozone,0.0,6.0,0.0,6.0,2.0,Ozone,0.0,2.0,0.0,0.0
1362,Illinois,Madison,2016,10,17,119,48.25806451612903,Good,21,70,18.0,PM2.5,0.0,0.0,0.0,18.0,0.0,0,0.0,0.0,0.0,0.0
1363,Illinois,Madison,2016,11,17,119,53.666666666666664,Moderate,30,84,19.0,PM2.5,0.0,0.0,0.0,19.0,0.0,0,0.0,0.0,0.0,0.0
1364,Illinois,Madison,2016,12,17,119,46.903225806451616,Good,19,67,14.0,PM2.5,0.0,0.0,1.0,13.0,0.0,0,0.0,0.0,0.0,0.0
1365,Illinois,Madison,2017,1,17,119,47.774193548387096,Good,23,74,15.0,PM2.5,0.0,0.0,0.0,15.0,0.0,0,0.0,0.0,0.0,0.0
1366,Illinois,Madison,2017,2,17,119,51.035714285714285,Moderate,30,71,14.0,PM2.5,0.0,0.0,0.0,14.0,0.0,0,0.0,0.0,0.0,0.0
1367,Illinois,Madison,2017,3,17,119,46.29032258064516,Good,31,65,12.0,PM2.5,0.0,0.0,0.0,12.0,0.0,0,0.0,0.0,0.0,0.0
1368,Illinois,Madison,2017,4,17,119,49.333333333333336,Good,33,80,14.0,PM2.5,0.0,5.0,0.0,9.0,0.0,0,0.0,0.0,0.0,0.0
1369,Illinois,Madison,2017,5,17,119,63.064516129032256,Moderate,37,108,24.0,Ozone,0.0,13.0,0.0,11.0,1.0,Ozone,0.0,1.0,0.0,0.0
1370,Illinois,Madison,2017,6,17,119,69.43333333333334,Moderate,40,136,23.0,Ozone,0.0,15.0,0.0,8.0,3.0,Ozone,0.0,3.0,0.0,0.0
1371,Illinois,Madison,2017,7,17,119,63.38709677419355,Moderate,41,115,20.0,Ozone,0.0,15.0,0.0,5.0,2.0,Ozone,0.0,2.0,0.0,0.0
1372,Illinois,Madison,2017,8,17,119,55.70967741935484,Moderate,31,108,19.0,Ozone,0.0,10.0,0.0,9.0,1.0,Ozone,0.0,1.0,0.0,0.0
1373,Illinois,Madison,2017,9,17,119,62.03333333333333,Moderate,31,115,20.0,PM2.5,0.0,9.0,0.0,11.0,2.0,Ozone,0.0,2.0,0.0,0.0
1374,Illinois,Madison,2017,10,17,119,48.483870967741936,Good,29,71,14.0,PM2.5,0.0,1.0,0.0,13.0,0.0,0,0.0,0.0,0.0,0.0
1375,Illinois,Madison,2017,11,17,119,54.733333333333334,Moderate,26,75,24.0,PM2.5,0.0,0.0,0.0,24.0,0.0,0,0.0,0.0,0.0,0.0
1376,Illinois,Madison,2017,12,17,119,43.225806451612904,Good,26,75,11.0,PM2.5,0.0,0.0,0.0,11.0,0.0,0,0.0,0.0,0.0,0.0
1377,Illinois,Madison,2018,1,17,119,49.41935483870968,Good,30,75,19.0,PM2.5,0.0,0.0,0.0,19.0,0.0,0,0.0,0.0,0.0,0.0
1378,Illinois,Madison,2018,2,17,119,47.857142857142854,Good,23,72,13.0,PM2.5,0.0,0.0,0.0,13.0,0.0,0,0.0,0.0,0.0,0.0
1379,Illinois,Madison,2018,3,17,119,51.38709677419355,Moderate,31,87,14.0,PM2.5,0.0,1.0,0.0,13.0,0.0,0,0.0,0.0,0.0,0.0
1380,Illinois,Madison,2018,4,17,119,55.0,Moderate,37,74,22.0,PM2.5,0.0,7.0,0.0,15.0,0.0,0,0.0,0.0,0.0,0.0
1381,Illinois,Madison,2018,5,17,119,69.29032258064517,Moderate,39,115,27.0,Ozone,0.0,18.0,1.0,8.0,3.0,Ozone,0.0,3.0,0.0,0.0
1382,Illinois,Madison,2018,6,17,119,70.03333333333333,Moderate,33,154,20.0,Ozone,0.0,13.0,0.0,7.0,4.0,Ozone,0.0,4.0,0.0,0.0
1383,Illinois,Madison,2018,7,17,119,57.96774193548387,Moderate,33,115,17.0,Ozone,0.0,9.0,0.0,8.0,1.0,Ozone,0.0,1.0,0.0,0.0
1384,Illinois,Madison,2018,8,17,119,63.45161290322581,Moderate,38,115,26.0,PM2.5,0.0,6.0,0.0,20.0,1.0,Ozone,0.0,1.0,0.0,0.0
1385,Illinois,Madison,2018,9,17,119,52.06666666666667,Moderate,29,75,19.0,PM2.5,0.0,2.0,1.0,16.0,0.0,0,0.0,0.0,0.0,0.0
1386,Illinois,Madison,2018,10,17,119,36.483870967741936,Good,22,69,6.0,PM2.5,0.0,0.0,1.0,5.0,0.0,0,0.0,0.0,0.0,0.0
1387,Illinois,Madison,2018,11,17,119,31.866666666666667,Good,13,73,6.0,PM2.5,0.0,0.0,0.0,6.0,0.0,0,0.0,0.0,0.0,0.0
1388,Illinois,Madison,2018,12,17,119,46.38709677419355,Good,18,106,17.0,PM2.5,0.0,0.0,0.0,17.0,1.0,PM2.5,0.0,0.0,0.0,1.0
1389,Illinois,Madison,2019,1,17,119,55.25806451612903,Moderate,37,77,23.0,PM2.5,0.0,0.0,0.0,23.0,0.0,0,0.0,0.0,0.0,0.0
1390,Illinois,Madison,2019,2,17,119,51.42857142857143,Moderate,21,99,17.0,PM2.5,0.0,0.0,0.0,17.0,0.0,0,0.0,0.0,0.0,0.0
1391,Illinois,Madison,2019,3,17,119,57.83870967741935,Moderate,41,76,21.0,PM2.5,0.0,0.0,0.0,21.0,0.0,0,0.0,0.0,0.0,0.0
1392,Illinois,Madison,2019,4,17,119,53.166666666666664,Moderate,36,75,14.0,Ozone,0.0,8.0,2.0,4.0,0.0,0,0.0,0.0,0.0,0.0
1393,Illinois,Madison,2019,5,17,119,55.03225806451613,Moderate,34,100,16.0,PM2.5,0.0,6.0,0.0,10.0,0.0,0,0.0,0.0,0.0,0.0
1394,Illinois,Madison,2019,6,17,119,63.93333333333333,Moderate,40,143,22.0,Ozone,0.0,15.0,0.0,7.0,1.0,Ozone,0.0,1.0,0.0,0.0
1395,Illinois,Madison,2019,7,17,119,58.935483870967744,Moderate,23,151,17.0,Ozone,0.0,10.0,0.0,7.0,1.0,Ozone,0.0,1.0,0.0,0.0
1396,Illinois,Madison,2019,8,17,119,53.935483870967744,Moderate,34,156,14.0,Ozone,0.0,7.0,0.0,7.0,1.0,Ozone,0.0,1.0,0.0,0.0
1397,Illinois,Madison,2019,9,17,119,54.6,Moderate,33,90,20.0,PM2.5,0.0,2.0,0.0,18.0,0.0,0,0.0,0.0,0.0,0.0
1398,Illinois,Madison,2019,10,17,119,41.54838709677419,Good,19,60,12.0,PM2.5,0.0,0.0,0.0,12.0,0.0,0,0.0,0.0,0.0,0.0
1399,Illinois,Madison,2019,11,17,119,55.75,Moderate,27,86,21.0,PM2.5,0.0,0.0,0.0,21.0,0.0,0,0.0,0.0,0.0,0.0
1400,Illinois,Madison,2019,12,17,119,61.74193548387097,Moderate,27,89,26.0,PM2.5,0.0,0.0,0.0,26.0,0.0,0,0.0,0.0,0.0,0.0
1401,Illinois,Madison,2020,1,17,119,59.483870967741936,Moderate,35,72,28.0,PM2.5,0.0,0.0,0.0,28.0,0.0,0,0.0,0.0,0.0,0.0
1402,Illinois,Madison,2020,2,17,119,49.206896551724135,Good,31,68,15.0,PM2.5,0.0,0.0,0.0,15.0,0.0,0,0.0,0.0,0.0,0.0
1403,Illinois,Madison,2020,3,17,119,50.41935483870968,Moderate,29,76,17.0,PM2.5,0.0,0.0,0.0,17.0,0.0,0,0.0,0.0,0.0,0.0
1404,Illinois,Madison,2020,4,17,119,50.3,Moderate,25,83,15.0,PM2.5,0.0,1.0,0.0,14.0,0.0,0,0.0,0.0,0.0,0.0
1405,Illinois,Madison,2020,5,17,119,49.774193548387096,Good,26,89,12.0,PM2.5,0.0,2.0,0.0,10.0,0.0,0,0.0,0.0,0.0,0.0
1406,Illinois,Madison,2020,6,17,119,69.66666666666667,Moderate,35,112,25.0,Ozone,0.0,15.0,0.0,10.0,1.0,Ozone,0.0,1.0,0.0,0.0
1407,Illinois,Madison,2020,7,17,119,56.96774193548387,Moderate,31,105,17.0,PM2.5,0.0,8.0,0.0,9.0,1.0,Ozone,0.0,1.0,0.0,0.0
1408,Illinois,Madison,2020,8,17,119,55.54838709677419,Moderate,27,105,22.0,PM2.5,0.0,5.0,0.0,17.0,1.0,Ozone,0.0,1.0,0.0,0.0
1409,Illinois,Madison,2020,9,17,119,53.3,Moderate,28,66,23.0,PM2.5,0.0,0.0,0.0,23.0,0.0,0,0.0,0.0,0.0,0.0
1410,Illinois,Madison,2020,10,17,119,53.96774193548387,Moderate,34,88,20.0,PM2.5,0.0,1.0,1.0,18.0,0.0,0,0.0,0.0,0.0,0.0
1411,Illinois,Madison,2020,11,17,119,52.275862068965516,Moderate,22,76,19.0,PM2.5,0.0,0.0,0.0,19.0,0.0,0,0.0,0.0,0.0,0.0
1412,Illinois,Madison,2020,12,17,119,55.58064516129032,Moderate,16,92,23.0,PM2.5,0.0,0.0,0.0,23.0,0.0,0,0.0,0.0,0.0,0.0
1413,Illinois,Madison,2021,1,17,119,58.61290322580645,Moderate,43,78,27.0,PM2.5,0.0,0.0,0.0,27.0,0.0,0,0.0,0.0,0.0,0.0
1414,Illinois,Madison,2021,2,17,119,53.892857142857146,Moderate,29,76,23.0,PM2.5,0.0,0.0,0.0,23.0,0.0,0,0.0,0.0,0.0,0.0
1415,Illinois,Madison,2021,3,17,119,53.67741935483871,Moderate,33,75,19.0,PM2.5,0.0,0.0,0.0,19.0,0.0,0,0.0,0.0,0.0,0.0
1416,Illinois,Madison,2021,4,17,119,54.86666666666667,Moderate,39,93,19.0,PM2.5,0.0,2.0,0.0,17.0,0.0,0,0.0,0.0,0.0,0.0
1417,Illinois,Madison,2021,5,17,119,58.096774193548384,Moderate,41,84,26.0,PM2.5,0.0,3.0,0.0,23.0,0.0,0,0.0,0.0,0.0,0.0
1418,Illinois,Madison,2021,6,17,119,64.9,Moderate,35,105,25.0,Ozone,0.0,13.0,0.0,12.0,1.0,Ozone,0.0,1.0,0.0,0.0
1419,Illinois,Madison,2021,7,17,119,69.6774193548387,Moderate,43,143,29.0,PM2.5,0.0,9.0,0.0,20.0,3.0,Ozone,0.0,3.0,0.0,0.0
1420,Illinois,Madison,2021,8,17,119,65.61290322580645,Moderate,52,101,31.0,PM2.5,0.0,7.0,0.0,24.0,1.0,Ozone,0.0,1.0,0.0,0.0
1421,Illinois,Madison,2021,9,17,119,57.3,Moderate,29,119,20.0,PM2.5,0.0,2.0,0.0,18.0,1.0,Ozone,0.0,1.0,0.0,0.0
1422,Illinois,Madison,2021,10,17,119,51.54838709677419,Moderate,21,75,20.0,PM2.5,0.0,0.0,0.0,20.0,0.0,0,0.0,0.0,0.0,0.0
1423,Illinois,Madison,2021,11,17,119,50.5,Moderate,31,80,20.0,PM2.5,0.0,0.0,0.0,20.0,0.0,0,0.0,0.0,0.0,0.0
1424,Illinois,Madison,2021,12,17,119,55.064516129032256,Moderate,26,80,24.0,PM2.5,0.0,0.0,0.0,24.0,0.0,0,0.0,0.0,0.0,0.0
1425,Illinois,Madison,2022,1,17,119,48.483870967741936,Good,23,76,17.0,PM2.5,0.0,0.0,0.0,17.0,0.0,0,0.0,0.0,0.0,0.0
1426,Illinois,Madison,2022,2,17,119,48.642857142857146,Good,14,82,16.0,PM2.5,0.0,0.0,0.0,16.0,0.0,0,0.0,0.0,0.0,0.0
1427,Illinois,Madison,2022,3,17,119,47.67741935483871,Good,28,67,15.0,PM2.5,0.0,1.0,0.0,14.0,0.0,0,0.0,0.0,0.0,0.0
1428,Illinois,Madison,2022,4,17,119,49.56666666666667,Good,31,64,17.0,PM2.5,0.0,1.0,0.0,16.0,0.0,0,0.0,0.0,0.0,0.0
1429,Illinois,Madison,2022,5,17,119,54.67741935483871,Moderate,24,90,18.0,PM2.5,0.0,6.0,0.0,12.0,0.0,0,0.0,0.0,0.0,0.0
1430,Illinois,Madison,2022,6,17,119,79.93333333333334,Moderate,40,147,26.0,Ozone,0.0,17.0,0.0,9.0,7.0,Ozone,0.0,7.0,0.0,0.0
1431,Illinois,Madison,2022,7,17,119,64.41935483870968,Moderate,39,129,25.0,Ozone,0.0,13.0,0.0,12.0,2.0,Ozone,0.0,2.0,0.0,0.0
1432,Illinois,Madison,2022,8,17,119,55.645161290322584,Moderate,34,77,26.0,PM2.5,0.0,3.0,0.0,23.0,0.0,0,0.0,0.0,0.0,0.0
1433,Illinois,Madison,2022,9,17,119,52.06666666666667,Moderate,26,77,16.0,PM2.5,0.0,6.0,0.0,10.0,0.0,0,0.0,0.0,0.0,0.0
1434,Illinois,Madison,2022,10,17,119,49.645161290322584,Good,31,73,16.0,PM2.5,0.0,0.0,0.0,16.0,0.0,0,0.0,0.0,0.0,0.0
1435,Illinois,Madison,2022,11,17,119,44.8,Good,19,88,15.0,PM2.5,0.0,0.0,0.0,15.0,0.0,0,0.0,0.0,0.0,0.0
1436,Illinois,Madison,2022,12,17,119,54.724137931034484,Moderate,37,78,22.0,PM2.5,0.0,0.0,0.0,22.0,0.0,0,0.0,0.0,0.0,0.0
1437,Illinois,Madison,2023,1,17,119,57.758620689655174,Moderate,42,81,25.0,PM2.5,0.0,0.0,0.0,25.0,0.0,0,0.0,0.0,0.0,0.0
1438,Illinois,Madison,2023,2,17,119,54.035714285714285,Moderate,35,74,21.0,PM2.5,0.0,0.0,0.0,21.0,0.0,0,0.0,0.0,0.0,0.0
1439,Illinois,Madison,2023,3,17,119,51.064516129032256,Moderate,35,75,15.0,PM2.5,0.0,1.0,0.0,14.0,0.0,0,0.0,0.0,0.0,0.0
1440,Illinois,Madison,2023,4,17,119,51.166666666666664,Moderate,34,77,15.0,Ozone,0.0,8.0,0.0,7.0,0.0,0,0.0,0.0,0.0,0.0
1441,Illinois,Madison,2023,5,17,119,69.90322580645162,Moderate,38,136,26.0,Ozone,0.0,16.0,0.0,10.0,4.0,Ozone,0.0,4.0,0.0,0.0
1442,Illinois,Madison,2023,6,17,119,93.8,Moderate,46,155,29.0,Ozone,0.0,23.0,0.0,6.0,12.0,Ozone,0.0,11.0,0.0,1.0
1443,Illinois,Madison,2023,7,17,119,65.2258064516129,Moderate,39,97,21.0,Ozone,0.0,14.0,0.0,7.0,0.0,0,0.0,0.0,0.0,0.0
1444,Illinois,Madison,2023,8,17,119,55.935483870967744,Moderate,35,87,20.0,PM2.5,0.0,4.0,0.0,16.0,0.0,0,0.0,0.0,0.0,0.0
1445,Illinois,Madison,2023,9,17,119,56.233333333333334,Moderate,40,80,22.0,PM2.5,0.0,6.0,0.0,16.0,0.0,0,0.0,0.0,0.0,0.0
1446,Illinois,Madison,2023,10,17,119,45.25806451612903,Good,22,78,13.0,PM2.5,0.0,2.0,0.0,11.0,0.0,0,0.0,0.0,0.0,0.0
1447,Illinois,Madison,2023,11,17,119,50.8,Moderate,22,64,22.0,PM2.5,0.0,0.0,0.0,22.0,0.0,0,0.0,0.0,0.0,0.0
1448,Illinois,Madison,2023,12,17,119,49.67741935483871,Good,32,69,21.0,PM2.5,0.0,0.0,0.0,21.0,0.0,0,0.0,0.0,0.0,0.0
1449,Illinois,Madison,2024,1,17,119,41.61290322580645,Good,21,63,9.0,PM2.5,0.0,0.0,0.0,9.0,0.0,0,0.0,0.0,0.0,0.0
1450,Illinois,Madison,2024,2,17,119,53.13793103448276,Moderate,21,83,17.0,PM2.5,0.0,0.0,0.0,17.0,0.0,0,0.0,0.0,0.0,0.0
1451,Illinois,Madison,2024,3,17,119,50.29032258064516,Moderate,31,68,17.0,PM2.5,0.0,1.0,0.0,16.0,0.0,0,0.0,0.0,0.0,0.0
1452,Illinois,Madison,2024,4,17,119,46.166666666666664,Good,33,74,9.0,Ozone,0.0,5.0,0.0,4.0,0.0,0,0.0,0.0,0.0,0.0
1453,Illinois,Madison,2024,5,17,119,52.064516129032256,Moderate,33,90,16.0,Ozone,0.0,8.0,0.0,8.0,0.0,0,0.0,0.0,0.0,0.0
1454,Illinois,Madison,2024,6,17,119,63.7,Moderate,37,165,17.0,Ozone,0.0,13.0,0.0,4.0,2.0,Ozone,0.0,1.0,0.0,1.0
1455,Illinois,Madison,2024,7,17,119,57.774193548387096,Moderate,35,101,21.0,PM2.5,0.0,8.0,0.0,13.0,1.0,Ozone,0.0,1.0,0.0,0.0
1456,Illinois,Madison,2024,8,17,119,59.58064516129032,Moderate,31,151,18.0,Ozone,0.0,9.0,0.0,9.0,1.0,Ozone,0.0,1.0,0.0,0.0
1457,Illinois,Madison,2024,9,17,119,47.46666666666667,Good,22,105,10.0,Ozone,0.0,5.0,0.0,5.0,2.0,Ozone,0.0,2.0,0.0,0.0
1458,Illinois,Madison,2024,10,17,119,55.25806451612903,Moderate,30,87,21.0,PM2.5,0.0,6.0,0.0,15.0,0.0,0,0.0,0.0,0.0,0.0
1459,Illinois,Madison,2024,11,17,119,37.3,Good,17,57,9.0,PM2.5,0.0,0.0,0.0,9.0,0.0,0,0.0,0.0,0.0,0.0
1460,Illinois,Madison,2024,12,17,119,42.41935483870968,Good,23,69,9.0,PM2.5,0.0,0.0,0.0,9.0,0.0,0,0.0,0.0,0.0,0.0
1461,Illinois,Madison,2025,1,17,119,38.774193548387096,Good,17,68,7.0,PM2.5,0.0,0.0,0.0,7.0,0.0,0,0.0,0.0,0.0,0.0
1462,Illinois,Madison,2025,2,17,119,43.82142857142857,Good,23,67,11.0,PM2.5,0.0,0.0,0.0,11.0,0.0,0,0.0,0.0,0.0,0.0
1463,Illinois,Madison,2025,3,17,119,56.41935483870968,Moderate,33,260,15.0,PM2.5,0.0,2.0,2.0,11.0,1.0,PM10,0.0,0.0,1.0,0.0
1464,Illinois,Madison,2025,4,17,119,45.63333333333333,Good,26,62,11.0,PM2.5,0.0,1.0,0.0,10.0,0.0,0,0.0,0.0,0.0,0.0
1465,Illinois,Madison,2025,5,17,119,45.12903225806452,Good,31,77,7.0,Ozone,0.0,4.0,0.0,3.0,0.0,0,0.0,0.0,0.0,0.0
1466,Illinois,Madison,2025,6,17,119,58.63333333333333,Moderate,36,90,20.0,PM2.5,0.0,4.0,0.0,16.0,0.0,0,0.0,0.0,0.0,0.0
1467,Illinois,McHenry,2016,1,17,111,43.96774193548387,Good,27,66,12.0,PM2.5,0.0,0.0,0.0,12.0,0.0,0,0.0,0.0,0.0,0.0
1468,Illinois,McHenry,2016,2,17,111,38.275862068965516,Good,25,59,5.0,PM2.5,0.0,0.0,0.0,5.0,0.0,0,0.0,0.0,0.0,0.0
1469,Illinois,McHenry,2016,3,17,111,42.54838709677419,Good,6,64,13.0,PM2.5,0.0,0.0,0.0,13.0,0.0,0,0.0,0.0,0.0,0.0
1470,Illinois,McHenry,2016,4,17,111,44.86666666666667,Good,29,87,8.0,PM2.5,0.0,3.0,0.0,5.0,0.0,0,0.0,0.0,0.0,0.0
1471,Illinois,McHenry,2016,5,17,111,48.38709677419355,Good,29,77,15.0,PM2.5,0.0,3.0,0.0,12.0,0.0,0,0.0,0.0,0.0,0.0
1472,Illinois,McHenry,2016,6,17,111,57.266666666666666,Moderate,28,112,16.0,Ozone,0.0,10.0,0.0,6.0,4.0,Ozone,0.0,4.0,0.0,0.0
1473,Illinois,McHenry,2016,7,17,111,50.407407407407405,Moderate,35,71,12.0,PM2.5,0.0,3.0,0.0,9.0,0.0,0,0.0,0.0,0.0,0.0
1474,Illinois,McHenry,2016,8,17,111,47.354838709677416,Good,23,129,5.0,Ozone,0.0,4.0,0.0,1.0,2.0,Ozone,0.0,2.0,0.0,0.0
1475,Illinois,McHenry,2016,9,17,111,43.6,Good,27,58,8.0,PM2.5,0.0,0.0,0.0,8.0,0.0,0,0.0,0.0,0.0,0.0
1476,Illinois,McHenry,2016,10,17,111,38.61290322580645,Good,17,57,10.0,PM2.5,0.0,0.0,0.0,10.0,0.0,0,0.0,0.0,0.0,0.0
1477,Illinois,McHenry,2016,11,17,111,42.9,Good,27,63,11.0,PM2.5,0.0,0.0,0.0,11.0,0.0,0,0.0,0.0,0.0,0.0
1478,Illinois,McHenry,2016,12,17,111,36.61290322580645,Good,9,56,6.0,PM2.5,0.0,0.0,0.0,6.0,0.0,0,0.0,0.0,0.0,0.0
1479,Illinois,McHenry,2017,1,17,111,40.354838709677416,Good,10,66,8.0,PM2.5,0.0,0.0,0.0,8.0,0.0,0,0.0,0.0,0.0,0.0
1480,Illinois,McHenry,2017,2,17,111,46.32142857142857,Good,27,78,11.0,PM2.5,0.0,0.0,0.0,11.0,0.0,0,0.0,0.0,0.0,0.0
1481,Illinois,McHenry,2017,3,17,111,39.46153846153846,Good,19,56,5.0,PM2.5,0.0,0.0,0.0,5.0,0.0,0,0.0,0.0,0.0,0.0
1482,Illinois,McHenry,2017,4,17,111,43.8,Good,13,71,9.0,PM2.5,0.0,3.0,0.0,6.0,0.0,0,0.0,0.0,0.0,0.0
1483,Illinois,McHenry,2017,5,17,111,49.67741935483871,Good,12,84,14.0,PM2.5,0.0,6.0,0.0,8.0,0.0,0,0.0,0.0,0.0,0.0
1484,Illinois,McHenry,2017,6,17,111,59.36666666666667,Moderate,28,133,14.0,Ozone,0.0,13.0,0.0,1.0,1.0,Ozone,0.0,1.0,0.0,0.0
1485,Illinois,McHenry,2017,7,17,111,50.266666666666666,Moderate,24,90,12.0,Ozone,0.0,8.0,0.0,4.0,0.0,0,0.0,0.0,0.0,0.0
1486,Illinois,McHenry,2017,8,17,111,51.16129032258065,Moderate,28,80,19.0,PM2.5,0.0,2.0,0.0,17.0,0.0,0,0.0,0.0,0.0,0.0
1487,Illinois,McHenry,2017,9,17,111,54.666666666666664,Moderate,27,101,18.0,PM2.5,0.0,4.0,0.0,14.0,2.0,Ozone,0.0,2.0,0.0,0.0
1488,Illinois,McHenry,2017,10,17,111,38.903225806451616,Good,27,62,3.0,PM2.5,0.0,0.0,0.0,3.0,0.0,0,0.0,0.0,0.0,0.0
1489,Illinois,McHenry,2017,11,17,111,42.43333333333333,Good,18,65,8.0,PM2.5,0.0,0.0,0.0,8.0,0.0,0,0.0,0.0,0.0,0.0
1490,Illinois,McHenry,2017,12,17,111,41.10344827586207,Good,13,70,10.0,PM2.5,0.0,0.0,0.0,10.0,0.0,0,0.0,0.0,0.0,0.0
1491,Illinois,McHenry,2018,1,17,111,37.45161290322581,Good,10,71,7.0,PM2.5,0.0,0.0,0.0,7.0,0.0,0,0.0,0.0,0.0,0.0
1492,Illinois,McHenry,2018,2,17,111,45.035714285714285,Good,20,72,11.0,PM2.5,0.0,0.0,0.0,11.0,0.0,0,0.0,0.0,0.0,0.0
1493,Illinois,McHenry,2018,3,17,111,44.806451612903224,Good,34,68,5.0,PM2.5,0.0,0.0,0.0,5.0,0.0,0,0.0,0.0,0.0,0.0
1494,Illinois,McHenry,2018,4,17,111,50.3,Moderate,40,77,10.0,Ozone,0.0,6.0,0.0,4.0,0.0,0,0.0,0.0,0.0,0.0
1495,Illinois,McHenry,2018,5,17,111,66.96774193548387,Moderate,31,119,20.0,Ozone,0.0,16.0,0.0,4.0,5.0,Ozone,0.0,5.0,0.0,0.0
1496,Illinois,McHenry,2018,6,17,111,54.5,Moderate,30,122,13.0,Ozone,0.0,8.0,0.0,5.0,2.0,Ozone,0.0,2.0,0.0,0.0
1497,Illinois,McHenry,2018,7,17,111,55.61290322580645,Moderate,32,101,18.0,Ozone,0.0,11.0,0.0,7.0,1.0,Ozone,0.0,1.0,0.0,0.0
1498,Illinois,McHenry,2018,8,17,111,59.03225806451613,Moderate,31,77,26.0,PM2.5,0.0,3.0,0.0,23.0,0.0,0,0.0,0.0,0.0,0.0
1499,Illinois,McHenry,2018,9,17,111,44.793103448275865,Good,22,80,10.0,PM2.5,0.0,4.0,0.0,6.0,0.0,0,0.0,0.0,0.0,0.0
1500,Illinois,McHenry,2018,10,17,111,38.96551724137931,Good,19,59,6.0,PM2.5,0.0,0.0,0.0,6.0,0.0,0,0.0,0.0,0.0,0.0
1501,Illinois,McHenry,2018,11,17,111,42.36666666666667,Good,7,74,11.0,PM2.5,0.0,0.0,0.0,11.0,0.0,0,0.0,0.0,0.0,0.0
1502,Illinois,McHenry,2018,12,17,111,44.354838709677416,Good,18,81,12.0,PM2.5,0.0,0.0,0.0,12.0,0.0,0,0.0,0.0,0.0,0.0
1503,Illinois,McHenry,2019,1,17,111,42.38709677419355,Good,20,64,13.0,PM2.5,0.0,0.0,0.0,13.0,0.0,0,0.0,0.0,0.0,0.0
1504,Illinois,McHenry,2019,2,17,111,38.44444444444444,Good,4,81,5.0,PM2.5,0.0,0.0,0.0,5.0,0.0,0,0.0,0.0,0.0,0.0
1505,Illinois,McHenry,2019,3,17,111,50.096774193548384,Moderate,35,74,14.0,PM2.5,0.0,0.0,0.0,14.0,0.0,0,0.0,0.0,0.0,0.0
1506,Illinois,McHenry,2019,4,17,111,45.333333333333336,Good,30,66,4.0,PM2.5,0.0,0.0,0.0,4.0,0.0,0,0.0,0.0,0.0,0.0
1507,Illinois,McHenry,2019,5,17,111,45.38709677419355,Good,30,74,8.0,Ozone,0.0,5.0,0.0,3.0,0.0,0,0.0,0.0,0.0,0.0
1508,Illinois,McHenry,2019,6,17,111,62.06666666666667,Moderate,47,101,28.0,PM2.5,0.0,8.0,0.0,20.0,1.0,Ozone,0.0,1.0,0.0,0.0
1509,Illinois,McHenry,2019,7,17,111,61.83870967741935,Moderate,38,126,24.0,PM2.5,0.0,11.0,0.0,13.0,1.0,Ozone,0.0,1.0,0.0,0.0
1510,Illinois,McHenry,2019,8,17,111,54.6,Moderate,33,93,16.0,PM2.5,0.0,5.0,0.0,11.0,0.0,0,0.0,0.0,0.0,0.0
1511,Illinois,McHenry,2019,9,17,111,50.851851851851855,Moderate,19,64,16.0,PM2.5,0.0,0.0,0.0,16.0,0.0,0,0.0,0.0,0.0,0.0
1512,Illinois,McHenry,2019,10,17,111,47.354838709677416,Good,18,64,16.0,PM2.5,0.0,0.0,0.0,16.0,0.0,0,0.0,0.0,0.0,0.0
1513,Illinois,McHenry,2019,11,17,111,49.12,Good,16,68,17.0,PM2.5,0.0,0.0,0.0,17.0,0.0,0,0.0,0.0,0.0,0.0
1514,Illinois,McHenry,2019,12,17,111,49.70967741935484,Good,19,77,18.0,PM2.5,0.0,0.0,0.0,18.0,0.0,0,0.0,0.0,0.0,0.0
1515,Illinois,McHenry,2020,1,17,111,44.70967741935484,Good,23,61,13.0,PM2.5,0.0,0.0,0.0,13.0,0.0,0,0.0,0.0,0.0,0.0
1516,Illinois,McHenry,2020,2,17,111,39.793103448275865,Good,22,57,9.0,PM2.5,0.0,0.0,0.0,9.0,0.0,0,0.0,0.0,0.0,0.0
1517,Illinois,McHenry,2020,3,17,111,44.57692307692308,Good,24,58,11.0,PM2.5,0.0,0.0,0.0,11.0,0.0,0,0.0,0.0,0.0,0.0
1518,Illinois,McHenry,2020,4,17,111,52.285714285714285,Moderate,40,66,5.0,PM2.5,0.0,0.0,0.0,5.0,0.0,0,0.0,0.0,0.0,0.0
1519,Illinois,McHenry,2020,5,17,111,44.61290322580645,Good,31,79,3.0,PM2.5,0.0,1.0,0.0,2.0,0.0,0,0.0,0.0,0.0,0.0
1520,Illinois,McHenry,2020,6,17,111,66.5,Moderate,36,147,17.0,Ozone,0.0,15.0,0.0,2.0,4.0,Ozone,0.0,4.0,0.0,0.0
1521,Illinois,McHenry,2020,7,17,111,59.193548387096776,Moderate,31,108,14.0,Ozone,0.0,9.0,0.0,5.0,4.0,Ozone,0.0,3.0,0.0,1.0
1522,Illinois,McHenry,2020,8,17,111,54.12903225806452,Moderate,31,105,17.0,PM2.5,0.0,6.0,0.0,11.0,1.0,Ozone,0.0,1.0,0.0,0.0
1523,Illinois,McHenry,2020,9,17,111,46.53333333333333,Good,24,64,16.0,PM2.5,0.0,0.0,0.0,16.0,0.0,0,0.0,0.0,0.0,0.0
1524,Illinois,McHenry,2020,10,17,111,40.903225806451616,Good,23,57,5.0,PM2.5,0.0,0.0,0.0,5.0,0.0,0,0.0,0.0,0.0,0.0
1525,Illinois,McHenry,2020,11,17,111,48.22222222222222,Good,25,63,14.0,PM2.5,0.0,0.0,0.0,14.0,0.0,0,0.0,0.0,0.0,0.0
1526,Illinois,McHenry,2020,12,17,111,48.333333333333336,Good,11,70,18.0,PM2.5,0.0,0.0,0.0,18.0,0.0,0,0.0,0.0,0.0,0.0
1527,Illinois,McHenry,2021,1,17,111,46.03225806451613,Good,17,73,15.0,PM2.5,0.0,0.0,0.0,15.0,0.0,0,0.0,0.0,0.0,0.0
1528,Illinois,McHenry,2021,2,17,111,49.11538461538461,Good,25,83,14.0,PM2.5,0.0,0.0,0.0,14.0,0.0,0,0.0,0.0,0.0,0.0
1529,Illinois,McHenry,2021,3,17,111,44.354838709677416,Good,25,66,12.0,PM2.5,0.0,0.0,0.0,12.0,0.0,0,0.0,0.0,0.0,0.0
1530,Illinois,McHenry,2021,4,17,111,43.53333333333333,Good,24,87,11.0,PM2.5,0.0,3.0,0.0,8.0,0.0,0,0.0,0.0,0.0,0.0
1531,Illinois,McHenry,2021,5,17,111,43.774193548387096,Good,27,67,7.0,Ozone,0.0,5.0,0.0,2.0,0.0,0,0.0,0.0,0.0,0.0
1532,Illinois,McHenry,2021,6,17,111,59.5,Moderate,31,105,15.0,Ozone,0.0,14.0,0.0,1.0,1.0,Ozone,0.0,1.0,0.0,0.0
1533,Illinois,McHenry,2021,7,17,111,58.12903225806452,Moderate,24,92,23.0,PM2.5,0.0,0.0,0.0,23.0,0.0,0,0.0,0.0,0.0,0.0
1534,Illinois,McHenry,2021,8,17,111,59.74193548387097,Moderate,38,105,26.0,PM2.5,0.0,4.0,0.0,22.0,1.0,Ozone,0.0,1.0,0.0,0.0
1535,Illinois,McHenry,2021,9,17,111,45.3,Good,27,87,9.0,PM2.5,0.0,4.0,0.0,5.0,0.0,0,0.0,0.0,0.0,0.0
1536,Illinois,McHenry,2021,10,17,111,43.25806451612903,Good,24,84,11.0,PM2.5,0.0,1.0,0.0,10.0,0.0,0,0.0,0.0,0.0,0.0
1537,Illinois,McHenry,2021,11,17,111,45.833333333333336,Good,16,90,13.0,PM2.5,0.0,0.0,0.0,13.0,0.0,0,0.0,0.0,0.0,0.0
1538,Illinois,McHenry,2021,12,17,111,50.61290322580645,Moderate,21,68,20.0,PM2.5,0.0,0.0,0.0,20.0,0.0,0,0.0,0.0,0.0,0.0
1539,Illinois,McHenry,2022,1,17,111,47.67741935483871,Good,26,88,17.0,PM2.5,0.0,0.0,0.0,17.0,0.0,0,0.0,0.0,0.0,0.0
1540,Illinois,McHenry,2022,2,17,111,47.75,Good,21,77,13.0,PM2.5,0.0,0.0,0.0,13.0,0.0,0,0.0,0.0,0.0,0.0
1541,Illinois,McHenry,2022,3,17,111,44.58064516129032,Good,23,76,11.0,PM2.5,0.0,0.0,0.0,11.0,0.0,0,0.0,0.0,0.0,0.0
1542,Illinois,McHenry,2022,4,17,111,43.46666666666667,Good,28,66,9.0,PM2.5,0.0,0.0,0.0,9.0,0.0,0,0.0,0.0,0.0,0.0
1543,Illinois,McHenry,2022,5,17,111,50.29032258064516,Moderate,26,108,11.0,Ozone,0.0,7.0,0.0,4.0,1.0,Ozone,0.0,1.0,0.0,0.0
1544,Illinois,McHenry,2022,6,17,111,60.03333333333333,Moderate,35,126,21.0,Ozone,0.0,15.0,0.0,6.0,2.0,Ozone,0.0,2.0,0.0,0.0
1545,Illinois,McHenry,2022,7,17,111,49.193548387096776,Good,29,71,14.0,PM2.5,0.0,4.0,0.0,10.0,0.0,0,0.0,0.0,0.0,0.0
1546,Illinois,McHenry,2022,8,17,111,46.67741935483871,Good,28,61,13.0,PM2.5,0.0,3.0,0.0,10.0,0.0,0,0.0,0.0,0.0,0.0
1547,Illinois,McHenry,2022,9,17,111,43.166666666666664,Good,22,74,12.0,PM2.5,0.0,2.0,0.0,10.0,0.0,0,0.0,0.0,0.0,0.0
1548,Illinois,McHenry,2022,10,17,111,46.064516129032256,Good,22,89,15.0,PM2.5,0.0,0.0,0.0,15.0,0.0,0,0.0,0.0,0.0,0.0
1549,Illinois,McHenry,2022,11,17,111,47.333333333333336,Good,23,73,15.0,PM2.5,0.0,0.0,0.0,15.0,0.0,0,0.0,0.0,0.0,0.0
1550,Illinois,McHenry,2022,12,17,111,47.67741935483871,Good,18,84,15.0,PM2.5,0.0,0.0,0.0,15.0,0.0,0,0.0,0.0,0.0,0.0
1551,Illinois,McHenry,2023,1,17,111,48.225806451612904,Good,18,83,16.0,PM2.5,0.0,0.0,0.0,16.0,0.0,0,0.0,0.0,0.0,0.0
1552,Illinois,McHenry,2023,2,17,111,40.785714285714285,Good,16,72,11.0,PM2.5,0.0,0.0,0.0,11.0,0.0,0,0.0,0.0,0.0,0.0
1553,Illinois,McHenry,2023,3,17,111,47.29032258064516,Good,34,65,12.0,PM2.5,0.0,0.0,0.0,12.0,0.0,0,0.0,0.0,0.0,0.0
1554,Illinois,McHenry,2023,4,17,111,46.96666666666667,Good,27,67,11.0,PM2.5,0.0,3.0,0.0,8.0,0.0,0,0.0,0.0,0.0,0.0
1555,Illinois,McHenry,2023,5,17,111,65.12903225806451,Moderate,32,129,19.0,Ozone,0.0,14.0,0.0,5.0,5.0,Ozone,0.0,5.0,0.0,0.0
1556,Illinois,McHenry,2023,6,17,111,99.2,Moderate,29,230,27.0,PM2.5,0.0,12.0,0.0,15.0,11.0,Ozone,0.0,8.0,0.0,3.0
1557,Illinois,McHenry,2023,7,17,111,63.70967741935484,Moderate,32,151,18.0,PM2.5,0.0,7.0,0.0,11.0,4.0,Ozone,0.0,2.0,0.0,2.0
1558,Illinois,McHenry,2023,8,17,111,56.935483870967744,Moderate,27,112,19.0,PM2.5,0.0,3.0,0.0,16.0,1.0,Ozone,0.0,1.0,0.0,0.0
1559,Illinois,McHenry,2023,9,17,111,46.36666666666667,Good,18,61,13.0,PM2.5,0.0,3.0,0.0,10.0,0.0,0,0.0,0.0,0.0,0.0
1560,Illinois,McHenry,2023,10,17,111,42.064516129032256,Good,22,80,10.0,PM2.5,0.0,2.0,0.0,8.0,0.0,0,0.0,0.0,0.0,0.0
1561,Illinois,McHenry,2023,11,17,111,42.0,Good,17,78,10.0,PM2.5,0.0,0.0,0.0,10.0,0.0,0,0.0,0.0,0.0,0.0
1562,Illinois,McHenry,2023,12,17,111,37.16129032258065,Good,14,61,8.0,PM2.5,0.0,0.0,0.0,8.0,0.0,0,0.0,0.0,0.0,0.0
1563,Illinois,McHenry,2024,1,17,111,35.064516129032256,Good,15,74,5.0,PM2.5,0.0,0.0,0.0,5.0,0.0,0,0.0,0.0,0.0,0.0
1564,Illinois,McHenry,2024,2,17,111,38.62068965517241,Good,13,69,9.0,PM2.5,0.0,0.0,0.0,9.0,0.0,0,0.0,0.0,0.0,0.0
1565,Illinois,McHenry,2024,3,17,111,37.354838709677416,Good,27,53,4.0,PM2.5,0.0,0.0,0.0,4.0,0.0,0,0.0,0.0,0.0,0.0
1566,Illinois,McHenry,2024,4,17,111,39.96666666666667,Good,29,51,2.0,Ozone,0.0,2.0,0.0,0.0,0.0,0,0.0,0.0,0.0,0.0
1567,Illinois,McHenry,2024,5,17,111,48.064516129032256,Good,32,87,8.0,Ozone,0.0,5.0,0.0,3.0,0.0,0,0.0,0.0,0.0,0.0
1568,Illinois,McHenry,2024,6,17,111,48.833333333333336,Good,26,90,12.0,Ozone,0.0,8.0,0.0,4.0,0.0,0,0.0,0.0,0.0,0.0
1569,Illinois,McHenry,2024,7,17,111,51.70967741935484,Moderate,38,74,17.0,PM2.5,0.0,2.0,0.0,15.0,0.0,0,0.0,0.0,0.0,0.0
1570,Illinois,McHenry,2024,8,17,111,50.29032258064516,Moderate,28,74,17.0,PM2.5,0.0,3.0,0.0,14.0,0.0,0,0.0,0.0,0.0,0.0
1571,Illinois,McHenry,2024,9,17,111,48.36666666666667,Good,21,108,13.0,Ozone,0.0,8.0,0.0,5.0,1.0,Ozone,0.0,1.0,0.0,0.0
1572,Illinois,McHenry,2024,10,17,111,44.0,Good,27,68,13.0,PM2.5,0.0,1.0,0.0,12.0,0.0,0,0.0,0.0,0.0,0.0
1573,Illinois,McHenry,2024,11,17,111,37.0,Good,13,68,9.0,PM2.5,0.0,0.0,0.0,9.0,0.0,0,0.0,0.0,0.0,0.0
1574,Illinois,McHenry,2024,12,17,111,45.12903225806452,Good,16,69,12.0,PM2.5,0.0,0.0,0.0,12.0,0.0,0,0.0,0.0,0.0,0.0
1575,Illinois,McHenry,2025,1,17,111,32.096774193548384,Good,14,77,4.0,PM2.5,0.0,0.0,0.0,4.0,0.0,0,0.0,0.0,0.0,0.0
1576,Illinois,McHenry,2025,2,17,111,40.464285714285715,Good,16,67,9.0,PM2.5,0.0,0.0,0.0,9.0,0.0,0,0.0,0.0,0.0,0.0
1577,Illinois,McHenry,2025,3,17,111,43.58064516129032,Good,30,74,8.0,PM2.5,0.0,0.0,0.0,8.0,0.0,0,0.0,0.0,0.0,0.0
1578,Illinois,McHenry,2025,4,17,111,42.7,Good,26,63,6.0,PM2.5,0.0,1.0,0.0,5.0,0.0,0,0.0,0.0,0.0,0.0
1579,Illinois,McHenry,2025,5,17,111,40.12903225806452,Good,21,90,4.0,Ozone,0.0,2.0,0.0,2.0,0.0,0,0.0,0.0,0.0,0.0
1580,Illinois,McHenry,2025,6,17,111,64.56666666666666,Moderate,28,133,19.0,Ozone,0.0,13.0,0.0,6.0,4.0,Ozone,0.0,3.0,0.0,1.0
1581,Illinois,McLean,2016,1,17,113,33.12903225806452,Good,22,69,3.0,PM2.5,0.0,0.0,0.0,3.0,0.0,0,0.0,0.0,0.0,0.0
1582,Illinois,McLean,2016,2,17,113,36.3448275862069,Good,21,67,3.0,PM2.5,0.0,0.0,0.0,3.0,0.0,0,0.0,0.0,0.0,0.0
1583,Illinois,McLean,2016,3,17,113,36.67741935483871,Good,20,54,2.0,PM2.5,0.0,0.0,0.0,2.0,0.0,0,0.0,0.0,0.0,0.0
1584,Illinois,McLean,2016,4,17,113,46.766666666666666,Good,29,97,9.0,Ozone,0.0,6.0,0.0,3.0,0.0,0,0.0,0.0,0.0,0.0
1585,Illinois,McLean,2016,5,17,113,49.70967741935484,Good,28,84,10.0,Ozone,0.0,9.0,0.0,1.0,0.0,0,0.0,0.0,0.0,0.0
1586,Illinois,McLean,2016,6,17,113,58.96666666666667,Moderate,36,108,17.0,Ozone,0.0,16.0,0.0,1.0,1.0,Ozone,0.0,1.0,0.0,0.0
1587,Illinois,McLean,2016,7,17,113,40.61290322580645,Good,27,55,3.0,PM2.5,0.0,0.0,0.0,3.0,0.0,0,0.0,0.0,0.0,0.0
1588,Illinois,McLean,2016,8,17,113,38.12903225806452,Good,19,54,3.0,PM2.5,0.0,1.0,0.0,2.0,0.0,0,0.0,0.0,0.0,0.0
1589,Illinois,McLean,2016,9,17,113,38.53333333333333,Good,19,84,4.0,Ozone,0.0,2.0,0.0,2.0,0.0,0,0.0,0.0,0.0,0.0
1590,Illinois,McLean,2016,10,17,113,33.25806451612903,Good,16,55,2.0,PM2.5,0.0,0.0,0.0,2.0,0.0,0,0.0,0.0,0.0,0.0
1591,Illinois,McLean,2016,11,17,113,48.733333333333334,Good,23,64,16.0,PM2.5,0.0,0.0,0.0,16.0,0.0,0,0.0,0.0,0.0,0.0
1592,Illinois,McLean,2016,12,17,113,43.225806451612904,Good,22,64,11.0,PM2.5,0.0,0.0,0.0,11.0,0.0,0,0.0,0.0,0.0,0.0
1593,Illinois,McLean,2017,1,17,113,49.61290322580645,Good,29,86,20.0,PM2.5,0.0,0.0,0.0,20.0,0.0,0,0.0,0.0,0.0,0.0
1594,Illinois,McLean,2017,2,17,113,48.142857142857146,Good,29,72,13.0,PM2.5,0.0,0.0,0.0,13.0,0.0,0,0.0,0.0,0.0,0.0
1595,Illinois,McLean,2017,3,17,113,40.25806451612903,Good,22,61,5.0,PM2.5,0.0,0.0,0.0,5.0,0.0,0,0.0,0.0,0.0,0.0
1596,Illinois,McLean,2017,4,17,113,44.666666666666664,Good,24,61,10.0,PM2.5,0.0,4.0,0.0,6.0,0.0,0,0.0,0.0,0.0,0.0
1597,Illinois,McLean,2017,5,17,113,47.774193548387096,Good,24,67,13.0,Ozone,0.0,7.0,0.0,6.0,0.0,0,0.0,0.0,0.0,0.0
1598,Illinois,McLean,2017,6,17,113,54.733333333333334,Moderate,35,100,13.0,Ozone,0.0,11.0,0.0,2.0,0.0,0,0.0,0.0,0.0,0.0
1599,Illinois,McLean,2017,7,17,113,47.03333333333333,Good,21,64,11.0,PM2.5,0.0,1.0,0.0,10.0,0.0,0,0.0,0.0,0.0,0.0
1600,Illinois,McLean,2017,8,17,113,46.38709677419355,Good,27,60,14.0,PM2.5,0.0,1.0,0.0,13.0,0.0,0,0.0,0.0,0.0,0.0
1601,Illinois,McLean,2017,9,17,113,48.6,Good,29,74,15.0,PM2.5,0.0,3.0,0.0,12.0,0.0,0,0.0,0.0,0.0,0.0
1602,Illinois,McLean,2017,10,17,113,40.935483870967744,Good,21,66,9.0,PM2.5,0.0,0.0,0.0,9.0,0.0,0,0.0,0.0,0.0,0.0
1603,Illinois,McLean,2017,11,17,113,51.3,Moderate,30,69,22.0,PM2.5,0.0,0.0,0.0,22.0,0.0,0,0.0,0.0,0.0,0.0
1604,Illinois,McLean,2017,12,17,113,49.645161290322584,Good,28,82,18.0,PM2.5,0.0,0.0,0.0,18.0,0.0,0,0.0,0.0,0.0,0.0
1605,Illinois,McLean,2018,1,17,113,50.193548387096776,Moderate,24,76,21.0,PM2.5,0.0,0.0,0.0,21.0,0.0,0,0.0,0.0,0.0,0.0
1606,Illinois,McLean,2018,2,17,113,50.035714285714285,Moderate,30,73,14.0,PM2.5,0.0,0.0,0.0,14.0,0.0,0,0.0,0.0,0.0,0.0
1607,Illinois,McLean,2018,3,17,113,46.806451612903224,Good,29,68,11.0,PM2.5,0.0,0.0,0.0,11.0,0.0,0,0.0,0.0,0.0,0.0
1608,Illinois,McLean,2018,4,17,113,48.233333333333334,Good,32,62,13.0,PM2.5,0.0,4.0,0.0,9.0,0.0,0,0.0,0.0,0.0,0.0
1609,Illinois,McLean,2018,5,17,113,65.48387096774194,Moderate,40,108,27.0,Ozone,0.0,20.0,0.0,7.0,1.0,Ozone,0.0,1.0,0.0,0.0
1610,Illinois,McLean,2018,6,17,113,54.53333333333333,Moderate,40,97,15.0,PM2.5,0.0,6.0,0.0,9.0,0.0,0,0.0,0.0,0.0,0.0
1611,Illinois,McLean,2018,7,17,113,48.87096774193548,Good,30,74,15.0,PM2.5,0.0,2.0,0.0,13.0,0.0,0,0.0,0.0,0.0,0.0
1612,Illinois,McLean,2018,8,17,113,55.96774193548387,Moderate,32,69,25.0,PM2.5,0.0,0.0,0.0,25.0,0.0,0,0.0,0.0,0.0,0.0
1613,Illinois,McLean,2018,9,17,113,40.2,Good,19,61,8.0,PM2.5,0.0,1.0,0.0,7.0,0.0,0,0.0,0.0,0.0,0.0
1614,Illinois,McLean,2018,10,17,113,41.806451612903224,Good,22,69,10.0,PM2.5,0.0,0.0,0.0,10.0,0.0,0,0.0,0.0,0.0,0.0
1615,Illinois,McLean,2018,11,17,113,51.0,Moderate,26,82,18.0,PM2.5,0.0,0.0,0.0,18.0,0.0,0,0.0,0.0,0.0,0.0
1616,Illinois,McLean,2018,12,17,113,51.41935483870968,Moderate,21,82,19.0,PM2.5,0.0,0.0,0.0,19.0,0.0,0,0.0,0.0,0.0,0.0
1617,Illinois,McLean,2019,1,17,113,51.29032258064516,Moderate,28,76,18.0,PM2.5,0.0,0.0,0.0,18.0,0.0,0,0.0,0.0,0.0,0.0
1618,Illinois,McLean,2019,2,17,113,53.857142857142854,Moderate,30,76,21.0,PM2.5,0.0,0.0,0.0,21.0,0.0,0,0.0,0.0,0.0,0.0
1619,Illinois,McLean,2019,3,17,113,50.96774193548387,Moderate,36,70,15.0,PM2.5,0.0,0.0,0.0,15.0,0.0,0,0.0,0.0,0.0,0.0
1620,Illinois,McLean,2019,4,17,113,49.266666666666666,Good,28,71,12.0,PM2.5,0.0,4.0,0.0,8.0,0.0,0,0.0,0.0,0.0,0.0
1621,Illinois,McLean,2019,5,17,113,46.96774193548387,Good,27,67,11.0,PM2.5,0.0,4.0,0.0,7.0,0.0,0,0.0,0.0,0.0,0.0
1622,Illinois,McLean,2019,6,17,113,55.1,Moderate,37,90,18.0,Ozone,0.0,9.0,0.0,9.0,0.0,0,0.0,0.0,0.0,0.0
1623,Illinois,McLean,2019,7,17,113,54.806451612903224,Moderate,40,100,18.0,PM2.5,0.0,4.0,0.0,14.0,0.0,0,0.0,0.0,0.0,0.0
1624,Illinois,McLean,2019,8,17,113,46.354838709677416,Good,30,74,8.0,Ozone,0.0,6.0,0.0,2.0,0.0,0,0.0,0.0,0.0,0.0
1625,Illinois,McLean,2019,9,17,113,47.06666666666667,Good,29,74,14.0,PM2.5,0.0,1.0,0.0,13.0,0.0,0,0.0,0.0,0.0,0.0
1626,Illinois,McLean,2019,10,17,113,36.87096774193548,Good,13,63,7.0,PM2.5,0.0,0.0,0.0,7.0,0.0,0,0.0,0.0,0.0,0.0
1627,Illinois,McLean,2019,11,17,113,47.86206896551724,Good,20,80,16.0,PM2.5,0.0,0.0,0.0,16.0,0.0,0,0.0,0.0,0.0,0.0
1628,Illinois,McLean,2019,12,17,113,50.935483870967744,Moderate,10,73,19.0,PM2.5,0.0,0.0,0.0,19.0,0.0,0,0.0,0.0,0.0,0.0
1629,Illinois,McLean,2020,1,17,113,47.689655172413794,Good,4,68,15.0,PM2.5,0.0,0.0,0.0,15.0,0.0,0,0.0,0.0,0.0,0.0
1630,Illinois,McLean,2020,2,17,113,47.41379310344828,Good,18,63,16.0,PM2.5,0.0,0.0,0.0,16.0,0.0,0,0.0,0.0,0.0,0.0
1631,Illinois,McLean,2020,3,17,113,46.61290322580645,Good,26,67,13.0,PM2.5,0.0,0.0,0.0,13.0,0.0,0,0.0,0.0,0.0,0.0
1632,Illinois,McLean,2020,4,17,113,48.36666666666667,Good,35,80,12.0,PM2.5,0.0,1.0,0.0,11.0,0.0,0,0.0,0.0,0.0,0.0
1633,Illinois,McLean,2020,5,17,113,41.806451612903224,Good,27,58,5.0,PM2.5,0.0,1.0,0.0,4.0,0.0,0,0.0,0.0,0.0,0.0
1634,Illinois,McLean,2020,6,17,113,58.5,Moderate,40,100,16.0,Ozone,0.0,12.0,0.0,4.0,0.0,0,0.0,0.0,0.0,0.0
1635,Illinois,McLean,2020,7,17,113,54.54838709677419,Moderate,31,136,13.0,Ozone,0.0,7.0,0.0,6.0,3.0,Ozone,0.0,3.0,0.0,0.0
1636,Illinois,McLean,2020,8,17,113,46.096774193548384,Good,24,61,11.0,PM2.5,0.0,2.0,0.0,9.0,0.0,0,0.0,0.0,0.0,0.0
1637,Illinois,McLean,2020,9,17,113,43.833333333333336,Good,22,63,11.0,PM2.5,0.0,0.0,0.0,11.0,0.0,0,0.0,0.0,0.0,0.0
1638,Illinois,McLean,2020,10,17,113,44.064516129032256,Good,22,80,9.0,PM2.5,0.0,0.0,0.0,9.0,0.0,0,0.0,0.0,0.0,0.0
1639,Illinois,McLean,2020,11,17,113,46.93333333333333,Good,13,64,15.0,PM2.5,0.0,0.0,0.0,15.0,0.0,0,0.0,0.0,0.0,0.0
1640,Illinois,McLean,2020,12,17,113,53.193548387096776,Moderate,29,85,21.0,PM2.5,0.0,0.0,0.0,21.0,0.0,0,0.0,0.0,0.0,0.0
1641,Illinois,McLean,2021,1,17,113,50.54838709677419,Moderate,27,67,17.0,PM2.5,0.0,0.0,0.0,17.0,0.0,0,0.0,0.0,0.0,0.0
1642,Illinois,McLean,2021,2,17,113,50.964285714285715,Moderate,24,74,17.0,PM2.5,0.0,0.0,0.0,17.0,0.0,0,0.0,0.0,0.0,0.0
1643,Illinois,McLean,2021,3,17,113,47.74193548387097,Good,28,67,14.0,PM2.5,0.0,0.0,0.0,14.0,0.0,0,0.0,0.0,0.0,0.0
1644,Illinois,McLean,2021,4,17,113,45.733333333333334,Good,23,87,12.0,PM2.5,0.0,1.0,0.0,11.0,0.0,0,0.0,0.0,0.0,0.0
1645,Illinois,McLean,2021,5,17,113,44.935483870967744,Good,28,61,10.0,PM2.5,0.0,1.0,0.0,9.0,0.0,0,0.0,0.0,0.0,0.0
1646,Illinois,McLean,2021,6,17,113,47.9,Good,24,87,14.0,Ozone,0.0,11.0,0.0,3.0,0.0,0,0.0,0.0,0.0,0.0
1647,Illinois,McLean,2021,7,17,113,56.354838709677416,Moderate,31,107,17.0,PM2.5,0.0,0.0,0.0,17.0,1.0,PM2.5,0.0,0.0,0.0,1.0
1648,Illinois,McLean,2021,8,17,113,52.67741935483871,Moderate,35,98,18.0,PM2.5,0.0,0.0,0.0,18.0,0.0,0,0.0,0.0,0.0,0.0
1649,Illinois,McLean,2021,9,17,113,47.43333333333333,Good,26,76,13.0,PM2.5,0.0,1.0,0.0,12.0,0.0,0,0.0,0.0,0.0,0.0
1650,Illinois,McLean,2021,10,17,113,40.516129032258064,Good,23,67,8.0,PM2.5,0.0,0.0,0.0,8.0,0.0,0,0.0,0.0,0.0,0.0
1651,Illinois,McLean,2021,11,17,113,43.6,Good,14,81,14.0,PM2.5,0.0,0.0,0.0,14.0,0.0,0,0.0,0.0,0.0,0.0
1652,Illinois,McLean,2021,12,17,113,47.74193548387097,Good,21,63,20.0,PM2.5,0.0,0.0,0.0,20.0,0.0,0,0.0,0.0,0.0,0.0
1653,Illinois,McLean,2022,1,17,113,48.32258064516129,Good,27,79,14.0,PM2.5,0.0,0.0,0.0,14.0,0.0,0,0.0,0.0,0.0,0.0
1654,Illinois,McLean,2022,2,17,113,46.07142857142857,Good,28,64,13.0,PM2.5,0.0,0.0,0.0,13.0,0.0,0,0.0,0.0,0.0,0.0
1655,Illinois,McLean,2022,3,17,113,45.935483870967744,Good,29,68,11.0,PM2.5,0.0,1.0,0.0,10.0,0.0,0,0.0,0.0,0.0,0.0
1656,Illinois,McLean,2022,4,17,113,43.06666666666667,Good,29,58,7.0,PM2.5,0.0,0.0,0.0,7.0,0.0,0,0.0,0.0,0.0,0.0
1657,Illinois,McLean,2022,5,17,113,51.29032258064516,Moderate,27,87,12.0,Ozone,0.0,7.0,0.0,5.0,0.0,0,0.0,0.0,0.0,0.0
1658,Illinois,McLean,2022,6,17,113,65.8,Moderate,33,129,23.0,Ozone,0.0,16.0,0.0,7.0,2.0,Ozone,0.0,2.0,0.0,0.0
1659,Illinois,McLean,2022,7,17,113,48.96774193548387,Good,32,78,18.0,PM2.5,0.0,3.0,0.0,15.0,0.0,0,0.0,0.0,0.0,0.0
1660,Illinois,McLean,2022,8,17,113,44.25806451612903,Good,31,54,7.0,PM2.5,0.0,0.0,0.0,7.0,0.0,0,0.0,0.0,0.0,0.0
1661,Illinois,McLean,2022,9,17,113,42.43333333333333,Good,25,63,9.0,PM2.5,0.0,0.0,0.0,9.0,0.0,0,0.0,0.0,0.0,0.0
1662,Illinois,McLean,2022,10,17,113,44.67741935483871,Good,21,63,11.0,PM2.5,0.0,1.0,0.0,10.0,0.0,0,0.0,0.0,0.0,0.0
1663,Illinois,McLean,2022,11,17,113,48.0,Good,26,67,17.0,PM2.5,0.0,0.0,0.0,17.0,0.0,0,0.0,0.0,0.0,0.0
1664,Illinois,McLean,2022,12,17,113,48.903225806451616,Good,15,89,16.0,PM2.5,0.0,0.0,0.0,16.0,0.0,0,0.0,0.0,0.0,0.0
1665,Illinois,McLean,2023,1,17,113,50.516129032258064,Moderate,27,73,18.0,PM2.5,0.0,0.0,0.0,18.0,0.0,0,0.0,0.0,0.0,0.0
1666,Illinois,McLean,2023,2,17,113,42.892857142857146,Good,24,63,9.0,PM2.5,0.0,0.0,0.0,9.0,0.0,0,0.0,0.0,0.0,0.0
1667,Illinois,McLean,2023,3,17,113,47.483870967741936,Good,32,67,13.0,PM2.5,0.0,0.0,0.0,13.0,0.0,0,0.0,0.0,0.0,0.0
1668,Illinois,McLean,2023,4,17,113,48.43333333333333,Good,28,71,12.0,Ozone,0.0,6.0,0.0,6.0,0.0,0,0.0,0.0,0.0,0.0
1669,Illinois,McLean,2023,5,17,113,66.51612903225806,Moderate,37,136,25.0,Ozone,0.0,19.0,0.0,6.0,3.0,Ozone,0.0,3.0,0.0,0.0
1670,Illinois,McLean,2023,6,17,113,98.33333333333333,Moderate,45,289,29.0,Ozone,0.0,17.0,0.0,12.0,9.0,Ozone,0.0,6.0,0.0,3.0
1671,Illinois,McLean,2023,7,17,113,56.96774193548387,Moderate,34,165,15.0,PM2.5,0.0,2.0,0.0,13.0,1.0,PM2.5,0.0,0.0,0.0,1.0
1672,Illinois,McLean,2023,8,17,113,53.58064516129032,Moderate,27,69,20.0,PM2.5,0.0,0.0,0.0,20.0,0.0,0,0.0,0.0,0.0,0.0
1673,Illinois,McLean,2023,9,17,113,50.9,Moderate,29,77,17.0,PM2.5,0.0,5.0,0.0,12.0,0.0,0,0.0,0.0,0.0,0.0
1674,Illinois,McLean,2023,10,17,113,44.935483870967744,Good,22,74,13.0,PM2.5,0.0,3.0,0.0,10.0,0.0,0,0.0,0.0,0.0,0.0
1675,Illinois,McLean,2023,11,17,113,39.93333333333333,Good,18,58,4.0,PM2.5,0.0,0.0,0.0,4.0,0.0,0,0.0,0.0,0.0,0.0
1676,Illinois,McLean,2023,12,17,113,34.96774193548387,Good,16,59,6.0,PM2.5,0.0,0.0,0.0,6.0,0.0,0,0.0,0.0,0.0,0.0
1677,Illinois,McLean,2024,1,17,113,36.54838709677419,Good,14,57,5.0,PM2.5,0.0,0.0,0.0,5.0,0.0,0,0.0,0.0,0.0,0.0
1678,Illinois,McLean,2024,2,17,113,40.62068965517241,Good,14,65,10.0,PM2.5,0.0,0.0,0.0,10.0,0.0,0,0.0,0.0,0.0,0.0
1679,Illinois,McLean,2024,3,17,113,43.516129032258064,Good,29,66,10.0,PM2.5,0.0,0.0,0.0,10.0,0.0,0,0.0,0.0,0.0,0.0
1680,Illinois,McLean,2024,4,17,113,43.53333333333333,Good,32,64,4.0,Ozone,0.0,4.0,0.0,0.0,0.0,0,0.0,0.0,0.0,0.0
1681,Illinois,McLean,2024,5,17,113,54.516129032258064,Moderate,34,80,16.0,Ozone,0.0,16.0,0.0,0.0,0.0,0,0.0,0.0,0.0,0.0
1682,Illinois,McLean,2024,6,17,113,53.06666666666667,Moderate,32,112,14.0,Ozone,0.0,10.0,0.0,4.0,1.0,Ozone,0.0,1.0,0.0,0.0
1683,Illinois,McLean,2024,7,17,113,47.87096774193548,Good,27,67,12.0,PM2.5,0.0,3.0,0.0,9.0,0.0,0,0.0,0.0,0.0,0.0
1684,Illinois,McLean,2024,8,17,113,46.29032258064516,Good,28,71,10.0,PM2.5,0.0,2.0,0.0,8.0,0.0,0,0.0,0.0,0.0,0.0
1685,Illinois,McLean,2024,9,17,113,45.233333333333334,Good,28,84,7.0,Ozone,0.0,6.0,0.0,1.0,0.0,0,0.0,0.0,0.0,0.0
1686,Illinois,McLean,2024,10,17,113,47.516129032258064,Good,30,84,10.0,PM2.5,0.0,4.0,0.0,6.0,0.0,0,0.0,0.0,0.0,0.0
1687,Illinois,McLean,2024,11,17,113,34.766666666666666,Good,13,54,8.0,PM2.5,0.0,0.0,0.0,8.0,0.0,0,0.0,0.0,0.0,0.0
1688,Illinois,McLean,2024,12,17,113,39.67741935483871,Good,23,68,6.0,PM2.5,0.0,0.0,0.0,6.0,0.0,0,0.0,0.0,0.0,0.0
1689,Illinois,McLean,2025,1,17,113,34.354838709677416,Good,18,69,3.0,PM2.5,0.0,0.0,0.0,3.0,0.0,0,0.0,0.0,0.0,0.0
1690,Illinois,McLean,2025,2,17,113,39.142857142857146,Good,17,65,6.0,PM2.5,0.0,0.0,0.0,6.0,0.0,0,0.0,0.0,0.0,0.0
1691,Illinois,McLean,2025,3,17,113,45.193548387096776,Good,29,84,6.0,PM2.5,0.0,2.0,0.0,4.0,0.0,0,0.0,0.0,0.0,0.0
1692,Illinois,McLean,2025,4,17,113,43.6,Good,23,67,9.0,PM2.5,0.0,2.0,0.0,7.0,0.0,0,0.0,0.0,0.0,0.0
1693,Illinois,McLean,2025,5,17,113,48.354838709677416,Good,24,87,12.0,Ozone,0.0,9.0,0.0,3.0,0.0,0,0.0,0.0,0.0,0.0
1694,Illinois,McLean,2025,6,17,113,62.2,Moderate,36,126,19.0,PM2.5,0.0,7.0,0.0,12.0,2.0,PM2.5,0.0,0.0,0.0,2.0
1695,Illinois,Peoria,2016,1,17,143,49.38709677419355,Good,27,71,17.0,PM2.5,0.0,0.0,0.0,17.0,0.0,0,0.0,0.0,0.0,0.0
1696,Illinois,Peoria,2016,2,17,143,45.55172413793103,Good,31,63,10.0,PM2.5,0.0,0.0,0.0,10.0,0.0,0,0.0,0.0,0.0,0.0
1697,Illinois,Peoria,2016,3,17,143,49.45161290322581,Good,23,69,19.0,PM2.5,0.0,0.0,0.0,19.0,0.0,0,0.0,0.0,0.0,0.0
1698,Illinois,Peoria,2016,4,17,143,49.666666666666664,Good,33,97,9.0,Ozone,0.0,7.0,0.0,2.0,0.0,0,0.0,0.0,0.0,0.0
1699,Illinois,Peoria,2016,5,17,143,50.516129032258064,Moderate,35,90,10.0,Ozone,0.0,9.0,0.0,1.0,0.0,0,0.0,0.0,0.0,0.0
1700,Illinois,Peoria,2016,6,17,143,61.7,Moderate,34,108,22.0,Ozone,0.0,18.0,0.0,4.0,2.0,Ozone,0.0,2.0,0.0,0.0
1701,Illinois,Peoria,2016,7,17,143,53.58064516129032,Moderate,42,65,20.0,PM2.5,0.0,0.0,0.0,20.0,0.0,0,0.0,0.0,0.0,0.0
1702,Illinois,Peoria,2016,8,17,143,53.096774193548384,Moderate,20,66,24.0,PM2.5,0.0,1.0,0.0,23.0,0.0,0,0.0,0.0,0.0,0.0
1703,Illinois,Peoria,2016,9,17,143,44.4,Good,27,71,6.0,PM2.5,0.0,2.0,0.0,4.0,0.0,0,0.0,0.0,0.0,0.0
1704,Illinois,Peoria,2016,10,17,143,37.064516129032256,Good,18,58,4.0,PM2.5,0.0,0.0,0.0,4.0,0.0,0,0.0,0.0,0.0,0.0
1705,Illinois,Peoria,2016,11,17,143,45.7,Good,23,62,16.0,PM2.5,0.0,0.0,0.0,16.0,0.0,0,0.0,0.0,0.0,0.0
1706,Illinois,Peoria,2016,12,17,143,34.16129032258065,Good,19,57,3.0,PM2.5,0.0,0.0,0.0,3.0,0.0,0,0.0,0.0,0.0,0.0
1707,Illinois,Peoria,2017,1,17,143,39.193548387096776,Good,21,67,7.0,PM2.5,0.0,0.0,0.0,7.0,0.0,0,0.0,0.0,0.0,0.0
1708,Illinois,Peoria,2017,2,17,143,46.535714285714285,Good,30,73,12.0,PM2.5,0.0,0.0,0.0,12.0,0.0,0,0.0,0.0,0.0,0.0
1709,Illinois,Peoria,2017,3,17,143,44.45161290322581,Good,33,58,8.0,PM2.5,0.0,0.0,0.0,8.0,0.0,0,0.0,0.0,0.0,0.0
1710,Illinois,Peoria,2017,4,17,143,51.86666666666667,Moderate,37,80,17.0,PM2.5,0.0,7.0,0.0,10.0,0.0,0,0.0,0.0,0.0,0.0
1711,Illinois,Peoria,2017,5,17,143,57.935483870967744,Moderate,43,80,24.0,PM2.5,0.0,7.0,0.0,17.0,0.0,0,0.0,0.0,0.0,0.0
1712,Illinois,Peoria,2017,6,17,143,60.9,Moderate,37,115,17.0,Ozone,0.0,11.0,0.0,6.0,3.0,Ozone,0.0,3.0,0.0,0.0
1713,Illinois,Peoria,2017,7,17,143,52.806451612903224,Moderate,31,100,20.0,PM2.5,0.0,4.0,0.0,16.0,0.0,0,0.0,0.0,0.0,0.0
1714,Illinois,Peoria,2017,8,17,143,50.645161290322584,Moderate,37,62,20.0,PM2.5,0.0,2.0,0.0,18.0,0.0,0,0.0,0.0,0.0,0.0
1715,Illinois,Peoria,2017,9,17,143,52.0,Moderate,31,80,16.0,PM2.5,0.0,5.0,0.0,11.0,0.0,0,0.0,0.0,0.0,0.0
1716,Illinois,Peoria,2017,10,17,143,43.12903225806452,Good,25,66,9.0,PM2.5,0.0,1.0,0.0,8.0,0.0,0,0.0,0.0,0.0,0.0
1717,Illinois,Peoria,2017,11,17,143,53.2,Moderate,30,76,22.0,PM2.5,0.0,0.0,0.0,22.0,0.0,0,0.0,0.0,0.0,0.0
1718,Illinois,Peoria,2017,12,17,143,52.516129032258064,Moderate,29,79,21.0,PM2.5,0.0,0.0,0.0,21.0,0.0,0,0.0,0.0,0.0,0.0
1719,Illinois,Peoria,2018,1,17,143,52.32258064516129,Moderate,26,79,21.0,PM2.5,0.0,0.0,0.0,21.0,0.0,0,0.0,0.0,0.0,0.0
1720,Illinois,Peoria,2018,2,17,143,52.57142857142857,Moderate,18,73,17.0,PM2.5,0.0,0.0,0.0,17.0,0.0,0,0.0,0.0,0.0,0.0
1721,Illinois,Peoria,2018,3,17,143,51.0,Moderate,31,67,19.0,PM2.5,0.0,0.0,0.0,19.0,0.0,0,0.0,0.0,0.0,0.0
1722,Illinois,Peoria,2018,4,17,143,48.266666666666666,Good,33,77,11.0,PM2.5,0.0,5.0,0.0,6.0,0.0,0,0.0,0.0,0.0,0.0
1723,Illinois,Peoria,2018,5,17,143,65.16129032258064,Moderate,31,101,25.0,Ozone,0.0,17.0,0.0,8.0,3.0,Ozone,0.0,3.0,0.0,0.0
1724,Illinois,Peoria,2018,6,17,143,53.266666666666666,Moderate,35,100,12.0,PM2.5,0.0,5.0,0.0,7.0,0.0,0,0.0,0.0,0.0,0.0
1725,Illinois,Peoria,2018,7,17,143,46.806451612903224,Good,31,68,11.0,PM2.5,0.0,1.0,0.0,10.0,0.0,0,0.0,0.0,0.0,0.0
1726,Illinois,Peoria,2018,8,17,143,54.83870967741935,Moderate,35,93,22.0,PM2.5,0.0,1.0,0.0,21.0,0.0,0,0.0,0.0,0.0,0.0
1727,Illinois,Peoria,2018,9,17,143,39.666666666666664,Good,19,71,6.0,PM2.5,0.0,2.0,0.0,4.0,0.0,0,0.0,0.0,0.0,0.0
1728,Illinois,Peoria,2018,10,17,143,36.225806451612904,Good,19,65,4.0,PM2.5,0.0,0.0,0.0,4.0,0.0,0,0.0,0.0,0.0,0.0
1729,Illinois,Peoria,2018,11,17,143,47.43333333333333,Good,24,92,13.0,PM2.5,0.0,0.0,0.0,13.0,0.0,0,0.0,0.0,0.0,0.0
1730,Illinois,Peoria,2018,12,17,143,47.935483870967744,Good,18,80,15.0,PM2.5,0.0,0.0,0.0,15.0,0.0,0,0.0,0.0,0.0,0.0
1731,Illinois,Peoria,2019,1,17,143,46.12903225806452,Good,23,71,15.0,PM2.5,0.0,0.0,0.0,15.0,0.0,0,0.0,0.0,0.0,0.0
1732,Illinois,Peoria,2019,2,17,143,49.464285714285715,Good,19,75,14.0,PM2.5,0.0,0.0,0.0,14.0,0.0,0,0.0,0.0,0.0,0.0
1733,Illinois,Peoria,2019,3,17,143,49.54838709677419,Good,37,69,12.0,PM2.5,0.0,0.0,0.0,12.0,0.0,0,0.0,0.0,0.0,0.0
1734,Illinois,Peoria,2019,4,17,143,45.666666666666664,Good,26,64,7.0,Ozone,0.0,5.0,0.0,2.0,0.0,0,0.0,0.0,0.0,0.0
1735,Illinois,Peoria,2019,5,17,143,42.354838709677416,Good,25,61,5.0,Ozone,0.0,5.0,0.0,0.0,0.0,0,0.0,0.0,0.0,0.0
1736,Illinois,Peoria,2019,6,17,143,52.53333333333333,Moderate,34,87,14.0,Ozone,0.0,8.0,0.0,6.0,0.0,0,0.0,0.0,0.0,0.0
1737,Illinois,Peoria,2019,7,17,143,52.03225806451613,Moderate,33,101,17.0,PM2.5,0.0,3.0,0.0,14.0,1.0,Ozone,0.0,1.0,0.0,0.0
1738,Illinois,Peoria,2019,8,17,143,45.064516129032256,Good,28,101,7.0,Ozone,0.0,7.0,0.0,0.0,1.0,Ozone,0.0,1.0,0.0,0.0
1739,Illinois,Peoria,2019,9,17,143,42.666666666666664,Good,25,60,10.0,PM2.5,0.0,2.0,0.0,8.0,0.0,0,0.0,0.0,0.0,0.0
1740,Illinois,Peoria,2019,10,17,143,33.16129032258065,Good,21,46,0.0,0,0.0,0.0,0.0,0.0,0.0,0,0.0,0.0,0.0,0.0
1741,Illinois,Peoria,2019,11,17,143,41.0,Good,12,78,10.0,PM2.5,0.0,0.0,0.0,10.0,0.0,0,0.0,0.0,0.0,0.0
1742,Illinois,Peoria,2019,12,17,143,48.225806451612904,Good,18,71,17.0,PM2.5,0.0,0.0,0.0,17.0,0.0,0,0.0,0.0,0.0,0.0
1743,Illinois,Peoria,2020,1,17,143,44.483870967741936,Good,14,71,14.0,PM2.5,0.0,0.0,0.0,14.0,0.0,0,0.0,0.0,0.0,0.0
1744,Illinois,Peoria,2020,2,17,143,40.51724137931034,Good,11,64,11.0,PM2.5,0.0,0.0,0.0,11.0,0.0,0,0.0,0.0,0.0,0.0
1745,Illinois,Peoria,2020,3,17,143,41.03225806451613,Good,23,65,7.0,PM2.5,0.0,0.0,0.0,7.0,0.0,0,0.0,0.0,0.0,0.0
1746,Illinois,Peoria,2020,4,17,143,44.233333333333334,Good,31,63,4.0,PM2.5,0.0,1.0,0.0,3.0,0.0,0,0.0,0.0,0.0,0.0
1747,Illinois,Peoria,2020,5,17,143,39.12903225806452,Good,26,49,0.0,0,0.0,0.0,0.0,0.0,0.0,0,0.0,0.0,0.0,0.0
1748,Illinois,Peoria,2020,6,17,143,56.166666666666664,Moderate,37,100,17.0,Ozone,0.0,11.0,0.0,6.0,0.0,0,0.0,0.0,0.0,0.0
1749,Illinois,Peoria,2020,7,17,143,49.83870967741935,Good,24,115,8.0,Ozone,0.0,6.0,0.0,2.0,1.0,Ozone,0.0,1.0,0.0,0.0
1750,Illinois,Peoria,2020,8,17,143,45.67741935483871,Good,19,61,10.0,PM2.5,0.0,2.0,0.0,8.0,0.0,0,0.0,0.0,0.0,0.0
1751,Illinois,Peoria,2020,9,17,143,35.5,Good,15,52,1.0,PM2.5,0.0,0.0,0.0,1.0,0.0,0,0.0,0.0,0.0,0.0
1752,Illinois,Peoria,2020,10,17,143,40.516129032258064,Good,19,67,8.0,PM2.5,0.0,0.0,0.0,8.0,0.0,0,0.0,0.0,0.0,0.0
1753,Illinois,Peoria,2020,11,17,143,48.25,Good,16,66,16.0,PM2.5,0.0,0.0,0.0,16.0,0.0,0,0.0,0.0,0.0,0.0
1754,Illinois,Peoria,2020,12,17,143,53.806451612903224,Moderate,16,89,21.0,PM2.5,0.0,0.0,0.0,21.0,0.0,0,0.0,0.0,0.0,0.0
1755,Illinois,Peoria,2021,1,17,143,48.7037037037037,Good,24,67,13.0,PM2.5,0.0,0.0,0.0,13.0,0.0,0,0.0,0.0,0.0,0.0
1756,Illinois,Peoria,2021,2,17,143,47.5,Good,13,75,15.0,PM2.5,0.0,0.0,0.0,15.0,0.0,0,0.0,0.0,0.0,0.0
1757,Illinois,Peoria,2021,3,17,143,48.67741935483871,Good,27,70,16.0,PM2.5,0.0,0.0,0.0,16.0,0.0,0,0.0,0.0,0.0,0.0
1758,Illinois,Peoria,2021,4,17,143,47.266666666666666,Good,24,87,12.0,PM2.5,0.0,2.0,0.0,10.0,0.0,0,0.0,0.0,0.0,0.0
1759,Illinois,Peoria,2021,5,17,143,46.67741935483871,Good,32,61,12.0,PM2.5,0.0,2.0,0.0,10.0,0.0,0,0.0,0.0,0.0,0.0
1760,Illinois,Peoria,2021,6,17,143,55.333333333333336,Moderate,29,101,17.0,Ozone,0.0,12.0,0.0,5.0,1.0,Ozone,0.0,1.0,0.0,0.0
1761,Illinois,Peoria,2021,7,17,143,56.03225806451613,Moderate,26,97,18.0,PM2.5,0.0,1.0,0.0,17.0,0.0,0,0.0,0.0,0.0,0.0
1762,Illinois,Peoria,2021,8,17,143,54.03225806451613,Moderate,38,86,21.0,PM2.5,0.0,0.0,0.0,21.0,0.0,0,0.0,0.0,0.0,0.0
1763,Illinois,Peoria,2021,9,17,143,47.36666666666667,Good,25,74,12.0,PM2.5,0.0,2.0,0.0,10.0,0.0,0,0.0,0.0,0.0,0.0
1764,Illinois,Peoria,2021,10,17,143,39.225806451612904,Good,16,65,7.0,PM2.5,0.0,0.0,0.0,7.0,0.0,0,0.0,0.0,0.0,0.0
1765,Illinois,Peoria,2021,11,17,143,49.166666666666664,Good,15,89,16.0,PM2.5,0.0,0.0,0.0,16.0,0.0,0,0.0,0.0,0.0,0.0
1766,Illinois,Peoria,2021,12,17,143,52.29032258064516,Moderate,21,71,21.0,PM2.5,0.0,0.0,0.0,21.0,0.0,0,0.0,0.0,0.0,0.0
1767,Illinois,Peoria,2022,1,17,143,51.774193548387096,Moderate,29,85,18.0,PM2.5,0.0,0.0,0.0,18.0,0.0,0,0.0,0.0,0.0,0.0
1768,Illinois,Peoria,2022,2,17,143,48.607142857142854,Good,29,70,14.0,PM2.5,0.0,0.0,0.0,14.0,0.0,0,0.0,0.0,0.0,0.0
1769,Illinois,Peoria,2022,3,17,143,48.193548387096776,Good,29,82,15.0,PM2.5,0.0,0.0,0.0,15.0,0.0,0,0.0,0.0,0.0,0.0
1770,Illinois,Peoria,2022,4,17,143,43.0,Good,28,58,8.0,PM2.5,0.0,0.0,0.0,8.0,0.0,0,0.0,0.0,0.0,0.0
1771,Illinois,Peoria,2022,5,17,143,49.483870967741936,Good,27,80,11.0,PM2.5,0.0,5.0,0.0,6.0,0.0,0,0.0,0.0,0.0,0.0
1772,Illinois,Peoria,2022,6,17,143,62.166666666666664,Moderate,37,100,21.0,Ozone,0.0,13.0,0.0,8.0,0.0,0,0.0,0.0,0.0,0.0
1773,Illinois,Peoria,2022,7,17,143,49.483870967741936,Good,32,86,14.0,PM2.5,0.0,1.0,0.0,13.0,0.0,0,0.0,0.0,0.0,0.0
1774,Illinois,Peoria,2022,8,17,143,45.87096774193548,Good,31,58,8.0,PM2.5,0.0,0.0,0.0,8.0,0.0,0,0.0,0.0,0.0,0.0
1775,Illinois,Peoria,2022,9,17,143,42.266666666666666,Good,26,63,9.0,PM2.5,0.0,0.0,0.0,9.0,0.0,0,0.0,0.0,0.0,0.0
1776,Illinois,Peoria,2022,10,17,143,47.38709677419355,Good,22,75,12.0,PM2.5,0.0,0.0,0.0,12.0,0.0,0,0.0,0.0,0.0,0.0
1777,Illinois,Peoria,2022,11,17,143,48.86666666666667,Good,27,81,8.0,PM2.5,0.0,0.0,0.0,8.0,0.0,0,0.0,0.0,0.0,0.0
1778,Illinois,Peoria,2023,1,17,143,50.81818181818182,Moderate,27,76,12.0,PM2.5,0.0,0.0,0.0,12.0,0.0,0,0.0,0.0,0.0,0.0
1779,Illinois,Peoria,2023,2,17,143,45.583333333333336,Good,31,57,5.0,PM2.5,0.0,0.0,0.0,5.0,0.0,0,0.0,0.0,0.0,0.0
1780,Illinois,Peoria,2023,3,17,143,38.70967741935484,Good,26,54,1.0,Ozone,0.0,1.0,0.0,0.0,0.0,0,0.0,0.0,0.0,0.0
1781,Illinois,Peoria,2023,4,17,143,49.56666666666667,Good,30,84,14.0,Ozone,0.0,7.0,0.0,7.0,0.0,0,0.0,0.0,0.0,0.0
1782,Illinois,Peoria,2023,5,17,143,73.6774193548387,Moderate,43,151,25.0,Ozone,0.0,19.0,0.0,6.0,6.0,Ozone,0.0,6.0,0.0,0.0
1783,Illinois,Peoria,2023,6,17,143,93.93333333333334,Moderate,43,143,25.0,Ozone,0.0,25.0,0.0,0.0,15.0,Ozone,0.0,15.0,0.0,0.0
1784,Illinois,Peoria,2023,7,17,143,53.935483870967744,Moderate,37,109,10.0,Ozone,0.0,6.0,0.0,4.0,1.0,PM2.5,0.0,0.0,0.0,1.0
1785,Illinois,Peoria,2023,8,17,143,48.903225806451616,Good,27,71,15.0,PM2.5,0.0,1.0,0.0,14.0,0.0,0,0.0,0.0,0.0,0.0
1786,Illinois,Peoria,2023,9,17,143,49.6,Good,27,77,16.0,PM2.5,0.0,4.0,0.0,12.0,0.0,0,0.0,0.0,0.0,0.0
1787,Illinois,Peoria,2023,10,17,143,42.806451612903224,Good,21,71,10.0,PM2.5,0.0,3.0,0.0,7.0,0.0,0,0.0,0.0,0.0,0.0
1788,Illinois,Peoria,2023,11,17,143,44.53333333333333,Good,17,69,11.0,PM2.5,0.0,0.0,0.0,11.0,0.0,0,0.0,0.0,0.0,0.0
1789,Illinois,Peoria,2023,12,17,143,38.96774193548387,Good,17,58,9.0,PM2.5,0.0,0.0,0.0,9.0,0.0,0,0.0,0.0,0.0,0.0
1790,Illinois,Peoria,2024,1,17,143,39.666666666666664,Good,17,53,1.0,PM2.5,0.0,0.0,0.0,1.0,0.0,0,0.0,0.0,0.0,0.0
1791,Illinois,Peoria,2024,2,17,143,43.37931034482759,Good,12,89,10.0,PM2.5,0.0,0.0,0.0,10.0,0.0,0,0.0,0.0,0.0,0.0
1792,Illinois,Peoria,2024,3,17,143,42.87096774193548,Good,29,70,9.0,PM2.5,0.0,0.0,0.0,9.0,0.0,0,0.0,0.0,0.0,0.0
1793,Illinois,Peoria,2024,4,17,143,42.13333333333333,Good,32,61,4.0,Ozone,0.0,4.0,0.0,0.0,0.0,0,0.0,0.0,0.0,0.0
1794,Illinois,Peoria,2024,5,17,143,49.70967741935484,Good,33,77,9.0,Ozone,0.0,6.0,0.0,3.0,0.0,0,0.0,0.0,0.0,0.0
1795,Illinois,Peoria,2024,6,17,143,50.233333333333334,Moderate,34,100,12.0,Ozone,0.0,6.0,0.0,6.0,0.0,0,0.0,0.0,0.0,0.0
1796,Illinois,Peoria,2024,7,17,143,48.29032258064516,Good,33,72,15.0,PM2.5,0.0,1.0,0.0,14.0,0.0,0,0.0,0.0,0.0,0.0
1797,Illinois,Peoria,2024,8,17,143,47.25806451612903,Good,27,63,12.0,PM2.5,0.0,1.0,0.0,11.0,0.0,0,0.0,0.0,0.0,0.0
1798,Illinois,Peoria,2024,9,17,143,42.5,Good,25,71,6.0,Ozone,0.0,6.0,0.0,0.0,0.0,0,0.0,0.0,0.0,0.0
1799,Illinois,Peoria,2024,10,17,143,46.25806451612903,Good,28,74,11.0,PM2.5,0.0,1.0,0.0,10.0,0.0,0,0.0,0.0,0.0,0.0
1800,Illinois,Peoria,2024,11,17,143,36.5,Good,12,60,10.0,PM2.5,0.0,0.0,0.0,10.0,0.0,0,0.0,0.0,0.0,0.0
1801,Illinois,Peoria,2024,12,17,143,42.483870967741936,Good,23,70,9.0,PM2.5,0.0,0.0,0.0,9.0,0.0,0,0.0,0.0,0.0,0.0
1802,Illinois,Peoria,2025,1,17,143,36.354838709677416,Good,17,66,4.0,PM2.5,0.0,0.0,0.0,4.0,0.0,0,0.0,0.0,0.0,0.0
1803,Illinois,Peoria,2025,2,17,143,40.2,Good,19,63,7.0,PM2.5,0.0,0.0,0.0,7.0,0.0,0,0.0,0.0,0.0,0.0
1804,Illinois,Peoria,2025,3,17,143,44.096774193548384,Good,28,85,5.0,PM2.5,0.0,1.0,0.0,4.0,0.0,0,0.0,0.0,0.0,0.0
1805,Illinois,Peoria,2025,4,17,143,46.2,Good,30,67,12.0,PM2.5,0.0,3.0,0.0,9.0,0.0,0,0.0,0.0,0.0,0.0
1806,Illinois,Peoria,2025,5,17,143,46.74193548387097,Good,24,84,11.0,Ozone,0.0,8.0,0.0,3.0,0.0,0,0.0,0.0,0.0,0.0
1807,Illinois,Peoria,2025,6,17,143,63.666666666666664,Moderate,33,122,22.0,PM2.5,0.0,2.0,0.0,20.0,2.0,PM2.5,0.0,0.0,0.0,2.0
1808,Illinois,Randolph,2016,1,17,157,38.18181818181818,Good,13,75,3.0,PM2.5,0.0,0.0,0.0,3.0,0.0,0,0.0,0.0,0.0,0.0
1809,Illinois,Randolph,2016,2,17,157,46.833333333333336,Good,32,64,3.0,PM2.5,0.0,0.0,0.0,3.0,0.0,0,0.0,0.0,0.0,0.0
1810,Illinois,Randolph,2016,3,17,157,31.1,Good,18,67,1.0,PM2.5,0.0,0.0,0.0,1.0,0.0,0,0.0,0.0,0.0,0.0
1811,Illinois,Randolph,2016,4,17,157,47.5,Good,24,87,8.0,Ozone,0.0,6.0,0.0,2.0,0.0,0,0.0,0.0,0.0,0.0
1812,Illinois,Randolph,2016,5,17,157,45.55172413793103,Good,29,80,5.0,Ozone,0.0,5.0,0.0,0.0,0.0,0,0.0,0.0,0.0,0.0
1813,Illinois,Randolph,2016,6,17,157,54.63333333333333,Moderate,23,119,14.0,Ozone,0.0,9.0,0.0,5.0,1.0,Ozone,0.0,1.0,0.0,0.0
1814,Illinois,Randolph,2016,7,17,157,38.93333333333333,Good,26,59,2.0,PM2.5,0.0,0.0,0.0,2.0,0.0,0,0.0,0.0,0.0,0.0
1815,Illinois,Randolph,2016,8,17,157,34.29032258064516,Good,14,61,3.0,PM2.5,0.0,1.0,0.0,2.0,0.0,0,0.0,0.0,0.0,0.0
1816,Illinois,Randolph,2016,9,17,157,37.53333333333333,Good,20,77,4.0,Ozone,0.0,2.0,0.0,2.0,0.0,0,0.0,0.0,0.0,0.0
1817,Illinois,Randolph,2016,10,17,157,45.096774193548384,Good,19,64,14.0,PM2.5,0.0,1.0,0.0,13.0,0.0,0,0.0,0.0,0.0,0.0
1818,Illinois,Randolph,2016,11,17,157,47.36666666666667,Good,23,69,14.0,PM2.5,0.0,0.0,0.0,14.0,0.0,0,0.0,0.0,0.0,0.0
1819,Illinois,Randolph,2016,12,17,157,47.45161290322581,Good,9,66,15.0,PM2.5,0.0,0.0,0.0,15.0,0.0,0,0.0,0.0,0.0,0.0
1820,Illinois,Randolph,2017,1,17,157,47.516129032258064,Good,28,64,14.0,PM2.5,0.0,0.0,0.0,14.0,0.0,0,0.0,0.0,0.0,0.0
1821,Illinois,Randolph,2017,2,17,157,51.857142857142854,Moderate,34,72,15.0,PM2.5,0.0,0.0,0.0,15.0,0.0,0,0.0,0.0,0.0,0.0
1822,Illinois,Randolph,2017,3,17,157,46.29032258064516,Good,33,60,7.0,PM2.5,0.0,0.0,0.0,7.0,0.0,0,0.0,0.0,0.0,0.0
1823,Illinois,Randolph,2017,4,17,157,50.06666666666667,Moderate,30,93,13.0,PM2.5,0.0,6.0,0.0,7.0,0.0,0,0.0,0.0,0.0,0.0
1824,Illinois,Randolph,2017,5,17,157,60.645161290322584,Moderate,40,115,21.0,Ozone,0.0,13.0,0.0,8.0,1.0,Ozone,0.0,1.0,0.0,0.0
1825,Illinois,Randolph,2017,6,17,157,66.06666666666666,Moderate,30,100,22.0,Ozone,0.0,19.0,0.0,3.0,0.0,0,0.0,0.0,0.0,0.0
1826,Illinois,Randolph,2017,7,17,157,55.935483870967744,Moderate,37,80,24.0,PM2.5,0.0,4.0,0.0,20.0,0.0,0,0.0,0.0,0.0,0.0
1827,Illinois,Randolph,2017,8,17,157,47.67741935483871,Good,31,59,17.0,PM2.5,0.0,0.0,0.0,17.0,0.0,0,0.0,0.0,0.0,0.0
1828,Illinois,Randolph,2017,9,17,157,49.43333333333333,Good,27,63,19.0,PM2.5,0.0,1.0,0.0,18.0,0.0,0,0.0,0.0,0.0,0.0
1829,Illinois,Randolph,2017,10,17,157,47.38709677419355,Good,19,70,13.0,PM2.5,0.0,0.0,0.0,13.0,0.0,0,0.0,0.0,0.0,0.0
1830,Illinois,Randolph,2017,11,17,157,53.875,Moderate,44,60,7.0,PM2.5,0.0,0.0,0.0,7.0,0.0,0,0.0,0.0,0.0,0.0
1831,Illinois,Randolph,2017,12,17,157,51.54838709677419,Moderate,32,74,18.0,PM2.5,0.0,0.0,0.0,18.0,0.0,0,0.0,0.0,0.0,0.0
1832,Illinois,Randolph,2018,1,17,157,53.193548387096776,Moderate,34,71,24.0,PM2.5,0.0,0.0,0.0,24.0,0.0,0,0.0,0.0,0.0,0.0
1833,Illinois,Randolph,2018,2,17,157,49.0,Good,13,75,14.0,PM2.5,0.0,0.0,0.0,14.0,0.0,0,0.0,0.0,0.0,0.0
1834,Illinois,Randolph,2018,3,17,157,54.064516129032256,Moderate,39,84,21.0,PM2.5,0.0,0.0,0.0,21.0,0.0,0,0.0,0.0,0.0,0.0
1835,Illinois,Randolph,2018,4,17,157,46.3,Good,34,64,9.0,Ozone,0.0,5.0,0.0,4.0,0.0,0,0.0,0.0,0.0,0.0
1836,Illinois,Randolph,2018,5,17,157,50.193548387096776,Moderate,23,77,15.0,PM2.5,0.0,7.0,0.0,8.0,0.0,0,0.0,0.0,0.0,0.0
1837,Illinois,Randolph,2018,6,17,157,52.93333333333333,Moderate,17,129,16.0,PM2.5,0.0,6.0,0.0,10.0,1.0,Ozone,0.0,1.0,0.0,0.0
1838,Illinois,Randolph,2018,7,17,157,50.774193548387096,Moderate,38,84,10.0,Ozone,0.0,7.0,0.0,3.0,0.0,0,0.0,0.0,0.0,0.0
1839,Illinois,Randolph,2018,8,17,157,47.54838709677419,Good,27,73,13.0,PM2.5,0.0,2.0,0.0,11.0,0.0,0,0.0,0.0,0.0,0.0
1840,Illinois,Randolph,2018,9,17,157,37.13333333333333,Good,18,57,4.0,Ozone,0.0,2.0,0.0,2.0,0.0,0,0.0,0.0,0.0,0.0
1841,Illinois,Randolph,2018,10,17,157,34.25806451612903,Good,22,55,1.0,PM2.5,0.0,0.0,0.0,1.0,0.0,0,0.0,0.0,0.0,0.0
1842,Illinois,Randolph,2018,11,17,157,36.733333333333334,Good,3,63,8.0,PM2.5,0.0,0.0,0.0,8.0,0.0,0,0.0,0.0,0.0,0.0
1843,Illinois,Randolph,2018,12,17,157,32.96551724137931,Good,14,61,3.0,PM2.5,0.0,0.0,0.0,3.0,0.0,0,0.0,0.0,0.0,0.0
1844,Illinois,Randolph,2019,1,17,157,37.806451612903224,Good,13,59,11.0,PM2.5,0.0,0.0,0.0,11.0,0.0,0,0.0,0.0,0.0,0.0
1845,Illinois,Randolph,2019,2,17,157,41.34615384615385,Good,17,68,8.0,PM2.5,0.0,0.0,0.0,8.0,0.0,0,0.0,0.0,0.0,0.0
1846,Illinois,Randolph,2019,3,17,157,49.83870967741935,Good,37,74,15.0,PM2.5,0.0,4.0,0.0,11.0,0.0,0,0.0,0.0,0.0,0.0
1847,Illinois,Randolph,2019,4,17,157,47.733333333333334,Good,18,67,11.0,Ozone,0.0,9.0,0.0,2.0,0.0,0,0.0,0.0,0.0,0.0
1848,Illinois,Randolph,2019,5,17,157,45.32258064516129,Good,32,71,8.0,Ozone,0.0,8.0,0.0,0.0,0.0,0,0.0,0.0,0.0,0.0
1849,Illinois,Randolph,2019,6,17,157,41.833333333333336,Good,9,61,3.0,Ozone,0.0,2.0,0.0,1.0,0.0,0,0.0,0.0,0.0,0.0
1850,Illinois,Randolph,2019,7,17,157,43.03225806451613,Good,16,67,9.0,PM2.5,0.0,2.0,0.0,7.0,0.0,0,0.0,0.0,0.0,0.0
1851,Illinois,Randolph,2019,8,17,157,38.56521739130435,Good,23,54,3.0,PM2.5,0.0,1.0,0.0,2.0,0.0,0,0.0,0.0,0.0,0.0
1852,Illinois,Randolph,2019,9,17,157,43.43333333333333,Good,30,97,3.0,Ozone,0.0,3.0,0.0,0.0,0.0,0,0.0,0.0,0.0,0.0
1853,Illinois,Randolph,2019,10,17,157,32.903225806451616,Good,16,47,0.0,0,0.0,0.0,0.0,0.0,0.0,0,0.0,0.0,0.0,0.0
1854,Illinois,Randolph,2019,11,17,157,50.666666666666664,Moderate,46,57,1.0,PM2.5,0.0,0.0,0.0,1.0,0.0,0,0.0,0.0,0.0,0.0
1855,Illinois,Randolph,2019,12,17,157,50.18518518518518,Moderate,11,70,18.0,PM2.5,0.0,0.0,0.0,18.0,0.0,0,0.0,0.0,0.0,0.0
1856,Illinois,Randolph,2020,1,17,157,45.61290322580645,Good,10,61,15.0,PM2.5,0.0,0.0,0.0,15.0,0.0,0,0.0,0.0,0.0,0.0
1857,Illinois,Randolph,2020,2,17,157,41.10344827586207,Good,21,58,5.0,PM2.5,0.0,0.0,0.0,5.0,0.0,0,0.0,0.0,0.0,0.0
1858,Illinois,Randolph,2020,3,17,157,44.87096774193548,Good,21,76,12.0,PM2.5,0.0,0.0,0.0,12.0,0.0,0,0.0,0.0,0.0,0.0
1859,Illinois,Randolph,2020,4,17,157,44.53333333333333,Good,31,59,6.0,PM2.5,0.0,0.0,0.0,6.0,0.0,0,0.0,0.0,0.0,0.0
1860,Illinois,Randolph,2020,5,17,157,38.58064516129032,Good,25,67,1.0,Ozone,0.0,1.0,0.0,0.0,0.0,0,0.0,0.0,0.0,0.0
1861,Illinois,Randolph,2020,6,17,157,56.13333333333333,Moderate,32,103,16.0,Ozone,0.0,8.0,0.0,8.0,2.0,PM2.5,0.0,0.0,0.0,2.0
1862,Illinois,Randolph,2020,7,17,157,44.516129032258064,Good,25,71,10.0,PM2.5,0.0,2.0,0.0,8.0,0.0,0,0.0,0.0,0.0,0.0
1863,Illinois,Randolph,2020,8,17,157,42.0,Good,23,59,10.0,PM2.5,0.0,0.0,0.0,10.0,0.0,0,0.0,0.0,0.0,0.0
1864,Illinois,Randolph,2020,9,17,157,44.6,Good,20,64,13.0,PM2.5,0.0,0.0,0.0,13.0,0.0,0,0.0,0.0,0.0,0.0
1865,Illinois,Randolph,2020,10,17,157,43.67741935483871,Good,24,94,9.0,PM2.5,0.0,0.0,0.0,9.0,0.0,0,0.0,0.0,0.0,0.0
1866,Illinois,Randolph,2020,11,17,157,40.3,Good,14,68,6.0,PM2.5,0.0,0.0,0.0,6.0,0.0,0,0.0,0.0,0.0,0.0
1867,Illinois,Randolph,2020,12,17,157,49.354838709677416,Good,13,69,20.0,PM2.5,0.0,0.0,0.0,20.0,0.0,0,0.0,0.0,0.0,0.0
1868,Illinois,Randolph,2021,1,17,157,43.61290322580645,Good,23,61,8.0,PM2.5,0.0,0.0,0.0,8.0,0.0,0,0.0,0.0,0.0,0.0
1869,Illinois,Randolph,2021,2,17,157,47.535714285714285,Good,23,70,15.0,PM2.5,0.0,0.0,0.0,15.0,0.0,0,0.0,0.0,0.0,0.0
1870,Illinois,Randolph,2021,3,17,157,43.096774193548384,Good,31,62,6.0,PM2.5,0.0,0.0,0.0,6.0,0.0,0,0.0,0.0,0.0,0.0
1871,Illinois,Randolph,2021,4,17,157,45.06666666666667,Good,28,71,8.0,PM2.5,0.0,3.0,0.0,5.0,0.0,0,0.0,0.0,0.0,0.0
1872,Illinois,Randolph,2021,5,17,157,44.38709677419355,Good,27,71,7.0,PM2.5,0.0,2.0,0.0,5.0,0.0,0,0.0,0.0,0.0,0.0
1873,Illinois,Randolph,2021,6,17,157,55.592592592592595,Moderate,31,122,14.0,Ozone,0.0,9.0,0.0,5.0,1.0,Ozone,0.0,1.0,0.0,0.0
1874,Illinois,Randolph,2021,7,17,157,55.935483870967744,Moderate,29,94,20.0,PM2.5,0.0,2.0,0.0,18.0,0.0,0,0.0,0.0,0.0,0.0
1875,Illinois,Randolph,2021,8,17,157,51.193548387096776,Moderate,28,100,17.0,PM2.5,0.0,0.0,0.0,17.0,0.0,0,0.0,0.0,0.0,0.0
1876,Illinois,Randolph,2021,9,17,157,43.56666666666667,Good,25,71,8.0,PM2.5,0.0,1.0,0.0,7.0,0.0,0,0.0,0.0,0.0,0.0
1877,Illinois,Randolph,2021,10,17,157,38.483870967741936,Good,18,63,6.0,PM2.5,0.0,0.0,0.0,6.0,0.0,0,0.0,0.0,0.0,0.0
1878,Illinois,Randolph,2021,11,17,157,39.43478260869565,Good,19,76,8.0,PM2.5,0.0,0.0,0.0,8.0,0.0,0,0.0,0.0,0.0,0.0
1879,Illinois,Randolph,2021,12,17,157,44.41935483870968,Good,19,69,15.0,PM2.5,0.0,0.0,0.0,15.0,0.0,0,0.0,0.0,0.0,0.0
1880,Illinois,Randolph,2022,1,17,157,41.83870967741935,Good,25,67,8.0,PM2.5,0.0,0.0,0.0,8.0,0.0,0,0.0,0.0,0.0,0.0
1881,Illinois,Randolph,2022,2,17,157,39.75,Good,20,59,7.0,PM2.5,0.0,0.0,0.0,7.0,0.0,0,0.0,0.0,0.0,0.0
1882,Illinois,Randolph,2022,3,17,157,43.12903225806452,Good,23,58,6.0,PM2.5,0.0,0.0,0.0,6.0,0.0,0,0.0,0.0,0.0,0.0
1883,Illinois,Randolph,2022,4,17,157,44.8,Good,28,61,7.0,PM2.5,0.0,1.0,0.0,6.0,0.0,0,0.0,0.0,0.0,0.0
1884,Illinois,Randolph,2022,5,17,157,47.096774193548384,Good,31,74,11.0,PM2.5,0.0,4.0,0.0,7.0,0.0,0,0.0,0.0,0.0,0.0
1885,Illinois,Randolph,2022,6,17,157,70.76666666666667,Moderate,36,108,22.0,Ozone,0.0,17.0,0.0,5.0,2.0,Ozone,0.0,2.0,0.0,0.0
1886,Illinois,Randolph,2022,7,17,157,50.96774193548387,Moderate,31,84,14.0,Ozone,0.0,8.0,0.0,6.0,0.0,0,0.0,0.0,0.0,0.0
1887,Illinois,Randolph,2022,8,17,157,42.225806451612904,Good,27,54,4.0,PM2.5,0.0,0.0,0.0,4.0,0.0,0,0.0,0.0,0.0,0.0
1888,Illinois,Randolph,2022,9,17,157,42.233333333333334,Good,28,58,4.0,PM2.5,0.0,0.0,0.0,4.0,0.0,0,0.0,0.0,0.0,0.0
1889,Illinois,Randolph,2022,10,17,157,43.61290322580645,Good,25,68,9.0,PM2.5,0.0,1.0,0.0,8.0,0.0,0,0.0,0.0,0.0,0.0
1890,Illinois,Randolph,2022,11,17,157,44.3,Good,19,63,14.0,PM2.5,0.0,0.0,0.0,14.0,0.0,0,0.0,0.0,0.0,0.0
1891,Illinois,Randolph,2022,12,17,157,44.774193548387096,Good,22,70,15.0,PM2.5,0.0,0.0,0.0,15.0,0.0,0,0.0,0.0,0.0,0.0
1892,Illinois,Randolph,2023,1,17,157,41.74193548387097,Good,16,66,12.0,PM2.5,0.0,0.0,0.0,12.0,0.0,0,0.0,0.0,0.0,0.0
1893,Illinois,Randolph,2023,2,17,157,36.57142857142857,Good,9,56,5.0,PM2.5,0.0,0.0,0.0,5.0,0.0,0,0.0,0.0,0.0,0.0
1894,Illinois,Randolph,2023,3,17,157,44.354838709677416,Good,27,74,9.0,PM2.5,0.0,2.0,0.0,7.0,0.0,0,0.0,0.0,0.0,0.0
1895,Illinois,Randolph,2023,4,17,157,52.2,Moderate,36,77,14.0,Ozone,0.0,9.0,0.0,5.0,0.0,0,0.0,0.0,0.0,0.0
1896,Illinois,Randolph,2023,5,17,157,64.2258064516129,Moderate,35,122,20.0,Ozone,0.0,14.0,0.0,6.0,3.0,Ozone,0.0,3.0,0.0,0.0
1897,Illinois,Randolph,2023,6,17,157,87.4,Moderate,47,156,28.0,Ozone,0.0,17.0,0.0,11.0,10.0,Ozone,0.0,9.0,0.0,1.0
1898,Illinois,Randolph,2023,7,17,157,50.96774193548387,Moderate,33,67,13.0,PM2.5,0.0,4.0,0.0,9.0,0.0,0,0.0,0.0,0.0,0.0
1899,Illinois,Randolph,2023,8,17,157,46.87096774193548,Good,25,74,12.0,PM2.5,0.0,1.0,0.0,11.0,0.0,0,0.0,0.0,0.0,0.0
1900,Illinois,Randolph,2023,9,17,157,51.266666666666666,Moderate,31,78,19.0,PM2.5,0.0,2.0,0.0,17.0,0.0,0,0.0,0.0,0.0,0.0
1901,Illinois,Randolph,2023,10,17,157,43.45161290322581,Good,19,68,10.0,PM2.5,0.0,1.0,0.0,9.0,0.0,0,0.0,0.0,0.0,0.0
1902,Illinois,Randolph,2023,11,17,157,40.166666666666664,Good,29,54,5.0,PM2.5,0.0,0.0,0.0,5.0,0.0,0,0.0,0.0,0.0,0.0
1903,Illinois,Randolph,2023,12,17,157,31.258064516129032,Good,9,56,3.0,PM2.5,0.0,0.0,0.0,3.0,0.0,0,0.0,0.0,0.0,0.0
1904,Illinois,Randolph,2024,1,17,157,29.677419354838708,Good,13,60,3.0,PM2.5,0.0,0.0,0.0,3.0,0.0,0,0.0,0.0,0.0,0.0
1905,Illinois,Randolph,2024,2,17,157,37.758620689655174,Good,20,60,8.0,PM2.5,0.0,0.0,0.0,8.0,0.0,0,0.0,0.0,0.0,0.0
1906,Illinois,Randolph,2024,3,17,157,42.0,Good,29,56,7.0,PM2.5,0.0,0.0,0.0,7.0,0.0,0,0.0,0.0,0.0,0.0
1907,Illinois,Randolph,2024,4,17,157,39.93333333333333,Good,28,56,2.0,PM2.5,0.0,0.0,0.0,2.0,0.0,0,0.0,0.0,0.0,0.0
1908,Illinois,Randolph,2024,5,17,157,42.32258064516129,Good,29,52,3.0,PM2.5,0.0,0.0,0.0,3.0,0.0,0,0.0,0.0,0.0,0.0
1909,Illinois,Randolph,2024,6,17,157,47.93333333333333,Good,31,100,10.0,Ozone,0.0,5.0,0.0,5.0,0.0,0,0.0,0.0,0.0,0.0
1910,Illinois,Randolph,2024,7,17,157,45.25806451612903,Good,32,61,10.0,PM2.5,0.0,2.0,0.0,8.0,0.0,0,0.0,0.0,0.0,0.0
1911,Illinois,Randolph,2024,8,17,157,47.29032258064516,Good,31,84,14.0,PM2.5,0.0,3.0,0.0,11.0,0.0,0,0.0,0.0,0.0,0.0
1912,Illinois,Randolph,2024,9,17,157,38.56666666666667,Good,18,71,3.0,Ozone,0.0,2.0,0.0,1.0,0.0,0,0.0,0.0,0.0,0.0
1913,Illinois,Randolph,2024,10,17,157,48.354838709677416,Good,28,71,13.0,PM2.5,0.0,6.0,0.0,7.0,0.0,0,0.0,0.0,0.0,0.0
1914,Illinois,Randolph,2024,11,17,157,29.433333333333334,Good,9,54,2.0,PM2.5,0.0,0.0,0.0,2.0,0.0,0,0.0,0.0,0.0,0.0
1915,Illinois,Randolph,2024,12,17,157,34.225806451612904,Good,13,55,2.0,PM2.5,0.0,0.0,0.0,2.0,0.0,0,0.0,0.0,0.0,0.0
1916,Illinois,Randolph,2025,1,17,157,32.0,Good,16,62,3.0,PM2.5,0.0,0.0,0.0,3.0,0.0,0,0.0,0.0,0.0,0.0
1917,Illinois,Randolph,2025,2,17,157,37.5,Good,14,57,5.0,PM2.5,0.0,0.0,0.0,5.0,0.0,0,0.0,0.0,0.0,0.0
1918,Illinois,Randolph,2025,3,17,157,50.516129032258064,Moderate,31,161,11.0,PM2.5,0.0,0.0,0.0,11.0,1.0,PM2.5,0.0,0.0,0.0,1.0
1919,Illinois,Randolph,2025,4,17,157,44.43333333333333,Good,23,64,7.0,PM2.5,0.0,2.0,0.0,5.0,0.0,0,0.0,0.0,0.0,0.0
1920,Illinois,Randolph,2025,5,17,157,42.41935483870968,Good,29,61,6.0,Ozone,0.0,3.0,0.0,3.0,0.0,0,0.0,0.0,0.0,0.0
1921,Illinois,Randolph,2025,6,17,157,53.233333333333334,Moderate,29,83,19.0,PM2.5,0.0,2.0,0.0,17.0,0.0,0,0.0,0.0,0.0,0.0
1922,Illinois,Rock Island,2016,1,17,161,31.967741935483872,Good,14,60,4.0,PM2.5,0.0,0.0,0.0,4.0,0.0,0,0.0,0.0,0.0,0.0
1923,Illinois,Rock Island,2016,2,17,161,36.642857142857146,Good,20,76,4.0,PM2.5,0.0,0.0,0.0,4.0,0.0,0,0.0,0.0,0.0,0.0
1924,Illinois,Rock Island,2016,3,17,161,31.64,Good,19,67,1.0,PM2.5,0.0,0.0,0.0,1.0,0.0,0,0.0,0.0,0.0,0.0
1925,Illinois,Rock Island,2016,4,17,161,43.36,Good,26,87,6.0,Ozone,0.0,5.0,0.0,1.0,0.0,0,0.0,0.0,0.0,0.0
1926,Illinois,Rock Island,2016,5,17,161,45.44827586206897,Good,31,77,7.0,Ozone,0.0,7.0,0.0,0.0,0.0,0,0.0,0.0,0.0,0.0
1927,Illinois,Rock Island,2016,6,17,161,55.333333333333336,Moderate,31,108,14.0,Ozone,0.0,13.0,0.0,1.0,1.0,Ozone,0.0,1.0,0.0,0.0
1928,Illinois,Rock Island,2016,7,17,161,36.607142857142854,Good,21,49,0.0,0,0.0,0.0,0.0,0.0,0.0,0,0.0,0.0,0.0,0.0
1929,Illinois,Rock Island,2016,8,17,161,34.892857142857146,Good,24,52,1.0,PM2.5,0.0,0.0,0.0,1.0,0.0,0,0.0,0.0,0.0,0.0
1930,Illinois,Rock Island,2016,9,17,161,35.03333333333333,Good,15,61,2.0,Ozone,0.0,1.0,0.0,1.0,0.0,0,0.0,0.0,0.0,0.0
1931,Illinois,Rock Island,2016,10,17,161,32.43333333333333,Good,17,66,1.0,PM2.5,0.0,0.0,0.0,1.0,0.0,0,0.0,0.0,0.0,0.0
1932,Illinois,Rock Island,2016,11,17,161,31.107142857142858,Good,13,52,1.0,PM2.5,0.0,0.0,0.0,1.0,0.0,0,0.0,0.0,0.0,0.0
1933,Illinois,Rock Island,2016,12,17,161,28.806451612903224,Good,11,64,4.0,PM2.5,0.0,0.0,0.0,4.0,0.0,0,0.0,0.0,0.0,0.0
1934,Illinois,Rock Island,2017,1,17,161,32.064516129032256,Good,6,62,5.0,PM2.5,0.0,0.0,0.0,5.0,0.0,0,0.0,0.0,0.0,0.0
1935,Illinois,Rock Island,2017,2,17,161,35.5,Good,21,69,3.0,PM2.5,0.0,0.0,0.0,3.0,0.0,0,0.0,0.0,0.0,0.0
1936,Illinois,Rock Island,2017,3,17,161,39.38709677419355,Good,15,61,4.0,PM2.5,0.0,0.0,0.0,4.0,0.0,0,0.0,0.0,0.0,0.0
1937,Illinois,Rock Island,2017,4,17,161,44.86666666666667,Good,24,74,7.0,Ozone,0.0,5.0,0.0,2.0,0.0,0,0.0,0.0,0.0,0.0
1938,Illinois,Rock Island,2017,5,17,161,48.70967741935484,Good,22,80,7.0,Ozone,0.0,6.0,0.0,1.0,0.0,0,0.0,0.0,0.0,0.0
1939,Illinois,Rock Island,2017,6,17,161,55.233333333333334,Moderate,28,93,13.0,Ozone,0.0,12.0,0.0,1.0,0.0,0,0.0,0.0,0.0,0.0
1940,Illinois,Rock Island,2017,7,17,161,44.645161290322584,Good,25,71,5.0,Ozone,0.0,4.0,0.0,1.0,0.0,0,0.0,0.0,0.0,0.0
1941,Illinois,Rock Island,2017,8,17,161,38.806451612903224,Good,30,55,2.0,PM2.5,0.0,0.0,0.0,2.0,0.0,0,0.0,0.0,0.0,0.0
1942,Illinois,Rock Island,2017,9,17,161,44.06666666666667,Good,22,77,7.0,PM2.5,0.0,3.0,0.0,4.0,0.0,0,0.0,0.0,0.0,0.0
1943,Illinois,Rock Island,2017,10,17,161,38.193548387096776,Good,20,61,7.0,PM2.5,0.0,0.0,0.0,7.0,0.0,0,0.0,0.0,0.0,0.0
1944,Illinois,Rock Island,2017,11,17,161,49.96666666666667,Good,30,72,17.0,PM2.5,0.0,0.0,0.0,17.0,0.0,0,0.0,0.0,0.0,0.0
1945,Illinois,Rock Island,2017,12,17,161,50.16129032258065,Moderate,26,79,16.0,PM2.5,0.0,0.0,0.0,16.0,0.0,0,0.0,0.0,0.0,0.0
1946,Illinois,Rock Island,2018,1,17,161,50.74193548387097,Moderate,28,69,19.0,PM2.5,0.0,0.0,0.0,19.0,0.0,0,0.0,0.0,0.0,0.0
1947,Illinois,Rock Island,2018,2,17,161,50.82142857142857,Moderate,31,78,16.0,PM2.5,0.0,0.0,0.0,16.0,0.0,0,0.0,0.0,0.0,0.0
1948,Illinois,Rock Island,2018,3,17,161,45.935483870967744,Good,27,59,14.0,PM2.5,0.0,0.0,0.0,14.0,0.0,0,0.0,0.0,0.0,0.0
1949,Illinois,Rock Island,2018,4,17,161,47.3,Good,32,77,10.0,PM2.5,0.0,4.0,0.0,6.0,0.0,0,0.0,0.0,0.0,0.0
1950,Illinois,Rock Island,2018,5,17,161,58.225806451612904,Moderate,32,100,22.0,PM2.5,0.0,10.0,0.0,12.0,0.0,0,0.0,0.0,0.0,0.0
1951,Illinois,Rock Island,2018,6,17,161,55.2,Moderate,33,101,19.0,PM2.5,0.0,5.0,0.0,14.0,1.0,Ozone,0.0,1.0,0.0,0.0
1952,Illinois,Rock Island,2018,7,17,161,49.96774193548387,Good,33,65,17.0,PM2.5,0.0,3.0,0.0,14.0,0.0,0,0.0,0.0,0.0,0.0
1953,Illinois,Rock Island,2018,8,17,161,54.67741935483871,Moderate,31,74,21.0,PM2.5,0.0,2.0,0.0,19.0,0.0,0,0.0,0.0,0.0,0.0
1954,Illinois,Rock Island,2018,9,17,161,40.3,Good,22,64,8.0,PM2.5,0.0,1.0,0.0,7.0,0.0,0,0.0,0.0,0.0,0.0
1955,Illinois,Rock Island,2018,10,17,161,37.67741935483871,Good,15,70,5.0,PM2.5,0.0,0.0,0.0,5.0,0.0,0,0.0,0.0,0.0,0.0
1956,Illinois,Rock Island,2018,11,17,161,24.4,Good,17,32,0.0,0,0.0,0.0,0.0,0.0,0.0,0,0.0,0.0,0.0,0.0
1957,Illinois,Rock Island,2018,12,17,161,26.0,Good,12,53,2.0,PM2.5,0.0,0.0,0.0,2.0,0.0,0,0.0,0.0,0.0,0.0
1958,Illinois,Rock Island,2019,1,17,161,46.857142857142854,Good,24,73,12.0,PM2.5,0.0,0.0,0.0,12.0,0.0,0,0.0,0.0,0.0,0.0
1959,Illinois,Rock Island,2019,2,17,161,52.57142857142857,Moderate,23,80,19.0,PM2.5,0.0,0.0,0.0,19.0,0.0,0,0.0,0.0,0.0,0.0
1960,Illinois,Rock Island,2019,3,17,161,49.83870967741935,Good,35,68,14.0,PM2.5,0.0,0.0,0.0,14.0,0.0,0,0.0,0.0,0.0,0.0
1961,Illinois,Rock Island,2019,4,17,161,46.5,Good,29,64,8.0,PM2.5,0.0,2.0,0.0,6.0,0.0,0,0.0,0.0,0.0,0.0
1962,Illinois,Rock Island,2019,5,17,161,43.45161290322581,Good,29,77,4.0,Ozone,0.0,3.0,0.0,1.0,0.0,0,0.0,0.0,0.0,0.0
1963,Illinois,Rock Island,2019,6,17,161,54.733333333333334,Moderate,36,105,13.0,Ozone,0.0,10.0,0.0,3.0,1.0,Ozone,0.0,1.0,0.0,0.0
1964,Illinois,Rock Island,2019,7,17,161,53.0,Moderate,31,93,20.0,PM2.5,0.0,5.0,0.0,15.0,0.0,0,0.0,0.0,0.0,0.0
1965,Illinois,Rock Island,2019,8,17,161,46.645161290322584,Good,31,115,8.0,Ozone,0.0,4.0,0.0,4.0,1.0,Ozone,0.0,1.0,0.0,0.0
1966,Illinois,Rock Island,2019,9,17,161,42.3,Good,27,60,11.0,PM2.5,0.0,0.0,0.0,11.0,0.0,0,0.0,0.0,0.0,0.0
1967,Illinois,Rock Island,2019,10,17,161,34.45161290322581,Good,20,60,2.0,PM2.5,0.0,0.0,0.0,2.0,0.0,0,0.0,0.0,0.0,0.0
1968,Illinois,Rock Island,2019,11,17,161,43.7,Good,16,78,12.0,PM2.5,0.0,0.0,0.0,12.0,0.0,0,0.0,0.0,0.0,0.0
1969,Illinois,Rock Island,2019,12,17,161,49.1,Good,17,76,17.0,PM2.5,0.0,0.0,0.0,17.0,0.0,0,0.0,0.0,0.0,0.0
1970,Illinois,Rock Island,2020,1,17,161,45.225806451612904,Good,19,65,14.0,PM2.5,0.0,0.0,0.0,14.0,0.0,0,0.0,0.0,0.0,0.0
1971,Illinois,Rock Island,2020,2,17,161,42.13793103448276,Good,14,66,10.0,PM2.5,0.0,0.0,0.0,10.0,0.0,0,0.0,0.0,0.0,0.0
1972,Illinois,Rock Island,2020,3,17,161,45.41935483870968,Good,27,67,12.0,PM2.5,0.0,0.0,0.0,12.0,0.0,0,0.0,0.0,0.0,0.0
1973,Illinois,Rock Island,2020,4,17,161,47.6,Good,34,73,13.0,PM2.5,0.0,0.0,0.0,13.0,0.0,0,0.0,0.0,0.0,0.0
1974,Illinois,Rock Island,2020,5,17,161,41.12,Good,28,55,1.0,PM2.5,0.0,0.0,0.0,1.0,0.0,0,0.0,0.0,0.0,0.0
1975,Illinois,Rock Island,2020,6,17,161,50.9,Moderate,31,84,13.0,Ozone,0.0,10.0,0.0,3.0,0.0,0,0.0,0.0,0.0,0.0
1976,Illinois,Rock Island,2020,7,17,161,50.16129032258065,Moderate,29,102,12.0,PM2.5,0.0,4.0,0.0,8.0,1.0,PM2.5,0.0,0.0,0.0,1.0
1977,Illinois,Rock Island,2020,8,17,161,45.774193548387096,Good,20,71,13.0,PM2.5,0.0,1.0,0.0,12.0,0.0,0,0.0,0.0,0.0,0.0
1978,Illinois,Rock Island,2020,9,17,161,35.166666666666664,Good,15,59,4.0,PM2.5,0.0,0.0,0.0,4.0,0.0,0,0.0,0.0,0.0,0.0
1979,Illinois,Rock Island,2020,10,17,161,38.064516129032256,Good,20,61,5.0,PM2.5,0.0,0.0,0.0,5.0,0.0,0,0.0,0.0,0.0,0.0
1980,Illinois,Rock Island,2020,11,17,161,38.44827586206897,Good,10,65,7.0,PM2.5,0.0,0.0,0.0,7.0,0.0,0,0.0,0.0,0.0,0.0
1981,Illinois,Rock Island,2020,12,17,161,48.2962962962963,Good,13,75,17.0,PM2.5,0.0,0.0,0.0,17.0,0.0,0,0.0,0.0,0.0,0.0
1982,Illinois,Rock Island,2021,1,17,161,44.18518518518518,Good,18,70,12.0,PM2.5,0.0,0.0,0.0,12.0,0.0,0,0.0,0.0,0.0,0.0
1983,Illinois,Rock Island,2021,2,17,161,49.67857142857143,Good,17,81,16.0,PM2.5,0.0,0.0,0.0,16.0,0.0,0,0.0,0.0,0.0,0.0
1984,Illinois,Rock Island,2021,3,17,161,46.03225806451613,Good,25,64,12.0,PM2.5,0.0,0.0,0.0,12.0,0.0,0,0.0,0.0,0.0,0.0
1985,Illinois,Rock Island,2021,4,17,161,44.4,Good,20,80,11.0,PM2.5,0.0,2.0,0.0,9.0,0.0,0,0.0,0.0,0.0,0.0
1986,Illinois,Rock Island,2021,5,17,161,43.74193548387097,Good,30,59,7.0,PM2.5,0.0,2.0,0.0,5.0,0.0,0,0.0,0.0,0.0,0.0
1987,Illinois,Rock Island,2021,6,17,161,56.166666666666664,Moderate,26,112,13.0,Ozone,0.0,12.0,0.0,1.0,2.0,Ozone,0.0,2.0,0.0,0.0
1988,Illinois,Rock Island,2021,7,17,161,60.516129032258064,Moderate,25,93,24.0,PM2.5,0.0,0.0,0.0,24.0,0.0,0,0.0,0.0,0.0,0.0
1989,Illinois,Rock Island,2021,8,17,161,55.83870967741935,Moderate,39,104,23.0,PM2.5,0.0,2.0,0.0,21.0,1.0,PM2.5,0.0,0.0,0.0,1.0
1990,Illinois,Rock Island,2021,9,17,161,45.8,Good,30,67,10.0,PM2.5,0.0,1.0,0.0,9.0,0.0,0,0.0,0.0,0.0,0.0
1991,Illinois,Rock Island,2021,10,17,161,39.74193548387097,Good,17,67,7.0,PM2.5,0.0,0.0,0.0,7.0,0.0,0,0.0,0.0,0.0,0.0
1992,Illinois,Rock Island,2021,11,17,161,45.4,Good,16,81,13.0,PM2.5,0.0,0.0,0.0,13.0,0.0,0,0.0,0.0,0.0,0.0
1993,Illinois,Rock Island,2021,12,17,161,50.096774193548384,Moderate,19,70,22.0,PM2.5,0.0,0.0,0.0,22.0,0.0,0,0.0,0.0,0.0,0.0
1994,Illinois,Rock Island,2022,1,17,161,48.12903225806452,Good,31,77,14.0,PM2.5,0.0,0.0,0.0,14.0,0.0,0,0.0,0.0,0.0,0.0
1995,Illinois,Rock Island,2022,2,17,161,45.607142857142854,Good,23,68,13.0,PM2.5,0.0,0.0,0.0,13.0,0.0,0,0.0,0.0,0.0,0.0
1996,Illinois,Rock Island,2022,3,17,161,44.23076923076923,Good,21,73,8.0,PM2.5,0.0,0.0,0.0,8.0,0.0,0,0.0,0.0,0.0,0.0
1997,Illinois,Rock Island,2022,4,17,161,41.0,Good,28,57,6.0,PM2.5,0.0,0.0,0.0,6.0,0.0,0,0.0,0.0,0.0,0.0
1998,Illinois,Rock Island,2022,5,17,161,49.16129032258065,Good,31,79,13.0,PM2.5,0.0,6.0,0.0,7.0,0.0,0,0.0,0.0,0.0,0.0
1999,Illinois,Rock Island,2022,6,17,161,57.4,Moderate,37,82,20.0,Ozone,0.0,15.0,0.0,5.0,0.0,0,0.0,0.0,0.0,0.0
2000,Illinois,Rock Island,2022,7,17,161,47.70967741935484,Good,31,72,13.0,PM2.5,0.0,1.0,0.0,12.0,0.0,0,0.0,0.0,0.0,0.0
2001,Illinois,Rock Island,2022,8,17,161,42.645161290322584,Good,25,55,9.0,PM2.5,0.0,0.0,0.0,9.0,0.0,0,0.0,0.0,0.0,0.0
2002,Illinois,Rock Island,2022,9,17,161,41.06666666666667,Good,23,55,4.0,PM2.5,0.0,0.0,0.0,4.0,0.0,0,0.0,0.0,0.0,0.0
2003,Illinois,Rock Island,2022,10,17,161,48.70967741935484,Good,19,85,14.0,PM2.5,0.0,1.0,0.0,13.0,0.0,0,0.0,0.0,0.0,0.0
2004,Illinois,Rock Island,2022,11,17,161,46.266666666666666,Good,18,66,17.0,PM2.5,0.0,0.0,0.0,17.0,0.0,0,0.0,0.0,0.0,0.0
2005,Illinois,Rock Island,2022,12,17,161,46.96774193548387,Good,17,90,15.0,PM2.5,0.0,0.0,0.0,15.0,0.0,0,0.0,0.0,0.0,0.0
2006,Illinois,Rock Island,2023,1,17,161,52.61290322580645,Moderate,26,77,19.0,PM2.5,0.0,0.0,0.0,19.0,0.0,0,0.0,0.0,0.0,0.0
2007,Illinois,Rock Island,2023,2,17,161,42.392857142857146,Good,24,66,10.0,PM2.5,0.0,0.0,0.0,10.0,0.0,0,0.0,0.0,0.0,0.0
2008,Illinois,Rock Island,2023,3,17,161,48.806451612903224,Good,33,77,15.0,PM2.5,0.0,0.0,0.0,15.0,0.0,0,0.0,0.0,0.0,0.0
2009,Illinois,Rock Island,2023,4,17,161,50.96666666666667,Moderate,31,84,16.0,Ozone,0.0,8.0,0.0,8.0,0.0,0,0.0,0.0,0.0,0.0
2010,Illinois,Rock Island,2023,5,17,161,70.16129032258064,Moderate,42,129,24.0,Ozone,0.0,18.0,0.0,6.0,4.0,Ozone,0.0,4.0,0.0,0.0
2011,Illinois,Rock Island,2023,6,17,161,104.13333333333334,Unhealthy for Sensitive Groups,43,232,29.0,Ozone,0.0,15.0,0.0,14.0,14.0,Ozone,0.0,10.0,0.0,4.0
2012,Illinois,Rock Island,2023,7,17,161,59.354838709677416,Moderate,33,155,18.0,PM2.5,0.0,4.0,0.0,14.0,2.0,PM2.5,0.0,0.0,0.0,2.0
2013,Illinois,Rock Island,2023,8,17,161,54.935483870967744,Moderate,34,80,21.0,PM2.5,0.0,0.0,0.0,21.0,0.0,0,0.0,0.0,0.0,0.0
2014,Illinois,Rock Island,2023,9,17,161,49.13333333333333,Good,30,78,13.0,PM2.5,0.0,0.0,0.0,13.0,0.0,0,0.0,0.0,0.0,0.0
2015,Illinois,Rock Island,2023,10,17,161,40.83870967741935,Good,19,63,8.0,PM2.5,0.0,1.0,0.0,7.0,0.0,0,0.0,0.0,0.0,0.0
2016,Illinois,Rock Island,2023,11,17,161,41.9,Good,18,69,7.0,PM2.5,0.0,0.0,0.0,7.0,0.0,0,0.0,0.0,0.0,0.0
2017,Illinois,Rock Island,2023,12,17,161,36.87096774193548,Good,17,55,7.0,PM2.5,0.0,0.0,0.0,7.0,0.0,0,0.0,0.0,0.0,0.0
2018,Illinois,Rock Island,2024,1,17,161,39.70967741935484,Good,16,65,8.0,PM2.5,0.0,0.0,0.0,8.0,0.0,0,0.0,0.0,0.0,0.0
2019,Illinois,Rock Island,2024,2,17,161,37.93103448275862,Good,16,64,9.0,PM2.5,0.0,0.0,0.0,9.0,0.0,0,0.0,0.0,0.0,0.0
2020,Illinois,Rock Island,2024,3,17,161,41.29032258064516,Good,30,60,6.0,PM2.5,0.0,0.0,0.0,6.0,0.0,0,0.0,0.0,0.0,0.0
2021,Illinois,Rock Island,2024,4,17,161,43.03333333333333,Good,29,64,5.0,Ozone,0.0,5.0,0.0,0.0,0.0,0,0.0,0.0,0.0,0.0
2022,Illinois,Rock Island,2024,5,17,161,49.61290322580645,Good,31,77,9.0,Ozone,0.0,7.0,0.0,2.0,0.0,0,0.0,0.0,0.0,0.0
2023,Illinois,Rock Island,2024,6,17,161,46.666666666666664,Good,31,84,6.0,Ozone,0.0,4.0,0.0,2.0,0.0,0,0.0,0.0,0.0,0.0
2024,Illinois,Rock Island,2024,7,17,161,45.54838709677419,Good,36,63,8.0,PM2.5,0.0,1.0,0.0,7.0,0.0,0,0.0,0.0,0.0,0.0
2025,Illinois,Rock Island,2024,8,17,161,44.935483870967744,Good,22,71,9.0,PM2.5,0.0,0.0,0.0,9.0,0.0,0,0.0,0.0,0.0,0.0
2026,Illinois,Rock Island,2024,9,17,161,40.36666666666667,Good,24,71,3.0,Ozone,0.0,2.0,0.0,1.0,0.0,0,0.0,0.0,0.0,0.0
2027,Illinois,Rock Island,2024,10,17,161,43.25806451612903,Good,29,64,9.0,PM2.5,0.0,1.0,0.0,8.0,0.0,0,0.0,0.0,0.0,0.0
2028,Illinois,Rock Island,2024,11,17,161,35.86666666666667,Good,12,56,9.0,PM2.5,0.0,0.0,0.0,9.0,0.0,0,0.0,0.0,0.0,0.0
2029,Illinois,Rock Island,2024,12,17,161,41.83870967741935,Good,22,70,8.0,PM2.5,0.0,0.0,0.0,8.0,0.0,0,0.0,0.0,0.0,0.0
2030,Illinois,Rock Island,2025,1,17,161,32.096774193548384,Good,14,57,4.0,PM2.5,0.0,0.0,0.0,4.0,0.0,0,0.0,0.0,0.0,0.0
2031,Illinois,Rock Island,2025,2,17,161,36.25,Good,18,57,5.0,PM2.5,0.0,0.0,0.0,5.0,0.0,0,0.0,0.0,0.0,0.0
2032,Illinois,Rock Island,2025,3,17,161,42.29032258064516,Good,23,76,6.0,PM2.5,0.0,0.0,0.0,6.0,0.0,0,0.0,0.0,0.0,0.0
2033,Illinois,Rock Island,2025,4,17,161,42.7,Good,29,69,6.0,PM2.5,0.0,0.0,0.0,6.0,0.0,0,0.0,0.0,0.0,0.0
2034,Illinois,Rock Island,2025,5,17,161,42.29032258064516,Good,23,77,7.0,Ozone,0.0,5.0,0.0,2.0,0.0,0,0.0,0.0,0.0,0.0
2035,Illinois,Rock Island,2025,6,17,161,56.13333333333333,Moderate,31,92,17.0,PM2.5,0.0,3.0,0.0,14.0,0.0,0,0.0,0.0,0.0,0.0
2036,Illinois,Saint Clair,2016,1,17,163,43.806451612903224,Good,24,82,12.0,PM2.5,0.0,0.0,0.0,12.0,0.0,0,0.0,0.0,0.0,0.0
2037,Illinois,Saint Clair,2016,2,17,163,47.86206896551724,Good,23,76,16.0,PM2.5,0.0,0.0,0.0,16.0,0.0,0,0.0,0.0,0.0,0.0
2038,Illinois,Saint Clair,2016,3,17,163,50.16129032258065,Moderate,33,68,18.0,PM2.5,0.0,0.0,0.0,18.0,0.0,0,0.0,0.0,0.0,0.0
2039,Illinois,Saint Clair,2016,4,17,163,47.56666666666667,Good,28,67,16.0,PM2.5,0.0,1.0,0.0,15.0,0.0,0,0.0,0.0,0.0,0.0
2040,Illinois,Saint Clair,2016,5,17,163,50.483870967741936,Moderate,27,90,15.0,PM2.5,0.0,5.0,0.0,10.0,0.0,0,0.0,0.0,0.0,0.0
2041,Illinois,Saint Clair,2016,6,17,163,65.1,Moderate,39,126,20.0,Ozone,0.0,15.0,0.0,5.0,3.0,Ozone,0.0,3.0,0.0,0.0
2042,Illinois,Saint Clair,2016,7,17,163,45.54838709677419,Good,31,64,9.0,Ozone,0.0,5.0,0.0,4.0,0.0,0,0.0,0.0,0.0,0.0
2043,Illinois,Saint Clair,2016,8,17,163,45.096774193548384,Good,25,122,6.0,Ozone,0.0,5.0,0.0,1.0,1.0,Ozone,0.0,1.0,0.0,0.0
2044,Illinois,Saint Clair,2016,9,17,163,40.4,Good,17,87,6.0,Ozone,0.0,4.0,0.0,2.0,0.0,0,0.0,0.0,0.0,0.0
2045,Illinois,Saint Clair,2016,10,17,163,32.16129032258065,Good,15,67,2.0,PM2.5,0.0,0.0,0.0,2.0,0.0,0,0.0,0.0,0.0,0.0
2046,Illinois,Saint Clair,2016,11,17,163,34.93333333333333,Good,8,68,8.0,PM2.5,0.0,0.0,0.0,8.0,0.0,0,0.0,0.0,0.0,0.0
2047,Illinois,Saint Clair,2016,12,17,163,41.25806451612903,Good,19,74,12.0,PM2.5,0.0,0.0,0.0,12.0,0.0,0,0.0,0.0,0.0,0.0
2048,Illinois,Saint Clair,2017,1,17,163,38.225806451612904,Good,11,66,10.0,PM2.5,0.0,0.0,0.0,10.0,0.0,0,0.0,0.0,0.0,0.0
2049,Illinois,Saint Clair,2017,2,17,163,42.892857142857146,Good,23,66,10.0,PM2.5,0.0,0.0,0.0,10.0,0.0,0,0.0,0.0,0.0,0.0
2050,Illinois,Saint Clair,2017,3,17,163,38.354838709677416,Good,24,57,6.0,PM2.5,0.0,0.0,0.0,6.0,0.0,0,0.0,0.0,0.0,0.0
2051,Illinois,Saint Clair,2017,4,17,163,41.666666666666664,Good,24,61,3.0,Ozone,0.0,2.0,0.0,1.0,0.0,0,0.0,0.0,0.0,0.0
2052,Illinois,Saint Clair,2017,5,17,163,50.12903225806452,Moderate,35,93,12.0,Ozone,0.0,9.0,0.0,3.0,0.0,0,0.0,0.0,0.0,0.0
2053,Illinois,Saint Clair,2017,6,17,163,44.03333333333333,Good,4,101,12.0,Ozone,0.0,12.0,0.0,0.0,1.0,Ozone,0.0,1.0,0.0,0.0
2054,Illinois,Saint Clair,2017,7,17,163,46.935483870967744,Good,31,77,8.0,Ozone,0.0,5.0,0.0,3.0,0.0,0,0.0,0.0,0.0,0.0
2055,Illinois,Saint Clair,2017,8,17,163,43.064516129032256,Good,25,87,6.0,Ozone,0.0,4.0,0.0,2.0,0.0,0,0.0,0.0,0.0,0.0
2056,Illinois,Saint Clair,2017,9,17,163,48.1,Good,25,68,17.0,PM2.5,0.0,1.0,0.0,16.0,0.0,0,0.0,0.0,0.0,0.0
2057,Illinois,Saint Clair,2017,10,17,163,47.483870967741936,Good,24,60,14.0,PM2.5,0.0,0.0,0.0,14.0,0.0,0,0.0,0.0,0.0,0.0
2058,Illinois,Saint Clair,2017,11,17,163,49.3,Good,14,60,18.0,PM2.5,0.0,0.0,0.0,18.0,0.0,0,0.0,0.0,0.0,0.0
2059,Illinois,Saint Clair,2017,12,17,163,44.096774193548384,Good,22,70,12.0,PM2.5,0.0,0.0,0.0,12.0,0.0,0,0.0,0.0,0.0,0.0
2060,Illinois,Saint Clair,2018,1,17,163,49.32258064516129,Good,20,68,20.0,PM2.5,0.0,0.0,0.0,20.0,0.0,0,0.0,0.0,0.0,0.0
2061,Illinois,Saint Clair,2018,2,17,163,52.892857142857146,Moderate,37,72,20.0,PM2.5,0.0,0.0,0.0,20.0,0.0,0,0.0,0.0,0.0,0.0
2062,Illinois,Saint Clair,2018,3,17,163,50.96774193548387,Moderate,35,71,16.0,PM2.5,0.0,1.0,0.0,15.0,0.0,0,0.0,0.0,0.0,0.0
2063,Illinois,Saint Clair,2018,4,17,163,50.2,Moderate,35,64,15.0,PM2.5,0.0,5.0,0.0,10.0,0.0,0,0.0,0.0,0.0,0.0
2064,Illinois,Saint Clair,2018,5,17,163,63.87096774193548,Moderate,39,108,26.0,Ozone,0.0,17.0,0.0,9.0,2.0,Ozone,0.0,2.0,0.0,0.0
2065,Illinois,Saint Clair,2018,6,17,163,63.4,Moderate,31,174,17.0,Ozone,0.0,11.0,0.0,6.0,3.0,Ozone,0.0,3.0,0.0,0.0
2066,Illinois,Saint Clair,2018,7,17,163,55.193548387096776,Moderate,35,100,16.0,Ozone,0.0,11.0,0.0,5.0,0.0,0,0.0,0.0,0.0,0.0
2067,Illinois,Saint Clair,2018,8,17,163,56.645161290322584,Moderate,33,97,22.0,PM2.5,0.0,4.0,0.0,18.0,0.0,0,0.0,0.0,0.0,0.0
2068,Illinois,Saint Clair,2018,9,17,163,55.13333333333333,Moderate,50,71,29.0,PM2.5,0.0,3.0,0.0,26.0,0.0,0,0.0,0.0,0.0,0.0
2069,Illinois,Saint Clair,2018,10,17,163,45.54838709677419,Good,23,58,14.0,PM2.5,0.0,0.0,0.0,14.0,0.0,0,0.0,0.0,0.0,0.0
2070,Illinois,Saint Clair,2018,11,17,163,44.89655172413793,Good,1,68,12.0,PM2.5,0.0,0.0,0.0,12.0,0.0,0,0.0,0.0,0.0,0.0
2071,Illinois,Saint Clair,2018,12,17,163,33.16129032258065,Good,19,83,5.0,PM2.5,0.0,0.0,0.0,5.0,0.0,0,0.0,0.0,0.0,0.0
2072,Illinois,Saint Clair,2019,1,17,163,47.225806451612904,Good,8,67,19.0,PM2.5,0.0,0.0,0.0,19.0,0.0,0,0.0,0.0,0.0,0.0
2073,Illinois,Saint Clair,2019,2,17,163,48.42857142857143,Good,8,75,14.0,PM2.5,0.0,0.0,0.0,14.0,0.0,0,0.0,0.0,0.0,0.0
2074,Illinois,Saint Clair,2019,3,17,163,51.54838709677419,Moderate,23,75,15.0,PM2.5,0.0,0.0,0.0,15.0,0.0,0,0.0,0.0,0.0,0.0
2075,Illinois,Saint Clair,2019,4,17,163,48.56666666666667,Good,27,67,12.0,PM2.5,0.0,5.0,0.0,7.0,0.0,0,0.0,0.0,0.0,0.0
2076,Illinois,Saint Clair,2019,5,17,163,49.806451612903224,Good,25,80,15.0,PM2.5,0.0,6.0,0.0,9.0,0.0,0,0.0,0.0,0.0,0.0
2077,Illinois,Saint Clair,2019,6,17,163,55.233333333333334,Moderate,38,100,16.0,Ozone,0.0,8.0,0.0,8.0,0.0,0,0.0,0.0,0.0,0.0
2078,Illinois,Saint Clair,2019,7,17,163,55.83870967741935,Moderate,38,108,18.0,PM2.5,0.0,8.0,0.0,10.0,1.0,Ozone,0.0,1.0,0.0,0.0
2079,Illinois,Saint Clair,2019,8,17,163,44.87096774193548,Good,26,80,9.0,Ozone,0.0,6.0,0.0,3.0,0.0,0,0.0,0.0,0.0,0.0
2080,Illinois,Saint Clair,2019,9,17,163,50.0,Good,33,80,15.0,PM2.5,0.0,2.0,0.0,13.0,0.0,0,0.0,0.0,0.0,0.0
2081,Illinois,Saint Clair,2019,10,17,163,35.096774193548384,Good,15,61,9.0,PM2.5,0.0,0.0,0.0,9.0,0.0,0,0.0,0.0,0.0,0.0
2082,Illinois,Saint Clair,2019,11,17,163,24.966666666666665,Good,7,77,3.0,PM2.5,0.0,0.0,0.0,3.0,0.0,0,0.0,0.0,0.0,0.0
2083,Illinois,Saint Clair,2019,12,17,163,25.741935483870968,Good,4,85,3.0,PM2.5,0.0,0.0,0.0,3.0,0.0,0,0.0,0.0,0.0,0.0
2084,Illinois,Saint Clair,2020,1,17,163,22.258064516129032,Good,4,75,1.0,PM2.5,0.0,0.0,0.0,1.0,0.0,0,0.0,0.0,0.0,0.0
2085,Illinois,Saint Clair,2020,2,17,163,24.482758620689655,Good,8,67,1.0,PM2.5,0.0,0.0,0.0,1.0,0.0,0,0.0,0.0,0.0,0.0
2086,Illinois,Saint Clair,2020,3,17,163,39.41935483870968,Good,15,71,8.0,PM2.5,0.0,0.0,0.0,8.0,0.0,0,0.0,0.0,0.0,0.0
2087,Illinois,Saint Clair,2020,4,17,163,41.58620689655172,Good,26,57,3.0,PM2.5,0.0,0.0,0.0,3.0,0.0,0,0.0,0.0,0.0,0.0
2088,Illinois,Saint Clair,2020,5,17,163,41.58064516129032,Good,21,71,9.0,PM2.5,0.0,1.0,0.0,8.0,0.0,0,0.0,0.0,0.0,0.0
2089,Illinois,Saint Clair,2020,6,17,163,60.2,Moderate,31,100,18.0,Ozone,0.0,12.0,0.0,6.0,0.0,0,0.0,0.0,0.0,0.0
2090,Illinois,Saint Clair,2020,7,17,163,43.58064516129032,Good,23,77,10.0,Ozone,0.0,7.0,0.0,3.0,0.0,0,0.0,0.0,0.0,0.0
2091,Illinois,Saint Clair,2020,8,17,163,46.516129032258064,Good,19,77,14.0,PM2.5,0.0,3.0,0.0,11.0,0.0,0,0.0,0.0,0.0,0.0
2092,Illinois,Saint Clair,2020,9,17,163,44.9,Good,32,62,9.0,PM2.5,0.0,0.0,0.0,9.0,0.0,0,0.0,0.0,0.0,0.0
2093,Illinois,Saint Clair,2020,10,17,163,46.193548387096776,Good,30,63,8.0,PM2.5,0.0,0.0,0.0,8.0,0.0,0,0.0,0.0,0.0,0.0
2094,Illinois,Saint Clair,2020,11,17,163,33.63333333333333,Good,6,56,8.0,PM2.5,0.0,0.0,0.0,8.0,0.0,0,0.0,0.0,0.0,0.0
2095,Illinois,Saint Clair,2020,12,17,163,47.67741935483871,Good,20,75,16.0,PM2.5,0.0,0.0,0.0,16.0,0.0,0,0.0,0.0,0.0,0.0
2096,Illinois,Saint Clair,2021,1,17,163,52.32258064516129,Moderate,34,67,22.0,PM2.5,0.0,0.0,0.0,22.0,0.0,0,0.0,0.0,0.0,0.0
2097,Illinois,Saint Clair,2021,2,17,163,52.107142857142854,Moderate,23,69,18.0,PM2.5,0.0,0.0,0.0,18.0,0.0,0,0.0,0.0,0.0,0.0
2098,Illinois,Saint Clair,2021,3,17,163,47.064516129032256,Good,30,61,13.0,PM2.5,0.0,0.0,0.0,13.0,0.0,0,0.0,0.0,0.0,0.0
2099,Illinois,Saint Clair,2021,4,17,163,45.13333333333333,Good,28,87,8.0,PM2.5,0.0,1.0,0.0,7.0,0.0,0,0.0,0.0,0.0,0.0
2100,Illinois,Saint Clair,2021,5,17,163,44.45161290322581,Good,29,80,8.0,PM2.5,0.0,2.0,0.0,6.0,0.0,0,0.0,0.0,0.0,0.0
2101,Illinois,Saint Clair,2021,6,17,163,64.33333333333333,Moderate,43,115,28.0,PM2.5,0.0,8.0,0.0,20.0,1.0,Ozone,0.0,1.0,0.0,0.0
2102,Illinois,Saint Clair,2021,7,17,163,67.03225806451613,Moderate,35,185,28.0,PM2.5,0.0,1.0,0.0,27.0,2.0,Ozone,0.0,1.0,0.0,1.0
2103,Illinois,Saint Clair,2021,8,17,163,60.45161290322581,Moderate,51,81,31.0,PM2.5,0.0,2.0,0.0,29.0,0.0,0,0.0,0.0,0.0,0.0
2104,Illinois,Saint Clair,2021,9,17,163,53.666666666666664,Moderate,32,84,22.0,PM2.5,0.0,1.0,0.0,21.0,0.0,0,0.0,0.0,0.0,0.0
2105,Illinois,Saint Clair,2021,10,17,163,41.774193548387096,Good,21,63,9.0,PM2.5,0.0,0.0,0.0,9.0,0.0,0,0.0,0.0,0.0,0.0
2106,Illinois,Saint Clair,2021,11,17,163,51.1,Moderate,21,82,16.0,PM2.5,0.0,0.0,0.0,16.0,0.0,0,0.0,0.0,0.0,0.0
2107,Illinois,Saint Clair,2021,12,17,163,53.935483870967744,Moderate,27,80,21.0,PM2.5,0.0,0.0,0.0,21.0,0.0,0,0.0,0.0,0.0,0.0
2108,Illinois,Saint Clair,2022,1,17,163,51.806451612903224,Moderate,28,88,20.0,PM2.5,0.0,0.0,0.0,20.0,0.0,0,0.0,0.0,0.0,0.0
2109,Illinois,Saint Clair,2022,2,17,163,48.142857142857146,Good,25,72,13.0,PM2.5,0.0,0.0,0.0,13.0,0.0,0,0.0,0.0,0.0,0.0
2110,Illinois,Saint Clair,2022,3,17,163,46.67741935483871,Good,22,67,12.0,PM2.5,0.0,0.0,0.0,12.0,0.0,0,0.0,0.0,0.0,0.0
2111,Illinois,Saint Clair,2022,4,17,163,42.5,Good,19,65,7.0,PM2.5,0.0,0.0,0.0,7.0,0.0,0,0.0,0.0,0.0,0.0
2112,Illinois,Saint Clair,2022,5,17,163,47.096774193548384,Good,27,80,11.0,PM2.5,0.0,1.0,0.0,10.0,0.0,0,0.0,0.0,0.0,0.0
2113,Illinois,Saint Clair,2022,6,17,163,67.53333333333333,Moderate,39,105,25.0,Ozone,0.0,16.0,0.0,9.0,1.0,Ozone,0.0,1.0,0.0,0.0
2114,Illinois,Saint Clair,2022,7,17,163,58.41935483870968,Moderate,30,93,21.0,PM2.5,0.0,10.0,0.0,11.0,0.0,0,0.0,0.0,0.0,0.0
2115,Illinois,Saint Clair,2022,8,17,163,50.12903225806452,Moderate,33,71,16.0,PM2.5,0.0,1.0,0.0,15.0,0.0,0,0.0,0.0,0.0,0.0
2116,Illinois,Saint Clair,2022,9,17,163,48.4,Good,22,63,18.0,PM2.5,0.0,1.0,0.0,17.0,0.0,0,0.0,0.0,0.0,0.0
2117,Illinois,Saint Clair,2022,10,17,163,49.645161290322584,Good,26,76,18.0,PM2.5,0.0,0.0,0.0,18.0,0.0,0,0.0,0.0,0.0,0.0
2118,Illinois,Saint Clair,2022,11,17,163,50.8,Moderate,22,74,20.0,PM2.5,0.0,0.0,0.0,20.0,0.0,0,0.0,0.0,0.0,0.0
2119,Illinois,Saint Clair,2022,12,17,163,51.54838709677419,Moderate,19,81,19.0,PM2.5,0.0,0.0,0.0,19.0,0.0,0,0.0,0.0,0.0,0.0
2120,Illinois,Saint Clair,2023,1,17,163,51.225806451612904,Moderate,24,76,19.0,PM2.5,0.0,0.0,0.0,19.0,0.0,0,0.0,0.0,0.0,0.0
2121,Illinois,Saint Clair,2023,2,17,163,48.464285714285715,Good,25,66,14.0,PM2.5,0.0,0.0,0.0,14.0,0.0,0,0.0,0.0,0.0,0.0
2122,Illinois,Saint Clair,2023,3,17,163,50.61290322580645,Moderate,32,69,17.0,PM2.5,0.0,0.0,0.0,17.0,0.0,0,0.0,0.0,0.0,0.0
2123,Illinois,Saint Clair,2023,4,17,163,50.0,Good,35,71,15.0,PM2.5,0.0,3.0,0.0,12.0,0.0,0,0.0,0.0,0.0,0.0
2124,Illinois,Saint Clair,2023,5,17,163,65.58064516129032,Moderate,41,122,25.0,Ozone,0.0,13.0,0.0,12.0,3.0,Ozone,0.0,3.0,0.0,0.0
2125,Illinois,Saint Clair,2023,6,17,163,91.26666666666667,Moderate,42,169,28.0,Ozone,0.0,18.0,0.0,10.0,11.0,Ozone,0.0,10.0,0.0,1.0
2126,Illinois,Saint Clair,2023,7,17,163,56.12903225806452,Moderate,38,95,22.0,PM2.5,0.0,1.0,0.0,21.0,0.0,0,0.0,0.0,0.0,0.0
2127,Illinois,Saint Clair,2023,8,17,163,55.193548387096776,Moderate,32,81,21.0,PM2.5,0.0,3.0,0.0,18.0,0.0,0,0.0,0.0,0.0,0.0
2128,Illinois,Saint Clair,2023,9,17,163,58.86666666666667,Moderate,43,84,25.0,PM2.5,0.0,2.0,0.0,23.0,0.0,0,0.0,0.0,0.0,0.0
2129,Illinois,Saint Clair,2023,10,17,163,49.903225806451616,Good,17,83,20.0,PM2.5,0.0,1.0,0.0,19.0,0.0,0,0.0,0.0,0.0,0.0
2130,Illinois,Saint Clair,2023,11,17,163,52.06666666666667,Moderate,28,73,19.0,PM2.5,0.0,0.0,0.0,19.0,0.0,0,0.0,0.0,0.0,0.0
2131,Illinois,Saint Clair,2023,12,17,163,42.25806451612903,Good,13,63,12.0,PM2.5,0.0,0.0,0.0,12.0,0.0,0,0.0,0.0,0.0,0.0
2132,Illinois,Saint Clair,2024,1,17,163,40.354838709677416,Good,22,64,8.0,PM2.5,0.0,0.0,0.0,8.0,0.0,0,0.0,0.0,0.0,0.0
2133,Illinois,Saint Clair,2024,2,17,163,51.827586206896555,Moderate,21,78,17.0,PM2.5,0.0,0.0,0.0,17.0,0.0,0,0.0,0.0,0.0,0.0
2134,Illinois,Saint Clair,2024,3,17,163,46.354838709677416,Good,17,65,14.0,PM2.5,0.0,0.0,0.0,14.0,0.0,0,0.0,0.0,0.0,0.0
2135,Illinois,Saint Clair,2024,4,17,163,43.666666666666664,Good,30,64,5.0,PM2.5,0.0,2.0,0.0,3.0,0.0,0,0.0,0.0,0.0,0.0
2136,Illinois,Saint Clair,2024,5,17,163,46.0,Good,31,60,6.0,PM2.5,0.0,0.0,0.0,6.0,0.0,0,0.0,0.0,0.0,0.0
2137,Illinois,Saint Clair,2024,6,17,163,54.13333333333333,Moderate,35,112,17.0,Ozone,0.0,9.0,0.0,8.0,1.0,Ozone,0.0,1.0,0.0,0.0
2138,Illinois,Saint Clair,2024,7,17,163,57.32258064516129,Moderate,31,108,21.0,PM2.5,1.0,4.0,0.0,16.0,1.0,NO2,1.0,0.0,0.0,0.0
2139,Illinois,Saint Clair,2024,8,17,163,55.32258064516129,Moderate,31,112,19.0,PM2.5,0.0,3.0,0.0,16.0,1.0,Ozone,0.0,1.0,0.0,0.0
2140,Illinois,Saint Clair,2024,9,17,163,43.13333333333333,Good,16,74,9.0,PM2.5,0.0,3.0,0.0,6.0,0.0,0,0.0,0.0,0.0,0.0
2141,Illinois,Saint Clair,2024,10,17,163,49.806451612903224,Good,25,68,18.0,PM2.5,1.0,2.0,0.0,15.0,0.0,0,0.0,0.0,0.0,0.0
2142,Illinois,Saint Clair,2024,11,17,163,33.96666666666667,Good,16,56,6.0,PM2.5,0.0,0.0,0.0,6.0,0.0,0,0.0,0.0,0.0,0.0
2143,Illinois,Saint Clair,2024,12,17,163,40.45161290322581,Good,23,65,8.0,PM2.5,0.0,0.0,0.0,8.0,0.0,0,0.0,0.0,0.0,0.0
2144,Illinois,Saint Clair,2025,1,17,163,36.03225806451613,Good,16,61,5.0,PM2.5,0.0,0.0,0.0,5.0,0.0,0,0.0,0.0,0.0,0.0
2145,Illinois,Saint Clair,2025,2,17,163,40.785714285714285,Good,21,66,3.0,PM2.5,0.0,0.0,0.0,3.0,0.0,0,0.0,0.0,0.0,0.0
2146,Illinois,Saint Clair,2025,3,17,163,49.70967741935484,Good,31,161,11.0,PM2.5,0.0,2.0,0.0,9.0,1.0,PM2.5,0.0,0.0,0.0,1.0
2147,Illinois,Saint Clair,2025,4,17,163,43.13333333333333,Good,23,60,10.0,PM2.5,0.0,0.0,0.0,10.0,0.0,0,0.0,0.0,0.0,0.0
2148,Illinois,Saint Clair,2025,5,17,163,43.67741935483871,Good,27,67,8.0,PM2.5,0.0,3.0,0.0,5.0,0.0,0,0.0,0.0,0.0,0.0
2149,Illinois,Saint Clair,2025,6,17,163,55.666666666666664,Moderate,28,85,20.0,PM2.5,0.0,2.0,0.0,18.0,0.0,0,0.0,0.0,0.0,0.0
2150,Illinois,Sangamon,2016,1,17,167,31.903225806451612,Good,17,70,1.0,PM2.5,0.0,0.0,0.0,1.0,0.0,0,0.0,0.0,0.0,0.0
2151,Illinois,Sangamon,2016,2,17,167,37.10344827586207,Good,20,72,4.0,PM2.5,0.0,0.0,0.0,4.0,0.0,0,0.0,0.0,0.0,0.0
2152,Illinois,Sangamon,2016,3,17,167,35.41935483870968,Good,19,63,2.0,PM2.5,0.0,0.0,0.0,2.0,0.0,0,0.0,0.0,0.0,0.0
2153,Illinois,Sangamon,2016,4,17,167,43.86666666666667,Good,26,70,7.0,Ozone,0.0,5.0,0.0,2.0,0.0,0,0.0,0.0,0.0,0.0
2154,Illinois,Sangamon,2016,5,17,167,45.774193548387096,Good,26,87,6.0,Ozone,0.0,6.0,0.0,0.0,0.0,0,0.0,0.0,0.0,0.0
2155,Illinois,Sangamon,2016,6,17,167,59.724137931034484,Moderate,39,105,16.0,Ozone,0.0,13.0,0.0,3.0,1.0,Ozone,0.0,1.0,0.0,0.0
2156,Illinois,Sangamon,2016,7,17,167,40.96774193548387,Good,31,57,4.0,PM2.5,0.0,1.0,0.0,3.0,0.0,0,0.0,0.0,0.0,0.0
2157,Illinois,Sangamon,2016,8,17,167,38.233333333333334,Good,20,58,5.0,PM2.5,0.0,1.0,0.0,4.0,0.0,0,0.0,0.0,0.0,0.0
2158,Illinois,Sangamon,2016,9,17,167,41.13333333333333,Good,20,97,5.0,Ozone,0.0,4.0,0.0,1.0,0.0,0,0.0,0.0,0.0,0.0
2159,Illinois,Sangamon,2016,10,17,167,34.67741935483871,Good,18,56,2.0,PM2.5,0.0,0.0,0.0,2.0,0.0,0,0.0,0.0,0.0,0.0
2160,Illinois,Sangamon,2016,11,17,167,33.733333333333334,Good,15,59,6.0,PM2.5,0.0,0.0,0.0,6.0,0.0,0,0.0,0.0,0.0,0.0
2161,Illinois,Sangamon,2016,12,17,167,27.419354838709676,Good,16,60,2.0,PM2.5,0.0,0.0,0.0,2.0,0.0,0,0.0,0.0,0.0,0.0
2162,Illinois,Sangamon,2017,1,17,167,31.967741935483872,Good,9,72,5.0,PM2.5,0.0,0.0,0.0,5.0,0.0,0,0.0,0.0,0.0,0.0
2163,Illinois,Sangamon,2017,2,17,167,36.357142857142854,Good,23,71,3.0,PM2.5,0.0,0.0,0.0,3.0,0.0,0,0.0,0.0,0.0,0.0
2164,Illinois,Sangamon,2017,3,17,167,37.4,Good,20,58,2.0,PM2.5,0.0,0.0,0.0,2.0,0.0,0,0.0,0.0,0.0,0.0
2165,Illinois,Sangamon,2017,4,17,167,43.166666666666664,Good,28,67,6.0,Ozone,0.0,5.0,0.0,1.0,0.0,0,0.0,0.0,0.0,0.0
2166,Illinois,Sangamon,2017,5,17,167,50.12903225806452,Moderate,32,87,10.0,Ozone,0.0,9.0,0.0,1.0,0.0,0,0.0,0.0,0.0,0.0
2167,Illinois,Sangamon,2017,6,17,167,57.7,Moderate,31,115,13.0,Ozone,0.0,12.0,0.0,1.0,2.0,Ozone,0.0,2.0,0.0,0.0
2168,Illinois,Sangamon,2017,7,17,167,45.41935483870968,Good,33,74,6.0,PM2.5,0.0,2.0,0.0,4.0,0.0,0,0.0,0.0,0.0,0.0
2169,Illinois,Sangamon,2017,8,17,167,41.45161290322581,Good,28,59,5.0,PM2.5,0.0,1.0,0.0,4.0,0.0,0,0.0,0.0,0.0,0.0
2170,Illinois,Sangamon,2017,9,17,167,45.03333333333333,Good,21,67,8.0,Ozone,0.0,5.0,0.0,3.0,0.0,0,0.0,0.0,0.0,0.0
2171,Illinois,Sangamon,2017,10,17,167,38.193548387096776,Good,11,75,7.0,PM2.5,0.0,0.0,0.0,7.0,0.0,0,0.0,0.0,0.0,0.0
2172,Illinois,Sangamon,2017,11,17,167,51.8,Moderate,30,65,20.0,PM2.5,0.0,0.0,0.0,20.0,0.0,0,0.0,0.0,0.0,0.0
2173,Illinois,Sangamon,2017,12,17,167,49.096774193548384,Good,27,79,17.0,PM2.5,0.0,0.0,0.0,17.0,0.0,0,0.0,0.0,0.0,0.0
2174,Illinois,Sangamon,2018,1,17,167,48.483870967741936,Good,28,76,15.0,PM2.5,0.0,0.0,0.0,15.0,0.0,0,0.0,0.0,0.0,0.0
2175,Illinois,Sangamon,2018,2,17,167,47.5,Good,31,69,12.0,PM2.5,0.0,0.0,0.0,12.0,0.0,0,0.0,0.0,0.0,0.0
2176,Illinois,Sangamon,2018,3,17,167,46.54838709677419,Good,33,68,9.0,PM2.5,0.0,0.0,0.0,9.0,0.0,0,0.0,0.0,0.0,0.0
2177,Illinois,Sangamon,2018,4,17,167,50.233333333333334,Moderate,36,74,11.0,Ozone,0.0,6.0,0.0,5.0,0.0,0,0.0,0.0,0.0,0.0
2178,Illinois,Sangamon,2018,5,17,167,67.8,Moderate,46,122,26.0,Ozone,0.0,17.0,0.0,9.0,1.0,Ozone,0.0,1.0,0.0,0.0
2179,Illinois,Sangamon,2018,6,17,167,55.03333333333333,Moderate,31,97,17.0,PM2.5,0.0,7.0,0.0,10.0,0.0,0,0.0,0.0,0.0,0.0
2180,Illinois,Sangamon,2018,7,17,167,52.25806451612903,Moderate,35,89,14.0,PM2.5,0.0,2.0,0.0,12.0,0.0,0,0.0,0.0,0.0,0.0
2181,Illinois,Sangamon,2018,8,17,167,56.45161290322581,Moderate,35,74,22.0,PM2.5,0.0,1.0,0.0,21.0,0.0,0,0.0,0.0,0.0,0.0
2182,Illinois,Sangamon,2018,9,17,167,42.03333333333333,Good,25,64,8.0,PM2.5,0.0,1.0,0.0,7.0,0.0,0,0.0,0.0,0.0,0.0
2183,Illinois,Sangamon,2018,10,17,167,37.36666666666667,Good,21,59,4.0,PM2.5,0.0,0.0,0.0,4.0,0.0,0,0.0,0.0,0.0,0.0
2184,Illinois,Sangamon,2018,11,17,167,46.63333333333333,Good,17,69,19.0,PM2.5,0.0,0.0,0.0,19.0,0.0,0,0.0,0.0,0.0,0.0
2185,Illinois,Sangamon,2018,12,17,167,48.645161290322584,Good,22,76,17.0,PM2.5,0.0,0.0,0.0,17.0,0.0,0,0.0,0.0,0.0,0.0
2186,Illinois,Sangamon,2019,1,17,167,45.7037037037037,Good,7,70,17.0,PM2.5,0.0,0.0,0.0,17.0,0.0,0,0.0,0.0,0.0,0.0
2187,Illinois,Sangamon,2019,2,17,167,46.92857142857143,Good,17,66,14.0,PM2.5,0.0,0.0,0.0,14.0,0.0,0,0.0,0.0,0.0,0.0
2188,Illinois,Sangamon,2019,3,17,167,49.0,Good,34,69,12.0,PM2.5,0.0,0.0,0.0,12.0,0.0,0,0.0,0.0,0.0,0.0
2189,Illinois,Sangamon,2019,4,17,167,49.1,Good,36,77,11.0,PM2.5,0.0,3.0,0.0,8.0,0.0,0,0.0,0.0,0.0,0.0
2190,Illinois,Sangamon,2019,5,17,167,43.903225806451616,Good,16,77,9.0,Ozone,0.0,6.0,0.0,3.0,0.0,0,0.0,0.0,0.0,0.0
2191,Illinois,Sangamon,2019,6,17,167,48.46666666666667,Good,35,87,11.0,PM2.5,0.0,3.0,0.0,8.0,0.0,0,0.0,0.0,0.0,0.0
2192,Illinois,Sangamon,2019,7,17,167,50.064516129032256,Moderate,28,75,16.0,PM2.5,0.0,3.0,0.0,13.0,0.0,0,0.0,0.0,0.0,0.0
2193,Illinois,Sangamon,2019,8,17,167,41.774193548387096,Good,29,61,6.0,Ozone,0.0,3.0,0.0,3.0,0.0,0,0.0,0.0,0.0,0.0
2194,Illinois,Sangamon,2019,9,17,167,45.93333333333333,Good,29,61,12.0,PM2.5,0.0,0.0,0.0,12.0,0.0,0,0.0,0.0,0.0,0.0
2195,Illinois,Sangamon,2019,10,17,167,34.064516129032256,Good,18,54,1.0,PM2.5,0.0,0.0,0.0,1.0,0.0,0,0.0,0.0,0.0,0.0
2196,Illinois,Sangamon,2019,11,17,167,39.689655172413794,Good,6,75,9.0,PM2.5,0.0,0.0,0.0,9.0,0.0,0,0.0,0.0,0.0,0.0
2197,Illinois,Sangamon,2019,12,17,167,45.516129032258064,Good,9,72,20.0,PM2.5,0.0,0.0,0.0,20.0,0.0,0,0.0,0.0,0.0,0.0
2198,Illinois,Sangamon,2020,1,17,167,41.0,Good,13,60,9.0,PM2.5,0.0,0.0,0.0,9.0,0.0,0,0.0,0.0,0.0,0.0
2199,Illinois,Sangamon,2020,2,17,167,38.93103448275862,Good,9,60,7.0,PM2.5,0.0,0.0,0.0,7.0,0.0,0,0.0,0.0,0.0,0.0
2200,Illinois,Sangamon,2020,3,17,167,43.774193548387096,Good,28,68,8.0,PM2.5,0.0,0.0,0.0,8.0,0.0,0,0.0,0.0,0.0,0.0
2201,Illinois,Sangamon,2020,4,17,167,46.03333333333333,Good,36,58,6.0,PM2.5,0.0,1.0,0.0,5.0,0.0,0,0.0,0.0,0.0,0.0
2202,Illinois,Sangamon,2020,5,17,167,41.25806451612903,Good,28,54,1.0,Ozone,0.0,1.0,0.0,0.0,0.0,0,0.0,0.0,0.0,0.0
2203,Illinois,Sangamon,2020,6,17,167,58.233333333333334,Moderate,32,93,20.0,Ozone,0.0,15.0,0.0,5.0,0.0,0,0.0,0.0,0.0,0.0
2204,Illinois,Sangamon,2020,7,17,167,49.774193548387096,Good,28,97,11.0,Ozone,0.0,6.0,0.0,5.0,0.0,0,0.0,0.0,0.0,0.0
2205,Illinois,Sangamon,2020,8,17,167,43.29032258064516,Good,21,58,8.0,PM2.5,0.0,0.0,0.0,8.0,0.0,0,0.0,0.0,0.0,0.0
2206,Illinois,Sangamon,2020,9,17,167,43.36666666666667,Good,23,62,9.0,PM2.5,0.0,0.0,0.0,9.0,0.0,0,0.0,0.0,0.0,0.0
2207,Illinois,Sangamon,2020,10,17,167,43.12903225806452,Good,24,80,7.0,PM2.5,0.0,0.0,0.0,7.0,0.0,0,0.0,0.0,0.0,0.0
2208,Illinois,Sangamon,2020,11,17,167,35.333333333333336,Good,13,61,6.0,PM2.5,0.0,0.0,0.0,6.0,0.0,0,0.0,0.0,0.0,0.0
2209,Illinois,Sangamon,2020,12,17,167,46.96774193548387,Good,14,70,18.0,PM2.5,0.0,0.0,0.0,18.0,0.0,0,0.0,0.0,0.0,0.0
2210,Illinois,Sangamon,2021,1,17,167,40.806451612903224,Good,16,62,10.0,PM2.5,0.0,0.0,0.0,10.0,0.0,0,0.0,0.0,0.0,0.0
2211,Illinois,Sangamon,2021,2,17,167,45.407407407407405,Good,13,67,11.0,PM2.5,0.0,0.0,0.0,11.0,0.0,0,0.0,0.0,0.0,0.0
2212,Illinois,Sangamon,2021,3,17,167,43.70967741935484,Good,29,68,8.0,PM2.5,0.0,0.0,0.0,8.0,0.0,0,0.0,0.0,0.0,0.0
2213,Illinois,Sangamon,2021,4,17,167,40.53333333333333,Good,24,76,6.0,PM2.5,0.0,0.0,0.0,6.0,0.0,0,0.0,0.0,0.0,0.0
2214,Illinois,Sangamon,2021,5,17,167,40.83870967741935,Good,25,59,4.0,PM2.5,0.0,0.0,0.0,4.0,0.0,0,0.0,0.0,0.0,0.0
2215,Illinois,Sangamon,2021,6,17,167,44.56666666666667,Good,22,80,8.0,PM2.5,0.0,2.0,0.0,6.0,0.0,0,0.0,0.0,0.0,0.0
2216,Illinois,Sangamon,2021,7,17,167,55.12903225806452,Moderate,26,98,18.0,PM2.5,0.0,0.0,0.0,18.0,0.0,0,0.0,0.0,0.0,0.0
2217,Illinois,Sangamon,2021,8,17,167,52.58064516129032,Moderate,31,82,18.0,PM2.5,0.0,0.0,0.0,18.0,0.0,0,0.0,0.0,0.0,0.0
2218,Illinois,Sangamon,2021,9,17,167,45.13333333333333,Good,24,74,10.0,PM2.5,0.0,0.0,0.0,10.0,0.0,0,0.0,0.0,0.0,0.0
2219,Illinois,Sangamon,2021,10,17,167,35.83870967741935,Good,17,60,5.0,PM2.5,0.0,0.0,0.0,5.0,0.0,0,0.0,0.0,0.0,0.0
2220,Illinois,Sangamon,2021,11,17,167,42.25,Good,18,78,11.0,PM2.5,0.0,0.0,0.0,11.0,0.0,0,0.0,0.0,0.0,0.0
2221,Illinois,Sangamon,2021,12,17,167,48.12903225806452,Good,23,71,20.0,PM2.5,0.0,0.0,0.0,20.0,0.0,0,0.0,0.0,0.0,0.0
2222,Illinois,Sangamon,2022,1,17,167,44.45161290322581,Good,17,67,11.0,PM2.5,0.0,0.0,0.0,11.0,0.0,0,0.0,0.0,0.0,0.0
2223,Illinois,Sangamon,2022,2,17,167,42.08,Good,11,63,9.0,PM2.5,0.0,0.0,0.0,9.0,0.0,0,0.0,0.0,0.0,0.0
2224,Illinois,Sangamon,2022,3,17,167,41.903225806451616,Good,28,60,7.0,PM2.5,0.0,0.0,0.0,7.0,0.0,0,0.0,0.0,0.0,0.0
2225,Illinois,Sangamon,2022,4,17,167,41.333333333333336,Good,29,55,5.0,PM2.5,0.0,1.0,0.0,4.0,0.0,0,0.0,0.0,0.0,0.0
2226,Illinois,Sangamon,2022,5,17,167,51.064516129032256,Moderate,33,80,13.0,PM2.5,0.0,6.0,0.0,7.0,0.0,0,0.0,0.0,0.0,0.0
2227,Illinois,Sangamon,2022,6,17,167,62.9,Moderate,29,126,18.0,Ozone,0.0,10.0,0.0,8.0,4.0,Ozone,0.0,3.0,0.0,1.0
2228,Illinois,Sangamon,2022,7,17,167,48.54838709677419,Good,25,71,16.0,PM2.5,0.0,1.0,0.0,15.0,0.0,0,0.0,0.0,0.0,0.0
2229,Illinois,Sangamon,2022,8,17,167,41.806451612903224,Good,23,53,5.0,PM2.5,0.0,0.0,0.0,5.0,0.0,0,0.0,0.0,0.0,0.0
2230,Illinois,Sangamon,2022,9,17,167,43.96666666666667,Good,21,62,12.0,PM2.5,0.0,0.0,0.0,12.0,0.0,0,0.0,0.0,0.0,0.0
2231,Illinois,Sangamon,2022,10,17,167,44.74193548387097,Good,22,70,10.0,PM2.5,0.0,0.0,0.0,10.0,0.0,0,0.0,0.0,0.0,0.0
2232,Illinois,Sangamon,2022,11,17,167,47.36666666666667,Good,19,67,19.0,PM2.5,0.0,0.0,0.0,19.0,0.0,0,0.0,0.0,0.0,0.0
2233,Illinois,Sangamon,2022,12,17,167,47.064516129032256,Good,13,89,17.0,PM2.5,0.0,0.0,0.0,17.0,0.0,0,0.0,0.0,0.0,0.0
2234,Illinois,Sangamon,2023,1,17,167,45.935483870967744,Good,26,68,15.0,PM2.5,0.0,0.0,0.0,15.0,0.0,0,0.0,0.0,0.0,0.0
2235,Illinois,Sangamon,2023,2,17,167,39.82142857142857,Good,26,64,7.0,PM2.5,0.0,0.0,0.0,7.0,0.0,0,0.0,0.0,0.0,0.0
2236,Illinois,Sangamon,2023,3,17,167,47.096774193548384,Good,33,69,13.0,PM2.5,0.0,1.0,0.0,12.0,0.0,0,0.0,0.0,0.0,0.0
2237,Illinois,Sangamon,2023,4,17,167,49.4,Good,31,71,12.0,Ozone,0.0,8.0,0.0,4.0,0.0,0,0.0,0.0,0.0,0.0
2238,Illinois,Sangamon,2023,5,17,167,69.7741935483871,Moderate,39,133,25.0,Ozone,0.0,18.0,0.0,7.0,6.0,Ozone,0.0,6.0,0.0,0.0
2239,Illinois,Sangamon,2023,6,17,167,96.96666666666667,Moderate,41,247,28.0,Ozone,0.0,18.0,0.0,10.0,13.0,Ozone,0.0,10.0,0.0,3.0
2240,Illinois,Sangamon,2023,7,17,167,57.32258064516129,Moderate,38,133,20.0,PM2.5,0.0,1.0,0.0,19.0,1.0,PM2.5,0.0,0.0,0.0,1.0
2241,Illinois,Sangamon,2023,8,17,167,53.58064516129032,Moderate,30,77,18.0,PM2.5,0.0,0.0,0.0,18.0,0.0,0,0.0,0.0,0.0,0.0
2242,Illinois,Sangamon,2023,9,17,167,52.8,Moderate,35,78,20.0,PM2.5,0.0,3.0,0.0,17.0,0.0,0,0.0,0.0,0.0,0.0
2243,Illinois,Sangamon,2023,10,17,167,40.354838709677416,Good,19,75,8.0,PM2.5,0.0,0.0,0.0,8.0,0.0,0,0.0,0.0,0.0,0.0
2244,Illinois,Sangamon,2023,11,17,167,42.56666666666667,Good,18,60,11.0,PM2.5,0.0,0.0,0.0,11.0,0.0,0,0.0,0.0,0.0,0.0
2245,Illinois,Sangamon,2023,12,17,167,36.54838709677419,Good,14,63,6.0,PM2.5,0.0,0.0,0.0,6.0,0.0,0,0.0,0.0,0.0,0.0
2246,Illinois,Sangamon,2024,1,17,167,35.096774193548384,Good,13,59,6.0,PM2.5,0.0,0.0,0.0,6.0,0.0,0,0.0,0.0,0.0,0.0
2247,Illinois,Sangamon,2024,2,17,167,42.37931034482759,Good,16,68,12.0,PM2.5,0.0,0.0,0.0,12.0,0.0,0,0.0,0.0,0.0,0.0
2248,Illinois,Sangamon,2024,3,17,167,43.064516129032256,Good,30,63,11.0,PM2.5,0.0,0.0,0.0,11.0,0.0,0,0.0,0.0,0.0,0.0
2249,Illinois,Sangamon,2024,4,17,167,40.4,Good,31,51,2.0,Ozone,0.0,2.0,0.0,0.0,0.0,0,0.0,0.0,0.0,0.0
2250,Illinois,Sangamon,2024,5,17,167,46.225806451612904,Good,35,58,8.0,Ozone,0.0,6.0,0.0,2.0,0.0,0,0.0,0.0,0.0,0.0
2251,Illinois,Sangamon,2024,6,17,167,49.53333333333333,Good,33,105,11.0,PM2.5,0.0,4.0,0.0,7.0,1.0,Ozone,0.0,1.0,0.0,0.0
2252,Illinois,Sangamon,2024,7,17,167,48.096774193548384,Good,31,71,16.0,PM2.5,0.0,0.0,0.0,16.0,0.0,0,0.0,0.0,0.0,0.0
2253,Illinois,Sangamon,2024,8,17,167,48.54838709677419,Good,30,65,16.0,PM2.5,0.0,0.0,0.0,16.0,0.0,0,0.0,0.0,0.0,0.0
2254,Illinois,Sangamon,2024,9,17,167,39.666666666666664,Good,25,77,5.0,Ozone,0.0,3.0,0.0,2.0,0.0,0,0.0,0.0,0.0,0.0
2255,Illinois,Sangamon,2024,10,17,167,44.41935483870968,Good,26,71,10.0,PM2.5,0.0,2.0,0.0,8.0,0.0,0,0.0,0.0,0.0,0.0
2256,Illinois,Sangamon,2024,11,17,167,29.666666666666668,Good,8,56,2.0,PM2.5,0.0,0.0,0.0,2.0,0.0,0,0.0,0.0,0.0,0.0
2257,Illinois,Sangamon,2024,12,17,167,34.193548387096776,Good,15,69,4.0,PM2.5,0.0,0.0,0.0,4.0,0.0,0,0.0,0.0,0.0,0.0
2258,Illinois,Sangamon,2025,1,17,167,28.225806451612904,Good,13,60,2.0,PM2.5,0.0,0.0,0.0,2.0,0.0,0,0.0,0.0,0.0,0.0
2259,Illinois,Sangamon,2025,2,17,167,35.82142857142857,Good,16,62,4.0,PM2.5,0.0,0.0,0.0,4.0,0.0,0,0.0,0.0,0.0,0.0
2260,Illinois,Sangamon,2025,3,17,167,43.03225806451613,Good,29,82,5.0,PM2.5,0.0,1.0,0.0,4.0,0.0,0,0.0,0.0,0.0,0.0
2261,Illinois,Sangamon,2025,4,17,167,41.1,Good,21,59,6.0,PM2.5,0.0,2.0,0.0,4.0,0.0,0,0.0,0.0,0.0,0.0
2262,Illinois,Sangamon,2025,5,17,167,41.806451612903224,Good,29,71,4.0,Ozone,0.0,3.0,0.0,1.0,0.0,0,0.0,0.0,0.0,0.0
2263,Illinois,Sangamon,2025,6,17,167,56.733333333333334,Moderate,33,103,18.0,PM2.5,0.0,2.0,0.0,16.0,1.0,PM2.5,0.0,0.0,0.0,1.0
2264,Illinois,Will,2016,1,17,197,43.516129032258064,Good,27,69,10.0,PM2.5,0.0,0.0,0.0,10.0,0.0,0,0.0,0.0,0.0,0.0
2265,Illinois,Will,2016,2,17,197,44.55172413793103,Good,26,65,14.0,PM2.5,0.0,0.0,0.0,14.0,0.0,0,0.0,0.0,0.0,0.0
2266,Illinois,Will,2016,3,17,197,50.903225806451616,Moderate,33,66,21.0,PM2.5,0.0,0.0,0.0,21.0,0.0,0,0.0,0.0,0.0,0.0
2267,Illinois,Will,2016,4,17,197,55.733333333333334,Moderate,34,97,22.0,PM2.5,0.0,5.0,0.0,17.0,0.0,0,0.0,0.0,0.0,0.0
2268,Illinois,Will,2016,5,17,197,51.806451612903224,Moderate,31,105,14.0,Ozone,0.0,8.0,0.0,6.0,1.0,Ozone,0.0,1.0,0.0,0.0
2269,Illinois,Will,2016,6,17,197,55.46666666666667,Moderate,32,97,18.0,Ozone,0.0,16.0,0.0,2.0,0.0,0,0.0,0.0,0.0,0.0
2270,Illinois,Will,2016,7,17,197,44.38709677419355,Good,28,58,10.0,PM2.5,0.0,0.0,0.0,10.0,0.0,0,0.0,0.0,0.0,0.0
2271,Illinois,Will,2016,8,17,197,47.74193548387097,Good,25,59,13.0,PM2.5,0.0,0.0,0.0,13.0,0.0,0,0.0,0.0,0.0,0.0
2272,Illinois,Will,2016,9,17,197,47.4,Good,33,71,8.0,PM2.5,0.0,2.0,0.0,6.0,0.0,0,0.0,0.0,0.0,0.0
2273,Illinois,Will,2016,10,17,197,41.935483870967744,Good,26,61,6.0,PM2.5,0.0,0.0,0.0,6.0,0.0,0,0.0,0.0,0.0,0.0
2274,Illinois,Will,2016,11,17,197,49.166666666666664,Good,27,72,18.0,PM2.5,0.0,0.0,0.0,18.0,0.0,0,0.0,0.0,0.0,0.0
2275,Illinois,Will,2016,12,17,197,44.53333333333333,Good,27,71,10.0,PM2.5,0.0,0.0,0.0,10.0,0.0,0,0.0,0.0,0.0,0.0
2276,Illinois,Will,2017,1,17,197,50.58064516129032,Moderate,22,90,18.0,PM2.5,0.0,0.0,0.0,18.0,0.0,0,0.0,0.0,0.0,0.0
2277,Illinois,Will,2017,2,17,197,47.642857142857146,Good,30,71,13.0,PM2.5,0.0,0.0,0.0,13.0,0.0,0,0.0,0.0,0.0,0.0
2278,Illinois,Will,2017,3,17,197,42.193548387096776,Good,30,67,5.0,PM2.5,0.0,0.0,0.0,5.0,0.0,0,0.0,0.0,0.0,0.0
2279,Illinois,Will,2017,4,17,197,42.4,Good,23,59,7.0,PM2.5,0.0,1.0,0.0,6.0,0.0,0,0.0,0.0,0.0,0.0
2280,Illinois,Will,2017,5,17,197,45.483870967741936,Good,23,67,11.0,PM2.5,0.0,2.0,0.0,9.0,0.0,0,0.0,0.0,0.0,0.0
2281,Illinois,Will,2017,6,17,197,56.333333333333336,Moderate,31,93,12.0,Ozone,0.0,11.0,0.0,1.0,0.0,0,0.0,0.0,0.0,0.0
2282,Illinois,Will,2017,7,17,197,46.0,Good,29,71,10.0,Ozone,0.0,6.0,0.0,4.0,0.0,0,0.0,0.0,0.0,0.0
2283,Illinois,Will,2017,8,17,197,45.83870967741935,Good,26,63,13.0,PM2.5,0.0,0.0,0.0,13.0,0.0,0,0.0,0.0,0.0,0.0
2284,Illinois,Will,2017,9,17,197,48.56666666666667,Good,24,87,14.0,PM2.5,0.0,6.0,0.0,8.0,0.0,0,0.0,0.0,0.0,0.0
2285,Illinois,Will,2017,10,17,197,37.935483870967744,Good,19,63,3.0,PM2.5,0.0,0.0,0.0,3.0,0.0,0,0.0,0.0,0.0,0.0
2286,Illinois,Will,2017,11,17,197,45.333333333333336,Good,27,71,12.0,PM2.5,0.0,0.0,0.0,12.0,0.0,0,0.0,0.0,0.0,0.0
2287,Illinois,Will,2017,12,17,197,47.516129032258064,Good,24,78,16.0,PM2.5,0.0,0.0,0.0,16.0,0.0,0,0.0,0.0,0.0,0.0
2288,Illinois,Will,2018,1,17,197,54.064516129032256,Moderate,30,81,22.0,PM2.5,0.0,0.0,0.0,22.0,0.0,0,0.0,0.0,0.0,0.0
2289,Illinois,Will,2018,2,17,197,54.42857142857143,Moderate,30,77,16.0,PM2.5,0.0,0.0,0.0,16.0,0.0,0,0.0,0.0,0.0,0.0
2290,Illinois,Will,2018,3,17,197,49.58064516129032,Good,34,72,13.0,PM2.5,0.0,0.0,0.0,13.0,0.0,0,0.0,0.0,0.0,0.0
2291,Illinois,Will,2018,4,17,197,52.333333333333336,Moderate,31,74,17.0,PM2.5,0.0,7.0,0.0,10.0,0.0,0,0.0,0.0,0.0,0.0
2292,Illinois,Will,2018,5,17,197,72.87096774193549,Moderate,39,119,27.0,Ozone,0.0,17.0,0.0,10.0,3.0,Ozone,0.0,3.0,0.0,0.0
2293,Illinois,Will,2018,6,17,197,53.46666666666667,Moderate,40,126,18.0,PM2.5,0.0,3.0,0.0,15.0,1.0,Ozone,0.0,1.0,0.0,0.0
2294,Illinois,Will,2018,7,17,197,53.806451612903224,Moderate,34,90,17.0,PM2.5,0.0,2.0,0.0,15.0,0.0,0,0.0,0.0,0.0,0.0
2295,Illinois,Will,2018,8,17,197,58.16129032258065,Moderate,31,80,25.0,PM2.5,0.0,3.0,0.0,22.0,0.0,0,0.0,0.0,0.0,0.0
2296,Illinois,Will,2018,9,17,197,39.43333333333333,Good,20,67,6.0,PM2.5,0.0,1.0,0.0,5.0,0.0,0,0.0,0.0,0.0,0.0
2297,Illinois,Will,2018,10,17,197,32.38709677419355,Good,14,55,3.0,PM2.5,0.0,0.0,0.0,3.0,0.0,0,0.0,0.0,0.0,0.0
2298,Illinois,Will,2018,11,17,197,21.166666666666668,Good,9,28,0.0,0,0.0,0.0,0.0,0.0,0.0,0,0.0,0.0,0.0,0.0
2299,Illinois,Will,2018,12,17,197,32.29032258064516,Good,8,64,7.0,PM2.5,0.0,0.0,0.0,7.0,0.0,0,0.0,0.0,0.0,0.0
2300,Illinois,Will,2019,1,17,197,52.354838709677416,Moderate,32,69,19.0,PM2.5,0.0,0.0,0.0,19.0,0.0,0,0.0,0.0,0.0,0.0
2301,Illinois,Will,2019,2,17,197,54.92857142857143,Moderate,27,82,21.0,PM2.5,0.0,0.0,0.0,21.0,0.0,0,0.0,0.0,0.0,0.0
2302,Illinois,Will,2019,3,17,197,52.354838709677416,Moderate,37,74,16.0,PM2.5,0.0,0.0,0.0,16.0,0.0,0,0.0,0.0,0.0,0.0
2303,Illinois,Will,2019,4,17,197,47.6,Good,29,67,10.0,PM2.5,0.0,1.0,0.0,9.0,0.0,0,0.0,0.0,0.0,0.0
2304,Illinois,Will,2019,5,17,197,43.54838709677419,Good,23,56,7.0,PM2.5,0.0,1.0,0.0,6.0,0.0,0,0.0,0.0,0.0,0.0
2305,Illinois,Will,2019,6,17,197,52.7,Moderate,37,77,18.0,PM2.5,0.0,6.0,0.0,12.0,0.0,0,0.0,0.0,0.0,0.0
2306,Illinois,Will,2019,7,17,197,53.70967741935484,Moderate,36,78,19.0,PM2.5,0.0,2.0,0.0,17.0,0.0,0,0.0,0.0,0.0,0.0
2307,Illinois,Will,2019,8,17,197,46.935483870967744,Good,28,84,10.0,PM2.5,0.0,2.0,0.0,8.0,0.0,0,0.0,0.0,0.0,0.0
2308,Illinois,Will,2019,9,17,197,46.9,Good,29,67,14.0,PM2.5,0.0,0.0,0.0,14.0,0.0,0,0.0,0.0,0.0,0.0
2309,Illinois,Will,2019,10,17,197,41.83870967741935,Good,22,67,13.0,PM2.5,0.0,0.0,0.0,13.0,0.0,0,0.0,0.0,0.0,0.0
2310,Illinois,Will,2019,11,17,197,52.03333333333333,Moderate,24,73,17.0,PM2.5,0.0,0.0,0.0,17.0,0.0,0,0.0,0.0,0.0,0.0
2311,Illinois,Will,2019,12,17,197,54.935483870967744,Moderate,10,83,22.0,PM2.5,0.0,0.0,0.0,22.0,0.0,0,0.0,0.0,0.0,0.0
2312,Illinois,Will,2020,1,17,197,52.064516129032256,Moderate,16,71,20.0,PM2.5,0.0,0.0,0.0,20.0,0.0,0,0.0,0.0,0.0,0.0
2313,Illinois,Will,2020,2,17,197,48.724137931034484,Good,20,66,17.0,PM2.5,0.0,0.0,0.0,17.0,0.0,0,0.0,0.0,0.0,0.0
2314,Illinois,Will,2020,3,17,197,49.38709677419355,Good,32,70,18.0,PM2.5,0.0,0.0,0.0,18.0,0.0,0,0.0,0.0,0.0,0.0
2315,Illinois,Will,2020,4,17,197,50.53333333333333,Moderate,37,81,16.0,PM2.5,0.0,0.0,0.0,16.0,0.0,0,0.0,0.0,0.0,0.0
2316,Illinois,Will,2020,5,17,197,42.87096774193548,Good,30,54,5.0,PM2.5,0.0,0.0,0.0,5.0,0.0,0,0.0,0.0,0.0,0.0
2317,Illinois,Will,2020,6,17,197,55.63333333333333,Moderate,35,108,17.0,Ozone,0.0,9.0,0.0,8.0,1.0,Ozone,0.0,1.0,0.0,0.0
2318,Illinois,Will,2020,7,17,197,56.0,Moderate,29,156,13.0,PM2.5,0.0,5.0,0.0,8.0,3.0,PM2.5,0.0,1.0,0.0,2.0
2319,Illinois,Will,2020,8,17,197,50.82142857142857,Moderate,28,74,18.0,PM2.5,0.0,2.0,0.0,16.0,0.0,0,0.0,0.0,0.0,0.0
2320,Illinois,Will,2020,9,17,197,43.63333333333333,Good,19,62,12.0,PM2.5,0.0,0.0,0.0,12.0,0.0,0,0.0,0.0,0.0,0.0
2321,Illinois,Will,2020,10,17,197,44.45161290322581,Good,24,75,7.0,PM2.5,0.0,0.0,0.0,7.0,0.0,0,0.0,0.0,0.0,0.0
2322,Illinois,Will,2020,11,17,197,48.86666666666667,Good,16,67,17.0,PM2.5,0.0,0.0,0.0,17.0,0.0,0,0.0,0.0,0.0,0.0
2323,Illinois,Will,2020,12,17,197,52.96774193548387,Moderate,14,84,20.0,PM2.5,0.0,0.0,0.0,20.0,0.0,0,0.0,0.0,0.0,0.0
2324,Illinois,Will,2021,1,17,197,52.38709677419355,Moderate,28,70,23.0,PM2.5,0.0,0.0,0.0,23.0,0.0,0,0.0,0.0,0.0,0.0
2325,Illinois,Will,2021,2,17,197,54.75,Moderate,24,86,19.0,PM2.5,0.0,0.0,0.0,19.0,0.0,0,0.0,0.0,0.0,0.0
2326,Illinois,Will,2021,3,17,197,51.806451612903224,Moderate,31,73,18.0,PM2.5,0.0,0.0,0.0,18.0,0.0,0,0.0,0.0,0.0,0.0
2327,Illinois,Will,2021,4,17,197,48.63333333333333,Good,24,80,15.0,PM2.5,0.0,2.0,0.0,13.0,0.0,0,0.0,0.0,0.0,0.0
2328,Illinois,Will,2021,5,17,197,47.45161290322581,Good,31,64,16.0,PM2.5,0.0,5.0,0.0,11.0,0.0,0,0.0,0.0,0.0,0.0
2329,Illinois,Will,2021,6,17,197,56.63333333333333,Moderate,26,105,17.0,Ozone,0.0,12.0,0.0,5.0,2.0,Ozone,0.0,2.0,0.0,0.0
2330,Illinois,Will,2021,7,17,197,59.064516129032256,Moderate,38,96,24.0,PM2.5,0.0,1.0,0.0,23.0,0.0,0,0.0,0.0,0.0,0.0
2331,Illinois,Will,2021,8,17,197,55.483870967741936,Moderate,33,93,22.0,PM2.5,0.0,2.0,0.0,20.0,0.0,0,0.0,0.0,0.0,0.0
2332,Illinois,Will,2021,9,17,197,46.2,Good,23,77,10.0,Ozone,0.0,5.0,0.0,5.0,0.0,0,0.0,0.0,0.0,0.0
2333,Illinois,Will,2021,10,17,197,41.83870967741935,Good,22,67,8.0,PM2.5,0.0,1.0,0.0,7.0,0.0,0,0.0,0.0,0.0,0.0
2334,Illinois,Will,2021,11,17,197,45.53333333333333,Good,15,83,14.0,PM2.5,0.0,0.0,0.0,14.0,0.0,0,0.0,0.0,0.0,0.0
2335,Illinois,Will,2021,12,17,197,51.45161290322581,Moderate,21,69,22.0,PM2.5,0.0,0.0,0.0,22.0,0.0,0,0.0,0.0,0.0,0.0
2336,Illinois,Will,2022,1,17,197,50.193548387096776,Moderate,31,93,16.0,PM2.5,0.0,0.0,0.0,16.0,0.0,0,0.0,0.0,0.0,0.0
2337,Illinois,Will,2022,2,17,197,48.42857142857143,Good,25,71,15.0,PM2.5,0.0,0.0,0.0,15.0,0.0,0,0.0,0.0,0.0,0.0
2338,Illinois,Will,2022,3,17,197,46.16129032258065,Good,29,71,9.0,PM2.5,0.0,0.0,0.0,9.0,0.0,0,0.0,0.0,0.0,0.0
2339,Illinois,Will,2022,4,17,197,44.2,Good,29,62,7.0,PM2.5,0.0,0.0,0.0,7.0,0.0,0,0.0,0.0,0.0,0.0
2340,Illinois,Will,2022,5,17,197,49.74193548387097,Good,31,80,12.0,PM2.5,0.0,4.0,0.0,8.0,0.0,0,0.0,0.0,0.0,0.0
2341,Illinois,Will,2022,6,17,197,61.0,Moderate,36,101,22.0,Ozone,0.0,14.0,0.0,8.0,2.0,Ozone,0.0,2.0,0.0,0.0
2342,Illinois,Will,2022,7,17,197,49.903225806451616,Good,32,80,15.0,PM2.5,0.0,3.0,0.0,12.0,0.0,0,0.0,0.0,0.0,0.0
2343,Illinois,Will,2022,8,17,197,45.903225806451616,Good,31,58,12.0,PM2.5,0.0,0.0,0.0,12.0,0.0,0,0.0,0.0,0.0,0.0
2344,Illinois,Will,2022,9,17,197,42.766666666666666,Good,22,61,10.0,PM2.5,0.0,0.0,0.0,10.0,0.0,0,0.0,0.0,0.0,0.0
2345,Illinois,Will,2022,10,17,197,48.193548387096776,Good,20,74,20.0,PM2.5,0.0,0.0,0.0,20.0,0.0,0,0.0,0.0,0.0,0.0
2346,Illinois,Will,2022,11,17,197,48.2,Good,20,79,18.0,PM2.5,0.0,0.0,0.0,18.0,0.0,0,0.0,0.0,0.0,0.0
2347,Illinois,Will,2022,12,17,197,49.29032258064516,Good,17,84,16.0,PM2.5,0.0,0.0,0.0,16.0,0.0,0,0.0,0.0,0.0,0.0
2348,Illinois,Will,2023,1,17,197,50.16129032258065,Moderate,27,73,18.0,PM2.5,0.0,0.0,0.0,18.0,0.0,0,0.0,0.0,0.0,0.0
2349,Illinois,Will,2023,2,17,197,43.464285714285715,Good,22,68,11.0,PM2.5,0.0,0.0,0.0,11.0,0.0,0,0.0,0.0,0.0,0.0
2350,Illinois,Will,2023,3,17,197,49.16129032258065,Good,33,67,16.0,PM2.5,0.0,0.0,0.0,16.0,0.0,0,0.0,0.0,0.0,0.0
2351,Illinois,Will,2023,4,17,197,49.8,Good,14,80,14.0,PM2.5,0.0,6.0,0.0,8.0,0.0,0,0.0,0.0,0.0,0.0
2352,Illinois,Will,2023,5,17,197,66.19354838709677,Moderate,9,129,23.0,Ozone,0.0,16.0,0.0,7.0,5.0,Ozone,0.0,5.0,0.0,0.0
2353,Illinois,Will,2023,6,17,197,102.8,Unhealthy for Sensitive Groups,42,246,29.0,PM2.5,0.0,14.0,0.0,15.0,11.0,Ozone,0.0,8.0,0.0,3.0
2354,Illinois,Will,2023,7,17,197,62.645161290322584,Moderate,39,153,21.0,PM2.5,0.0,0.0,0.0,21.0,3.0,PM2.5,0.0,0.0,0.0,3.0
2355,Illinois,Will,2023,8,17,197,58.064516129032256,Moderate,27,85,24.0,PM2.5,0.0,1.0,0.0,23.0,0.0,0,0.0,0.0,0.0,0.0
2356,Illinois,Will,2023,9,17,197,47.6,Good,27,66,15.0,PM2.5,0.0,1.0,0.0,14.0,0.0,0,0.0,0.0,0.0,0.0
2357,Illinois,Will,2023,10,17,197,44.935483870967744,Good,21,69,15.0,PM2.5,0.0,1.0,0.0,14.0,0.0,0,0.0,0.0,0.0,0.0
2358,Illinois,Will,2023,11,17,197,46.0,Good,21,78,12.0,PM2.5,0.0,0.0,0.0,12.0,0.0,0,0.0,0.0,0.0,0.0
2359,Illinois,Will,2023,12,17,197,41.25806451612903,Good,20,63,12.0,PM2.5,0.0,0.0,0.0,12.0,0.0,0,0.0,0.0,0.0,0.0
2360,Illinois,Will,2024,1,17,197,41.61290322580645,Good,19,68,11.0,PM2.5,0.0,0.0,0.0,11.0,0.0,0,0.0,0.0,0.0,0.0
2361,Illinois,Will,2024,2,17,197,45.6551724137931,Good,16,76,14.0,PM2.5,0.0,0.0,0.0,14.0,0.0,0,0.0,0.0,0.0,0.0
2362,Illinois,Will,2024,3,17,197,41.67741935483871,Good,27,68,7.0,PM2.5,0.0,0.0,0.0,7.0,0.0,0,0.0,0.0,0.0,0.0
2363,Illinois,Will,2024,4,17,197,42.166666666666664,Good,30,58,4.0,Ozone,0.0,3.0,0.0,1.0,0.0,0,0.0,0.0,0.0,0.0
2364,Illinois,Will,2024,5,17,197,47.41935483870968,Good,33,59,7.0,PM2.5,0.0,3.0,0.0,4.0,0.0,0,0.0,0.0,0.0,0.0
2365,Illinois,Will,2024,6,17,197,48.13333333333333,Good,31,84,10.0,PM2.5,0.0,4.0,0.0,6.0,0.0,0,0.0,0.0,0.0,0.0
2366,Illinois,Will,2024,7,17,197,49.63333333333333,Good,34,69,15.0,PM2.5,0.0,1.0,0.0,14.0,0.0,0,0.0,0.0,0.0,0.0
2367,Illinois,Will,2024,8,17,197,47.354838709677416,Good,27,63,15.0,PM2.5,0.0,0.0,0.0,15.0,0.0,0,0.0,0.0,0.0,0.0
2368,Illinois,Will,2024,9,17,197,44.166666666666664,Good,27,77,8.0,Ozone,0.0,4.0,0.0,4.0,0.0,0,0.0,0.0,0.0,0.0
2369,Illinois,Will,2024,10,17,197,44.83870967741935,Good,23,67,10.0,PM2.5,0.0,1.0,0.0,9.0,0.0,0,0.0,0.0,0.0,0.0
2370,Illinois,Will,2024,11,17,197,37.0,Good,12,61,8.0,PM2.5,0.0,0.0,0.0,8.0,0.0,0,0.0,0.0,0.0,0.0
2371,Illinois,Will,2024,12,17,197,43.354838709677416,Good,19,68,11.0,PM2.5,0.0,0.0,0.0,11.0,0.0,0,0.0,0.0,0.0,0.0
2372,Illinois,Will,2025,1,17,197,35.12903225806452,Good,19,71,6.0,PM2.5,0.0,0.0,0.0,6.0,0.0,0,0.0,0.0,0.0,0.0
2373,Illinois,Will,2025,2,17,197,42.035714285714285,Good,20,64,11.0,PM2.5,0.0,0.0,0.0,11.0,0.0,0,0.0,0.0,0.0,0.0
2374,Illinois,Will,2025,3,17,197,44.064516129032256,Good,29,82,7.0,PM2.5,0.0,0.0,0.0,7.0,0.0,0,0.0,0.0,0.0,0.0
2375,Illinois,Will,2025,4,17,197,46.3,Good,31,77,8.0,PM2.5,0.0,3.0,0.0,5.0,0.0,0,0.0,0.0,0.0,0.0
2376,Illinois,Will,2025,5,17,197,43.70967741935484,Good,25,59,10.0,PM2.5,0.0,3.0,0.0,7.0,0.0,0,0.0,0.0,0.0,0.0
2377,Illinois,Will,2025,6,17,197,68.16666666666667,Moderate,34,133,22.0,PM2.5,0.0,7.0,0.0,15.0,3.0,PM2.5,0.0,0.0,0.0,3.0
2378,Illinois,Winnebago,2016,1,17,201,31.64516129032258,Good,13,66,3.0,PM2.5,0.0,0.0,0.0,3.0,0.0,0,0.0,0.0,0.0,0.0
2379,Illinois,Winnebago,2016,2,17,201,34.724137931034484,Good,19,61,3.0,PM2.5,0.0,0.0,0.0,3.0,0.0,0,0.0,0.0,0.0,0.0
2380,Illinois,Winnebago,2016,3,17,201,34.96774193548387,Good,25,60,2.0,PM2.5,0.0,0.0,0.0,2.0,0.0,0,0.0,0.0,0.0,0.0
2381,Illinois,Winnebago,2016,4,17,201,47.46666666666667,Good,31,105,8.0,Ozone,0.0,6.0,0.0,2.0,2.0,Ozone,0.0,2.0,0.0,0.0
2382,Illinois,Winnebago,2016,5,17,201,47.67741935483871,Good,22,84,10.0,Ozone,0.0,9.0,0.0,1.0,0.0,0,0.0,0.0,0.0,0.0
2383,Illinois,Winnebago,2016,6,17,201,53.53333333333333,Moderate,28,101,10.0,Ozone,0.0,9.0,0.0,1.0,1.0,Ozone,0.0,1.0,0.0,0.0
2384,Illinois,Winnebago,2016,7,17,201,40.193548387096776,Good,21,64,4.0,PM2.5,0.0,1.0,0.0,3.0,0.0,0,0.0,0.0,0.0,0.0
2385,Illinois,Winnebago,2016,8,17,201,39.225806451612904,Good,24,67,3.0,PM2.5,0.0,1.0,0.0,2.0,0.0,0,0.0,0.0,0.0,0.0
2386,Illinois,Winnebago,2016,9,17,201,34.592592592592595,Good,19,54,1.0,PM2.5,0.0,0.0,0.0,1.0,0.0,0,0.0,0.0,0.0,0.0
2387,Illinois,Winnebago,2016,10,17,201,31.193548387096776,Good,16,52,2.0,PM2.5,0.0,0.0,0.0,2.0,0.0,0,0.0,0.0,0.0,0.0
2388,Illinois,Winnebago,2016,11,17,201,29.86046511627907,Good,10,64,3.0,PM2.5,0.0,0.0,0.0,3.0,0.0,0,0.0,0.0,0.0,0.0
2389,Illinois,Winnebago,2016,12,17,201,31.863636363636363,Good,10,60,10.0,PM2.5,0.0,0.0,0.0,10.0,0.0,0,0.0,0.0,0.0,0.0
2390,Illinois,Winnebago,2017,1,17,201,35.6551724137931,Good,18,73,7.0,PM2.5,0.0,0.0,0.0,7.0,0.0,0,0.0,0.0,0.0,0.0
2391,Illinois,Winnebago,2017,2,17,201,35.92857142857143,Good,16,87,4.0,PM2.5,0.0,0.0,0.0,4.0,0.0,0,0.0,0.0,0.0,0.0
2392,Illinois,Winnebago,2017,3,17,201,36.32258064516129,Good,15,57,2.0,PM2.5,0.0,0.0,0.0,2.0,0.0,0,0.0,0.0,0.0,0.0
2393,Illinois,Winnebago,2017,4,17,201,43.4,Good,21,87,4.0,Ozone,0.0,4.0,0.0,0.0,0.0,0,0.0,0.0,0.0,0.0
2394,Illinois,Winnebago,2017,5,17,201,43.42307692307692,Good,31,80,5.0,PM2.5,0.0,1.0,0.0,4.0,0.0,0,0.0,0.0,0.0,0.0
2395,Illinois,Winnebago,2017,6,17,201,48.833333333333336,Good,24,80,12.0,Ozone,0.0,10.0,0.0,2.0,0.0,0,0.0,0.0,0.0,0.0
2396,Illinois,Winnebago,2017,7,17,201,41.193548387096776,Good,23,59,4.0,PM2.5,0.0,0.0,0.0,4.0,0.0,0,0.0,0.0,0.0,0.0
2397,Illinois,Winnebago,2017,8,17,201,39.32258064516129,Good,25,59,3.0,PM2.5,0.0,0.0,0.0,3.0,0.0,0,0.0,0.0,0.0,0.0
2398,Illinois,Winnebago,2017,9,17,201,42.53333333333333,Good,12,84,10.0,Ozone,0.0,5.0,0.0,5.0,0.0,0,0.0,0.0,0.0,0.0
2399,Illinois,Winnebago,2017,10,17,201,32.516129032258064,Good,19,54,2.0,PM2.5,0.0,0.0,0.0,2.0,0.0,0,0.0,0.0,0.0,0.0
2400,Illinois,Winnebago,2017,11,17,201,25.566666666666666,Good,6,60,1.0,PM2.5,0.0,0.0,0.0,1.0,0.0,0,0.0,0.0,0.0,0.0
2401,Illinois,Winnebago,2017,12,17,201,30.88888888888889,Good,15,61,4.0,PM2.5,0.0,0.0,0.0,4.0,0.0,0,0.0,0.0,0.0,0.0
2402,Illinois,Winnebago,2018,1,17,201,31.322580645161292,Good,7,77,4.0,PM2.5,0.0,0.0,0.0,4.0,0.0,0,0.0,0.0,0.0,0.0
2403,Illinois,Winnebago,2018,2,17,201,35.107142857142854,Good,22,61,2.0,PM2.5,0.0,0.0,0.0,2.0,0.0,0,0.0,0.0,0.0,0.0
2404,Illinois,Winnebago,2018,3,17,201,40.86666666666667,Good,30,55,1.0,PM2.5,0.0,0.0,0.0,1.0,0.0,0,0.0,0.0,0.0,0.0
2405,Illinois,Winnebago,2018,4,17,201,49.0,Good,33,90,9.0,Ozone,0.0,7.0,0.0,2.0,0.0,0,0.0,0.0,0.0,0.0
2406,Illinois,Winnebago,2018,5,17,201,62.16129032258065,Moderate,23,151,18.0,Ozone,0.0,18.0,0.0,0.0,3.0,Ozone,0.0,3.0,0.0,0.0
2407,Illinois,Winnebago,2018,6,17,201,44.06666666666667,Good,25,87,5.0,Ozone,0.0,5.0,0.0,0.0,0.0,0,0.0,0.0,0.0,0.0
2408,Illinois,Winnebago,2018,7,17,201,46.16129032258065,Good,29,90,7.0,Ozone,0.0,7.0,0.0,0.0,0.0,0,0.0,0.0,0.0,0.0
2409,Illinois,Winnebago,2018,8,17,201,38.806451612903224,Good,26,50,0.0,0,0.0,0.0,0.0,0.0,0.0,0,0.0,0.0,0.0,0.0
2410,Illinois,Winnebago,2018,9,17,201,35.6,Good,20,67,4.0,Ozone,0.0,4.0,0.0,0.0,0.0,0,0.0,0.0,0.0,0.0
2411,Illinois,Winnebago,2018,10,17,201,29.06451612903226,Good,15,54,2.0,PM2.5,0.0,0.0,0.0,2.0,0.0,0,0.0,0.0,0.0,0.0
2412,Illinois,Winnebago,2018,11,17,201,22.666666666666668,Good,12,31,0.0,0,0.0,0.0,0.0,0.0,0.0,0,0.0,0.0,0.0,0.0
2413,Illinois,Winnebago,2018,12,17,201,21.387096774193548,Good,8,31,0.0,0,0.0,0.0,0.0,0.0,0.0,0,0.0,0.0,0.0,0.0
2414,Illinois,Winnebago,2019,1,17,201,49.44444444444444,Good,27,71,16.0,PM2.5,0.0,0.0,0.0,16.0,0.0,0,0.0,0.0,0.0,0.0
2415,Illinois,Winnebago,2019,2,17,201,55.4,Moderate,27,83,16.0,PM2.5,0.0,0.0,0.0,16.0,0.0,0,0.0,0.0,0.0,0.0
2416,Illinois,Winnebago,2019,3,17,201,52.064516129032256,Moderate,37,83,17.0,PM2.5,0.0,0.0,0.0,17.0,0.0,0,0.0,0.0,0.0,0.0
2417,Illinois,Winnebago,2019,4,17,201,48.46666666666667,Good,31,75,12.0,PM2.5,0.0,1.0,0.0,11.0,0.0,0,0.0,0.0,0.0,0.0
2418,Illinois,Winnebago,2019,5,17,201,44.54838709677419,Good,28,77,9.0,Ozone,0.0,7.0,0.0,2.0,0.0,0,0.0,0.0,0.0,0.0
2419,Illinois,Winnebago,2019,6,17,201,54.53333333333333,Moderate,26,87,17.0,PM2.5,0.0,7.0,0.0,10.0,0.0,0,0.0,0.0,0.0,0.0
2420,Illinois,Winnebago,2019,7,17,201,53.903225806451616,Moderate,30,102,20.0,PM2.5,0.0,2.0,0.0,18.0,1.0,PM2.5,0.0,0.0,0.0,1.0
2421,Illinois,Winnebago,2019,8,17,201,40.61290322580645,Good,27,61,8.0,PM2.5,0.0,0.0,0.0,8.0,0.0,0,0.0,0.0,0.0,0.0
2422,Illinois,Winnebago,2019,9,17,201,38.1,Good,18,61,7.0,PM2.5,0.0,0.0,0.0,7.0,0.0,0,0.0,0.0,0.0,0.0
2423,Illinois,Winnebago,2019,10,17,201,39.225806451612904,Good,16,63,8.0,PM2.5,0.0,0.0,0.0,8.0,0.0,0,0.0,0.0,0.0,0.0
2424,Illinois,Winnebago,2019,11,17,201,55.0,Moderate,26,81,11.0,PM2.5,0.0,0.0,0.0,11.0,0.0,0,0.0,0.0,0.0,0.0
2425,Illinois,Winnebago,2019,12,17,201,53.44444444444444,Moderate,22,83,18.0,PM2.5,0.0,0.0,0.0,18.0,0.0,0,0.0,0.0,0.0,0.0
2426,Illinois,Winnebago,2020,1,17,201,45.74193548387097,Good,23,78,13.0,PM2.5,0.0,0.0,0.0,13.0,0.0,0,0.0,0.0,0.0,0.0
2427,Illinois,Winnebago,2020,2,17,201,42.62068965517241,Good,16,69,12.0,PM2.5,0.0,0.0,0.0,12.0,0.0,0,0.0,0.0,0.0,0.0
2428,Illinois,Winnebago,2020,3,17,201,45.58064516129032,Good,25,67,16.0,PM2.5,0.0,0.0,0.0,16.0,0.0,0,0.0,0.0,0.0,0.0
2429,Illinois,Winnebago,2020,4,17,201,47.96666666666667,Good,33,74,14.0,PM2.5,0.0,0.0,0.0,14.0,0.0,0,0.0,0.0,0.0,0.0
2430,Illinois,Winnebago,2020,5,17,201,40.0,Good,23,55,3.0,PM2.5,0.0,0.0,0.0,3.0,0.0,0,0.0,0.0,0.0,0.0
2431,Illinois,Winnebago,2020,6,17,201,55.13333333333333,Moderate,27,101,15.0,Ozone,0.0,9.0,0.0,6.0,1.0,Ozone,0.0,1.0,0.0,0.0
2432,Illinois,Winnebago,2020,7,17,201,50.29032258064516,Moderate,28,96,15.0,PM2.5,0.0,4.0,0.0,11.0,0.0,0,0.0,0.0,0.0,0.0
2433,Illinois,Winnebago,2020,8,17,201,51.03225806451613,Moderate,19,90,18.0,PM2.5,0.0,4.0,0.0,14.0,0.0,0,0.0,0.0,0.0,0.0
2434,Illinois,Winnebago,2020,9,17,201,41.733333333333334,Good,19,65,12.0,PM2.5,0.0,0.0,0.0,12.0,0.0,0,0.0,0.0,0.0,0.0
2435,Illinois,Winnebago,2020,10,17,201,42.61290322580645,Good,21,61,9.0,PM2.5,0.0,0.0,0.0,9.0,0.0,0,0.0,0.0,0.0,0.0
2436,Illinois,Winnebago,2020,11,17,201,48.36666666666667,Good,22,71,16.0,PM2.5,0.0,0.0,0.0,16.0,0.0,0,0.0,0.0,0.0,0.0
2437,Illinois,Winnebago,2020,12,17,201,52.064516129032256,Moderate,17,87,18.0,PM2.5,0.0,0.0,0.0,18.0,0.0,0,0.0,0.0,0.0,0.0
2438,Illinois,Winnebago,2021,1,17,201,51.54838709677419,Moderate,21,78,19.0,PM2.5,0.0,0.0,0.0,19.0,0.0,0,0.0,0.0,0.0,0.0
2439,Illinois,Winnebago,2021,2,17,201,55.875,Moderate,21,95,15.0,PM2.5,0.0,0.0,0.0,15.0,0.0,0,0.0,0.0,0.0,0.0
2440,Illinois,Winnebago,2021,3,17,201,48.516129032258064,Good,21,74,15.0,PM2.5,0.0,0.0,0.0,15.0,0.0,0,0.0,0.0,0.0,0.0
2441,Illinois,Winnebago,2021,4,17,201,42.46666666666667,Good,21,80,9.0,PM2.5,0.0,3.0,0.0,6.0,0.0,0,0.0,0.0,0.0,0.0
2442,Illinois,Winnebago,2021,5,17,201,47.193548387096776,Good,34,67,12.0,PM2.5,0.0,3.0,0.0,9.0,0.0,0,0.0,0.0,0.0,0.0
2443,Illinois,Winnebago,2021,6,17,201,58.733333333333334,Moderate,30,100,16.0,Ozone,0.0,14.0,0.0,2.0,0.0,0,0.0,0.0,0.0,0.0
2444,Illinois,Winnebago,2021,7,17,201,54.645161290322584,Moderate,27,81,19.0,PM2.5,0.0,0.0,0.0,19.0,0.0,0,0.0,0.0,0.0,0.0
2445,Illinois,Winnebago,2021,8,17,201,56.45161290322581,Moderate,37,90,21.0,PM2.5,0.0,2.0,0.0,19.0,0.0,0,0.0,0.0,0.0,0.0
2446,Illinois,Winnebago,2021,9,17,201,46.266666666666666,Good,25,87,9.0,Ozone,0.0,5.0,0.0,4.0,0.0,0,0.0,0.0,0.0,0.0
2447,Illinois,Winnebago,2021,10,17,201,39.806451612903224,Good,21,71,8.0,PM2.5,0.0,1.0,0.0,7.0,0.0,0,0.0,0.0,0.0,0.0
2448,Illinois,Winnebago,2021,11,17,201,44.333333333333336,Good,14,85,13.0,PM2.5,0.0,0.0,0.0,13.0,0.0,0,0.0,0.0,0.0,0.0
2449,Illinois,Winnebago,2021,12,17,201,47.2,Good,22,67,14.0,PM2.5,0.0,0.0,0.0,14.0,0.0,0,0.0,0.0,0.0,0.0
2450,Illinois,Winnebago,2022,1,17,201,47.41935483870968,Good,26,87,14.0,PM2.5,0.0,0.0,0.0,14.0,0.0,0,0.0,0.0,0.0,0.0
2451,Illinois,Winnebago,2022,2,17,201,45.07142857142857,Good,19,72,13.0,PM2.5,0.0,0.0,0.0,13.0,0.0,0,0.0,0.0,0.0,0.0
2452,Illinois,Winnebago,2022,3,17,201,45.483870967741936,Good,25,85,11.0,PM2.5,0.0,0.0,0.0,11.0,0.0,0,0.0,0.0,0.0,0.0
2453,Illinois,Winnebago,2022,4,17,201,42.333333333333336,Good,29,64,6.0,PM2.5,0.0,0.0,0.0,6.0,0.0,0,0.0,0.0,0.0,0.0
2454,Illinois,Winnebago,2022,5,17,201,46.516129032258064,Good,28,77,9.0,PM2.5,0.0,4.0,0.0,5.0,0.0,0,0.0,0.0,0.0,0.0
2455,Illinois,Winnebago,2022,6,17,201,57.266666666666666,Moderate,35,97,15.0,Ozone,0.0,9.0,0.0,6.0,0.0,0,0.0,0.0,0.0,0.0
2456,Illinois,Winnebago,2022,7,17,201,44.483870967741936,Good,28,74,7.0,PM2.5,0.0,2.0,0.0,5.0,0.0,0,0.0,0.0,0.0,0.0
2457,Illinois,Winnebago,2022,8,17,201,40.70967741935484,Good,26,55,3.0,PM2.5,0.0,0.0,0.0,3.0,0.0,0,0.0,0.0,0.0,0.0
2458,Illinois,Winnebago,2022,9,17,201,38.266666666666666,Good,19,56,7.0,PM2.5,0.0,0.0,0.0,7.0,0.0,0,0.0,0.0,0.0,0.0
2459,Illinois,Winnebago,2022,10,17,201,42.12903225806452,Good,21,69,11.0,PM2.5,0.0,0.0,0.0,11.0,0.0,0,0.0,0.0,0.0,0.0
2460,Illinois,Winnebago,2022,11,17,201,45.214285714285715,Good,16,82,14.0,PM2.5,0.0,0.0,0.0,14.0,0.0,0,0.0,0.0,0.0,0.0
2461,Illinois,Winnebago,2022,12,17,201,46.0,Good,17,82,16.0,PM2.5,0.0,0.0,0.0,16.0,0.0,0,0.0,0.0,0.0,0.0
2462,Illinois,Winnebago,2023,1,17,201,48.935483870967744,Good,21,77,18.0,PM2.5,0.0,0.0,0.0,18.0,0.0,0,0.0,0.0,0.0,0.0
2463,Illinois,Winnebago,2023,2,17,201,41.392857142857146,Good,19,72,9.0,PM2.5,0.0,0.0,0.0,9.0,0.0,0,0.0,0.0,0.0,0.0
2464,Illinois,Winnebago,2023,3,17,201,48.74193548387097,Good,34,71,15.0,PM2.5,0.0,0.0,0.0,15.0,0.0,0,0.0,0.0,0.0,0.0
2465,Illinois,Winnebago,2023,4,17,201,47.96666666666667,Good,27,67,13.0,PM2.5,0.0,4.0,0.0,9.0,0.0,0,0.0,0.0,0.0,0.0
2466,Illinois,Winnebago,2023,5,17,201,64.61290322580645,Moderate,34,133,20.0,Ozone,0.0,17.0,0.0,3.0,3.0,Ozone,0.0,3.0,0.0,0.0
2467,Illinois,Winnebago,2023,6,17,201,102.2,Unhealthy for Sensitive Groups,36,242,27.0,PM2.5,0.0,12.0,0.0,15.0,14.0,Ozone,0.0,8.0,0.0,6.0
2468,Illinois,Winnebago,2023,7,17,201,59.25806451612903,Moderate,32,123,19.0,PM2.5,0.0,5.0,0.0,14.0,3.0,PM2.5,0.0,0.0,0.0,3.0
2469,Illinois,Winnebago,2023,8,17,201,55.483870967741936,Moderate,22,72,22.0,PM2.5,0.0,2.0,0.0,20.0,0.0,0,0.0,0.0,0.0,0.0
2470,Illinois,Winnebago,2023,9,17,201,49.833333333333336,Good,19,71,17.0,PM2.5,0.0,2.0,0.0,15.0,0.0,0,0.0,0.0,0.0,0.0
2471,Illinois,Winnebago,2023,10,17,201,44.064516129032256,Good,22,68,12.0,PM2.5,0.0,2.0,0.0,10.0,0.0,0,0.0,0.0,0.0,0.0
2472,Illinois,Winnebago,2023,11,17,201,46.56666666666667,Good,18,83,14.0,PM2.5,0.0,0.0,0.0,14.0,0.0,0,0.0,0.0,0.0,0.0
2473,Illinois,Winnebago,2023,12,17,201,41.25806451612903,Good,18,68,12.0,PM2.5,0.0,0.0,0.0,12.0,0.0,0,0.0,0.0,0.0,0.0
2474,Illinois,Winnebago,2024,1,17,201,41.096774193548384,Good,18,74,8.0,PM2.5,0.0,0.0,0.0,8.0,0.0,0,0.0,0.0,0.0,0.0
2475,Illinois,Winnebago,2024,2,17,201,42.89655172413793,Good,13,69,15.0,PM2.5,0.0,0.0,0.0,15.0,0.0,0,0.0,0.0,0.0,0.0
2476,Illinois,Winnebago,2024,3,17,201,40.61290322580645,Good,31,58,5.0,PM2.5,0.0,0.0,0.0,5.0,0.0,0,0.0,0.0,0.0,0.0
2477,Illinois,Winnebago,2024,4,17,201,40.96666666666667,Good,26,51,2.0,PM2.5,0.0,0.0,0.0,2.0,0.0,0,0.0,0.0,0.0,0.0
2478,Illinois,Winnebago,2024,5,17,201,49.064516129032256,Good,33,71,10.0,Ozone,0.0,9.0,0.0,1.0,0.0,0,0.0,0.0,0.0,0.0
2479,Illinois,Winnebago,2024,6,17,201,46.96666666666667,Good,29,84,9.0,Ozone,0.0,7.0,0.0,2.0,0.0,0,0.0,0.0,0.0,0.0
2480,Illinois,Winnebago,2024,7,17,201,46.064516129032256,Good,31,58,11.0,PM2.5,0.0,0.0,0.0,11.0,0.0,0,0.0,0.0,0.0,0.0
2481,Illinois,Winnebago,2024,8,17,201,47.0,Good,24,66,14.0,PM2.5,0.0,1.0,0.0,13.0,0.0,0,0.0,0.0,0.0,0.0
2482,Illinois,Winnebago,2024,9,17,201,50.166666666666664,Moderate,21,119,10.0,Ozone,0.0,8.0,0.0,2.0,3.0,Ozone,0.0,3.0,0.0,0.0
2483,Illinois,Winnebago,2024,10,17,201,44.54838709677419,Good,27,67,14.0,PM2.5,0.0,1.0,0.0,13.0,0.0,0,0.0,0.0,0.0,0.0
2484,Illinois,Winnebago,2024,11,17,201,34.86666666666667,Good,11,60,8.0,PM2.5,0.0,0.0,0.0,8.0,0.0,0,0.0,0.0,0.0,0.0
2485,Illinois,Winnebago,2024,12,17,201,39.69230769230769,Good,21,62,6.0,PM2.5,0.0,0.0,0.0,6.0,0.0,0,0.0,0.0,0.0,0.0
2486,Illinois,Winnebago,2025,1,17,201,29.416666666666668,Good,13,65,3.0,PM2.5,0.0,0.0,0.0,3.0,0.0,0,0.0,0.0,0.0,0.0
2487,Illinois,Winnebago,2025,2,17,201,35.24,Good,18,65,3.0,PM2.5,0.0,0.0,0.0,3.0,0.0,0,0.0,0.0,0.0,0.0
2488,Illinois,Winnebago,2025,3,17,201,38.064516129032256,Good,15,69,3.0,PM2.5,0.0,0.0,0.0,3.0,0.0,0,0.0,0.0,0.0,0.0
2489,Illinois,Winnebago,2025,4,17,201,43.06666666666667,Good,31,64,7.0,PM2.5,0.0,2.0,0.0,5.0,0.0,0,0.0,0.0,0.0,0.0
2490,Illinois,Winnebago,2025,5,17,201,42.064516129032256,Good,24,80,7.0,Ozone,0.0,6.0,0.0,1.0,0.0,0,0.0,0.0,0.0,0.0
2491,Illinois,Winnebago,2025,6,17,201,62.03333333333333,Moderate,31,108,20.0,PM2.5,0.0,8.0,0.0,12.0,1.0,Ozone,0.0,1.0,0.0,0.0
