EVENT_ID,CZ_NAME_STR,BEGIN_LOCATION,Begin_Year,Begin_Month,Begin_Day,BEGIN_TIME,TOR_F_SCALE,Intensity_EF,DEATHS_DIRECT,INJURIES_DIRECT,DAMAGE_PROPERTY_NUM,DAMAGE_CROPS_NUM,CZ_TIMEZONE,INJURIES_INDIRECT,DEATHS_INDIRECT,TOR_LENGTH,TOR_WIDTH,BEGIN_RANGE,BEGIN_AZIMUTH,END_RANGE,END_DATE,END_TIME,BEGIN_LAT,BEGIN_LON,END_LAT,END_LON
10320748,HANCOCK, HENDERSON AND WARREN CO.,1995,5,14,0,F4,4,0,7,10000000,IL, ,0, ,50,1000,2,S, ,5/13/1995,1615, , , ,
10010014,COOK CO., ,1967,4,21,1724,F4,4,33,500,25000000,0,CST,0,0,15,200,0, ,0,4/21/1967,1724,41.67,-87.83,41.73,-87.55
10003586,WILL CO., ,1990,8,28,1437,F5,5,29,350,250000000,0,CST,0,0,11.2,600,0, ,0,8/28/1990,1437,41.63,-88.25,41.52,-88.1
10009998,BOONE CO., ,1967,4,21,1550,F4,4,24,410,250000,0,CST,0,0,11.5,1200,0, ,0,4/21/1967,1550,42.22,-88.92,42.28,-88.7
10008665,JACKSON CO., ,1957,12,18,1645,F4,4,11,180,2500000,0,CST,0,0,19.5,300,0, ,0,12/18/1957,1645,37.7,-89.48,37.83,-89.17
10005666,WILLIAMSON CO., ,1982,5,29,1405,F4,4,10,181,250000000,0,CST,0,0,17,400,0, ,0,5/29/1982,1405,37.8,-89.13,37.72,-88.83
5390599,LA SALLE CO.,PERU,2004,4,20,1653,F3,3,8,7,0,0,CST,0,0,9,250,3,SW,1,4/20/2004,1709,41.3,-89.18,41.33,-89.02
359691,SALINE CO.,CARRIERS MILLS,2012,2,29,451,EF4,4,8,95,2000000,0,CST-6,0,0,15.93,325,1,N,1,2/29/2012,504,37.6945,-88.65,37.771,-88.3751
10010874,ST. CLAIR CO., ,1956,2,25,25,F4,4,6,20,2500000,0,CST,0,0,31.6,500,0, ,0,2/25/1956,25,38.5,-90.27,38.62,-89.7
10011055,MCHENRY CO., ,1965,4,11,1520,F4,4,6,75,0,0,CST,0,0,9.1,400,0, ,0,4/11/1965,1520,42.22,-88.38,42.28,-88.22
10005480,SHELBY CO., ,1977,8,21,1200,F3,3,6,56,2500000,0,CST,0,0,11.2,77,0, ,0,8/21/1977,1200,39.43,-88.65,39.35,-88.47
10007753,DE WITT CO., ,1968,5,15,1600,F1,1,4,50,2500000,0,CST,0,0,25.4,1000,0, ,0,5/15/1968,1600,40.23,-89.13,40.23,-88.65
10007757,ST. CLAIR CO., ,1968,5,15,2045,F3,3,4,60,250000,0,CST,0,0,2,200,0, ,0,5/15/1968,2045,38.4,-89.9, , 
10010159,POPE CO., ,1972,4,21,1720,F3,3,3,0,25000,0,CST,0,0,0.3,60,0, ,0,4/21/1972,1720,37.55,-88.53, , 
483775,TAZEWELL CO.,MARQUETTE HGTS,2013,11,17,1059,EF4,4,3,121,910000000,0,CST-6,0,0,14.16,880,2,E,2,11/17/2013,1112,40.622,-89.5678,40.7482,-89.3549
480989,MASSAC CO.,BROOKPORT,2013,11,17,1420,EF3,3,3,33,5500000,0,CST-6,0,0,7.77,500,0,NW,3,11/17/2013,1426,37.1246,-88.6368,37.1225,-88.4958
10009719,BOND CO., ,1950,12,2,1600,F3,3,2,25,2500000,0,CST,0,0,13.3,200,0, ,0,12/2/1950,1600,38.8,-89.6,38.9,-89.38
10007489,MONTGOMERY CO., ,1956,4,28,2330,F1,1,2,0,25000,0,CST,0,0,4.7,33,0, ,0,4/28/1956,2330,39.2,-89.7,39.23,-89.62
10008638,SANGAMON CO., ,1957,6,14,1400,F4,4,2,50,2500000,0,CST,0,0,4.3,220,0, ,0,6/14/1957,1400,39.75,-89.7,39.77,-89.62
10007741,WILL CO., ,1965,11,12,1500,F2,2,2,90,25000000,0,CST,0,0,24.5,120,0, ,0,11/12/1965,1500,41.45,-88.25,41.57,-87.8
10010363,FULTON CO., ,1975,7,23,1645,F3,3,2,69,25000000,0,CST,0,0,14,2630,0, ,0,7/23/1975,1645,40.57,-90.18,40.53,-89.92
10006925,COOK CO., ,1976,3,12,1325,F2,2,2,41,2500000,0,CST,0,0,15.1,150,0, ,0,3/12/1976,1325,41.93,-87.9,42.1,-87.7
10003180,COOK CO., ,1976,6,13,1618,F4,4,2,23,2500000,0,CST,0,0,3.3,1760,0, ,0,6/13/1976,1618,41.67,-88,41.7,-87.93
10003451,CLINTON CO., ,1982,12,2,2110,F3,3,2,0,25000000,0,CST,0,0,10.5,100,0, ,0,12/2/1982,2110,38.52,-89.7,38.58,-89.6
10004581,EFFINGHAM CO., ,1983,5,1,2145,F0,0,2,0,250000,0,CST,0,0,0.2,30,0, ,0,5/1/1983,2145,38.93,-88.68, , 
5291920,MARION CO.,CENTRALIA,2002,5,9,111,F1,1,2,0,0,0,CST,0,0,0.5,100, , , ,5/9/2002,112,38.53,-89.13,38.53,-89.13
482450,WASHINGTON CO.,ADDIEVILLE,2013,11,17,1204,EF4,4,2,2,0,0,CST-6,0,0,10.59,200,2,NE,2,11/17/2013,1213,38.42,-89.45,38.48,-89.27
574338,DE KALB CO.,FAIRDALE,2015,4,9,1812,EF3,3,2,11,8000000,0,CST-6,0,0,4.83,700,1,SW,4,4/9/2015,1819,42.0947,-88.9392,42.1529,-88.8869
674614,LA SALLE CO.,UTICA AIRPARK ARPT,2017,2,28,1641,EF3,3,2,14,0,0,CST-6,0,0,11.5,800,3,E,2,2/28/2017,1659,41.3239,-88.9504,41.3597,-88.7352
10009717,MACOUPIN CO., ,1950,12,2,1515,F2,2,1,3,25000,0,CST,0,0,11.5,50,0, ,0,12/2/1950,1515,39,-89.92,39.07,-89.72
10009722,LOGAN CO., ,1951,6,27,2045,F3,3,1,15,2500000,0,CST,0,0,18.2,200,0, ,0,6/27/1951,2045,40.27,-89.47,40.27,-89.12
10009725,BUREAU CO., ,1951,12,6,1800,F3,3,1,1,250000,0,CST,0,0,21.9,150,0, ,0,12/6/1951,1800,41.33,-89.18,41.65,-89.12
10009733,VERMILION CO., ,1953,4,9,1745,F3,3,1,5,25000000,0,CST,0,0,19.2,150,0, ,0,4/9/1953,1745,40.23,-87.88,40.25,-87.52
10010593,KANKAKEE CO., ,1954,4,7,1516,F3,3,1,13,250000,0,CST,0,0,29.6,400,0, ,0,4/7/1954,1516,41,-88.22,41.25,-87.75
10008659,JEFFERSON CO., ,1957,12,18,1555,F4,4,1,45,2500000,0,CST,0,0,16.8,250,0, ,0,12/18/1957,1555,38.28,-89.08,38.35,-88.78
10008664,PERRY CO., ,1957,12,18,1635,F5,5,1,6,250000,0,CST,0,0,5.4,200,0, ,0,12/18/1957,1635,38.08,-89.25,38.1,-89.15
10009742,ST. CLAIR CO., ,1958,4,5,1420,F3,3,1,8,250000,0,CST,0,0,14.2,100,0, ,0,4/5/1958,1420,38.3,-89.87,38.45,-89.68
10010911,MCHENRY CO., ,1958,10,9,26,F2,2,1,0,2500000,0,CST,0,0,26.2,33,0, ,0,10/9/1958,26,42.42,-88.72,42.4,-88.2
10009817,WARREN CO., ,1959,9,26,1517,F2,2,1,0,250000,0,CST,0,0,4.9,300,0, ,0,9/26/1959,1517,40.9,-90.63,40.95,-90.55
10007400,COOK CO., ,1961,3,4,1704,F2,2,1,115,25000000,0,CST,0,0,7.9,100,0, ,0,3/4/1961,1704,41.9,-87.7,41.98,-87.58
10008774,JERSEY CO., ,1961,9,24,1700,F1,1,1,0,25000,0,CST,0,0,0,33,0, ,0,9/24/1961,1700,38.97,-90.52, , 
10008142,KANKAKEE CO., ,1963,4,17,1555,F4,4,1,50,2500000,0,CST,0,0,25.2,130,0, ,0,4/17/1963,1555,41.18,-88.1,41.13,-87.62
10008157,SANGAMON CO., ,1963,4,22,1730,F3,3,1,5,250000,0,CST,0,0,33.5,33,0, ,0,4/22/1963,1730,39.85,-89.85,39.85,-89.22
10008859,COOK CO., ,1966,6,9,520,F2,2,1,30,0,0,CST,0,0,2.5,33,0, ,0,6/9/1966,520,42.1,-87.93, , 
10009970,MASON CO., ,1967,1,24,1730,F3,3,1,3,25000,0,CST,0,0,5.1,80,0, ,0,1/24/1967,1730,40.12,-90.22,40.17,-90.13
10010012,LAKE CO., ,1967,4,21,1710,F4,4,1,97,2500000,0,CST,0,0,4.5,150,0, ,0,4/21/1967,1710,42.2,-88.2,42.22,-88.1
10011200,FRANKLIN CO., ,1971,4,27,1543,F3,3,1,20,2500000,0,CST,0,0,4.5,200,0, ,0,4/27/1971,1543,37.9,-89.8,37.9,-89.72
10010123,OGLE CO., ,1972,4,6,1845,F2,2,1,3,250000,0,CST,0,0,10.9,50,0, ,0,4/6/1972,1845,42.05,-89.6,41.9,-89.52
10010128,WILL CO., ,1972,4,6,2010,F2,2,1,22,250000,0,CST,0,0,6.8,50,0, ,0,4/6/1972,2010,41.53,-88.2,41.57,-88.07
10008462,MACON CO., ,1974,4,3,1330,F3,3,1,26,2500000,0,CST,0,0,18.2,350,0, ,0,4/3/1974,1330,39.72,-89.13,39.93,-88.93
10009052,CHAMPAIGN CO., ,1974,4,3,1448,F3,3,1,0,250000,0,CST,0,0,5.9,70,0, ,0,4/3/1974,1448,39.98,-88.23,40.03,-88.13
10003284,WILL CO., ,1978,6,25,1210,F1,1,1,0,250000,0,CST,0,0,0,17,0, ,0,6/25/1978,1210,41.27,-88.07,41.25,-88.02
10003399,SCHUYLER CO., ,1981,6,21,1956,F3,3,1,12,2500000,0,CST,0,0,8.8,880,0, ,0,6/21/1981,1956,40.23,-90.63,40.2,-90.47
10004532,JEFFERSON CO., ,1982,3,30,2030,F2,2,1,3,2500000,0,CST,0,0,0.8,100,0, ,0,3/30/1982,2030,38.15,-88.9, , 
10004418,WILL CO., ,1984,4,27,1750,F3,3,1,5,2500000,0,CST,0,0,4,200,0, ,0,4/27/1984,1750,41.58,-88.25,41.62,-88.18
10006638,RANDOLPH CO., ,1985,4,5,458,F2,2,1,3,250000,0,CST,0,0,1.8,50,0, ,0,4/5/1985,458,38.22,-89.7, , 
10005779,EDWARDS CO., ,1990,6,2,1749,F4,4,1,0,2500000,0,CST,0,0,11.6,300,0, ,0,6/2/1990,1749,38.32,-88.15,38.38,-87.98
5543905,CHAMPAIGN CO.,OGDEN,1996,4,19,1955,F3,3,1,13,0,0,CST,0,0,2,1500,1,SW,1,4/19/1996,1958,40.12,-87.95,40.13,-87.95
5695283,CASS CO.,ASHLAND,1999,4,8,1950,F1,1,1,6,1750000,0,CST,0,0,2.2,333,1,SW,1,4/8/1999,1953,39.87,-90.03,39.9,-90
5695385,PIATT CO.,CISCO,1999,4,8,2135,F1,1,1,3,150000,0,CST,0,0,3.5,100,3,N,6,4/8/1999,2138,40.07,-88.73,40.1,-88.68
5705242,MONTGOMERY CO.,RAYMOND,1999,6,1,1758,F3,3,1,4,0,0,CST,0,0,10,200,6,W,6,6/1/1999,1810,39.32,-89.67,39.43,-89.53
5293473,WAYNE CO.,WAYNE CITY,2002,4,21,1451,F3,3,1,42,4000000,0,CST,0,0,30,500,6,W, ,4/21/2002,1530,38.35,-88.7,38.35,-88.15
5292486,UNION CO.,DONGOLA,2002,4,28,18,F3,3,1,8,5000000,0,CST,0,0,16,400,9,W,7,4/28/2002,35,37.37,-89.33,37.37,-89.03
5352326,PULASKI CO.,GRAND CHAIN,2003,5,6,2032,F4,4,1,13,3500000,0,CST,0,0,6,1000,1,W,5,5/6/2003,2040,37.25,-89.03,37.25,-88.93
5352429,MASSAC CO.,HILLERMAN,2003,5,6,2040,F4,4,1,20,10000000,0,CST,0,0,14,1000,2,W,5,5/6/2003,2114,37.23,-88.93,37.32,-88.7
5400995,SCOTT CO.,WINCHESTER,2004,5,24,2219,F1,1,1,1,0,0,CST,0,0,7.3,100,6,WSW,1,5/24/2004,2226,39.6,-90.57,39.65,-90.47
5501074,ST. CLAIR CO.,FAIRVIEW HGTS,2006,4,2,1615,F2,2,1,11,0,0,CST,0,0,7,100, , ,4,4/2/2006,1623,38.57,-90,38.6,-89.95
226101,LIVINGSTON CO.,SUNBURY,2010,6,5,2012,EF2,2,1,13,3000000,0,CST-6,0,0,5.96,300,1,SSE,1,6/5/2010,2025,41.0876,-88.5213,41.0867,-88.4068
374200,JEFFERSON CO.,SHIRLEY,2012,3,23,1226,EF2,2,1,2,150000,0,CST-6,0,0,2.58,100,1,ESE,1,3/23/2012,1230,38.273,-88.814,38.3064,-88.7929
677523,WHITE CO.,CARMI MUNI ARPT,2017,2,28,2155,EF3,3,1,1,2000000,0,CST-6,0,0,9.56,420,3,NE,4,2/28/2017,2208,38.137,-88.1148,38.1797,-87.9474
10009710,MADISON CO., ,1950,1,3,1110,F3,3,0,0,250000,0,CST,0,0,3.3,100,0, ,0,1/3/1950,1110,38.82,-90.1,38.83,-90.03
10009711,MONTGOMERY CO., ,1950,1,3,1155,F3,3,0,3,250000,0,CST,0,0,3.6,130,0, ,0,1/3/1950,1155,39.1,-89.3,39.12,-89.23
10009712,KANKAKEE CO., ,1950,1,25,2100,F2,2,0,0,250000,0,CST,0,0,0,100,0, ,0,1/25/1950,2100,41.17,-87.33, , 
10009713,MCLEAN CO., ,1950,3,27,1630,F2,2,0,0,2500,0,CST,0,0,3,50,0, ,0,3/27/1950,1630,40.57,-88.6,40.6,-88.55
10009714,CARROLL CO., ,1950,6,13,300,F1,1,0,0,25000,0,CST,0,0,0,33,0, ,0,6/13/1950,300,41.95,-89.77, , 
10009715,LIVINGSTON CO., ,1950,7,16,2215,F1,1,0,0,25000,0,CST,0,0,1,33,0, ,0,7/16/1950,2215,41.08,-88.43, , 
10009716,MADISON CO., ,1950,12,2,1500,F2,2,0,0,25000,0,CST,0,0,7.3,50,0, ,0,12/2/1950,1500,38.97,-90.05,39,-89.92
10009718,MADISON CO., ,1950,12,2,1600,F3,3,0,0,2500000,0,CST,0,0,4.7,200,0, ,0,12/2/1950,1600,38.75,-89.67,38.8,-89.6
10009720,RANDOLPH CO., ,1950,12,2,1730,F1,1,0,0,25000,0,CST,0,0,9.6,50,0, ,0,12/2/1950,1730,38.17,-89.78,38.22,-89.62
10009721,LOGAN CO., ,1951,6,27,1930,F3,3,0,35,2500000,0,CST,0,0,9.6,300,0, ,0,6/27/1951,1930,39.95,-89.17,39.95,-88.98
10009723,MASON CO., ,1951,11,13,1315,F2,2,0,0,25000,0,CST,0,0,47.4,50,0, ,0,11/13/1951,1315,40.2,-89.72,40.6,-88.98
10009724,JACKSON CO., ,1951,11,13,1450,F2,2,0,7,250000,0,CST,0,0,7.1,250,0, ,0,11/13/1951,1450,37.9,-89.53,37.97,-89.43
10009726,GREENE CO., ,1952,3,18,1807,F1,1,0,1,25000,0,CST,0,0,3,10,0, ,0,3/18/1952,1807,39.18,-90.37,39.22,-90.32
10009727,RANDOLPH CO., ,1952,3,18,1821,F2,2,0,0,250000,0,CST,0,0,4.9,100,0, ,0,3/18/1952,1821,38.1,-89.93,38.15,-89.87
10009728,ST. CLAIR CO., ,1952,5,24,1750,F1,1,0,0,25000,0,CST,0,0,0,33,0, ,0,5/24/1952,1750,39.5,-90.02, , 
10009729,MERCER CO., ,1952,7,17,1700,F1,1,0,0,2500,0,CST,0,0,0,33,0, ,0,7/17/1952,1700,41.1,-90.78, , 
10009730,WASHINGTON CO., ,1953,3,14,2015,F2,2,0,0,250000,0,CST,0,0,42.3,200,0, ,0,3/14/1953,2015,38.4,-89.47,38.62,-88.73
10009731,LOGAN CO., ,1953,4,9,1615,F2,2,0,3,25000,0,CST,0,0,6.5,30,0, ,0,4/9/1953,1615,40.12,-89.45,40.18,-89.35
10009732,CHAMPAIGN CO., ,1953,4,9,1715,F3,3,0,5,25000000,0,CST,0,0,17.8,150,0, ,0,4/9/1953,1715,40.18,-88.22,40.23,-87.88
10009734,MCLEAN CO., ,1953,7,5,2100,F0,0,0,0,0,0,CST,0,0,0,33,0, ,0,7/5/1953,2100,40.4,-88.87, , 
10009735,SANGAMON CO., ,1954,3,12,1800,F1,1,0,0,250000,0,CST,0,0,19.7,33,0, ,0,3/12/1954,1800,39.88,-89.92,39.98,-89.57
10009736,LOGAN CO., ,1954,3,12,1840,F1,1,0,3,250000,0,CST,0,0,18.9,33,0, ,0,3/12/1954,1840,39.98,-89.57,40.18,-89.32
10009737,LIVINGSTON CO., ,1954,4,7,1500,F3,3,0,0,250000,0,CST,0,0,13,400,0, ,0,4/7/1954,1500,40.88,-88.42,41,-88.22
10010807,KENDALL CO., ,1954,5,27,1830,F2,2,0,0,25000,0,CST,0,0,7.9,200,0, ,0,5/27/1954,1830,41.77,-88.33,41.85,-88.22
10010808,WOODFORD CO., ,1954,5,28,1815,F1,1,0,0,25000,0,CST,0,0,0.1,3,0, ,0,5/28/1954,1815,40.77,-89.32, , 
10010809,IROQUOIS CO., ,1954,5,31,1515,F2,2,0,2,250000,0,CST,0,0,24.2,400,0, ,0,5/31/1954,1515,40.67,-88.1,40.88,-87.73
10010810,FAYETTE CO., ,1954,7,21,1845,F2,2,0,1,250000,0,CST,0,0,26.1,200,0, ,0,7/21/1954,1845,38.87,-89.22,39.17,-88.92
10010811,COOK CO., ,1954,10,10,1600,F1,1,0,0,25000,0,CST,0,0,1.5,50,0, ,0,10/10/1954,1600,41.57,-87.67, , 
10010816,UNION CO., ,1955,3,4,2130,F1,1,0,0,0,0,CST,0,0,0.5,50,0, ,0,3/4/1955,2130,37.47,-89.23, , 
10010819,CARROLL CO., ,1955,4,18,1845,F2,2,0,0,0,0,CST,0,0,9,77,0, ,0,4/18/1955,1845,42.17,-89.92,42.17,-89.73
10010821,ADAMS CO., ,1955,4,23,200,F2,2,0,0,250000,0,CST,0,0,14.8,33,0, ,0,4/23/1955,200,40.05,-90.93,39.95,-90.68
10010822,HANCOCK CO., ,1955,4,23,1930,F1,1,0,0,2500,0,CST,0,0,8,33,0, ,0,4/23/1955,1930,40.6,-91.12,40.68,-91
10010824,KANE CO., ,1955,4,28,2100,F1,1,0,0,2500000,0,CST,0,0,1.3,33,0, ,0,4/28/1955,2100,41.9,-88.32,41.9,-88.27
10010825,DU PAGE CO., ,1955,4,28,2105,F1,1,0,3,2500000,0,CST,0,0,9.1,33,0, ,0,4/28/1955,2105,41.9,-88.27,41.9,-88.08
10010826,ADAMS CO., ,1955,5,26,1150,F2,2,0,0,25000,0,CST,0,0,1.5,500,0, ,0,5/26/1955,1150,40.03,-91.15, , 
10010830,TAZEWELL CO., ,1955,5,26,1449,F2,2,0,1,250000,0,CST,0,0,1.5,100,0, ,0,5/26/1955,1449,40.55,-89.62, , 
10010831,COOK CO., ,1955,5,26,1600,F1,1,0,2,250000,0,CST,0,0,1.5,100,0, ,0,5/26/1955,1600,41.75,-87.75, , 
10010832,KANKAKEE CO., ,1955,5,26,1630,F1,1,0,0,250000,0,CST,0,0,18.7,400,0, ,0,5/26/1955,1630,41.22,-87.98,41.35,-87.67
10010841,DE WITT CO., ,1955,8,21,1815,F1,1,0,0,25000,0,CST,0,0,2,500,0, ,0,8/21/1955,1815,40.13,-88.97, , 
10010842,CHAMPAIGN CO., ,1955,8,29,1730,F0,0,0,0,0,0,CST,0,0,0,33,0, ,0,8/29/1955,1730,40.33,-88.13, , 
10010843,CHAMPAIGN CO., ,1955,8,29,1730,F0,0,0,0,0,0,CST,0,0,0,33,0, ,0,8/29/1955,1730,40.33,-88.13, , 
10010844,SCOTT CO., ,1955,8,29,1800,F2,2,0,2,250000,0,CST,0,0,11.5,100,0, ,0,8/29/1955,1800,39.62,-90.4,39.75,-90.27
10010850,ST. CLAIR CO., ,1955,10,6,1645,F1,1,0,0,250000,0,CST,0,0,5.9,50,0, ,0,10/6/1955,1645,38.62,-90.12,38.67,-90.02
10010851,MADISON CO., ,1955,10,6,1700,F1,1,0,2,250000,0,CST,0,0,9.1,50,0, ,0,10/6/1955,1700,38.67,-90.02,38.73,-89.87
10010852,ST. CLAIR CO., ,1955,10,6,1705,F1,1,0,0,25000,0,CST,0,0,0,33,0, ,0,10/6/1955,1705,38.5,-90, , 
10010853,WASHINGTON CO., ,1955,10,6,1715,F1,1,0,0,25000,0,CST,0,0,10.5,10,0, ,0,10/6/1955,1715,38.43,-89.55,38.35,-89.38
10010854,SHELBY CO., ,1955,10,6,1900,F2,2,0,0,2500,0,CST,0,0,1,33,0, ,0,10/6/1955,1900,39.27,-88.5, , 
10010856,CHAMPAIGN CO., ,1955,11,15,1500,F1,1,0,0,0,0,CST,0,0,0,33,0, ,0,11/15/1955,1500,39.9,-88.07, , 
10010857,RANDOLPH CO., ,1955,11,15,1530,F1,1,0,0,0,0,CST,0,0,4.5,880,0, ,0,11/15/1955,1530,38.07,-89.77,38.08,-89.68
10010859,MONTGOMERY CO., ,1955,11,15,1535,F1,1,0,0,25000,0,CST,0,0,0,33,0, ,0,11/15/1955,1535,39.15,-89.45, , 
10010864,CHRISTIAN CO., ,1955,11,15,1645,F1,1,0,0,0,0,CST,0,0,0,33,0, ,0,11/15/1955,1645,39.38,-89.1, , 
10010866,VERMILION CO., ,1955,11,15,1700,F0,0,0,0,250,0,CST,0,0,0.2,33,0, ,0,11/15/1955,1700,39.98,-87.77, , 
10010871,UNION CO., ,1955,11,16,220,F2,2,0,0,250000,0,CST,0,0,4.5,150,0, ,0,11/16/1955,220,37.43,-89.27,37.45,-89.18
10010872,BROWN CO., ,1955,12,3,1600,F1,1,0,0,25000,0,CST,0,0,12.5,100,0, ,0,12/3/1955,1600,40.05,-90.68,40.02,-90.45
10010873,LA SALLE CO., ,1955,12,3,2000,F2,2,0,0,30,0,CST,0,0,32,33,0, ,0,12/3/1955,2000,40.95,-88.95,41.18,-88.42
10010875,CLINTON CO., ,1956,2,25,115,F4,4,0,0,2500000,0,CST,0,0,9.7,500,0, ,0,2/25/1956,115,38.62,-89.7,38.62,-89.52
10007255,RICHLAND CO., ,1956,2,25,213,F2,2,0,0,2500000,0,CST,0,0,8.8,450,0, ,0,2/25/1956,213,38.73,-88.08,38.75,-87.92
10007256,LAWRENCE CO., ,1956,2,25,233,F2,2,0,2,2500000,0,CST,0,0,14.6,450,0, ,0,2/25/1956,233,38.75,-87.92,38.8,-87.65
10007471,MCLEAN CO., ,1956,3,6,1645,F2,2,0,0,25000,0,CST,0,0,2.3,200,0, ,0,3/6/1956,1645,40.63,-88.77,40.63,-88.7
10007473,IROQUOIS CO., ,1956,3,6,1755,F3,3,0,6,250000,0,CST,0,0,9.4,500,0, ,0,3/6/1956,1755,40.63,-88,40.73,-87.87
10007475,COOK CO., ,1956,4,2,130,F1,1,0,0,250000,0,CST,0,0,2,10,0, ,0,4/2/1956,130,42.07,-87.73, , 
10007476,LAWRENCE CO., ,1956,4,3,1430,F2,2,0,0,25000,0,CST,0,0,3.3,33,0, ,0,4/3/1956,1430,38.73,-87.68,38.77,-87.63
10007478,FORD CO., ,1956,4,3,1600,F2,2,0,0,25000,0,CST,0,0,2,50,0, ,0,4/3/1956,1600,40.92,-88.2, , 
10007479,DE WITT CO., ,1956,4,3,1608,F2,2,0,0,25000,0,CST,0,0,9.5,40,0, ,0,4/3/1956,1608,40.1,-88.78,40.13,-88.6
10007480,MOULTRIE CO., ,1956,4,3,1700,F1,1,0,0,25000,0,CST,0,0,4.5,100,0, ,0,4/3/1956,1700,39.65,-88.5,39.68,-88.42
10007483,HENRY CO., ,1956,4,26,2115,F2,2,0,0,250000,0,CST,0,0,10.9,33,0, ,0,4/26/1956,2115,41.48,-90.37,41.48,-90.15
10007486,BUREAU CO., ,1956,4,27,1920,F1,1,0,0,25000,0,CST,0,0,14.4,500,0, ,0,4/27/1956,1920,41.48,-89.27,41.48,-88.98
10007487,BUREAU CO., ,1956,4,27,1940,F1,1,0,0,25000,0,CST,0,0,14.4,500,0, ,0,4/27/1956,1940,41.47,-89.27,41.47,-88.98
10007488,BROWN CO., ,1956,4,27,2210,F2,2,0,0,25000,0,CST,0,0,4.9,900,0, ,0,4/27/1956,2210,39.98,-90.78,39.98,-90.68
10007490,MACON CO., ,1956,4,29,5,F1,1,0,0,25000,0,CST,0,0,2.3,33,0, ,0,4/29/1956,5,39.72,-89.13,39.75,-89.1
10007492,WASHINGTON CO., ,1956,4,29,100,F1,1,0,0,25000,0,CST,0,0,21.9,33,0, ,0,4/29/1956,100,38.35,-89.22,38.55,-88.9
10007494,JO DAVIESS CO., ,1956,5,16,1730,F1,1,0,0,25000,0,CST,0,0,3.3,80,0, ,0,5/16/1956,1730,42.37,-90.1,42.37,-90.02
10007495,IROQUOIS CO., ,1956,5,21,2145,F2,2,0,0,25000,0,CST,0,0,2,70,0, ,0,5/21/1956,2145,40.72,-88.02, , 
10007499,CARROLL CO., ,1956,6,17,530,F1,1,0,0,25000,0,CST,0,0,2,33,0, ,0,6/17/1956,530,42,-90.1, , 
10007502,PIKE CO., ,1956,6,19,2000,F2,2,0,0,25000,0,CST,0,0,14,33,0, ,0,6/19/1956,2000,39.7,-91.03,39.6,-90.8
10007515,FORD CO., ,1956,8,12,2220,F1,1,0,0,25000,0,CST,0,0,12.5,30,0, ,0,8/12/1956,2220,40.77,-88.22,40.72,-87.98
10007516,TAZEWELL CO., ,1956,8,13,115,F3,3,0,0,25000,0,CST,0,0,3.8,27,0, ,0,8/13/1956,115,40.7,-89.5,40.68,-89.42
10007518,RICHLAND CO., ,1956,8,18,800,F1,1,0,0,25000,0,CST,0,0,37.1,33,0, ,0,8/18/1956,800,38.72,-88.12,38.9,-87.47
10007522,KANE CO., ,1956,8,23,1400,F1,1,0,3,25000,0,CST,0,0,0,40,0, ,0,8/23/1956,1400,41.92,-88.32, , 
10007523,KANE CO., ,1956,8,23,1400,F2,2,0,0,25000,0,CST,0,0,0,40,0, ,0,8/23/1956,1400,42.03,-88.28, , 
10007524,COOK CO., ,1956,8,23,1440,F2,2,0,3,250000,0,CST,0,0,0,40,0, ,0,8/23/1956,1440,41.58,-87.78, , 
10007526,LEE CO., ,1956,8,30,2300,F2,2,0,0,2500,0,CST,0,0,0,17,0, ,0,8/30/1956,2300,41.8,-89.5, , 
10007528,ST. CLAIR CO., ,1956,9,15,230,F2,2,0,0,25000,0,CST,0,0,1,400,0, ,0,9/15/1956,230,38.45,-90.1, , 
10007529,SCHUYLER CO., ,1957,3,14,1400,F2,2,0,0,25000,0,CST,0,0,2.3,33,0, ,0,3/14/1957,1400,40.1,-90.58,40.13,-90.53
10007532,MASON CO., ,1957,3,14,1455,F2,2,0,0,25000,0,CST,0,0,0,100,0, ,0,3/14/1957,1455,40.2,-89.7, , 
10007534,LOGAN CO., ,1957,3,14,1510,F2,2,0,0,25000,0,CST,0,0,0,33,0, ,0,3/14/1957,1510,39.97,-89.17, , 
10007535,LIVINGSTON CO., ,1957,3,14,1620,F1,1,0,0,25000,0,CST,0,0,6.8,30,0, ,0,3/14/1957,1620,40.82,-88.45,40.9,-88.37
10007536,LAKE CO., ,1957,3,14,1810,F1,1,0,0,2500,0,CST,0,0,2,33,0, ,0,3/14/1957,1810,42.35,-88, , 
10008392,ALEXANDER CO., ,1957,4,3,1400,F2,2,0,5,250000,0,CST,0,0,4.5,33,0, ,0,4/3/1957,1400,37,-89.2,37.07,-89.18
10008607,PULASKI CO., ,1957,4,3,1408,F2,2,0,0,250000,0,CST,0,0,2.3,33,0, ,0,4/3/1957,1408,37.07,-89.18,37.1,-89.18
10008608,MONROE CO., ,1957,4,18,1400,F0,0,0,0,30,0,CST,0,0,0,33,0, ,0,4/18/1957,1400,38.33,-90.27, , 
10008609,ST. CLAIR CO., ,1957,4,25,230,F2,2,0,0,25000,0,CST,0,0,2,300,0, ,0,4/25/1957,230,38.45,-89.97, , 
10008611,MCLEAN CO., ,1957,4,26,1400,F1,1,0,0,25000,0,CST,0,0,22,30,0, ,0,4/26/1957,1400,40.35,-88.75,40.45,-88.35
10008613,HANCOCK CO., ,1957,5,9,1910,F1,1,0,0,2500,0,CST,0,0,2.7,200,0, ,0,5/9/1957,1910,40.57,-90.95,40.62,-90.93
10008616,SANGAMON CO., ,1957,5,13,1100,F1,1,0,0,250,0,CST,0,0,0,33,0, ,0,5/13/1957,1100,39.8,-89.7, , 
10008621,MONROE CO., ,1957,5,21,1550,F2,2,0,0,250000,0,CST,0,0,19.7,150,0, ,0,5/21/1957,1550,38.42,-90.2,38.53,-89.87
10008622,RICHLAND CO., ,1957,5,21,1700,F2,2,0,0,25000,0,CST,0,0,3.6,150,0, ,0,5/21/1957,1700,38.7,-87.98,38.72,-87.92
10008624,UNION CO., ,1957,5,21,1807,F3,3,0,0,250000,0,CST,0,0,8.5,200,0, ,0,5/21/1957,1807,37.57,-89.32,37.63,-89.18
10008625,MCDONOUGH CO., ,1957,5,21,1940,F3,3,0,0,250000,0,CST,0,0,13.7,120,0, ,0,5/21/1957,1940,40.5,-90.8,40.62,-90.58
10008628,PIKE CO., ,1957,6,10,2205,F2,2,0,0,25000,0,CST,0,0,42.3,33,0, ,0,6/10/1957,2205,39.6,-90.8,39.92,-90.12
10008634,DOUGLAS CO., ,1957,6,12,2000,F0,0,0,0,250,0,CST,0,0,1,33,0, ,0,6/12/1957,2000,39.8,-88.3, , 
10008636,PIKE CO., ,1957,6,14,1300,F2,2,0,1,250000,0,CST,0,0,18.5,33,0, ,0,6/14/1957,1300,39.55,-91,39.57,-90.65
10008637,MORGAN CO., ,1957,6,14,1330,F2,2,0,5,250000,0,CST,0,0,1.9,33,0, ,0,6/14/1957,1330,39.73,-90.22,39.73,-90.17
10008641,KANKAKEE CO., ,1957,6,14,1500,F1,1,0,0,25000,0,CST,0,0,1,83,0, ,0,6/14/1957,1500,41.08,-87.73, , 
10008653,RANDOLPH CO., ,1957,12,18,1440,F3,3,0,0,25000,0,CST,0,0,20.2,33,0, ,0,12/18/1957,1440,37.97,-89.82,38.07,-89.47
10008654,RANDOLPH CO., ,1957,12,18,1515,F3,3,0,0,250000,0,CST,0,0,17.7,33,0, ,0,12/18/1957,1515,37.9,-89.8,38,-89.5
10008655,MADISON CO., ,1957,12,18,1520,F2,2,0,1,25000,0,CST,0,0,1,33,0, ,0,12/18/1957,1520,38.85,-90.08, , 
10008656,MASON CO., ,1957,12,18,1535,F1,1,0,1,25000,0,CST,0,0,0,33,0, ,0,12/18/1957,1535,40.2,-89.7, , 
10008657,PERRY CO., ,1957,12,18,1535,F3,3,0,1,250000,0,CST,0,0,2.5,33,0, ,0,12/18/1957,1535,38.08,-89.55, , 
10008658,JEFFERSON CO., ,1957,12,18,1545,F2,2,0,2,25000,0,CST,0,0,4.5,33,0, ,0,12/18/1957,1545,38.42,-89.02,38.43,-88.93
10008661,JACKSON CO., ,1957,12,18,1600,F2,2,0,0,25000,0,CST,0,0,5.4,33,0, ,0,12/18/1957,1600,37.9,-89.5,37.92,-89.4
10008662,RANDOLPH CO., ,1957,12,18,1615,F3,3,0,0,25000,0,CST,0,0,5.7,33,0, ,0,12/18/1957,1615,37.83,-89.75,37.87,-89.65
10008663,JEFFERSON CO., ,1957,12,18,1630,F2,2,0,0,25000,0,CST,0,0,11.6,200,0, ,0,12/18/1957,1630,38.33,-89.02,38.35,-88.8
10008666,WAYNE CO., ,1957,12,18,1700,F3,3,0,1,250000,0,CST,0,0,11.9,200,0, ,0,12/18/1957,1700,38.5,-88.63,38.6,-88.45
10008667,JACKSON CO., ,1957,12,18,1725,F2,2,0,5,25000,0,CST,0,0,1.5,33,0, ,0,12/18/1957,1725,37.7,-89.22, , 
10008669,JASPER CO., ,1957,12,18,1725,F3,3,0,0,25000,0,CST,0,0,4.5,33,0, ,0,12/18/1957,1725,38.93,-88.05,38.98,-87.98
10008668,CLAY CO., ,1957,12,18,1725,F3,3,0,0,250000,0,CST,0,0,7.7,200,0, ,0,12/18/1957,1725,38.6,-88.45,38.68,-88.35
10008670,HAMILTON CO., ,1957,12,18,1735,F3,3,0,3,250000,0,CST,0,0,2.5,150,0, ,0,12/18/1957,1735,38.2,-88.7, , 
10008671,WILLIAMSON CO., ,1957,12,18,1735,F4,4,0,10,2500000,0,CST,0,0,4.5,300,0, ,0,12/18/1957,1735,37.83,-89.17,37.85,-89.08
10008672,FRANKLIN CO., ,1957,12,18,1745,F4,4,0,10,2500000,0,CST,0,0,4.3,300,0, ,0,12/18/1957,1745,37.85,-89.08,37.88,-89.02
10008673,JOHNSON CO., ,1957,12,18,1800,F2,2,0,0,25000,0,CST,0,0,0.1,33,0, ,0,12/18/1957,1800,37.3,-88.92, , 
10008674,HAMILTON CO., ,1957,12,18,1800,F3,3,0,4,250000,0,CST,0,0,19.8,33,0, ,0,12/18/1957,1800,38.17,-88.42,38.28,-88.08
10009739,VERMILION CO., ,1957,12,18,1840,F1,1,0,0,25000,0,CST,0,0,3,60,0, ,0,12/18/1957,1840,39.9,-87.8,39.93,-87.75
10009740,JEFFERSON CO., ,1957,12,19,1750,F2,2,0,0,25000,0,CST,0,0,1,67,0, ,0,12/19/1957,1750,38.2,-89.05, , 
10009741,SALINE CO., ,1957,12,19,2100,F2,2,0,0,25000,0,CST,0,0,0.5,100,0, ,0,12/19/1957,2100,37.7,-88.53, , 
10009743,CLINTON CO., ,1958,4,5,1448,F3,3,0,0,250000,0,CST,0,0,46.3,100,0, ,0,4/5/1958,1448,38.45,-89.68,38.97,-89.13
10009745,RANDOLPH CO., ,1958,4,5,1505,F0,0,0,0,25000,0,CST,0,0,4.9,100,0, ,0,4/5/1958,1505,37.92,-89.83,37.95,-89.75
10009746,JACKSON CO., ,1958,4,5,1610,F3,3,0,5,250000,0,CST,0,0,13.5,100,0, ,0,4/5/1958,1610,37.9,-89.33,38.03,-89.15
10009747,FORD CO., ,1958,4,5,1625,F1,1,0,0,2500,0,CST,0,0,5.1,80,0, ,0,4/5/1958,1625,40.58,-88.32,40.63,-88.23
10009748,JACKSON CO., ,1958,4,5,1632,F3,3,0,6,250000,0,CST,0,0,7.1,100,0, ,0,4/5/1958,1632,38.03,-89.15,38.1,-89.05
10009755,RANDOLPH CO., ,1958,5,3,1315,F1,1,0,0,25000,0,CST,0,0,75.9,100,0, ,0,5/3/1958,1315,38.2,-90,38.7,-88.75
10009756,MADISON CO., ,1958,5,3,1500,F1,1,0,0,2500,0,CST,0,0,1,10,0, ,0,5/3/1958,1500,38.95,-90.18, , 
10009757,MADISON CO., ,1958,5,3,1530,F2,2,0,1,25000,0,CST,0,0,4.7,10,0, ,0,5/3/1958,1530,38.67,-90,38.72,-89.93
10009758,LAWRENCE CO., ,1958,5,3,1535,F1,1,0,1,25000,0,CST,0,0,3,150,0, ,0,5/3/1958,1535,38.65,-87.77,38.67,-87.73
10009759,EDGAR CO., ,1958,5,3,1730,F2,2,0,0,30,0,CST,0,0,5.9,33,0, ,0,5/3/1958,1730,39.55,-87.65,39.57,-87.53
10009763,CALHOUN CO., ,1958,5,31,2320,F0,0,0,0,30,0,CST,0,0,8.8,33,0, ,0,5/31/1958,2320,38.93,-90.68,38.9,-90.52
10009765,ST. CLAIR CO., ,1958,5,31,2350,F1,1,0,0,2500,0,CST,0,0,0.1,3,0, ,0,5/31/1958,2350,38.5,-90, , 
10009766,ST. CLAIR CO., ,1958,6,1,3,F1,1,0,0,2500,0,CST,0,0,0.1,50,0, ,0,6/1/1958,3,38.53,-90.03, , 
10009767,MADISON CO., ,1958,6,1,30,F2,2,0,0,2500,0,CST,0,0,0.5,100,0, ,0,6/1/1958,30,38.67,-90, , 
10009770,GRUNDY CO., ,1958,6,8,1830,F1,1,0,0,2500,0,CST,0,0,1,33,0, ,0,6/8/1958,1830,41.4,-88.5, , 
10009775,FORD CO., ,1958,6,8,1900,F1,1,0,0,25000,0,CST,0,0,1,33,0, ,0,6/8/1958,1900,40.58,-88.25, , 
10009776,LIVINGSTON CO., ,1958,6,8,1900,F1,1,0,0,250,0,CST,0,0,0,33,0, ,0,6/8/1958,1900,40.88,-88.27, , 
10009801,EDGAR CO., ,1958,6,13,1630,F1,1,0,0,25000,0,CST,0,0,1,33,0, ,0,6/13/1958,1630,39.72,-87.93, , 
10010878,CHAMPAIGN CO., ,1958,6,23,1415,F0,0,0,0,250,0,CST,0,0,0.1,40,0, ,0,6/23/1958,1415,40.33,-88.27, , 
10010879,VERMILION CO., ,1958,7,10,1700,F1,1,0,0,2500,0,CST,0,0,2,167,0, ,0,7/10/1958,1700,40.12,-87.77, , 
10010880,WAYNE CO., ,1958,7,11,1245,F2,2,0,0,25000,0,CST,0,0,15.3,50,0, ,0,7/11/1958,1245,38.55,-88.43,38.53,-88.15
10010881,EDWARDS CO., ,1958,7,11,1308,F2,2,0,1,25000,0,CST,0,0,14.9,50,0, ,0,7/11/1958,1308,38.37,-88.15,38.52,-87.95
10010882,WABASH CO., ,1958,7,11,1330,F2,2,0,0,25000,0,CST,0,0,2.7,50,0, ,0,7/11/1958,1330,38.52,-87.95,38.5,-87.9
10010883,COLES CO., ,1958,7,11,1955,F3,3,0,3,25000,0,CST,0,0,4.7,30,0, ,0,7/11/1958,1955,39.48,-88.08,39.45,-88.17
10010898,KANE CO., ,1958,8,6,1710,F2,2,0,0,250000,0,CST,0,0,2,70,0, ,0,8/6/1958,1710,41.73,-88.37, , 
10010905,LEE CO., ,1958,8,15,200,F2,2,0,0,250000,0,CST,0,0,74.5,100,0, ,0,8/15/1958,200,41.77,-89.47,41.5,-88.07
10010906,VERMILION CO., ,1958,8,15,500,F1,1,0,0,2500,0,CST,0,0,13.9,30,0, ,0,8/15/1958,500,40.08,-87.65,39.92,-87.8
10010908,WINNEBAGO CO., ,1958,8,30,1950,F2,2,0,0,25000,0,CST,0,0,0,33,0, ,0,8/30/1958,1950,42.32,-89.05, , 
10010909,COOK CO., ,1958,8,30,2255,F1,1,0,0,25000,0,CST,0,0,1,70,0, ,0,8/30/1958,2255,41.8,-87.8, , 
10010910,STEPHENSON CO., ,1958,10,8,2330,F2,2,0,0,2500000,0,CST,0,0,38.1,33,0, ,0,10/8/1958,2330,42.42,-89.47,42.42,-88.72
10010914,LAKE CO., ,1958,10,9,55,F2,2,0,0,2500000,0,CST,0,0,16.7,33,0, ,0,10/9/1958,55,42.4,-88.2,42.38,-87.87
10010916,MADISON CO., ,1959,2,10,215,F4,4,0,0,250000,0,CST,0,0,0,200,0, ,0,2/10/1959,215,38.65,-90.18,38.67,-90.15
10010917,WASHINGTON CO., ,1959,2,10,230,F1,1,0,0,250000,0,CST,0,0,29.8,33,0, ,0,2/10/1959,230,38.35,-89.4,38.53,-88.9
10010918,CRAWFORD CO., ,1959,2,10,430,F1,1,0,0,25000,0,CST,0,0,0,33,0, ,0,2/10/1959,430,39,-87.18, , 
10010919,RANDOLPH CO., ,1959,3,14,2140,F2,2,0,1,25000,0,CST,0,0,2.3,120,0, ,0,3/14/1959,2140,38.05,-90,38.05,-89.95
10010920,WASHINGTON CO., ,1959,3,14,2215,F1,1,0,0,25000,0,CST,0,0,7.7,33,0, ,0,3/14/1959,2215,38.32,-89.68,38.38,-89.57
10010922,EFFINGHAM CO., ,1959,3,15,40,F2,2,0,2,25000,0,CST,0,0,2,33,0, ,0,3/15/1959,40,39.1,-88.7, , 
10010924,SHELBY CO., ,1959,3,26,40,F1,1,0,0,0,0,CST,0,0,0,33,0, ,0,3/26/1959,40,39.27,-88.63, , 
10010925,BROWN CO., ,1959,3,26,1300,F2,2,0,0,25000,0,CST,0,0,3,200,0, ,0,3/26/1959,1300,39.9,-90.63,39.93,-90.58
10010927,STEPHENSON CO., ,1959,4,17,1400,F1,1,0,0,25000,0,CST,0,0,2,33,0, ,0,4/17/1959,1400,42.3,-89.67, , 
10010930,JEFFERSON CO., ,1959,5,9,1800,F1,1,0,0,25000,0,CST,0,0,0,33,0, ,0,5/9/1959,1800,38.3,-88.8, , 
10010931,MONROE CO., ,1959,5,10,10,F1,1,0,0,25000,0,CST,0,0,3.6,50,0, ,0,5/10/1959,10,38.45,-90.2,38.48,-90.15
10010932,PIATT CO., ,1959,5,11,50,F2,2,0,0,250000,0,CST,0,0,0.1,30,0, ,0,5/11/1959,50,40,-88.6, , 
10010934,IROQUOIS CO., ,1959,5,26,1225,F1,1,0,0,250,0,CST,0,0,0,33,0, ,0,5/26/1959,1225,40.53,-87.68, , 
10010935,COOK CO., ,1959,5,26,1934, , ,0,0,250,0,CST,0,0,0,33,0, ,0,5/26/1959,1934,42,-87.97, , 
10010938,HARDIN CO., ,1959,6,10,1120, , ,0,0,30,0,CST,0,0,0,33,0, ,0,6/10/1959,1120,37.43,-88.35, , 
10010941,OGLE CO., ,1959,7,10,1930, , ,0,0,25000,0,CST,0,0,0,33,0, ,0,7/10/1959,1930,41.98,-89.47, , 
10010942,DE KALB CO., ,1959,7,10,2000,F1,1,0,0,25000,0,CST,0,0,1,60,0, ,0,7/10/1959,2000,41.93,-88.72, , 
10010946,MARION CO., ,1959,7,30,1740,F1,1,0,0,2500,0,CST,0,0,0,33,0, ,0,7/30/1959,1740,38.57,-89.13, , 
10010947,MACOUPIN CO., ,1959,8,4,615,F2,2,0,0,25000,0,CST,0,0,26.7,33,0, ,0,8/4/1959,615,39.45,-89.78,39.2,-89.4
10009600,OGLE CO., ,1959,8,15,1430,F1,1,0,0,25000,0,CST,0,0,0,200,0, ,0,8/15/1959,1430,41.93,-89.12, , 
10009810,ROCK ISLAND CO., ,1959,8,26,1300,F2,2,0,0,25000,0,CST,0,0,5.6,50,0, ,0,8/26/1959,1300,41.6,-90.28,41.68,-90.23
10009812,COOK CO., ,1959,9,21,1447,F1,1,0,0,25000,0,CST,0,0,2,40,0, ,0,9/21/1959,1447,42.02,-87.83, , 
10009815,CARROLL CO., ,1959,9,26,1305,F2,2,0,0,25000,0,CST,0,0,3.3,40,0, ,0,9/26/1959,1305,41.95,-90.1,41.98,-90.03
10009816,BROWN CO., ,1959,9,26,1515,F1,1,0,0,250000,0,CST,0,0,18.8,33,0, ,0,9/26/1959,1515,39.93,-90.83,40.12,-90.57
10009818,HENRY CO., ,1959,9,26,1530,F2,2,0,0,250000,0,CST,0,0,12.9,33,0, ,0,9/26/1959,1530,41.18,-90.37,41.3,-90.17
10009821,STARK CO., ,1959,9,26,1545,F2,2,0,0,25000,0,CST,0,0,1.9,40,0, ,0,9/26/1959,1545,41.17,-89.65,41.2,-89.6
10009824,LEE CO., ,1959,9,26,1630,F1,1,0,0,25000,0,CST,0,0,0,33,0, ,0,9/26/1959,1630,41.8,-89.5, , 
10009825,LA SALLE CO., ,1959,9,26,1650,F2,2,0,0,25000,0,CST,0,0,5.1,33,0, ,0,9/26/1959,1650,41.32,-89.13,41.35,-89.03
10009826,BOONE CO., ,1959,9,26,1700,F1,1,0,0,25000,0,CST,0,0,3,33,0, ,0,9/26/1959,1700,42.2,-88.83, , 
10009827,DU PAGE CO., ,1959,9,26,1745,F2,2,0,0,250000,0,CST,0,0,9.3,33,0, ,0,9/26/1959,1745,41.97,-87.97,42.03,-87.8
10009828,COOK CO., ,1959,9,26,1800,F1,1,0,14,250000,0,CST,0,0,12.1,33,0, ,0,9/26/1959,1800,42.13,-88.03,42.25,-87.85
10009830,PERRY CO., ,1959,9,26,1900,F1,1,0,0,2500,0,CST,0,0,0.3,130,0, ,0,9/26/1959,1900,38.03,-89.38, , 
10009831,KENDALL CO., ,1959,9,26,1930,F1,1,0,0,25000,0,CST,0,0,3,33,0, ,0,9/26/1959,1930,41.65,-88.35,41.68,-88.28
10009833,MCDONOUGH CO., ,1959,9,27,2030,F2,2,0,1,250000,0,CST,0,0,9.4,200,0, ,0,9/27/1959,2030,40.47,-90.6,40.55,-90.45
10009837,MCHENRY CO., ,1959,10,8,1530,F2,2,0,1,250000,0,CST,0,0,2,90,0, ,0,10/8/1959,1530,42.33,-88.23, , 
10009838,MADISON CO., ,1959,10,10,1715,F2,2,0,0,250000,0,CST,0,0,48.7,33,0, ,0,10/10/1959,1715,38.95,-90.15,39.12,-89.27
10009842,MADISON CO., ,1960,2,9,2035,F1,1,0,2,250000,0,CST,0,0,0,33,0, ,0,2/9/1960,2035,38.73,-89.88, , 
10009843,FRANKLIN CO., ,1960,2,9,2125,F2,2,0,0,250000,0,CST,0,0,22.1,77,0, ,0,2/9/1960,2125,37.97,-89,38.18,-88.7
10009845,JEFFERSON CO., ,1960,2,9,2150,F2,2,0,1,250000,0,CST,0,0,1.9,77,0, ,0,2/9/1960,2150,38.18,-88.7,38.2,-88.68
10009846,CUMBERLAND CO., ,1960,2,9,2225,F1,1,0,0,2500,0,CST,0,0,1,27,0, ,0,2/9/1960,2225,39.25,-88.15, , 
10009847,MACOUPIN CO., ,1960,3,29,2135,F2,2,0,0,2500,0,CST,0,0,0,33,0, ,0,3/29/1960,2135,39.35,-90, , 
10009848,RANDOLPH CO., ,1960,3,29,2140,F2,2,0,0,25000,0,CST,0,0,22.3,130,0, ,0,3/29/1960,2140,38.17,-90,38.45,-89.8
10009849,TAZEWELL CO., ,1960,4,16,1205,F1,1,0,0,2500,0,CST,0,0,2.7,60,0, ,0,4/16/1960,1205,40.33,-89.63,40.37,-89.58
10009854,WILL CO., ,1960,4,16,2130, , ,0,0,2500,0,CST,0,0,0,33,0, ,0,4/16/1960,2130,41.6,-88.22, , 
10009856,WASHINGTON CO., ,1960,4,17,200,F1,1,0,0,25000,0,CST,0,0,0,33,0, ,0,4/17/1960,200,38.35,-89.37, , 
10009858,EFFINGHAM CO., ,1960,4,17,255,F2,2,0,0,25000,0,CST,0,0,21.9,200,0, ,0,4/17/1960,255,38.92,-88.67,39.08,-88.32
10009859,ALEXANDER CO., ,1960,4,17,356,F1,1,0,4,25000,0,CST,0,0,1,60,0, ,0,4/17/1960,356,37.05,-89.2, , 
10009862,RANDOLPH CO., ,1960,4,25,1400,F1,1,0,0,2500,0,CST,0,0,0.5,20,0, ,0,4/25/1960,1400,38.12,-89.68, , 
10009863,LOGAN CO., ,1960,4,30,730,F1,1,0,0,2500,0,CST,0,0,0.2,30,0, ,0,4/30/1960,730,40.27,-89.23, , 
10009866,CLAY CO., ,1960,5,6,830,F1,1,0,0,25000,0,CST,0,0,1,100,0, ,0,5/6/1960,830,38.65,-88.45, , 
10009867,MACON CO., ,1960,5,6,940,F1,1,0,0,2500,0,CST,0,0,0.3,100,0, ,0,5/6/1960,940,39.8,-88.78, , 
10009868,GREENE CO., ,1960,5,6,1305,F1,1,0,0,250000,0,CST,0,0,43.5,50,0, ,0,5/6/1960,1305,39.3,-90.38,39.7,-89.75
10009869,COLES CO., ,1960,5,6,1630,F2,2,0,0,25000,0,CST,0,0,20.9,130,0, ,0,5/6/1960,1630,39.5,-88.3,39.7,-88
10009871,RANDOLPH CO., ,1960,5,16,1515,F1,1,0,0,25000,0,CST,0,0,0,33,0, ,0,5/16/1960,1515,38.18,-89.83, , 
10009872,RANDOLPH CO., ,1960,5,16,1515,F1,1,0,0,25000,0,CST,0,0,0,33,0, ,0,5/16/1960,1515,38.2,-89.7, , 
10009873,MCDONOUGH CO., ,1960,5,16,1645,F1,1,0,0,25000,0,CST,0,0,0,33,0, ,0,5/16/1960,1645,40.38,-90.47, , 
10009874,TAZEWELL CO., ,1960,5,16,1645,F2,2,0,0,25000,0,CST,0,0,0,33,0, ,0,5/16/1960,1645,40.6,-89.65, , 
10009875,GREENE CO., ,1960,5,20,1940,F0,0,0,0,2500,0,CST,0,0,0,30,0, ,0,5/20/1960,1940,39.3,-90.55, , 
10010736,MCLEAN CO., ,1960,5,25,1500,F1,1,0,0,2500,0,CST,0,0,0,33,0, ,0,5/25/1960,1500,40.37,-88.95, , 
10010949,TAZEWELL CO., ,1960,5,25,1510,F2,2,0,0,25000,0,CST,0,0,0,33,0, ,0,5/25/1960,1510,40.65,-89.55, , 
10010950,MCLEAN CO., ,1960,6,1,2000, , ,0,0,250,0,CST,0,0,0,33,0, ,0,6/1/1960,2000,40.3,-88.97, , 
10010951,FAYETTE CO., ,1960,6,4,1218, , ,0,0,0,0,CST,0,0,0,33,0, ,0,6/4/1960,1218,39.1,-89.2, , 
10010952,LA SALLE CO., ,1960,6,4,1800, , ,0,0,250,0,CST,0,0,0,33,0, ,0,6/4/1960,1800,41.43,-88.77, , 
10010956,MCLEAN CO., ,1960,6,4,2337,F2,2,0,0,250000,0,CST,0,0,46.5,20,0, ,0,6/4/1960,2337,40.53,-89.08,40.05,-88.47
10010959,MCLEAN CO., ,1960,6,5,17,F2,2,0,0,25000,0,CST,0,0,9.6,33,0, ,0,6/5/1960,17,40.35,-88.52,40.32,-88.33
10010960,CHAMPAIGN CO., ,1960,6,5,49,F2,2,0,1,250000,0,CST,0,0,9.7,20,0, ,0,6/5/1960,49,40.05,-88.47,39.95,-88.33
10010963,VERMILION CO., ,1960,6,16,1300,F0,0,0,0,2500,0,CST,0,0,0,33,0, ,0,6/16/1960,1300,39.9,-89.82, , 
10010964,MADISON CO., ,1960,6,16,1400,F0,0,0,0,2500,0,CST,0,0,0,33,0, ,0,6/16/1960,1400,38.87,-90.08, , 
10010965,KANKAKEE CO., ,1960,6,16,1500,F1,1,0,0,2500,0,CST,0,0,0,33,0, ,0,6/16/1960,1500,41.25,-87.73, , 
10010969,MADISON CO., ,1960,6,22,1930,F0,0,0,0,2500,0,CST,0,0,0,33,0, ,0,6/22/1960,1930,38.82,-90.05, , 
10010970,EFFINGHAM CO., ,1960,6,22,2000,F2,2,0,0,250000,0,CST,0,0,0,33,0, ,0,6/22/1960,2000,39.17,-88.65, , 
10010973,ADAMS CO., ,1960,6,23,200,F1,1,0,0,25000,0,CST,0,0,22.6,33,0, ,0,6/23/1960,200,40.13,-91.15,39.98,-90.77
10010975,CASS CO., ,1960,6,23,230,F2,2,0,1,250000,0,CST,0,0,11.8,100,0, ,0,6/23/1960,230,39.95,-90.22,39.9,-90
10010976,SANGAMON CO., ,1960,6,23,250,F2,2,0,0,250000,0,CST,0,0,23.1,100,0, ,0,6/23/1960,250,39.9,-90,39.72,-89.63
10010978,CHAMPAIGN CO., ,1960,6,23,403,F2,2,0,0,25000,0,CST,0,0,3.8,800,0, ,0,6/23/1960,403,39.98,-88.27,39.95,-88.2
10010985,MARION CO., ,1960,6,28,2300,F1,1,0,0,2500,0,CST,0,0,0,33,0, ,0,6/28/1960,2300,38.62,-89.13, , 
10010988,MADISON CO., ,1960,6,30,100,F2,2,0,17,2500000,0,CST,0,0,16.9,33,0, ,0,6/30/1960,100,38.9,-90.2,38.75,-89.95
10010990,WILL CO., ,1960,7,2,2342,F1,1,0,0,250000,0,CST,0,0,23.6,150,0, ,0,7/2/1960,2342,41.5,-88.17,41.25,-87.85
10010997,KANE CO., ,1960,8,3,1630,F1,1,0,0,25000,0,CST,0,0,0,33,0, ,0,8/3/1960,1630,41.75,-88.35, , 
10011017,MCLEAN CO., ,1961,3,4,1630,F1,1,0,1,250000,0,CST,0,0,9.3,33,0, ,0,3/4/1961,1630,40.45,-88.63,40.47,-88.45
10011019,FORD CO., ,1961,3,4,1640,F1,1,0,0,250000,0,CST,0,0,42.2,33,0, ,0,3/4/1961,1640,40.47,-88.45,40.53,-87.65
10007611,CHAMPAIGN CO., ,1961,3,4,1815,F0,0,0,0,25000,0,CST,0,0,6.2,50,0, ,0,3/4/1961,1815,40.08,-88.17,40.12,-88.05
10007612,JERSEY CO., ,1961,3,6,130,F1,1,0,0,2500,0,CST,0,0,33.4,77,0, ,0,3/6/1961,130,39.13,-90.33,39.22,-89.72
10007613,MONTGOMERY CO., ,1961,3,6,205,F1,1,0,0,250000,0,CST,0,0,11.5,77,0, ,0,3/6/1961,205,39.22,-89.72,39.25,-89.5
10007614,MONTGOMERY CO., ,1961,3,6,216,F1,1,0,0,250000,0,CST,0,0,18.7,77,0, ,0,3/6/1961,216,39.25,-89.5,39.23,-89.15
10007615,RANDOLPH CO., ,1961,3,6,230,F2,2,0,0,2500000,0,CST,0,0,110.2,33,0, ,0,3/6/1961,230,37.9,-89.85,38.38,-87.92
10007616,SHELBY CO., ,1961,3,6,235,F1,1,0,1,250000,0,CST,0,0,36.5,77,0, ,0,3/6/1961,235,39.23,-89.15,39.22,-88.47
10007617,CUMBERLAND CO., ,1961,3,6,311,F1,1,0,0,2500,0,CST,0,0,17.8,77,0, ,0,3/6/1961,311,39.22,-88.47,39.23,-88.13
10007618,SALINE CO., ,1961,3,6,340,F2,2,0,2,250000,0,CST,0,0,4.7,100,0, ,0,3/6/1961,340,37.8,-88.53,37.82,-88.45
10007619,CLAY CO., ,1961,3,6,400,F1,1,0,0,25000,0,CST,0,0,24.6,33,0, ,0,3/6/1961,400,38.67,-88.48,38.73,-88.03
10007620,EFFINGHAM CO., ,1961,3,6,400,F3,3,0,3,250000,0,CST,0,0,21.2,33,0, ,0,3/6/1961,400,39.1,-88.53,38.98,-88.17
10007622,DOUGLAS CO., ,1961,3,6,415,F2,2,0,2,250000,0,CST,0,0,10.3,33,0, ,0,3/6/1961,415,39.8,-88.28,39.88,-88.12
10007623,CHAMPAIGN CO., ,1961,3,6,437,F2,2,0,0,250000,0,CST,0,0,20.3,33,0, ,0,3/6/1961,437,39.88,-88.12,39.92,-87.73
10007628,WILL CO., ,1961,4,23,1545,F3,3,0,4,2500000,0,CST,0,0,36.3,33,0, ,0,4/23/1961,1545,41.35,-88.22,41.32,-87.52
10007634,PIKE CO., ,1961,4,24,1930,F3,3,0,0,250000,0,CST,0,0,29.3,33,0, ,0,4/24/1961,1930,39.7,-91.15,39.65,-90.6
10007636,SCOTT CO., ,1961,4,24,2000,F3,3,0,3,250000,0,CST,0,0,16,33,0, ,0,4/24/1961,2000,39.65,-90.6,39.62,-90.3
10007637,MORGAN CO., ,1961,4,24,2026,F3,3,0,0,250000,0,CST,0,0,18.9,33,0, ,0,4/24/1961,2026,39.62,-90.3,39.57,-89.95
10007649,PIKE CO., ,1961,5,14,1700,F3,3,0,0,2500000,0,CST,0,0,89.6,100,0, ,0,5/14/1961,1700,39.72,-91.3,40.72,-90.22
10007651,KNOX CO., ,1961,5,14,1900,F3,3,0,8,2500000,0,CST,0,0,17.3,100,0, ,0,5/14/1961,1900,40.72,-90.22,40.9,-89.98
10007653,PEORIA CO., ,1961,5,14,1938,F3,3,0,0,2500000,0,CST,0,0,20.2,100,0, ,0,5/14/1961,1938,40.9,-89.98,41.12,-89.72
10007654,WOODFORD CO., ,1961,5,14,2015,F0,0,0,0,250,0,CST,0,0,22.9,33,0, ,0,5/14/1961,2015,40.77,-89.28,41.05,-89.05
10007655,SANGAMON CO., ,1961,5,14,2210,F1,1,0,0,250000,0,CST,0,0,4.9,33,0, ,0,5/14/1961,2210,39.72,-89.92,39.77,-89.85
10007659,CARROLL CO., ,1961,6,7,1400,F0,0,0,0,0,0,CST,0,0,0,33,0, ,0,6/7/1961,1400,42.07,-90.17, , 
10007665,IROQUOIS CO., ,1961,6,10,1750,F0,0,0,0,0,0,CST,0,0,0,33,0, ,0,6/10/1961,1750,40.72,-87.8, , 
10007668,WASHINGTON CO., ,1961,6,14,1610,F1,1,0,0,25000,0,CST,0,0,0,33,0, ,0,6/14/1961,1610,38.4,-89.48, , 
10007674,ADAMS CO., ,1961,7,21,1415,F1,1,0,0,250000,0,CST,0,0,77.3,33,0, ,0,7/21/1961,1415,39.93,-91.42,40.72,-90.37
10007675,MORGAN CO., ,1961,7,21,1440,F0,0,0,0,0,0,CST,0,0,0,33,0, ,0,7/21/1961,1440,39.78,-90.17, , 
10007676,LA SALLE CO., ,1961,7,21,1615,F0,0,0,0,2500,0,CST,0,0,2,33,0, ,0,7/21/1961,1615,41.25,-88.83, , 
10007677,KNOX CO., ,1961,7,21,1615,F1,1,0,0,250000,0,CST,0,0,70.1,33,0, ,0,7/21/1961,1615,40.72,-90.37,41.6,-89.7
10008536,VERMILION CO., ,1961,7,21,1720,F2,2,0,0,25000,0,CST,0,0,3.6,33,0, ,0,7/21/1961,1720,40.27,-87.62,40.27,-87.53
10008746,VERMILION CO., ,1961,7,21,1825,F1,1,0,0,25000,0,CST,0,0,0,33,0, ,0,7/21/1961,1825,40.1,-87.7, , 
10008750,SHELBY CO., ,1961,7,28,1530,F0,0,0,0,25000,0,CST,0,0,0,33,0, ,0,7/28/1961,1530,39.4,-88.8, , 
10008752,WOODFORD CO., ,1961,8,1,1144,F0,0,0,0,2500,0,CST,0,0,0,33,0, ,0,8/1/1961,1144,40.9,-89.05, , 
10008760,MASON CO., ,1961,8,19,1700,F0,0,0,0,2500,0,CST,0,0,0,33,0, ,0,8/19/1961,1700,40.3,-90.1, , 
10008761,WHITESIDE CO., ,1961,9,1,2000,F1,1,0,4,25000,0,CST,0,0,0,100,0, ,0,9/1/1961,2000,41.77,-89.73, , 
10008766,WILL CO., ,1961,9,22,1600,F1,1,0,0,25000,0,CST,0,0,2,800,0, ,0,9/22/1961,1600,41.43,-88, , 
10008768,EFFINGHAM CO., ,1961,9,24,1300,F1,1,0,0,2500,0,CST,0,0,0.3,50,0, ,0,9/24/1961,1300,39.1,-88.5, , 
10008771,ST. CLAIR CO., ,1961,9,24,1530,F2,2,0,1,25000,0,CST,0,0,2.3,33,0, ,0,9/24/1961,1530,38.25,-89.73,38.28,-89.72
10008773,WASHINGTON CO., ,1961,9,24,1535,F2,2,0,0,25000,0,CST,0,0,2.7,33,0, ,0,9/24/1961,1535,38.28,-89.72,38.32,-89.68
10008776,LA SALLE CO., ,1961,9,30,1230,F1,1,0,0,25000,0,CST,0,0,2.3,33,0, ,0,9/30/1961,1230,41.62,-88.82,41.65,-88.77
10008777,DU PAGE CO., ,1961,9,30,1330,F1,1,0,0,25000,0,CST,0,0,1.5,33,0, ,0,9/30/1961,1330,41.8,-88.2, , 
10008778,CHRISTIAN CO., ,1961,9,30,1345,F1,1,0,0,25000,0,CST,0,0,0,150,0, ,0,9/30/1961,1345,39.37,-89.53, , 
10008780,LIVINGSTON CO., ,1961,9,30,1355,F0,0,0,0,2500,0,CST,0,0,0.3,33,0, ,0,9/30/1961,1355,40.9,-88.6, , 
10008785,DOUGLAS CO., ,1962,3,11,1815, , ,0,0,250,0,CST,0,0,0,33,0, ,0,3/11/1962,1815,39.8,-88.3, , 
10008787,GREENE CO., ,1962,4,30,1130,F1,1,0,0,25000,0,CST,0,0,5.2,100,0, ,0,4/30/1962,1130,39.27,-90.45,39.32,-90.37
10008796,WHITESIDE CO., ,1962,5,7,2030,F2,2,0,0,0,0,CST,0,0,7.2,10,0, ,0,5/7/1962,2030,41.8,-89.65,41.72,-89.55
10008797,WHITESIDE CO., ,1962,5,7,2030,F2,2,0,0,0,0,CST,0,0,7.2,10,0, ,0,5/7/1962,2030,41.8,-89.65,41.72,-89.55
10008811,SANGAMON CO., ,1962,5,26,530,F2,2,0,0,2500,0,CST,0,0,0,33,0, ,0,5/26/1962,530,39.88,-89.85, , 
10008813,HENRY CO., ,1962,5,28,1712,F0,0,0,0,0,0,CST,0,0,0,33,0, ,0,5/28/1962,1712,41.18,-90.17, , 
10008814,HENRY CO., ,1962,5,28,1810,F2,2,0,0,0,0,CST,0,0,0,33,0, ,0,5/28/1962,1810,41.22,-90.33, , 
10007894,PEORIA CO., ,1962,5,28,1830, , ,0,0,0,0,CST,0,0,0,33,0, ,0,5/28/1962,1830,40.95,-89.62, , 
10008111,HENRY CO., ,1962,5,28,1945,F2,2,0,0,250000,0,CST,0,0,0,33,0, ,0,5/28/1962,1945,41.42,-90.15, , 
10008112,ROCK ISLAND CO., ,1962,5,29,520,F1,1,0,0,2500,0,CST,0,0,0,33,0, ,0,5/29/1962,520,41.43,-90.47, , 
10008116,BUREAU CO., ,1962,6,8,1320,F1,1,0,0,2500,0,CST,0,0,0.2,10,0, ,0,6/8/1962,1320,41.42,-89.18, , 
10008118,COOK CO., ,1962,6,23,1652,F2,2,0,10,250000,0,CST,0,0,0.5,100,0, ,0,6/23/1962,1652,41.6,-87.72, , 
10008120,CHAMPAIGN CO., ,1962,7,2,1530,F2,2,0,0,25000,0,CST,0,0,6.9,50,0, ,0,7/2/1962,1530,40.18,-87.98,40.22,-87.85
10008137,GALLATIN CO., ,1963,3,16,1430,F3,3,0,0,25000,0,CST,0,0,0.3,30,0, ,0,3/16/1963,1430,37.73,-88.35, , 
10008150,WARREN CO., ,1963,4,18,1730,F2,2,0,0,25000,0,CST,0,0,0,33,0, ,0,4/18/1963,1730,41.03,-90.75, , 
10008152,WABASH CO., ,1963,4,19,1450,F2,2,0,0,250000,0,CST,0,0,3.6,250,0, ,0,4/19/1963,1450,38.55,-87.73,38.57,-87.67
10008153,LAWRENCE CO., ,1963,4,19,1455,F2,2,0,10,250000,0,CST,0,0,3.3,250,0, ,0,4/19/1963,1455,38.57,-87.67,38.62,-87.63
10008154,MCHENRY CO., ,1963,4,19,1745,F2,2,0,0,250000,0,CST,0,0,0,33,0, ,0,4/19/1963,1745,42.3,-88.3, , 
10008159,MACON CO., ,1963,4,22,1737,F3,3,0,0,250000,0,CST,0,0,9.4,33,0, ,0,4/22/1963,1737,39.85,-89.22,39.85,-89.03
10008160,MACON CO., ,1963,4,22,1800,F3,3,0,0,250000,0,CST,0,0,15,200,0, ,0,4/22/1963,1800,39.95,-88.75,39.97,-88.47
10008162,DOUGLAS CO., ,1963,4,22,1830,F3,3,0,20,25000,0,CST,0,0,18.4,1600,0, ,0,4/22/1963,1830,39.8,-88.27,39.8,-87.92
10008163,CHAMPAIGN CO., ,1963,4,22,1832,F3,3,0,5,250000,0,CST,0,0,16.8,200,0, ,0,4/22/1963,1832,39.97,-88.47,40,-88.15
10008164,EDGAR CO., ,1963,4,22,1855,F3,3,0,20,25000,0,CST,0,0,20.2,1600,0, ,0,4/22/1963,1855,39.8,-87.92,39.8,-87.53
10008179,MACON CO., ,1963,6,10,1625,F1,1,0,0,0,0,CST,0,0,2,30,0, ,0,6/10/1963,1625,39.9,-88.98, , 
10009884,CUMBERLAND CO., ,1963,6,13,1715,F1,1,0,0,2500,0,CST,0,0,0.3,200,0, ,0,6/13/1963,1715,39.2,-88.25, , 
10009905,OGLE CO., ,1963,9,2,2000,F0,0,0,0,25000,0,CST,0,0,10.8,10,0, ,0,9/2/1963,2000,42.13,-89.25,42.05,-89.07
10009915,MONROE CO., ,1964,3,8,1805,F1,1,0,0,2500,0,CST,0,0,3.8,20,0, ,0,3/8/1964,1805,38.4,-90.25,38.42,-90.18
10009916,CLINTON CO., ,1964,3,8,1855,F2,2,0,0,25000,0,CST,0,0,13.1,40,0, ,0,3/8/1964,1855,38.45,-89.63,38.63,-89.57
10009918,HAMILTON CO., ,1964,3,25,1540,F2,2,0,2,25000,0,CST,0,0,11.5,50,0, ,0,3/25/1964,1540,38.15,-88.7,38.23,-88.52
10009922,MASON CO., ,1964,4,2,1823,F1,1,0,0,250,0,CST,0,0,0.2,10,0, ,0,4/2/1964,1823,39.75,-88.97, , 
10009923,SANGAMON CO., ,1964,4,2,1845,F2,2,0,0,25000,0,CST,0,0,4.5,77,0, ,0,4/2/1964,1845,39.67,-89.53,39.7,-89.45
10009925,MONTGOMERY CO., ,1964,4,2,1945,F2,2,0,4,25000,0,CST,0,0,3.6,20,0, ,0,4/2/1964,1945,39.42,-89.58,39.43,-89.52
10009926,CHRISTIAN CO., ,1964,4,2,1949,F2,2,0,0,25000,0,CST,0,0,1.3,20,0, ,0,4/2/1964,1949,39.43,-89.52,39.45,-89.48
10009939,MCDONOUGH CO., ,1964,4,21,330,F3,3,0,0,25000,0,CST,0,0,14.1,17,0, ,0,4/21/1964,330,40.42,-90.73,40.5,-90.48
10011045,WHITE CO., ,1965,2,9,1550,F2,2,0,0,250000,0,CST,0,0,3.3,10,0, ,0,2/9/1965,1550,38.1,-88.23,38.13,-88.18
10011056,LAKE CO., ,1965,4,11,1535,F4,4,0,0,0,0,CST,0,0,0,400,0, ,0,4/11/1965,1535,42.28,-88.22,42.28,-88.18
10011057,LAKE CO., ,1965,4,11,1550,F2,2,0,0,250000,0,CST,0,0,4.5,200,0, ,0,4/11/1965,1550,42.38,-88.02,42.37,-87.92
10011058,KANE CO., ,1965,4,11,1600,F1,1,0,0,250000,0,CST,0,0,0.3,150,0, ,0,4/11/1965,1600,41.88,-88.3, , 
10011059,LAKE CO., ,1965,4,11,1604,F1,1,0,0,250000,0,CST,0,0,0.5,250,0, ,0,4/11/1965,1604,42.43,-87.83, , 
10011063,MERCER CO., ,1965,4,23,2345,F1,1,0,1,250000,0,CST,0,0,16.2,100,0, ,0,4/23/1965,2345,41.2,-90.75,41.18,-90.43
10011064,HENRY CO., ,1965,4,23,2345,F2,2,0,0,25000,0,CST,0,0,0.2,100,0, ,0,4/23/1965,2345,41.35,-90.33, , 
10011065,MERCER CO., ,1965,4,23,2350,F1,1,0,0,25000,0,CST,0,0,6.6,100,0, ,0,4/23/1965,2350,41.32,-90.5,41.3,-90.37
10011066,HENRY CO., ,1965,4,24,20,F1,1,0,0,250000,0,CST,0,0,9.2,100,0, ,0,4/24/1965,20,41.18,-90.43,41.18,-90.25
10011067,MARSHALL CO., ,1965,4,24,140,F3,3,0,1,25000,0,CST,0,0,6.5,43,0, ,0,4/24/1965,140,41.15,-89.62,41.1,-89.5
10011072,LIVINGSTON CO., ,1965,4,24,300,F1,1,0,0,25000,0,CST,0,0,0.3,40,0, ,0,4/24/1965,300,40.9,-88.37, , 
10011082,DU PAGE CO., ,1965,5,26,745,F2,2,0,11,250000,0,CST,0,0,13.8,70,0, ,0,5/26/1965,745,41.9,-88.17,41.98,-87.92
10011085,COOK CO., ,1965,5,26,815,F2,2,0,0,250000,0,CST,0,0,0,70,0, ,0,5/26/1965,815,41.98,-87.92,42,-87.88
10011086,COOK CO., ,1965,5,26,822,F2,2,0,0,25000,0,CST,0,0,1,50,0, ,0,5/26/1965,822,41.5,-87.7, , 
10011087,MONROE CO., ,1965,5,26,1500,F1,1,0,0,25000,0,CST,0,0,0.5,33,0, ,0,5/26/1965,1500,38.4,-90.3, , 
10007686,DU PAGE CO., ,1965,6,23,1750,F1,1,0,0,2500,0,CST,0,0,0,33,0, ,0,6/23/1965,1750,41.9,-88, , 
10007710,COOK CO., ,1965,8,26,2310,F1,1,0,0,0,0,CST,0,0,2,70,0, ,0,8/26/1965,2310,41.52,-87.68, , 
10007719,IROQUOIS CO., ,1965,8,27,5,F0,0,0,0,250,0,CST,0,0,0.4,57,0, ,0,8/27/1965,5,40.6,-87.97, , 
10007724,MONROE CO., ,1965,9,4,1924,F1,1,0,0,2500,0,CST,0,0,1.5,100,0, ,0,9/4/1965,1924,38.17,-90.25, , 
10007726,PEORIA CO., ,1965,9,14,1440,F3,3,0,30,2500000,0,CST,0,0,6.6,200,0, ,0,9/14/1965,1440,40.75,-89.72,40.73,-89.58
10007727,MCLEAN CO., ,1965,9,14,1615,F2,2,0,0,250000,0,CST,0,0,4.9,77,0, ,0,9/14/1965,1615,40.47,-88.57,40.47,-88.47
10007728,FORD CO., ,1965,9,14,1627,F2,2,0,2,250000,0,CST,0,0,6.6,77,0, ,0,9/14/1965,1627,40.47,-88.47,40.47,-88.33
10007729,IROQUOIS CO., ,1965,9,14,1835,F2,2,0,2,25000,0,CST,0,0,1,50,0, ,0,9/14/1965,1835,40.82,-88, , 
10007736,LA SALLE CO., ,1965,11,12,1405,F2,2,0,0,250000,0,CST,0,0,32.1,17,0, ,0,11/12/1965,1405,41.05,-89,41.27,-88.45
10007738,GRUNDY CO., ,1965,11,12,1435,F2,2,0,0,25000000,0,CST,0,0,11.4,120,0, ,0,11/12/1965,1435,41.4,-88.47,41.45,-88.25
10007740,DU PAGE CO., ,1965,11,12,1448,F2,2,0,0,25000,0,CST,0,0,1,20,0, ,0,11/12/1965,1448,41.8,-88.1, , 
10007742,COOK CO., ,1965,11,12,1545,F2,2,0,0,25000000,0,CST,0,0,0,120,0, ,0,11/12/1965,1545,41.57,-87.8,41.57,-87.78
10007743,PUTNAM CO., ,1965,11,12,1555,F2,2,0,0,250000,0,CST,0,0,8.7,50,0, ,0,11/12/1965,1555,41.2,-89.3,41.25,-89.13
10007744,VERMILION CO., ,1965,11,12,1700,F0,0,0,0,2500,0,CST,0,0,0.2,10,0, ,0,11/12/1965,1700,40.1,-87.7, , 
10007745,MCLEAN CO., ,1965,11,12,1727,F2,2,0,0,25000,0,CST,0,0,0.3,10,0, ,0,11/12/1965,1727,40.3,-88.9, , 
10007750,FORD CO., ,1965,11,26,1817,F1,1,0,0,250000,0,CST,0,0,0.3,10,0, ,0,11/26/1965,1817,40.45,-88.1, , 
10008606,RICHLAND CO., ,1965,11,26,1910,F2,2,0,5,25000,0,CST,0,0,0.5,20,0, ,0,11/26/1965,1910,38.72,-88.08, , 
10008825,WHITESIDE CO., ,1966,3,21,1440,F2,2,0,0,25000,0,CST,0,0,0,300,0, ,0,3/21/1966,1440,41.8,-90, , 
10008830,DU PAGE CO., ,1966,4,19,2227,F2,2,0,0,250000,0,CST,0,0,0.5,40,0, ,0,4/19/1966,2227,41.82,-88.12, , 
10008831,KANE CO., ,1966,4,19,2240,F1,1,0,0,2500,0,CST,0,0,0.5,100,0, ,0,4/19/1966,2240,42.1,-88.53, , 
10008834,JEFFERSON CO., ,1966,4,20,1710,F0,0,0,0,25000,0,CST,0,0,4.3,77,0, ,0,4/20/1966,1710,38.27,-88.9,38.32,-88.85
10008848,FULTON CO., ,1966,5,23,1800,F1,1,0,0,250000,0,CST,0,0,2,100,0, ,0,5/23/1966,1800,40.22,-90.37, , 
10008855,COOK CO., ,1966,6,9,510,F0,0,0,0,0,0,CST,0,0,0,33,0, ,0,6/9/1966,510,42.1,-88.02, , 
10008857,COOK CO., ,1966,6,9,515,F2,2,0,0,0,0,CST,0,0,0,33,0, ,0,6/9/1966,515,42.1,-88.02, , 
10008871,JO DAVIESS CO., ,1966,7,9,1145,F1,1,0,0,250000,0,CST,0,0,1.9,400,0, ,0,7/9/1966,1145,42.5,-90.65,42.47,-90.6
10009955,MACOUPIN CO., ,1966,8,9,2150,F0,0,0,0,250,0,CST,0,0,0.3,100,0, ,0,8/9/1966,2150,39,-90, , 
10009961,BROWN CO., ,1966,10,14,2005,F2,2,0,20,2500000,0,CST,0,0,1,100,0, ,0,10/14/1966,2005,39.98,-90.75, , 
10009966,HENDERSON CO., ,1967,1,24,1640,F2,2,0,0,25000,0,CST,0,0,5.7,77,0, ,0,1/24/1967,1640,40.85,-90.93,40.92,-90.85
10009969,CARROLL CO., ,1967,1,24,1730,F3,3,0,12,250000,0,CST,0,0,7.4,77,0, ,0,1/24/1967,1730,42.05,-90.03,42.13,-89.93
10009968,MASON CO., ,1967,1,24,1730,F1,1,0,1,0,0,CST,0,0,4.5,30,0, ,0,1/24/1967,1730,40.1,-90.17,40.15,-90.1
10009973,TAZEWELL CO., ,1967,1,24,1830,F2,2,0,0,2500,0,CST,0,0,3.3,77,0, ,0,1/24/1967,1830,40.67,-89.38,40.7,-89.32
10009974,MACOUPIN CO., ,1967,1,24,1850,F2,2,0,0,250000,0,CST,0,0,2.5,100,0, ,0,1/24/1967,1850,39.48,-89.77, , 
10009975,MCLEAN CO., ,1967,1,24,1850,F2,2,0,0,25000,0,CST,0,0,2.5,73,0, ,0,1/24/1967,1850,40.8,-89.4, , 
10009978,CHAMPAIGN CO., ,1967,1,24,2040,F2,2,0,5,25000,0,CST,0,0,10.4,50,0, ,0,1/24/1967,2040,40.08,-88.32,40.15,-88.13
10009983,FULTON CO., ,1967,3,31,1630,F1,1,0,0,25000,0,CST,0,0,5.2,100,0, ,0,3/31/1967,1630,40.7,-90.1,40.78,-90.07
10009994,WHITESIDE CO., ,1967,4,21,1530,F1,1,0,0,2500,0,CST,0,0,0.3,30,0, ,0,4/21/1967,1530,41.6,-90.1, , 
10009996,HENRY CO., ,1967,4,21,1535,F2,2,0,0,250000,0,CST,0,0,25.1,300,0, ,0,4/21/1967,1535,41.43,-90.4,41.48,-89.92
10009997,HENRY CO., ,1967,4,21,1550,F2,2,0,0,25000,0,CST,0,0,4.5,300,0, ,0,4/21/1967,1550,41.53,-89.97,41.53,-89.87
10009999,OGLE CO., ,1967,4,21,1600,F1,1,0,0,25000,0,CST,0,0,1,13,0, ,0,4/21/1967,1600,41.95,-89.33, , 
10010000,LEE CO., ,1967,4,21,1602,F2,2,0,0,25000,0,CST,0,0,5.6,77,0, ,0,4/21/1967,1602,41.62,-89.48,41.63,-89.37
10010001,MCHENRY CO., ,1967,4,21,1605,F4,4,0,40,25000000,0,CST,0,0,14,1200,0, ,0,4/21/1967,1605,42.28,-88.7,42.35,-88.43
10010002,LEE CO., ,1967,4,21,1615,F1,1,0,0,250000,0,CST,0,0,5.6,100,0, ,0,4/21/1967,1615,41.7,-89.28,41.7,-89.17
10010004,BUREAU CO., ,1967,4,21,1630,F1,1,0,0,25000,0,CST,0,0,0.5,150,0, ,0,4/21/1967,1630,41.5,-89.5, , 
10010005,PUTNAM CO., ,1967,4,21,1630,F2,2,0,1,2500,0,CST,0,0,0.3,30,0, ,0,4/21/1967,1630,41.25,-89.33, , 
10010006,DE KALB CO., ,1967,4,21,1640,F1,1,0,0,25000,0,CST,0,0,2,40,0, ,0,4/21/1967,1640,41.9,-88.7, , 
10010008,MCHENRY CO., ,1967,4,21,1700,F4,4,0,3,2500000,0,CST,0,0,4.3,150,0, ,0,4/21/1967,1700,42.15,-88.27,42.2,-88.2
10010009,DU PAGE CO., ,1967,4,21,1710,F1,1,0,0,25000,0,CST,0,0,0.5,33,0, ,0,4/21/1967,1710,41.97,-88.12, , 
10010011,KANE CO., ,1967,4,21,1710,F2,2,0,0,250000,0,CST,0,0,0.3,33,0, ,0,4/21/1967,1710,42,-88.28, , 
10010010,DU PAGE CO., ,1967,4,21,1710,F1,1,0,0,250000,0,CST,0,0,6.8,20,0, ,0,4/21/1967,1710,41.92,-88,41.95,-87.87
10010015,COOK CO., ,1967,4,21,1740,F1,1,0,0,25000,0,CST,0,0,0.3,10,0, ,0,4/21/1967,1740,41.6,-87.6, , 
10010018,CHAMPAIGN CO., ,1967,4,21,2050,F1,1,0,0,2500,0,CST,0,0,0,33,0, ,0,4/21/1967,2050,40.1,-88.3, , 
10010020,KNOX CO., ,1967,5,7,1815,F1,1,0,0,250000,0,CST,0,0,1.3,150,0, ,0,5/7/1967,1815,40.93,-90.43,40.92,-90.38
10010876,EFFINGHAM CO., ,1967,5,15,1345,F1,1,0,0,2500,0,CST,0,0,0.5,20,0, ,0,5/15/1967,1345,39,-88.6, , 
10010877,MADISON CO., ,1967,5,16,1630,F1,1,0,0,2500,0,CST,0,0,0.5,20,0, ,0,5/16/1967,1630,38.9,-90.1, , 
10011102,WILL CO., ,1967,6,10,1730,F1,1,0,0,25000,0,CST,0,0,0.2,100,0, ,0,6/10/1967,1730,41.63,-88.05, , 
10011103,JO DAVIESS CO., ,1967,6,11,1220,F2,2,0,0,250000,0,CST,0,0,4.3,500,0, ,0,6/11/1967,1220,42.4,-90.1,42.43,-90.02
10011104,WINNEBAGO CO., ,1967,6,11,1320, , ,0,0,25000,0,CST,0,0,0,33,0, ,0,6/11/1967,1320,42.2,-89, , 
10011112,MADISON CO., ,1967,6,20,1615, , ,0,0,2500,0,CST,0,0,0.8,20,0, ,0,6/20/1967,1615,38.8,-90.1, , 
10011113,PULASKI CO., ,1967,6,21,1900,F2,2,0,0,25000,0,CST,0,0,0,33,0, ,0,6/21/1967,1900,37.1,-89.1, , 
10011126,STARK CO., ,1967,7,23,1700,F2,2,0,0,25000,0,CST,0,0,9.4,50,0, ,0,7/23/1967,1700,41.12,-89.68,41.05,-89.52
10011135,ST. CLAIR CO., ,1967,8,3,1445, , ,0,0,2500,0,CST,0,0,0.5,67,0, ,0,8/3/1967,1445,38.45,-89.72, , 
10011143,CRAWFORD CO., ,1967,10,24,1415, , ,0,0,2500,0,CST,0,0,0.3,30,0, ,0,10/24/1967,1415,39,-87.68, , 
10011145,JERSEY CO., ,1967,12,21,115,F1,1,0,0,25000,0,CST,0,0,1.5,127,0, ,0,12/21/1967,115,39.1,-90.3, , 
10011146,CLINTON CO., ,1967,12,21,1015,F2,2,0,0,2500000,0,CST,0,0,1,50,0, ,0,12/21/1967,1015,38.63,-89.53, , 
10011147,RANDOLPH CO., ,1967,12,21,1100,F3,3,0,2,250000,0,CST,0,0,15.7,400,0, ,0,12/21/1967,1100,37.88,-89.83,38.02,-89.6
10011148,PERRY CO., ,1967,12,21,1130,F3,3,0,0,250000,0,CST,0,0,7.9,400,0, ,0,12/21/1967,1130,38.02,-89.6,38.07,-89.47
10011154,MONROE CO., ,1968,4,3,1805,F2,2,0,0,250000,0,CST,0,0,19.8,50,0, ,0,4/3/1968,1805,38.4,-90.2,38.58,-89.92
10011157,CLINTON CO., ,1968,4,3,1840,F1,1,0,0,250000,0,CST,0,0,8.3,50,0, ,0,4/3/1968,1840,38.55,-89.63,38.63,-89.52
10011159,WILLIAMSON CO., ,1968,4,3,2030,F1,1,0,0,25000,0,CST,0,0,0.5,100,0, ,0,4/3/1968,2030,37.8,-89, , 
10007539,MASON CO., ,1968,5,15,1430,F3,3,0,25,2500000,0,CST,0,0,12.6,600,0, ,0,5/15/1968,1430,40.23,-89.83,40.28,-89.6
10007752,LOGAN CO., ,1968,5,15,1509,F3,3,0,0,2500000,0,CST,0,0,0,600,0, ,0,5/15/1968,1509,40.28,-89.6,40.28,-89.55
10007755,IROQUOIS CO., ,1968,5,15,1750,F3,3,0,0,2500000,0,CST,0,0,7.1,400,0, ,0,5/15/1968,1750,40.62,-87.7,40.65,-87.57
10007784,WARREN CO., ,1968,7,17,1830,F1,1,0,0,250,0,CST,0,0,3.8,127,0, ,0,7/17/1968,1830,40.93,-90.52,40.93,-90.43
10007807,VERMILION CO., ,1969,5,10,1015,F0,0,0,0,30,0,CST,0,0,0.1,10,0, ,0,5/10/1969,1015,40.1,-87.7, , 
10008890,SHELBY CO., ,1969,6,24,1325,F1,1,0,0,2500,0,CST,0,0,0,33,0, ,0,6/24/1969,1325,39.2,-89.1, , 
10008904,WILL CO., ,1969,6,30,20,F1,1,0,0,250000,0,CST,0,0,0,33,0, ,0,6/30/1969,20,41.5,-88.2, , 
10008919,VERMILION CO., ,1969,7,24,1055,F0,0,0,0,25000,0,CST,0,0,0.3,50,0, ,0,7/24/1969,1055,40.08,-87.63, , 
10008921,DU PAGE CO., ,1969,7,26,1550,F1,1,0,0,25000,0,CST,0,0,5.1,37,0, ,0,7/26/1969,1550,41.9,-88.1,41.93,-88
10008923,UNION CO., ,1969,8,9,1528,F0,0,0,0,2500,0,CST,0,0,0,33,0, ,0,8/9/1969,1528,37.42,-89.2, , 
10008926,KANKAKEE CO., ,1969,9,4,1720,F2,2,0,0,25000,0,CST,0,0,2.5,33,0, ,0,9/4/1969,1720,41.02,-87.75, , 
10008927,LIVINGSTON CO., ,1969,9,4,1830,F1,1,0,0,25000,0,CST,0,0,0,33,0, ,0,9/4/1969,1830,41.1,-88.43, , 
10008931,CALHOUN CO., ,1969,10,10,1900,F2,2,0,4,25000,0,CST,0,0,0.3,100,0, ,0,10/10/1969,1900,39.23,-90.73, , 
10008933,TAZEWELL CO., ,1969,10,10,2000,F2,2,0,0,250000,0,CST,0,0,1,200,0, ,0,10/10/1969,2000,40.63,-89.33, , 
10008945,JACKSON CO., ,1970,3,25,1810,F2,2,0,1,250000,0,CST,0,0,0,33,0, ,0,3/25/1970,1810,37.72,-89.18, , 
10008948,ALEXANDER CO., ,1970,4,19,1650,F1,1,0,0,2500,0,CST,0,0,0,33,0, ,0,4/19/1970,1650,37.2,-89.4, , 
10010028,MCLEAN CO., ,1970,4,30,1230, , ,0,0,250000,0,CST,0,0,0,33,0, ,0,4/30/1970,1230,40.3,-88.7, , 
10010029,COOK CO., ,1970,4,30,1425,F2,2,0,9,25000,0,CST,0,0,4.9,33,0, ,0,4/30/1970,1425,42,-87.9,42.05,-87.82
10010036,WOODFORD CO., ,1970,5,9,1920,F1,1,0,0,250000,0,CST,0,0,2.7,200,0, ,0,5/9/1970,1920,40.62,-89.23,40.62,-89.17
10010045,EDGAR CO., ,1970,5,24,1945,F1,1,0,0,2500,0,CST,0,0,0.5,33,0, ,0,5/24/1970,1945,39.72,-87.67, , 
10010048,JACKSON CO., ,1970,6,1,1700,F2,2,0,5,25000,0,CST,0,0,0,160,0, ,0,6/1/1970,1700,37.7,-89.2, , 
10010049,JERSEY CO., ,1970,6,1,1735,F1,1,0,0,25000,0,CST,0,0,0,20,0, ,0,6/1/1970,1735,38.93,-90.28,38.93,-90.28
10010057,MADISON CO., ,1970,6,14,1735,F1,1,0,0,2500,0,CST,0,0,1.5,50,0, ,0,6/14/1970,1735,38.7,-90.1, , 
10010060,MCLEAN CO., ,1970,6,16,1700,F2,2,0,0,25000,0,CST,0,0,4.3,40,0, ,0,6/16/1970,1700,40.62,-88.83,40.67,-88.77
10010061,MCLEAN CO., ,1970,6,16,1740, , ,0,0,250,0,CST,0,0,3,200,0, ,0,6/16/1970,1740,40.6,-88.6,40.63,-88.53
10010062,FORD CO., ,1970,6,16,1800,F1,1,0,0,25000,0,CST,0,0,2,33,0, ,0,6/16/1970,1800,40.5,-88.4, , 
10010063,CLARK CO., ,1970,6,16,2203, , ,0,0,2500,0,CST,0,0,2,100,0, ,0,6/16/1970,2203,39.4,-87.7, , 
10010086,ALEXANDER CO., ,1970,7,8,630,F1,1,0,1,25000,0,CST,0,0,0.5,20,0, ,0,7/8/1970,630,37.3,-89.4, , 
10010089,CHAMPAIGN CO., ,1970,7,19,1818, , ,0,0,30,0,CST,0,0,0.1,20,0, ,0,7/19/1970,1818,40.13,-88.3, , 
10011167,JO DAVIESS CO., ,1970,9,9,1840,F2,2,0,0,250,0,CST,0,0,7.7,70,0, ,0,9/9/1970,1840,42.4,-90.5,42.5,-90.42
10011172,ADAMS CO., ,1970,9,23,1447,F1,1,0,0,0,0,CST,0,0,15.4,33,0, ,0,9/23/1970,1447,39.95,-91.37,40.15,-91.23
10011175,MORGAN CO., ,1971,2,19,1330,F1,1,0,0,25000,0,CST,0,0,7.7,440,0, ,0,2/19/1971,1330,39.77,-90.42,39.87,-90.35
10011179,FULTON CO., ,1971,2,19,1415,F1,1,0,2,250000,0,CST,0,0,12,100,0, ,0,2/19/1971,1415,40.38,-90.32,40.55,-90.23
10011191,ALEXANDER CO., ,1971,3,15,15,F1,1,0,0,250,0,CST,0,0,0.5,100,0, ,0,3/15/1971,15,36.9,-89.2,36.9,-89.2
10011203,LAWRENCE CO., ,1971,5,6,907,F2,2,0,0,25000,0,CST,0,0,11.5,50,0, ,0,5/6/1971,907,38.63,-87.7,38.7,-87.5
10011204,WABASH CO., ,1971,5,6,910,F1,1,0,0,25000,0,CST,0,0,0.1,30,0, ,0,5/6/1971,910,38.45,-87.77, , 
10011207,MCLEAN CO., ,1971,5,24,1425,F1,1,0,0,30,0,CST,0,0,2,150,0, ,0,5/24/1971,1425,40.6,-88.92, , 
10011211,STEPHENSON CO., ,1971,6,1,1715,F1,1,0,0,250000,0,CST,0,0,0,33,0, ,0,6/1/1971,1715,42.47,-89.65, , 
10011220,WOODFORD CO., ,1971,6,15,1820,F0,0,0,0,250,0,CST,0,0,1.5,30,0, ,0,6/15/1971,1820,40.8,-89.18, , 
10011234,MCDONOUGH CO., ,1971,7,18,2020,F1,1,0,0,25000,0,CST,0,0,0,33,0, ,0,7/18/1971,2020,40.43,-90.7, , 
10010097,JACKSON CO., ,1971,8,21,1330,F1,1,0,0,25000,0,CST,0,0,0,33,0, ,0,8/21/1971,1330,37.77,-89.6, , 
10010103,DU PAGE CO., ,1971,8,24,1915,F2,2,0,2,250000,0,CST,0,0,1,83,0, ,0,8/24/1971,1915,41.77,-88.18, , 
10010106,MCLEAN CO., ,1971,11,1,2245,F1,1,0,0,25000,0,CST,0,0,1.5,20,0, ,0,11/1/1971,2245,40.57,-88.92, , 
10010107,LIVINGSTON CO., ,1971,11,1,2300,F1,1,0,0,25000,0,CST,0,0,5.1,30,0, ,0,11/1/1971,2300,40.72,-88.58,40.77,-88.5
10010108,CHAMPAIGN CO., ,1971,12,10,500,F1,1,0,0,250000,0,CST,0,0,0.1,30,0, ,0,12/10/1971,500,40.08,-88.25, , 
10010114,COLES CO., ,1971,12,15,505,F1,1,0,24,250000,0,CST,0,0,11.4,350,0, ,0,12/15/1971,505,39.52,-88.22,39.65,-88.08
10010116,DOUGLAS CO., ,1971,12,15,529,F1,1,0,0,250000,0,CST,0,0,0,350,0, ,0,12/15/1971,529,39.65,-88.08,39.67,-88.07
10010127,LEE CO., ,1972,4,6,1905,F2,2,0,6,250000,0,CST,0,0,16.6,50,0, ,0,4/6/1972,1905,41.9,-89.52,41.72,-89.3
10010130,KENDALL CO., ,1972,4,6,2030,F1,1,0,0,25000,0,CST,0,0,10.7,50,0, ,0,4/6/1972,2030,41.62,-88.33,41.57,-88.13
10010132,WILL CO., ,1972,4,6,2030,F2,2,0,0,250000,0,CST,0,0,5.1,50,0, ,0,4/6/1972,2030,41.52,-88.18,41.55,-88.08
10010131,WILL CO., ,1972,4,6,2030,F1,1,0,0,250000,0,CST,0,0,3.6,50,0, ,0,4/6/1972,2030,41.55,-88.13,41.58,-88.07
10010135,IROQUOIS CO., ,1972,4,6,2100,F0,0,0,0,250,0,CST,0,0,0,33,0, ,0,4/6/1972,2100,40.92,-87.65, , 
10010145,WAYNE CO., ,1972,4,13,326,F1,1,0,0,25000,0,CST,0,0,0,33,0, ,0,4/13/1972,326,38.35,-88.57, , 
10010146,EDWARDS CO., ,1972,4,13,330,F1,1,0,0,250000,0,CST,0,0,4.9,100,0, ,0,4/13/1972,330,38.27,-88,38.3,-87.92
10010148,UNION CO., ,1972,4,14,310,F2,2,0,4,25000,0,CST,0,0,3.3,30,0, ,0,4/14/1972,310,37.57,-89.32,37.53,-89.27
10010149,UNION CO., ,1972,4,14,322,F2,2,0,0,25000,0,CST,0,0,11.8,30,0, ,0,4/14/1972,322,37.53,-89.27,37.52,-89.05
10010150,JOHNSON CO., ,1972,4,14,352,F2,2,0,5,25000,0,CST,0,0,4.9,30,0, ,0,4/14/1972,352,37.52,-89.05,37.55,-88.97
10010151,JOHNSON CO., ,1972,4,14,406,F2,2,0,0,25000,0,CST,0,0,10.9,30,0, ,0,4/14/1972,406,37.55,-88.97,37.57,-88.77
10010157,ALEXANDER CO., ,1972,4,21,1700,F2,2,0,1,25000,0,CST,0,0,1.3,33,0, ,0,4/21/1972,1700,37.22,-89.28,37.23,-89.25
10010158,PULASKI CO., ,1972,4,21,1703,F2,2,0,2,25000,0,CST,0,0,5.6,33,0, ,0,4/21/1972,1703,37.23,-89.25,37.28,-89.17
10010160,POPE CO., ,1972,4,21,1800,F1,1,0,2,250000,0,CST,0,0,0,33,0, ,0,4/21/1972,1800,37.25,-88.55, , 
10010161,GALLATIN CO., ,1972,4,21,1845,F1,1,0,0,25000,0,CST,0,0,0,33,0, ,0,4/21/1972,1845,37.67,-88.3, , 
10010162,CRAWFORD CO., ,1972,4,21,1920,F1,1,0,0,25000,0,CST,0,0,1,20,0, ,0,4/21/1972,1920,39,-87.73, , 
10010163,DE KALB CO., ,1972,5,14,1140,F0,0,0,0,0,0,CST,0,0,0.1,10,0, ,0,5/14/1972,1140,41.8,-88.75, , 
10010164,LEE CO., ,1972,5,14,1145,F0,0,0,0,0,0,CST,0,0,0.1,7,0, ,0,5/14/1972,1145,41.75,-89.1, , 
10006761,MERCER CO., ,1972,6,3,1440,F0,0,0,0,0,0,CST,0,0,0.1,7,0, ,0,6/3/1972,1440,41.17,-90.75, , 
10006763,COLES CO., ,1972,6,9,1630,F1,1,0,0,25000,0,CST,0,0,0.1,30,0, ,0,6/9/1972,1630,39.48,-88.17, , 
10006767,COOK CO., ,1972,6,19,1500,F1,1,0,2,25000,0,CST,0,0,0.1,7,0, ,0,6/19/1972,1500,42.08,-87.9, , 
10006771,LOGAN CO., ,1972,6,19,1900,F1,1,0,1,25000,0,CST,0,0,0.1,7,0, ,0,6/19/1972,1900,39.97,-89.48, , 
10006773,MASON CO., ,1972,7,12,2140,F1,1,0,0,2500,0,CST,0,0,0.5,130,0, ,0,7/12/1972,2140,40.45,-89.8, , 
10006775,LA SALLE CO., ,1972,7,14,2300,F0,0,0,1,2500,0,CST,0,0,0,33,0, ,0,7/14/1972,2300,41.37,-88.82, , 
10006779,MARSHALL CO., ,1972,7,17,1645,F3,3,0,0,2500000,0,CST,0,0,15.2,200,0, ,0,7/17/1972,1645,41.07,-89.63,41.13,-89.35
10006781,PUTNAM CO., ,1972,7,17,1700,F3,3,0,0,0,0,CST,0,0,66.3,33,0, ,0,7/17/1972,1700,41.13,-89.35,41.5,-88.17
10006782,STARK CO., ,1972,7,17,1806,F1,1,0,0,2500000,0,CST,0,0,29.6,33,0, ,0,7/17/1972,1806,41.1,-89.9,41.37,-89.45
10006783,WARREN CO., ,1972,7,17,1830,F1,1,0,0,25000,0,CST,0,0,27.2,33,0, ,0,7/17/1972,1830,40.67,-90.5,40.78,-90
10006784,DU PAGE CO., ,1972,7,17,1910,F2,2,0,0,2500000,0,CST,0,0,0,33,0, ,0,7/17/1972,1910,41.87,-88.13, , 
10006793,LA SALLE CO., ,1972,8,23,1200,F1,1,0,0,2500,0,CST,0,0,0,33,0, ,0,8/23/1972,1200,41.3,-88.8, , 
10006794,COOK CO., ,1972,8,25,2130,F2,2,0,1,2500000,0,CST,0,0,1.8,200,0, ,0,8/25/1972,2130,42.03,-87.85, , 
10006809,LAKE CO., ,1972,9,28,1755,F4,4,0,20,2500000,0,CST,0,0,5.2,220,0, ,0,9/28/1972,1755,42.28,-87.87,42.37,-87.83
10006814,ALEXANDER CO., ,1973,1,18,1415,F1,1,0,0,30,0,CST,0,0,95.9,33,0, ,0,1/18/1973,1415,37.13,-89.42,37.97,-88.02
10006819,MCLEAN CO., ,1973,3,31,1519,F1,1,0,0,2500,0,CST,0,0,0,33,0, ,0,3/31/1973,1519,40.53,-88.85, , 
10006821,MCLEAN CO., ,1973,3,31,1655,F0,0,0,0,30,0,CST,0,0,0,33,0, ,0,3/31/1973,1655,40.7,-88.7, , 
10006822,PEORIA CO., ,1973,3,31,1750,F1,1,0,0,2500,0,CST,0,0,0,33,0, ,0,3/31/1973,1750,40.88,-89.58, , 
10006823,IROQUOIS CO., ,1973,3,31,1800,F2,2,0,0,25000,0,CST,0,0,0,33,0, ,0,3/31/1973,1800,40.78,-87.97, , 
10006824,GRUNDY CO., ,1973,4,19,1745,F2,2,0,0,250000,0,CST,0,0,0,33,0, ,0,4/19/1973,1745,41.3,-88.3, , 
10006829,MERCER CO., ,1973,4,21,1743,F2,2,0,0,2500000,0,CST,0,0,10.2,33,0, ,0,4/21/1973,1743,41.27,-90.83,41.33,-90.65
10006830,ROCK ISLAND CO., ,1973,4,21,1758,F2,2,0,2,2500000,0,CST,0,0,13.6,33,0, ,0,4/21/1973,1758,41.33,-90.65,41.43,-90.42
10007678,HENRY CO., ,1973,4,21,1820,F2,2,0,0,2500000,0,CST,0,0,6.4,33,0, ,0,4/21/1973,1820,41.43,-90.42,41.48,-90.3
10007679,COOK CO., ,1973,4,21,2100,F2,2,0,0,25000,0,CST,0,0,0.2,33,0, ,0,4/21/1973,2100,41.85,-88.1, , 
10007895,COOK CO., ,1973,4,21,2115,F1,1,0,0,25000,0,CST,0,0,0.2,33,0, ,0,4/21/1973,2115,41.87,-88.12, , 
10007896,BUREAU CO., ,1973,4,21,2215,F1,1,0,0,250000,0,CST,0,0,11.6,33,0, ,0,4/21/1973,2215,41.37,-89.68,41.52,-89.57
10007897,BUREAU CO., ,1973,4,21,2220,F1,1,0,0,250000,0,CST,0,0,8.6,60,0, ,0,4/21/1973,2220,41.45,-89.67,41.38,-89.52
10007914,PERRY CO., ,1973,5,7,1740,F2,2,0,0,0,0,CST,0,0,0,33,0, ,0,5/7/1973,1740,38,-89.23, , 
10007915,MONROE CO., ,1973,5,7,1815,F1,1,0,0,25000,0,CST,0,0,2.3,300,0, ,0,5/7/1973,1815,38.28,-90.02,38.32,-90
10007916,JEFFERSON CO., ,1973,5,7,1830,F1,1,0,3,0,0,CST,0,0,0,33,0, ,0,5/7/1973,1830,38.3,-88.77, , 
10007917,MARION CO., ,1973,5,7,1840,F1,1,0,1,0,0,CST,0,0,0,33,0, ,0,5/7/1973,1840,38.72,-89.1, , 
10007918,WAYNE CO., ,1973,5,7,1920,F1,1,0,0,25000,0,CST,0,0,0,33,0, ,0,5/7/1973,1920,38.43,-88.37, , 
10007919,HANCOCK CO., ,1973,5,8,2000,F1,1,0,0,0,0,CST,0,0,0,33,0, ,0,5/8/1973,2000,40.37,-91.4, , 
10007929,MCDONOUGH CO., ,1973,6,2,1350,F1,1,0,0,0,0,CST,0,0,0,33,0, ,0,6/2/1973,1350,40.4,-90.68, , 
10007931,MCLEAN CO., ,1973,6,2,1550,F1,1,0,0,0,0,CDT,0,0,0,33,0, ,0,6/2/1973,1550,40.42,-88.53, , 
10007932,HANCOCK CO., ,1973,6,2,1600,F1,1,0,0,0,0,CDT,0,0,0,33,0, ,0,6/2/1973,1600,40.5,-91.4, , 
10007933,UNION CO., ,1973,6,2,1740,F0,0,0,0,0,0,CDT,0,0,0,33,0, ,0,6/2/1973,1740,37.35,-89.18, , 
10007934,JACKSON CO., ,1973,6,2,1804,F0,0,0,0,0,0,CDT,0,0,0,33,0, ,0,6/2/1973,1804,37.68,-89.23, , 
10007935,WILLIAMSON CO., ,1973,6,2,1820,F2,2,0,0,250000,0,CDT,0,0,0,33,0, ,0,6/2/1973,1820,37.77,-88.93, , 
10007936,MCDONOUGH CO., ,1973,6,2,1945,F1,1,0,0,25000,0,CDT,0,0,3,33,0, ,0,6/2/1973,1945,40.55,-90.73,40.5,-90.7
10007939,MORGAN CO., ,1973,6,4,1330,F2,2,0,0,0,0,CDT,0,0,0,33,0, ,0,6/4/1973,1330,39.53,-89.77, , 
10007945,FORD CO., ,1973,6,4,1735,F1,1,0,0,0,0,CDT,0,0,0.2,33,0, ,0,6/4/1973,1735,40.45,-88.08, , 
10007947,ST. CLAIR CO., ,1973,6,4,1910,F2,2,0,0,0,0,CDT,0,0,0,33,0, ,0,6/4/1973,1910,38.45,-89.8, , 
10007948,MCLEAN CO., ,1973,6,12,2000,F1,1,0,0,25000,0,CDT,0,0,5.2,33,0, ,0,6/12/1973,2000,40.35,-88.75,40.42,-88.68
10007949,MCHENRY CO., ,1973,6,15,1700,F0,0,0,0,0,0,CDT,0,0,0,33,0, ,0,6/15/1973,1700,42.25,-88.58, , 
10007954,MCHENRY CO., ,1973,6,16,1425,F0,0,0,0,0,0,CDT,0,0,0,33,0, ,0,6/16/1973,1425,42.42,-88.58, , 
10007956,COOK CO., ,1973,6,16,1515,F0,0,0,0,0,0,CDT,0,0,0,33,0, ,0,6/16/1973,1515,42.08,-87.88, , 
10007961,KANKAKEE CO., ,1973,6,16,1730,F0,0,0,0,0,0,CDT,0,0,0,33,0, ,0,6/16/1973,1730,41.13,-87.87, , 
10008815,ADAMS CO., ,1973,6,16,1930,F1,1,0,0,0,0,CDT,0,0,0,33,0, ,0,6/16/1973,1930,40.13,-91.38, , 
10008816,HANCOCK CO., ,1973,6,16,1940,F1,1,0,0,0,0,CDT,0,0,0,33,0, ,0,6/16/1973,1940,40.6,-91.2, , 
10007260,LOGAN CO., ,1973,6,16,2135,F0,0,0,0,0,0,CDT,0,0,0,33,0, ,0,6/16/1973,2135,40.07,-89.35, , 
10007261,MENARD CO., ,1973,6,16,2135,F0,0,0,0,0,0,CDT,0,0,0,33,0, ,0,6/16/1973,2135,39.97,-89.72, , 
10007262,SANGAMON CO., ,1973,6,16,2158,F0,0,0,0,0,0,CDT,0,0,0,33,0, ,0,6/16/1973,2158,39.83,-89.63, , 
10007264,MADISON CO., ,1973,6,17,100,F0,0,0,0,0,0,CDT,0,0,0,33,0, ,0,6/17/1973,100,38.72,-90.13, , 
10007265,PERRY CO., ,1973,6,17,240,F0,0,0,0,0,0,CDT,0,0,0,33,0, ,0,6/17/1973,240,38.17,-89.25, , 
10007266,FULTON CO., ,1973,6,18,1200,F0,0,0,0,0,0,CST,0,0,0,33,0, ,0,6/18/1973,1200,40.52,-90.13, , 
10007267,HENRY CO., ,1973,6,18,1315,F0,0,0,0,0,0,CDT,0,0,0,33,0, ,0,6/18/1973,1315,41.2,-90, , 
10007268,WOODFORD CO., ,1973,6,18,1410,F0,0,0,0,0,0,CST,0,0,0,33,0, ,0,6/18/1973,1410,40.78,-89.27, , 
10007279,WASHINGTON CO., ,1973,6,18,2100,F1,1,0,0,0,0,CDT,0,0,0,33,0, ,0,6/18/1973,2100,38.4,-89.6, , 
10007283,EFFINGHAM CO., ,1973,7,1,1830,F1,1,0,0,2500,0,CST,0,0,0,33,0, ,0,7/1/1973,1830,38.95,-88.63, , 
10007290,LOGAN CO., ,1973,7,23,2000,F0,0,0,0,25000,0,CST,0,0,0,33,0, ,0,7/23/1973,2000,40.15,-89.33, , 
10007291,LOGAN CO., ,1973,7,23,2000,F0,0,0,0,25000,0,CST,0,0,0,33,0, ,0,7/23/1973,2000,40.17,-89.37, , 
10007293,WILL CO., ,1973,7,27,1300,F1,1,0,0,25000,0,CST,0,0,0,33,0, ,0,7/27/1973,1300,41.67,-88.08, , 
10007294,CASS CO., ,1973,7,27,1900,F2,2,0,0,25000,0,CST,0,0,0,33,0, ,0,7/27/1973,1900,40.02,-90.43, , 
10007295,MADISON CO., ,1973,7,29,2230,F2,2,0,0,25000,0,CST,0,0,0,33,0, ,0,7/29/1973,2230,38.73,-90.08, , 
10007296,MCDONOUGH CO., ,1973,8,8,1800,F1,1,0,0,0,0,CST,0,0,0,33,0, ,0,8/8/1973,1800,40.42,-90.5, , 
10007298,CASS CO., ,1973,8,8,1830,F1,1,0,0,0,0,CST,0,0,0,33,0, ,0,8/8/1973,1830,40.02,-90.43, , 
10007301,VERMILION CO., ,1973,8,12,1015,F2,2,0,0,0,0,CST,0,0,0,33,0, ,0,8/12/1973,1015,39.9,-87.67, , 
10007306,VERMILION CO., ,1973,8,14,1230,F2,2,0,0,25000,0,CST,0,0,0,33,0, ,0,8/14/1973,1230,40.47,-87.68, , 
10007307,VERMILION CO., ,1973,8,14,1245,F0,0,0,0,25000,0,CST,0,0,0,33,0, ,0,8/14/1973,1245,40.12,-87.77, , 
10007309,TAZEWELL CO., ,1973,9,4,1220,F0,0,0,0,0,0,CST,0,0,14.6,33,0, ,0,9/4/1973,1220,40.5,-89.7,40.6,-89.45
10007310,WOODFORD CO., ,1973,9,4,1308,F0,0,0,0,0,0,CST,0,0,0,33,0, ,0,9/4/1973,1308,40.62,-89.02, , 
10007320,HANCOCK CO., ,1973,9,30,1700,F3,3,0,0,0,0,CST,0,0,0,33,0, ,0,9/30/1973,1700,40.23,-90.93, , 
10007322,FULTON CO., ,1973,10,1,1523,F1,1,0,0,0,0,CST,0,0,0,33,0, ,0,10/1/1973,1523,40.52,-89.9, , 
10008396,MORGAN CO., ,1973,12,4,830,F2,2,0,1,0,0,CST,0,0,0,33,0, ,0,12/4/1973,830,39.58,-90.25, , 
10008398,SCHUYLER CO., ,1973,12,4,920,F1,1,0,0,0,0,CST,0,0,0,33,0, ,0,12/4/1973,920,40.12,-90.47, , 
10008399,MASON CO., ,1973,12,4,950,F0,0,0,2,0,0,CST,0,0,0,33,0, ,0,12/4/1973,950,40.37,-89.82, , 
10008402,HENRY CO., ,1973,12,4,1100,F0,0,0,0,0,0,CST,0,0,0,33,0, ,0,12/4/1973,1100,41.17,-89.87, , 
10008403,IROQUOIS CO., ,1973,12,4,1200,F1,1,0,0,0,0,CST,0,0,0,33,0, ,0,12/4/1973,1200,40.88,-87.95, , 
10008427,SALINE CO., ,1974,3,9,1745,F0,0,0,0,0,0,CST,0,0,0,33,0, ,0,3/9/1974,1745,37.87,-88.58, , 
10008439,COLES CO., ,1974,3,29,1530,F2,2,0,1,250000,0,CST,0,0,0,33,0, ,0,3/29/1974,1530,39.48,-88.4, , 
10008443,MARION CO., ,1974,3,29,1540,F1,1,0,0,30,0,CST,0,0,0,33,0, ,0,3/29/1974,1540,38.63,-88.85, , 
10008449,LAWRENCE CO., ,1974,4,1,1617,F3,3,0,0,25000,0,CST,0,0,3.3,200,0, ,0,4/1/1974,1617,38.72,-87.73,38.75,-87.68
10008453,GRUNDY CO., ,1974,4,3,1210,F0,0,0,0,0,0,CST,0,0,0,10,0, ,0,4/3/1974,1210,41.37,-88.42, , 
10008460,MCLEAN CO., ,1974,4,3,1307,F0,0,0,0,0,0,CST,0,0,0,33,0, ,0,4/3/1974,1307,40.58,-89.03, , 
10008461,LOGAN CO., ,1974,4,3,1308,F1,1,0,0,2500000,0,CST,0,0,16.7,177,0, ,0,4/3/1974,1308,40.12,-89.33,40.33,-89.18
10008463,MCLEAN CO., ,1974,4,3,1330,F3,3,0,0,250000,0,CST,0,0,7.4,350,0, ,0,4/3/1974,1330,40.52,-88.62,40.57,-88.48
10009035,CHRISTIAN CO., ,1974,4,3,1345,F1,1,0,0,250000,0,CST,0,0,8.5,70,0, ,0,4/3/1974,1345,39.47,-89.2,39.57,-89.1
10009036,MACON CO., ,1974,4,3,1345,F3,3,0,0,2500000,0,CST,0,0,2.7,350,0, ,0,4/3/1974,1345,39.93,-88.93,39.95,-88.88
10009039,PIATT CO., ,1974,4,3,1410,F1,1,0,0,2500,0,CST,0,0,10.9,20,0, ,0,4/3/1974,1410,40.22,-88.6,40.32,-88.43
10009044,PIATT CO., ,1974,4,3,1425,F0,0,0,0,2500,0,CST,0,0,3.3,20,0, ,0,4/3/1974,1425,39.8,-88.57,39.85,-88.53
10009054,CHAMPAIGN CO., ,1974,4,3,1455,F3,3,0,0,250000,0,CST,0,0,14.9,350,0, ,0,4/3/1974,1455,39.95,-88.07,40.12,-87.88
10009056,VERMILION CO., ,1974,4,3,1525,F2,2,0,12,2500000,0,CST,0,0,7.8,177,0, ,0,4/3/1974,1525,40.25,-87.63,40.35,-87.55
10009057,COLES CO., ,1974,4,3,1530,F1,1,0,0,25000,0,CST,0,0,14.8,90,0, ,0,4/3/1974,1530,39.45,-88.37,39.52,-88.1
10009061,CHAMPAIGN CO., ,1974,4,12,2005,F2,2,0,0,250000,0,CST,0,0,12.5,20,0, ,0,4/12/1974,2005,40.1,-88.1,40.27,-88
10009063,HANCOCK CO., ,1974,4,13,1840,F3,3,0,0,2500000,0,CST,0,0,11,700,0, ,0,4/13/1974,1840,40.27,-91.48,40.38,-91.33
10009064,HANCOCK CO., ,1974,4,13,1900,F2,2,0,10,2500000,0,CST,0,0,4.3,500,0, ,0,4/13/1974,1900,40.23,-90.95,40.3,-90.92
10009066,MERCER CO., ,1974,4,13,1900,F2,2,0,0,25000,0,CST,0,0,0.1,20,0, ,0,4/13/1974,1900,41.2,-90.45, , 
10009065,MCDONOUGH CO., ,1974,4,13,1900,F2,2,0,0,250000,0,CST,0,0,15.2,500,0, ,0,4/13/1974,1900,40.3,-90.92,40.43,-90.68
10009068,MERCER CO., ,1974,4,13,1904,F2,2,0,1,2500,0,CST,0,0,0.1,17,0, ,0,4/13/1974,1904,41.23,-90.42, , 
10009071,HENRY CO., ,1974,4,21,1340,F2,2,0,0,2500,0,CST,0,0,2,50,0, ,0,4/21/1974,1340,41.37,-90.05, , 
10009072,OGLE CO., ,1974,4,21,1515,F1,1,0,2,250000,0,CST,0,0,0,33,0, ,0,4/21/1974,1515,42.05,-89.27, , 
10009074,OGLE CO., ,1974,4,21,1555,F1,1,0,0,250000,0,CST,0,0,0,33,0, ,0,4/21/1974,1555,41.98,-89.58, , 
10009083,ROCK ISLAND CO., ,1974,5,16,1930,F2,2,0,0,2500000,0,CST,0,0,9.2,100,0, ,0,5/16/1974,1930,41.33,-90.55,41.35,-90.37
10009093,ADAMS CO., ,1974,5,30,1130,F2,2,0,12,2500000,0,CST,0,0,15.8,200,0, ,0,5/30/1974,1130,40.07,-91.37,40.03,-91.07
10010174,JASPER CO., ,1974,5,30,1727,F1,1,0,0,2500,0,CST,0,0,0,33,0, ,0,5/30/1974,1727,38.9,-88.17, , 
10010175,CRAWFORD CO., ,1974,5,30,1727,F2,2,0,0,2500,0,CST,0,0,0,33,0, ,0,5/30/1974,1727,39.08,-87.62, , 
10010176,CRAWFORD CO., ,1974,5,30,1745,F0,0,0,0,2500,0,CST,0,0,0,33,0, ,0,5/30/1974,1745,38.75,-87.85, , 
10010179,WABASH CO., ,1974,5,30,1805,F0,0,0,0,0,0,CST,0,0,0,33,0, ,0,5/30/1974,1805,38.52,-87.77, , 
10010185,DOUGLAS CO., ,1974,6,6,1725,F2,2,0,0,2500,0,CST,0,0,3.3,33,0, ,0,6/6/1974,1725,39.83,-88.28,39.87,-88.23
10010189,CLAY CO., ,1974,6,8,1550,F0,0,0,0,0,0,CST,0,0,0,33,0, ,0,6/8/1974,1550,38.67,-88.48, , 
10010190,WHITE CO., ,1974,6,8,1555,F0,0,0,0,0,0,CST,0,0,0,33,0, ,0,6/8/1974,1555,38.05,-88.2, , 
10010191,PEORIA CO., ,1974,6,8,1715,F0,0,0,0,0,0,CST,0,0,0,33,0, ,0,6/8/1974,1715,40.72,-89.58, , 
10010192,MACON CO., ,1974,6,8,1855,F0,0,0,0,0,0,CST,0,0,0,33,0, ,0,6/8/1974,1855,39.98,-88.88, , 
10010214,KANE CO., ,1974,6,9,1840,F0,0,0,0,0,0,CST,0,0,0,33,0, ,0,6/9/1974,1840,42.08,-88.3, , 
10010215,KANKAKEE CO., ,1974,6,9,1944,F1,1,0,0,0,0,CST,0,0,0,33,0, ,0,6/9/1974,1944,41.13,-87.87, , 
10010222,MERCER CO., ,1974,6,14,1508,F3,3,0,1,0,0,CST,0,0,26.9,440,0, ,0,6/14/1974,1508,41.3,-90.58,40.93,-90.4
10010221,ROCK ISLAND CO., ,1974,6,14,1508,F3,3,0,0,0,0,CST,0,0,6.8,33,0, ,0,6/14/1974,1508,41.38,-90.67,41.3,-90.58
10010223,KNOX CO., ,1974,6,14,1508,F3,3,0,1,0,0,CST,0,0,14.9,33,0, ,0,6/14/1974,1508,40.93,-90.4,40.72,-90.4
10006857,SCOTT CO., ,1974,6,14,2040,F0,0,0,0,0,0,CST,0,0,0,33,0, ,0,6/14/1974,2040,40.2,-89.77, , 
10006858,WOODFORD CO., ,1974,6,19,200,F2,2,0,0,250,0,CST,0,0,1,20,0, ,0,6/19/1974,200,40.9,-89.03, , 
10006861,MASON CO., ,1974,6,19,1830,F0,0,0,0,0,0,CST,0,0,0,33,0, ,0,6/19/1974,1830,40.33,-89.65, , 
10006863,TAZEWELL CO., ,1974,6,19,1830,F0,0,0,0,0,0,CST,0,0,0,33,0, ,0,6/19/1974,1830,40.62,-89.45, , 
10006862,MASON CO., ,1974,6,19,1830,F0,0,0,0,0,0,CST,0,0,0,33,0, ,0,6/19/1974,1830,40.2,-89.7, , 
10006872,CHAMPAIGN CO., ,1974,6,19,1950,F0,0,0,0,0,0,CST,0,0,0,33,0, ,0,6/19/1974,1950,40.32,-88.35, , 
10006873,PIATT CO., ,1974,6,19,2015,F0,0,0,0,0,0,CST,0,0,0,33,0, ,0,6/19/1974,2015,40.02,-88.73, , 
10006878,JO DAVIESS CO., ,1974,6,20,1645,F0,0,0,0,0,0,CST,0,0,0,33,0, ,0,6/20/1974,1645,42.5,-89.98, , 
10006883,WHITESIDE CO., ,1974,6,20,1700,F0,0,0,0,0,0,CST,0,0,0,33,0, ,0,6/20/1974,1700,41.83,-90.17, , 
10006886,HENRY CO., ,1974,6,20,1712,F0,0,0,0,0,0,CST,0,0,0,33,0, ,0,6/20/1974,1712,41.52,-90.5, , 
10006894,HENRY CO., ,1974,6,20,1730, , ,0,0,2500,0,CST,0,0,0,33,0, ,0,6/20/1974,1730,41.3,-90.37, , 
10006895,HENRY CO., ,1974,6,20,1730,F0,0,0,0,250000,0,CST,0,0,1.5,33,0, ,0,6/20/1974,1730,41.23,-89.93, , 
10006901,LEE CO., ,1974,6,20,1745, , ,0,0,0,0,CST,0,0,0,33,0, ,0,6/20/1974,1745,41.78,-89.42, , 
10006900,KNOX CO., ,1974,6,20,1745, , ,0,0,2500,0,CST,0,0,0,33,0, ,0,6/20/1974,1745,41.08,-90.3, , 
10006902,OGLE CO., ,1974,6,20,1745,F0,0,0,0,0,0,CST,0,0,0,33,0, ,0,6/20/1974,1745,42.12,-89.17, , 
10007967,BUREAU CO., ,1974,6,20,1750, , ,0,0,2500,0,CST,0,0,0,33,0, ,0,6/20/1974,1750,41.52,-89.4, , 
10007976,KANE CO., ,1974,6,20,1810,F0,0,0,0,0,0,CST,0,0,0,33,0, ,0,6/20/1974,1810,42.03,-88.58, , 
10007986,LAKE CO., ,1974,6,20,1825,F0,0,0,0,0,0,CST,0,0,0,33,0, ,0,6/20/1974,1825,42.42,-88.05, , 
10007996,DU PAGE CO., ,1974,6,20,1840, , ,0,0,0,0,CST,0,0,0,33,0, ,0,6/20/1974,1840,41.82,-88, , 
10007997,COOK CO., ,1974,6,20,1840, , ,0,0,0,0,CST,0,0,0,33,0, ,0,6/20/1974,1840,42.07,-87.93, , 
10008002,WILL CO., ,1974,6,20,1850,F0,0,0,0,0,0,CST,0,0,0,33,0, ,0,6/20/1974,1850,41.57,-87.82, , 
10008004,MCLEAN CO., ,1974,6,20,1853,F0,0,0,0,0,0,CST,0,0,0,33,0, ,0,6/20/1974,1853,40.55,-88.5, , 
10008009,KNOX CO., ,1974,6,20,1915,F1,1,0,0,0,0,CST,0,0,0,33,0, ,0,6/20/1974,1915,41.03,-90.1, , 
10008010,IROQUOIS CO., ,1974,6,20,1920,F0,0,0,0,0,0,CST,0,0,0,33,0, ,0,6/20/1974,1920,40.88,-87.83, , 
10008012,IROQUOIS CO., ,1974,6,20,1930,F0,0,0,0,0,0,CST,0,0,0,33,0, ,0,6/20/1974,1930,40.48,-88.07, , 
10008014,KNOX CO., ,1974,6,20,2000,F0,0,0,0,0,0,CST,0,0,0,33,0, ,0,6/20/1974,2000,40.95,-90.3, , 
10008018,KNOX CO., ,1974,6,20,2020, , ,0,0,0,0,CST,0,0,0,33,0, ,0,6/20/1974,2020,40.73,-90.4, , 
10008020,MCDONOUGH CO., ,1974,6,20,2030,F0,0,0,0,0,0,CST,0,0,0,33,0, ,0,6/20/1974,2030,40.38,-90.83, , 
10008023,FULTON CO., ,1974,6,20,2040,F0,0,0,0,0,0,CST,0,0,0,33,0, ,0,6/20/1974,2040,40.53,-90.18, , 
10008034,MCDONOUGH CO., ,1974,6,21,1905,F1,1,0,0,0,0,CST,0,0,0,33,0, ,0,6/21/1974,1905,40.43,-90.67, , 
10009107,SCHUYLER CO., ,1974,6,21,2017,F1,1,0,0,0,0,CST,0,0,0,33,0, ,0,6/21/1974,2017,40.25,-90.67, , 
10009112,WOODFORD CO., ,1974,6,22,708,F2,2,0,0,25000,0,CST,0,0,0.8,100,0, ,0,6/22/1974,708,40.65,-89.18, , 
10009124,SHELBY CO., ,1974,6,22,1404,F0,0,0,0,0,0,CST,0,0,0,33,0, ,0,6/22/1974,1404,39.35,-88.8, , 
10009125,COLES CO., ,1974,6,22,1530, , ,0,0,0,0,CST,0,0,0,33,0, ,0,6/22/1974,1530,39.53,-88.02, , 
10009126,JOHNSON CO., ,1974,6,22,1600,F2,2,0,0,0,0,CST,0,0,0,33,0, ,0,6/22/1974,1600,37.55,-89, , 
10009127,LA SALLE CO., ,1974,7,1,2144,F0,0,0,0,0,0,CST,0,0,0,33,0, ,0,7/1/1974,2144,41.3,-88.72, , 
10009140,COOK CO., ,1974,7,14,1215,F0,0,0,0,0,0,CST,0,0,0,33,0, ,0,7/14/1974,1215,41.95,-88.08, , 
10009155,MORGAN CO., ,1974,8,2,1300,F1,1,0,0,25000,0,CST,0,0,2.3,33,0, ,0,8/2/1974,1300,39.73,-90.25,39.75,-90.2
10009160,MADISON CO., ,1974,8,10,1325,F0,0,0,0,0,0,CST,0,0,0,33,0, ,0,8/10/1974,1325,38.9,-89.78, , 
10009161,MACON CO., ,1974,8,10,1340,F0,0,0,0,250,0,CST,0,0,0,33,0, ,0,8/10/1974,1340,39.85,-89.17, , 
10009162,MONTGOMERY CO., ,1974,8,10,1350,F2,2,0,0,2500,0,CST,0,0,2.7,20,0, ,0,8/10/1974,1350,39.15,-89.65, , 
10009163,EFFINGHAM CO., ,1974,8,10,1420,F0,0,0,0,30,0,CST,0,0,0,33,0, ,0,8/10/1974,1420,39.08,-88.5, , 
10009164,OGLE CO., ,1974,8,10,1429,F0,0,0,0,0,0,CST,0,0,0,33,0, ,0,8/10/1974,1429,42.13,-89.6, , 
10009165,MACON CO., ,1974,8,10,1430,F0,0,0,0,0,0,CST,0,0,0,33,0, ,0,8/10/1974,1430,39.87,-88.98, , 
10009166,MACON CO., ,1974,8,10,1430,F0,0,0,0,0,0,CST,0,0,0,33,0, ,0,8/10/1974,1430,39.87,-88.98, , 
10009167,MACON CO., ,1974,8,10,1445,F0,0,0,0,0,0,CST,0,0,0,33,0, ,0,8/10/1974,1445,39.88,-89.02, , 
10009168,MACON CO., ,1974,8,10,1445,F0,0,0,0,0,0,CST,0,0,0,33,0, ,0,8/10/1974,1445,39.88,-88.97, , 
10009169,MACON CO., ,1974,8,10,1500,F0,0,0,0,0,0,CST,0,0,0,33,0, ,0,8/10/1974,1500,39.85,-89.03, , 
10009170,MACON CO., ,1974,8,10,1500,F0,0,0,0,0,0,CST,0,0,0,33,0, ,0,8/10/1974,1500,39.93,-88.9, , 
10009171,MACON CO., ,1974,8,10,1520,F0,0,0,0,0,0,CST,0,0,0,33,0, ,0,8/10/1974,1520,39.87,-88.8, , 
10009172,MOULTRIE CO., ,1974,8,10,1520,F0,0,0,0,0,0,CST,0,0,0,33,0, ,0,8/10/1974,1520,39.72,-88.8, , 
10009173,COLES CO., ,1974,8,10,1530,F0,0,0,0,0,0,CST,0,0,0,33,0, ,0,8/10/1974,1530,39.4,-88.27, , 
10009174,COLES CO., ,1974,8,10,1535,F0,0,0,0,0,0,CST,0,0,0,33,0, ,0,8/10/1974,1535,39.4,-88.37, , 
10009175,JASPER CO., ,1974,8,10,1535,F3,3,0,0,25000,0,CST,0,0,0,33,0, ,0,8/10/1974,1535,39.1,-88.33, , 
10008040,COLES CO., ,1974,8,10,1540,F2,2,0,0,2500,0,CST,0,0,0,33,0, ,0,8/10/1974,1540,39.58,-88.17, , 
10007823,MACON CO., ,1974,8,10,1540,F0,0,0,0,0,0,CST,0,0,0,33,0, ,0,8/10/1974,1540,39.63,-89, , 
10007822,MACON CO., ,1974,8,10,1540,F0,0,0,0,0,0,CST,0,0,0,33,0, ,0,8/10/1974,1540,39.77,-89.05, , 
10008041,MACON CO., ,1974,8,10,1600,F0,0,0,0,0,0,CST,0,0,0,33,0, ,0,8/10/1974,1600,39.75,-88.78, , 
10008043,SHELBY CO., ,1974,8,10,1600,F0,0,0,0,250,0,CST,0,0,0,33,0, ,0,8/10/1974,1600,39.62,-89.02, , 
10008042,MACON CO., ,1974,8,10,1600,F0,0,0,0,2500,0,CST,0,0,0,33,0, ,0,8/10/1974,1600,39.77,-88.92, , 
10008044,COLES CO., ,1974,8,10,1630,F3,3,0,0,2500,0,CST,0,0,0,33,0, ,0,8/10/1974,1630,39.55,-88.18, , 
10008045,MACON CO., ,1974,8,10,1640,F0,0,0,0,0,0,CST,0,0,0,33,0, ,0,8/10/1974,1640,39.75,-88.78, , 
10008046,DOUGLAS CO., ,1974,8,10,1900,F1,1,0,0,2500,0,CST,0,0,11.5,30,0, ,0,8/10/1974,1900,39.8,-88.3,39.97,-88.3
10008048,ROCK ISLAND CO., ,1974,8,12,1850,F0,0,0,0,0,0,CST,0,0,0,33,0, ,0,8/12/1974,1850,41.58,-90.28, , 
10008053,COLES CO., ,1974,8,13,1410,F0,0,0,0,0,0,CST,0,0,0,33,0, ,0,8/13/1974,1410,39.65,-88.03, , 
10008054,COLES CO., ,1974,8,13,1503,F0,0,0,0,0,0,UNK,0,0,0,33,0, ,0,8/13/1974,1503,39.45,-88.15, , 
10008060,FAYETTE CO., ,1974,8,18,1354,F1,1,0,0,250,0,CST,0,0,0,33,0, ,0,8/18/1974,1354,38.97,-89.1, , 
10008061,PUTNAM CO., ,1974,9,12,1530,F2,2,0,0,25000,0,CST,0,0,0.3,600,0, ,0,9/12/1974,1530,41.18,-89.17, , 
10008062,LA SALLE CO., ,1974,9,12,1534,F2,2,0,0,2500,0,CST,0,0,0,33,0, ,0,9/12/1974,1534,41.28,-89.07, , 
10008079,SALINE CO., ,1975,1,10,1115,F2,2,0,0,250000,0,CST,0,0,2,587,0, ,0,1/10/1975,1115,37.82,-88.53, , 
10008080,GALLATIN CO., ,1975,1,10,1132,F1,1,0,0,2500,0,CST,0,0,0,33,0, ,0,1/10/1975,1132,37.7,-88.13, , 
10008085,KNOX CO., ,1975,3,23,1918,F2,2,0,2,25000,0,CST,0,0,1,80,0, ,0,3/23/1975,1918,41.07,-90.18, , 
10008092,JOHNSON CO., ,1975,3,28,1625,F0,0,0,0,0,0,CST,0,0,0.1,7,0, ,0,3/28/1975,1625,37.37,-88.9, , 
10008101,TAZEWELL CO., ,1975,4,18,1520,F1,1,0,0,25000,0,CST,0,0,0.5,50,0, ,0,4/18/1975,1520,40.4,-89.42, , 
10008102,MCLEAN CO., ,1975,4,18,1613,F0,0,0,0,0,0,CST,0,0,0.2,77,0, ,0,4/18/1975,1613,40.7,-89.03, , 
10008103,MONROE CO., ,1975,4,18,1710,F3,3,0,1,250000,0,CST,0,0,2,30,0, ,0,4/18/1975,1710,38.25,-90, , 
10008106,CLINTON CO., ,1975,4,18,1800,F1,1,0,0,250000,0,CST,0,0,2.5,50,0, ,0,4/18/1975,1800,38.57,-89.18, , 
10006689,MARION CO., ,1975,4,18,1821,F1,1,0,0,250000,0,CST,0,0,2,50,0, ,0,4/18/1975,1821,38.63,-88.95, , 
10006707,HENRY CO., ,1975,4,29,1730,F0,0,0,0,0,0,CST,0,0,0.1,7,0, ,0,4/29/1975,1730,41.17,-90.1, , 
10006708,TAZEWELL CO., ,1975,4,30,1213,F0,0,0,0,0,0,CST,0,0,0,33,0, ,0,4/30/1975,1213,40.32,-89.42, , 
10006709,MCLEAN CO., ,1975,4,30,1417,F0,0,0,0,0,0,CST,0,0,0,33,0, ,0,4/30/1975,1417,40.45,-88.72, , 
10006716,CHRISTIAN CO., ,1975,5,11,1700,F1,1,0,2,2500,0,CST,0,0,0.2,50,0, ,0,5/11/1975,1700,39.47,-89.43, , 
10006732,GRUNDY CO., ,1975,5,20,1550,F2,2,0,1,250000,0,CST,0,0,2,50,0, ,0,5/20/1975,1550,41.2,-88.32, , 
10006749,GREENE CO., ,1975,5,20,2230,F2,2,0,0,250000,0,CST,0,0,0,33,0, ,0,5/20/1975,2230,39.48,-90.4, , 
10006753,IROQUOIS CO., ,1975,5,24,1525,F2,2,0,0,25000,0,CST,0,0,0.1,10,0, ,0,5/24/1975,1525,40.68,-87.7, , 
10006758,WOODFORD CO., ,1975,5,25,2225,F0,0,0,0,0,0,CST,0,0,0,33,0, ,0,5/25/1975,2225,40.85,-89.2, , 
10006759,FULTON CO., ,1975,5,26,5,F0,0,0,0,0,0,CST,0,0,0,33,0, ,0,5/26/1975,5,40.5,-90.1, , 
10010250,MCLEAN CO., ,1975,5,30,1440,F2,2,0,0,25000,0,CST,0,0,4.3,100,0, ,0,5/30/1975,1440,40.6,-89.13,40.65,-89.07
10010256,LOGAN CO., ,1975,6,1,1820,F0,0,0,0,250,0,CST,0,0,0,33,0, ,0,6/1/1975,1820,40.3,-89.47, , 
10010276,WARREN CO., ,1975,6,13,1930,F0,0,0,0,2500,0,CST,0,0,0,33,0, ,0,6/13/1975,1930,40.88,-90.67, , 
10010282,FULTON CO., ,1975,6,13,2128,F3,3,0,0,2500000,0,CST,0,0,6.6,1300,0, ,0,6/13/1975,2128,40.68,-90.25,40.67,-90.12
10010301,BUREAU CO., ,1975,6,14,1430,F2,2,0,0,250000,0,CST,0,0,0,33,0, ,0,6/14/1975,1430,41.17,-89.55, , 
10010303,LA SALLE CO., ,1975,6,14,1435,F2,2,0,0,250000,0,CST,0,0,1,167,0, ,0,6/14/1975,1435,41.22,-89.15, , 
10010308,COOK CO., ,1975,6,17,1154,F2,2,0,0,250000,0,CST,0,0,1.5,20,0, ,0,6/17/1975,1154,42.08,-88, , 
10010309,DE KALB CO., ,1975,6,18,1200,F2,2,0,1,250000,0,CST,0,0,4.7,27,0, ,0,6/18/1975,1200,42.05,-88.85,42.03,-88.75
10010094,DU PAGE CO., ,1975,6,18,1250,F0,0,0,0,2500,0,CST,0,0,0,33,0, ,0,6/18/1975,1250,41.88,-88.2, , 
10010312,LEE CO., ,1975,6,20,1206,F0,0,0,0,250,0,CST,0,0,0,33,0, ,0,6/20/1975,1206,41.78,-89.08, , 
10010313,LEE CO., ,1975,6,20,1230,F1,1,0,0,2500,0,CST,0,0,0.1,17,0, ,0,6/20/1975,1230,41.8,-89.18, , 
10010315,LEE CO., ,1975,6,20,1315,F0,0,0,0,250,0,CST,0,0,0,33,0, ,0,6/20/1975,1315,41.83,-89, , 
10010326,MCDONOUGH CO., ,1975,6,24,1908,F0,0,0,0,2500,0,CST,0,0,0.5,17,0, ,0,6/24/1975,1908,40.55,-90.55, , 
10010327,FULTON CO., ,1975,6,24,1949,F1,1,0,0,2500,0,CST,0,0,2,33,0, ,0,6/24/1975,1949,40.7,-90.1, , 
10010344,MARSHALL CO., ,1975,7,6,1510,F1,1,0,0,2500,0,CST,0,0,0,33,0, ,0,7/6/1975,1510,41.08,-89.55, , 
10010346,CHRISTIAN CO., ,1975,7,8,1830,F2,2,0,0,250,0,CST,0,0,0.1,3,0, ,0,7/8/1975,1830,39.62,-89.18, , 
10010348,CARROLL CO., ,1975,7,11,1415,F0,0,0,0,250,0,CST,0,0,0.1,3,0, ,0,7/11/1975,1415,42.02,-90.15, , 
10010362,FULTON CO., ,1975,7,23,1630,F3,3,0,0,250000,0,CST,0,0,11.1,2630,0, ,0,7/23/1975,1630,40.55,-90.33,40.55,-90.12
10010366,STARK CO., ,1975,7,23,1705,F0,0,0,0,2500,0,CST,0,0,0.5,20,0, ,0,7/23/1975,1705,41.08,-89.88, , 
10010376,SANGAMON CO., ,1975,8,14,1758,F2,2,0,0,25000,0,CST,0,0,1,30,0, ,0,8/14/1975,1758,39.75,-89.52, , 
10009182,BUREAU CO., ,1975,11,9,2120,F1,1,0,0,25000,0,CST,0,0,0,33,0, ,0,11/9/1975,2120,41.33,-89.77, , 
10009193,LAKE CO., ,1975,11,10,5,F1,1,0,0,25000,0,CST,0,0,0.1,3,0, ,0,11/10/1975,5,42.33,-88.05, , 
10009194,VERMILION CO., ,1975,11,10,8,F2,2,0,0,250000,0,CST,0,0,0.1,3,0, ,0,11/10/1975,8,40.37,-87.83, , 
10009208,MASON CO., ,1975,11,29,2220,F2,2,0,0,250000,0,CST,0,0,18.6,33,0, ,0,11/29/1975,2220,40.25,-90.02,40.42,-89.73
10009211,LOGAN CO., ,1975,11,29,2316,F1,1,0,1,25000,0,CST,0,0,0,33,0, ,0,11/29/1975,2316,40.02,-89.48, , 
10009212,SANGAMON CO., ,1975,11,29,2320,F1,1,0,1,250000,0,CST,0,0,4.3,200,0, ,0,11/29/1975,2320,39.57,-89.67,39.58,-89.58
10009213,MACON CO., ,1975,11,30,7,F2,2,0,0,2500000,0,CST,0,0,5.9,33,0, ,0,11/30/1975,7,39.83,-88.97,39.82,-88.85
10009235,CHRISTIAN CO., ,1976,2,16,1545,F2,2,0,0,250000,0,CST,0,0,1,80,0, ,0,2/16/1976,1545,39.38,-89.08, , 
10009238,UNION CO., ,1976,2,16,1950,F2,2,0,1,25000,0,CST,0,0,1,33,0, ,0,2/16/1976,1950,37.47,-89.18, , 
10009245,KNOX CO., ,1976,3,4,1745,F2,2,0,0,25000,0,CST,0,0,0.1,440,0, ,0,3/4/1976,1745,41.03,-90.1, , 
10011163,BUREAU CO., ,1976,3,4,1825,F3,3,0,0,250000,0,CST,0,0,0.8,100,0, ,0,3/4/1976,1825,41.2,-89.57, , 
10006918,KENDALL CO., ,1976,3,12,1250,F3,3,0,0,2500000,0,CST,0,0,7.8,30,0, ,0,3/12/1976,1250,41.63,-88.35,41.72,-88.23
10006919,DU PAGE CO., ,1976,3,12,1257,F3,3,0,3,2500000,0,CST,0,0,14.8,30,0, ,0,3/12/1976,1257,41.72,-88.23,41.85,-88
10006924,DU PAGE CO., ,1976,3,12,1320,F2,2,0,25,2500000,0,CST,0,0,0,150,0, ,0,3/12/1976,1320,41.92,-87.92,41.93,-87.9
10006926,KANKAKEE CO., ,1976,3,12,1335,F3,3,0,0,250000,0,CST,0,0,10,150,0, ,0,3/12/1976,1335,41,-87.7,41.08,-87.53
10006929,MONTGOMERY CO., ,1976,3,20,1205,F3,3,0,4,250000,0,CST,0,0,8.8,27,0, ,0,3/20/1976,1205,39.42,-89.67,39.43,-89.5
10006930,CHRISTIAN CO., ,1976,3,20,1212,F3,3,0,0,250000,0,CST,0,0,0,27,0, ,0,3/20/1976,1212,39.47,-89.53,39.48,-89.5
10006932,ST. CLAIR CO., ,1976,3,20,1225,F2,2,0,0,250000,0,CST,0,0,8.7,250,0, ,0,3/20/1976,1225,38.32,-89.83,38.37,-89.68
10006936,WASHINGTON CO., ,1976,3,20,1235,F2,2,0,0,250000,0,CST,0,0,29,33,0, ,0,3/20/1976,1235,38.37,-89.68,38.48,-89.17
10006937,MARION CO., ,1976,3,20,1245,F2,2,0,0,250000,0,CST,0,0,1.3,33,0, ,0,3/20/1976,1245,38.48,-89.17,38.5,-89.13
10006941,MACON CO., ,1976,3,20,1315,F4,4,0,2,2500000,0,CST,0,0,1.9,800,0, ,0,3/20/1976,1315,39.8,-88.8,39.82,-88.75
10006942,PIATT CO., ,1976,3,20,1320,F4,4,0,5,2500000,0,CST,0,0,17.2,800,0, ,0,3/20/1976,1320,39.82,-88.75,39.92,-88.45
10006944,CHAMPAIGN CO., ,1976,3,20,1335,F4,4,0,11,2500000,0,CST,0,0,29.7,800,0, ,0,3/20/1976,1335,39.92,-88.45,40.12,-87.95
10006946,VERMILION CO., ,1976,3,20,1425,F4,4,0,0,2500000,0,CST,0,0,14.9,800,0, ,0,3/20/1976,1425,40.12,-87.95,40.2,-87.68
10006947,JASPER CO., ,1976,3,20,1430,F0,0,0,0,25000,0,CST,0,0,1.9,17,0, ,0,3/20/1976,1430,38.87,-88.13,38.87,-88.08
10006950,CRAWFORD CO., ,1976,3,20,1525,F1,1,0,0,25000,0,CST,0,0,2.5,17,0, ,0,3/20/1976,1525,39.17,-87.68,39.18,-87.65
10006951,CLARK CO., ,1976,3,20,1530,F1,1,0,0,25000,0,CST,0,0,1,33,0, ,0,3/20/1976,1530,39.18,-87.65,39.2,-87.63
10006962,TAZEWELL CO., ,1976,3,26,2105,F1,1,0,0,250000,0,CST,0,0,1.5,600,0, ,0,3/26/1976,2105,40.62,-89.45, , 
10006970,WOODFORD CO., ,1976,3,26,2130,F2,2,0,0,250000,0,CST,0,0,0.5,33,0, ,0,3/26/1976,2130,40.72,-89.27, , 
10003166,LAKE CO., ,1976,4,20,1945,F2,2,0,2,25000,0,CST,0,0,0.8,50,0, ,0,4/20/1976,1945,42.45,-87.83, , 
10003167,IROQUOIS CO., ,1976,4,23,1535,F2,2,0,0,25000,0,CST,0,0,0,67,0, ,0,4/23/1976,1535,40.6,-88.03, , 
10003168,IROQUOIS CO., ,1976,4,23,1545,F2,2,0,0,25000,0,CST,0,0,0,33,0, ,0,4/23/1976,1545,40.57,-87.88, , 
10003171,CHAMPAIGN CO., ,1976,5,15,1850,F0,0,0,0,250,0,CST,0,0,0.1,3,0, ,0,5/15/1976,1850,40.32,-88.15, , 
10003172,WHITE CO., ,1976,5,30,1730,F2,2,0,0,25000,0,CST,0,0,0.3,33,0, ,0,5/30/1976,1730,38.23,-88, , 
10003181,DU PAGE CO., ,1976,6,13,1648,F4,4,0,0,250000,0,CST,0,0,0,1760,0, ,0,6/13/1976,1648,41.7,-87.93,41.73,-87.92
10003194,PEORIA CO., ,1976,6,29,1345,F4,4,0,0,250000,0,CST,0,0,4.9,40,0, ,0,6/29/1976,1345,40.8,-89.75,40.83,-89.65
10003195,WOODFORD CO., ,1976,6,29,1500,F0,0,0,0,2500,0,CST,0,0,0.5,50,0, ,0,6/29/1976,1500,40.7,-89.02, , 
10003196,MCLEAN CO., ,1976,6,29,1536,F2,2,0,0,25000,0,CST,0,0,0,33,0, ,0,6/29/1976,1536,40.65,-88.72, , 
10003212,MCLEAN CO., ,1976,7,28,1455,F2,2,0,0,25000,0,CST,0,0,0,33,0, ,0,7/28/1976,1455,40.73,-88.78, , 
10003213,MCLEAN CO., ,1976,7,28,1535,F0,0,0,0,250,0,CST,0,0,0.1,3,0, ,0,7/28/1976,1535,40.32,-89.17, , 
10003214,MADISON CO., ,1976,7,28,1645,F3,3,0,0,25000,0,CST,0,0,0,33,0, ,0,7/28/1976,1645,38.83,-89.67, , 
10003218,FULTON CO., ,1976,8,11,2236,F2,2,0,1,250000,0,CST,0,0,0,33,0, ,0,8/11/1976,2236,40.5,-90.2, , 
10004324,LOGAN CO., ,1977,5,5,1920,F4,4,0,2,2500000,0,CST,0,0,0,1000,0, ,0,5/5/1977,1920,40.25,-89.25,40.27,-89.23
10004325,DE WITT CO., ,1977,5,5,1923,F4,4,0,0,2500000,0,CST,0,0,7.3,33,0, ,0,5/5/1977,1923,40.27,-89.23,40.33,-89.12
10005205,LA SALLE CO., ,1977,6,30,835, , ,0,0,25000,0,CST,0,0,6.1,850,0, ,0,6/30/1977,835,41.58,-89,41.55,-88.88
10005206,LA SALLE CO., ,1977,6,30,835, , ,0,0,0,0,CST,0,0,3.6,177,0, ,0,6/30/1977,835,41.62,-88.8,41.58,-88.73
10005418,DE KALB CO., ,1977,6,30,845, , ,0,0,25000,0,CST,0,0,1.6,90,0, ,0,6/30/1977,845,41.62,-88.62, , 
10005419,KENDALL CO., ,1977,6,30,845, , ,0,0,0,0,CST,0,0,3,177,0, ,0,6/30/1977,845,41.63,-88.53,41.6,-88.47
10005421,KENDALL CO., ,1977,6,30,910, , ,0,0,0,0,CST,0,0,1.7,350,0, ,0,6/30/1977,910,41.63,-88.45, , 
10005423,WILL CO., ,1977,6,30,1315, , ,0,0,2500,0,CST,0,0,0.4,90,0, ,0,6/30/1977,1315,41.4,-88.12, , 
10005424,WILL CO., ,1977,6,30,1330, , ,0,0,25000,0,CST,0,0,2.3,177,0, ,0,6/30/1977,1330,41.38,-88.12,41.37,-88.05
10005425,COOK CO., ,1977,6,30,1345, , ,0,0,250000,0,CST,0,0,1,33,0, ,0,6/30/1977,1345,41.5,-87.7, , 
10005437,MCLEAN CO., ,1977,7,18,1100,F1,1,0,0,250000,0,CST,0,0,3,150,0, ,0,7/18/1977,1100,40.58,-88.9,40.55,-88.85
10005450,SANGAMON CO., ,1977,8,6,1525,F1,1,0,0,0,0,CST,0,0,7.8,60,0, ,0,8/6/1977,1525,39.53,-89.72,39.62,-89.62
10005451,SANGAMON CO., ,1977,8,6,1530,F0,0,0,0,0,0,CST,0,0,0.8,350,0, ,0,8/6/1977,1530,39.62,-89.93, , 
10005452,SANGAMON CO., ,1977,8,6,1530,F1,1,0,0,0,0,CST,0,0,6.1,60,0, ,0,8/6/1977,1530,39.53,-89.83,39.6,-89.75
10005455,SANGAMON CO., ,1977,8,6,1535,F0,0,0,0,0,0,CST,0,0,1.9,23,0, ,0,8/6/1977,1535,39.53,-89.7, , 
10005454,SANGAMON CO., ,1977,8,6,1535,F0,0,0,0,0,0,CST,0,0,0.8,10,0, ,0,8/6/1977,1535,39.63,-89.9, , 
10005456,SANGAMON CO., ,1977,8,6,1536,F1,1,0,0,0,0,CST,0,0,1.3,350,0, ,0,8/6/1977,1536,39.63,-89.87, , 
10005457,SANGAMON CO., ,1977,8,6,1536,F2,2,0,0,0,0,CST,0,0,2.3,350,0, ,0,8/6/1977,1536,39.62,-89.85,39.63,-89.8
10005458,SANGAMON CO., ,1977,8,6,1537,F1,1,0,0,0,0,CST,0,0,1,50,0, ,0,8/6/1977,1537,39.53,-89.67, , 
10005459,SANGAMON CO., ,1977,8,6,1538,F1,1,0,0,25000,0,CST,0,0,6.2,33,0, ,0,8/6/1977,1538,39.53,-89.75,39.58,-89.65
10005461,SANGAMON CO., ,1977,8,6,1545,F1,1,0,0,0,0,CST,0,0,5.9,30,0, ,0,8/6/1977,1545,39.55,-89.6,39.6,-89.5
10005462,SANGAMON CO., ,1977,8,6,1545,F3,3,0,0,2500000,0,CST,0,0,4.1,100,0, ,0,8/6/1977,1545,39.63,-89.72,39.68,-89.67
10005463,SANGAMON CO., ,1977,8,6,1547,F1,1,0,0,0,0,CST,0,0,3.6,150,0, ,0,8/6/1977,1547,39.6,-89.63,39.63,-89.57
10005464,SANGAMON CO., ,1977,8,6,1550,F0,0,0,0,0,0,CST,0,0,0.6,50,0, ,0,8/6/1977,1550,39.67,-89.63, , 
10005465,SANGAMON CO., ,1977,8,6,1551,F0,0,0,0,0,0,CST,0,0,0.2,17,0, ,0,8/6/1977,1551,39.68,-89.62, , 
10005466,SANGAMON CO., ,1977,8,6,1553,F0,0,0,0,0,0,CST,0,0,0.2,10,0, ,0,8/6/1977,1553,39.63,-89.58, , 
10005467,CHRISTIAN CO., ,1977,8,6,1555,F0,0,0,0,0,0,CST,0,0,1.1,17,0, ,0,8/6/1977,1555,39.63,-89.52, , 
10005468,SANGAMON CO., ,1977,8,6,1557,F1,1,0,0,250000,0,CST,0,0,2.2,50,0, ,0,8/6/1977,1557,39.65,-89.53, , 
10005469,CHRISTIAN CO., ,1977,8,6,1600,F1,1,0,0,0,0,CST,0,0,2.8,40,0, ,0,8/6/1977,1600,39.72,-89.43, , 
10005471,SANGAMON CO., ,1977,8,6,1610,F1,1,0,0,0,0,CST,0,0,3.3,90,0, ,0,8/6/1977,1610,39.73,-89.48,39.75,-89.42
10005481,CUMBERLAND CO., ,1977,8,21,1220,F3,3,0,0,25000,0,CST,0,0,15.7,77,0, ,0,8/21/1977,1220,39.35,-88.47,39.25,-88.2
10003015,COOK CO., ,1977,9,7,1410,F1,1,0,0,25000,0,CST,0,0,0.1,70,0, ,0,9/7/1977,1410,40.67,-90.52, , 
10003232,TAZEWELL CO., ,1977,9,7,1600,F1,1,0,0,250000,0,CST,0,0,0.2,143,0, ,0,9/7/1977,1600,40.63,-89.33, , 
10003234,ADAMS CO., ,1977,9,23,1800,F2,2,0,3,250000,0,CST,0,0,2.7,150,0, ,0,9/23/1977,1800,39.83,-91.43,39.85,-91.38
10003250,MADISON CO., ,1978,4,10,1330,F1,1,0,0,250000,0,CST,0,0,0.5,100,0, ,0,4/10/1978,1330,38.82,-90.05, , 
10003253,COOK CO., ,1978,4,18,1655,F1,1,0,0,250000,0,CST,0,0,6.1,177,0, ,0,4/18/1978,1655,41.67,-87.83,41.75,-87.77
10003256,MACOUPIN CO., ,1978,5,12,1550,F2,2,0,1,250000,0,CST,0,0,27.9,700,0, ,0,5/12/1978,1550,39.12,-90.05,39.42,-89.7
10003257,MONTGOMERY CO., ,1978,5,12,1620,F2,2,0,0,250000,0,CST,0,0,6.2,33,0, ,0,5/12/1978,1620,39.42,-89.7,39.48,-89.62
10003261,MACON CO., ,1978,5,12,1800,F2,2,0,3,250000,0,CST,0,0,7.6,700,0, ,0,5/12/1978,1800,39.85,-88.95,39.93,-88.85
10003282,LA SALLE CO., ,1978,6,25,1000,F1,1,0,0,2500,0,CST,0,0,0.1,50,0, ,0,6/25/1978,1000,41.38,-88.8, , 
10003285,KANKAKEE CO., ,1978,6,25,1215,F1,1,0,0,250,0,CST,0,0,1.3,17,0, ,0,6/25/1978,1215,41.25,-88.02,41.22,-87.98
10003286,WILL CO., ,1978,6,25,1215,F1,1,0,0,2500,0,CST,0,0,0.5,17,0, ,0,6/25/1978,1215,41.28,-88.03, , 
10003288,LIVINGSTON CO., ,1978,6,25,1308,F2,2,0,0,250000,0,CST,0,0,16.4,400,0, ,0,6/25/1978,1308,40.77,-88.57,40.77,-88.25
10003289,LA SALLE CO., ,1978,6,25,1330,F2,2,0,0,25000,0,CST,0,0,0.9,300,0, ,0,6/25/1978,1330,41.53,-88.68, , 
10004670,SANGAMON CO., ,1978,7,26,1530, , ,0,0,250000,0,CST,0,0,8.9,177,0, ,0,7/26/1978,1530,39.8,-89.78,39.9,-89.67
10004672,DU PAGE CO., ,1978,8,2,1530,F0,0,0,0,0,0,CST,0,0,4.1,880,0, ,0,8/2/1978,1530,41.75,-87.9,41.7,-87.83
10004674,MERCER CO., ,1978,8,15,1900,F3,3,0,0,250000,0,CST,0,0,6.4,77,0, ,0,8/15/1978,1900,41.27,-90.78,41.33,-90.68
10004675,ROCK ISLAND CO., ,1978,8,15,1913,F3,3,0,0,250000,0,CST,0,0,0,33,0, ,0,8/15/1978,1913,41.33,-90.68,41.35,-90.7
10004677,MCHENRY CO., ,1978,8,15,1945,F2,2,0,0,250000,0,CST,0,0,2,100,0, ,0,8/15/1978,1945,42.18,-88.37, , 
10004707,HENRY CO., ,1979,3,30,1350, , ,0,0,25000,0,CST,0,0,1,70,0, ,0,3/30/1979,1350,41.22,-89.95, , 
10007052,HENRY CO., ,1979,6,9,1445, , ,0,0,25000,0,CST,0,0,3,30,0, ,0,6/9/1979,1445,41.33,-90.02, , 
10007062,EDGAR CO., ,1979,6,22,1427, , ,0,0,0,0,CST,0,0,0.5,50,0, ,0,6/22/1979,1427,39.65,-87.75, , 
10007063,WILL CO., ,1979,6,29,1200, , ,0,1,25000,0,CST,0,0,5.4,100,0, ,0,6/29/1979,1200,41.52,-88.23,41.6,-88.2
10007074,IROQUOIS CO., ,1979,7,14,1840,F1,1,0,0,250000,0,CST,0,0,3.8,50,0, ,0,7/14/1979,1840,40.65,-87.83,40.67,-87.75
10007083,ROCK ISLAND CO., ,1979,8,5,850,F0,0,0,0,0,0,CST,0,0,0.2,10,0, ,0,8/5/1979,850,41.52,-90.42, , 
10007087,OGLE CO., ,1979,8,5,1645,F3,3,0,0,2500000,0,CST,0,0,5.7,67,0, ,0,8/5/1979,1645,42.02,-89.58,41.95,-89.5
10007091,LAKE CO., ,1979,8,9,2252,F1,1,0,0,25000,0,CST,0,0,0.3,30,0, ,0,8/9/1979,2252,42.43,-88, , 
10007092,WINNEBAGO CO., ,1979,8,17,2040,F2,2,0,0,250000,0,CST,0,0,0.5,50,0, ,0,8/17/1979,2040,42.27,-89.35, , 
10007096,LIVINGSTON CO., ,1979,8,19,1545,F0,0,0,0,0,0,CST,0,0,12.5,30,0, ,0,8/19/1979,1545,41.08,-88.43,40.9,-88.4
10007098,ROCK ISLAND CO., ,1979,8,20,25,F1,1,0,0,250000,0,CST,0,0,1,50,0, ,0,8/20/1979,25,41.43,-90.72, , 
10007107,CLINTON CO., ,1979,10,22,700,F1,1,0,0,25000,0,CST,0,0,2,30,0, ,0,10/22/1979,700,38.62,-89.52, , 
10006336,MOULTRIE CO., ,1980,4,8,50,F2,2,0,0,25000,0,CST,0,0,0.5,60,0, ,0,4/8/1980,50,39.63,-88.72, , 
10006337,MCLEAN CO., ,1980,4,8,121,F0,0,0,0,30,0,CST,0,0,0.5,60,0, ,0,4/8/1980,121,40.55,-88.67, , 
10006344,MCLEAN CO., ,1980,5,12,2215,F1,1,0,0,25000,0,CST,0,0,1.2,100,0, ,0,5/12/1980,2215,40.52,-89, , 
10006346,MCLEAN CO., ,1980,5,24,1230,F0,0,0,0,2500,0,CST,0,0,0.1,20,0, ,0,5/24/1980,1230,40.48,-89, , 
10006347,FORD CO., ,1980,5,24,1500,F0,0,0,0,0,0,CST,0,0,0,100,0, ,0,5/24/1980,1500,40.75,-88.18,40.77,-88.15
10006348,IROQUOIS CO., ,1980,5,24,1504,F0,0,0,0,0,0,CST,0,0,9,33,0, ,0,5/24/1980,1504,40.77,-88.15,40.82,-87.98
10006356,DOUGLAS CO., ,1980,6,1,700,F2,2,0,7,2500000,0,CST,0,0,1,3,0, ,0,6/1/1980,700,39.8,-88.28, , 
10006387,KANE CO., ,1980,6,7,1338,F0,0,0,0,0,0,CST,0,0,0,33,0, ,0,6/7/1980,1338,41.88,-88.33, , 
10006388,LIVINGSTON CO., ,1980,6,7,1400,F2,2,0,0,2500000,0,CST,0,0,31.5,880,0, ,0,6/7/1980,1400,40.87,-88.77,40.65,-88.23
10006390,FORD CO., ,1980,6,7,1500,F2,2,0,0,2500000,0,CST,0,0,3,33,0, ,0,6/7/1980,1500,40.65,-88.23,40.62,-88.18
10003073,SANGAMON CO., ,1980,7,10,500,F2,2,0,0,250000,0,CST,0,0,1.5,17,0, ,0,7/10/1980,500,39.58,-89.78, , 
10003079,KANE CO., ,1980,7,16,255,F2,2,0,0,250000,0,CST,0,0,1.4,440,0, ,0,7/16/1980,255,42.12,-88.53, , 
10005291,TAZEWELL CO., ,1980,9,16,1725,F0,0,0,0,0,0,CST,0,0,0.8,17,0, ,0,9/16/1980,1725,40.67,-89.57, , 
10005296,LOGAN CO., ,1980,9,16,1815,F0,0,0,0,0,0,CST,0,0,0,33,0, ,0,9/16/1980,1815,39.97,-89.17, , 
10005297,MACON CO., ,1980,9,16,1825,F0,0,0,0,0,0,CST,0,0,0,33,0, ,0,9/16/1980,1825,39.93,-89.07, , 
10005299,COOK CO., ,1980,9,22,1428,F0,0,0,0,25000,0,CST,0,0,0,33,0, ,0,9/22/1980,1428,41.48,-87.72, , 
10005307,WHITESIDE CO., ,1981,3,29,1830,F4,4,0,0,2500000,0,CST,0,0,5.1,33,0, ,0,3/29/1981,1830,41.68,-89.95,41.75,-89.88
10005315,MADISON CO., ,1981,4,3,2250,F4,4,0,32,25000000,0,CST,0,0,11.9,567,0, ,0,4/3/1981,2250,38.72,-90.13,38.82,-89.95
10005328,ROCK ISLAND CO., ,1981,4,4,30,F1,1,0,4,2500000,0,CST,0,0,4.9,100,0, ,0,4/4/1981,30,41.95,-90.57,42,-90.48
10006419,FULTON CO., ,1981,4,13,1635,F1,1,0,0,2500000,0,CST,0,0,6.8,100,0, ,0,4/13/1981,1635,40.4,-90.15,40.32,-90.07
10006420,MASON CO., ,1981,4,13,1650,F1,1,0,0,2500000,0,CST,0,0,25.6,33,0, ,0,4/13/1981,1650,40.32,-90.07,40.27,-89.58
10006422,LOGAN CO., ,1981,4,13,1730,F1,1,0,0,2500000,0,CST,0,0,13.7,33,0, ,0,4/13/1981,1730,40.27,-89.58,40.15,-89.37
10006434,PUTNAM CO., ,1981,4,13,2007,F0,0,0,0,25000,0,CST,0,0,0,33,0, ,0,4/13/1981,2007,41.18,-89.4, , 
10006435,MCLEAN CO., ,1981,4,13,2030,F2,2,0,0,2500000,0,CST,0,0,0,33,0, ,0,4/13/1981,2030,40.62,-88.75, , 
10006442,MCLEAN CO., ,1981,4,13,2235,F0,0,0,0,0,0,CST,0,0,0,33,0, ,0,4/13/1981,2235,40.55,-89, , 
10006444,WOODFORD CO., ,1981,4,13,2310,F1,1,0,0,25000,0,CST,0,0,8.3,150,0, ,0,4/13/1981,2310,40.6,-89.28,40.6,-89.12
10006445,MCLEAN CO., ,1981,4,13,2315,F1,1,0,0,25000,0,CST,0,0,26.2,33,0, ,0,4/13/1981,2315,40.6,-89.12,40.57,-88.62
10006446,MCLEAN CO., ,1981,4,13,2320,F1,1,0,0,25000,0,CST,0,0,0,50,0, ,0,4/13/1981,2320,40.48,-88.93, , 
10006454,MADISON CO., ,1981,4,22,1756,F0,0,0,0,2500,0,CST,0,0,5.6,50,0, ,0,4/22/1981,1756,38.95,-90.18,39.03,-90.15
10006461,PEORIA CO., ,1981,5,27,1300,F0,0,0,0,0,0,CST,0,0,0.5,13,0, ,0,5/27/1981,1300,40.82,-89.97, , 
10006464,WHITE CO., ,1981,6,1,1545,F0,0,0,0,0,0,CST,0,0,0,33,0, ,0,6/1/1981,1545,38.25,-88.33, , 
10006467,MCDONOUGH CO., ,1981,6,8,1643,F0,0,0,0,0,0,CST,0,0,0,33,0, ,0,6/8/1981,1643,40.42,-90.8, , 
10006472,SCHUYLER CO., ,1981,6,8,1856,F0,0,0,0,0,0,CST,0,0,0,33,0, ,0,6/8/1981,1856,40.22,-90.77, , 
10003373,TAZEWELL CO., ,1981,6,8,1918,F1,1,0,0,25000,0,CST,0,0,0,33,0, ,0,6/8/1981,1918,40.55,-89.57, , 
10003374,CHAMPAIGN CO., ,1981,6,8,2037,F1,1,0,0,25000,0,CST,0,0,0,33,0, ,0,6/8/1981,2037,40.2,-88.47, , 
10003375,DE WITT CO., ,1981,6,8,2038,F1,1,0,0,25000,0,CST,0,0,0,33,0, ,0,6/8/1981,2038,40.25,-88.65, , 
10003376,SANGAMON CO., ,1981,6,8,2040,F0,0,0,0,0,0,CST,0,0,0,33,0, ,0,6/8/1981,2040,39.82,-89.75, , 
10003377,CHAMPAIGN CO., ,1981,6,8,2040,F1,1,0,0,25000,0,CST,0,0,0,33,0, ,0,6/8/1981,2040,40.2,-88.62, , 
10003387,MCLEAN CO., ,1981,6,20,1745,F1,1,0,0,25000,0,CST,0,0,1,70,0, ,0,6/20/1981,1745,40.42,-89.12, , 
10003388,MCLEAN CO., ,1981,6,20,1745,F1,1,0,0,25000,0,CST,0,0,0.1,33,0, ,0,6/20/1981,1745,40.75,-88.8, , 
10003391,MCLEAN CO., ,1981,6,20,1934,F0,0,0,0,0,0,CST,0,0,0,33,0, ,0,6/20/1981,1934,40.6,-88.98, , 
10003392,MCLEAN CO., ,1981,6,20,1934,F0,0,0,0,0,0,CST,0,0,0,33,0, ,0,6/20/1981,1934,40.6,-88.93, , 
10003397,HANCOCK CO., ,1981,6,21,1914,F1,1,0,0,2500000,0,CST,0,0,0,33,0, ,0,6/21/1981,1914,40.35,-91.45, , 
10003398,HANCOCK CO., ,1981,6,21,1947,F1,1,0,0,2500,0,CST,0,0,0,33,0, ,0,6/21/1981,1947,40.27,-91.08, , 
10003400,MCLEAN CO., ,1981,6,21,2033,F0,0,0,0,0,0,CST,0,0,0,33,0, ,0,6/21/1981,2033,40.42,-89, , 
10003401,ADAMS CO., ,1981,6,21,2100,F0,0,0,0,0,0,CST,0,0,0,33,0, ,0,6/21/1981,2100,40.15,-91.1, , 
10003402,MCLEAN CO., ,1981,6,21,2116,F0,0,0,0,0,0,CST,0,0,0.3,50,0, ,0,6/21/1981,2116,40.48,-88.85, , 
10003409,VERMILION CO., ,1981,7,4,1507,F0,0,0,0,2500,0,CST,0,0,0.2,167,0, ,0,7/4/1981,1507,40.47,-87.67, , 
10004507,PEORIA CO., ,1981,7,25,2040,F2,2,0,0,250000,0,CST,0,0,2,20,0, ,0,7/25/1981,2040,40.9,-89.77, , 
10004508,FULTON CO., ,1981,7,25,2050,F0,0,0,0,2500,0,CST,0,0,0,33,0, ,0,7/25/1981,2050,40.58,-90.08, , 
10004516,HENRY CO., ,1981,8,25,1605,F1,1,0,0,25000,0,CST,0,0,0.3,17,0, ,0,8/25/1981,1605,41.13,-90.05, , 
10004526,MCDONOUGH CO., ,1982,3,12,1912,F2,2,0,1,25000,0,CST,0,0,0,33,0, ,0,3/12/1982,1912,40.33,-90.68, , 
10004533,HAMILTON CO., ,1982,3,30,2115,F1,1,0,0,250000,0,CST,0,0,0,33,0, ,0,3/30/1982,2115,38.25,-88.47, , 
10004553,LIVINGSTON CO., ,1982,4,2,2315,F0,0,0,0,250000,0,CST,0,0,0.3,200,0, ,0,4/2/1982,2315,40.9,-88.58, , 
10004555,VERMILION CO., ,1982,4,2,2318,F1,1,0,5,250000,0,CST,0,0,4,127,0, ,0,4/2/1982,2318,39.9,-87.65,39.92,-87.58
10004554,LIVINGSTON CO., ,1982,4,2,2318,F1,1,0,0,250000,0,CST,0,0,6,500,0, ,0,4/2/1982,2318,40.23,-88.4,40.22,-88.28
10004560,KANKAKEE CO., ,1982,4,2,2340,F3,3,0,15,25000000,0,CST,0,0,12,750,0, ,0,4/2/1982,2340,41.05,-87.98,41.2,-87.85
10004561,COLES CO., ,1982,4,3,5,F1,1,0,0,250000,0,CST,0,0,14,450,0, ,0,4/3/1982,5,39.48,-88.18,39.65,-88
10004562,WILL CO., ,1982,4,3,10,F0,0,0,0,250000,0,CST,0,0,8,127,0, ,0,4/3/1982,10,41.33,-87.68,41.47,-87.63
10005416,WILL CO., ,1982,5,15,1355,F0,0,0,0,30,0,CST,0,0,0,33,0, ,0,5/15/1982,1355,41.52,-87.97, , 
10005417,KANE CO., ,1982,5,15,1400,F0,0,0,0,0,0,CST,0,0,0.2,30,0, ,0,5/15/1982,1400,41.95,-88.53, , 
10005629,WILL CO., ,1982,5,15,1405,F0,0,0,0,0,0,CST,0,0,0.5,33,0, ,0,5/15/1982,1405,41.62,-87.97, , 
10005635,IROQUOIS CO., ,1982,5,16,1620,F0,0,0,0,0,0,CST,0,0,0,33,0, ,0,5/16/1982,1620,40.9,-87.85, , 
10005643,DE KALB CO., ,1982,5,18,1727,F0,0,0,0,0,0,CST,0,0,0,33,0, ,0,5/18/1982,1727,41.92,-88.68, , 
10005644,WARREN CO., ,1982,5,18,1730,F0,0,0,0,0,0,CST,0,0,0,33,0, ,0,5/18/1982,1730,40.93,-90.5, , 
10005655,MCLEAN CO., ,1982,5,26,1527,F0,0,0,0,0,0,CST,0,0,0,33,0, ,0,5/26/1982,1527,40.57,-88.62, , 
10005656,MCLEAN CO., ,1982,5,26,1527,F0,0,0,0,0,0,CST,0,0,0,33,0, ,0,5/26/1982,1527,40.58,-88.62, , 
10005663,MONTGOMERY CO., ,1982,5,29,1305,F3,3,0,0,250000,0,CST,0,0,3,200,0, ,0,5/29/1982,1305,38.03,-89.67,38.03,-89.62
10005664,PERRY CO., ,1982,5,29,1311,F3,3,0,0,250000,0,CST,0,0,4,200,0, ,0,5/29/1982,1311,38.03,-89.62,38.05,-89.53
10005665,PERRY CO., ,1982,5,29,1320,F3,3,0,7,250000,0,CST,0,0,3,200,0, ,0,5/29/1982,1320,38.05,-89.53,38.07,-89.47
10005667,SALINE CO., ,1982,5,29,1526,F0,0,0,0,30,0,CST,0,0,0,33,0, ,0,5/29/1982,1526,37.7,-88.48, , 
10005668,SALINE CO., ,1982,5,29,1546,F0,0,0,0,250,0,CST,0,0,0,33,0, ,0,5/29/1982,1546,37.72,-88.67, , 
10005670,SCHUYLER CO., ,1982,5,30,1345,F0,0,0,0,30,0,CST,0,0,0,33,0, ,0,5/30/1982,1345,40.12,-90.57, , 
10005677,LOGAN CO., ,1982,5,30,1630,F0,0,0,0,0,0,CST,0,0,0,33,0, ,0,5/30/1982,1630,40.07,-89.45, , 
10005684,CRAWFORD CO., ,1982,5,31,1607,F0,0,0,1,250000,0,CST,0,0,5,40,0, ,0,5/31/1982,1607,38.93,-87.92,39,-87.9
10002365,PIKE CO., ,1982,7,4,1735,F0,0,0,0,30,0,CST,0,0,0.1,3,0, ,0,7/4/1982,1735,39.62,-90.82, , 
10002379,EDGAR CO., ,1982,7,7,1215,F0,0,0,0,30,0,CST,0,0,0.1,3,0, ,0,7/7/1982,1215,39.87,-87.67, , 
10002385,CLARK CO., ,1982,7,10,1705,F0,0,0,0,30,0,CST,0,0,0.1,3,0, ,0,7/10/1982,1705,39.3,-87.97, , 
10002407,MCLEAN CO., ,1982,8,4,1655,F0,0,0,0,250000,0,CST,0,0,7,100,0, ,0,8/4/1982,1655,40.62,-88.75,40.57,-88.62
10002423,MCLEAN CO., ,1982,8,24,1325,F2,2,0,0,2500000,0,CST,0,0,18,300,0, ,0,8/24/1982,1325,40.52,-88.88,40.55,-88.47
10002424,MCLEAN CO., ,1982,8,24,1330,F0,0,0,0,2500000,0,CST,0,0,7,300,0, ,0,8/24/1982,1330,40.38,-89.07,40.37,-88.95
10002425,MCLEAN CO., ,1982,8,24,1335,F0,0,0,0,2500000,0,CST,0,0,13,300,0, ,0,8/24/1982,1335,40.47,-88.83,40.43,-88.55
10002426,MCLEAN CO., ,1982,8,24,1335,F0,0,0,0,250000,0,CST,0,0,11.5,300,0, ,0,8/24/1982,1335,40.3,-89.17,40.33,-88.93
10002427,MCLEAN CO., ,1982,8,24,1342,F0,0,0,0,2500000,0,CST,0,0,5.5,300,0, ,0,8/24/1982,1342,40.37,-88.95,40.4,-88.87
10002428,FORD CO., ,1982,8,24,1350,F2,2,0,0,2500000,0,CST,0,0,5.5,300,0, ,0,8/24/1982,1350,40.55,-88.47,40.55,-88.35
10002429,FORD CO., ,1982,8,24,1429,F0,0,0,0,250000,0,CST,0,0,0.8,33,0, ,0,8/24/1982,1429,40.47,-87.97, , 
10003449,BUREAU CO., ,1982,12,2,200,F0,0,0,0,2500,0,CST,0,0,0.5,33,0, ,0,12/2/1982,200,41.55,-89.35, , 
10003488,CRAWFORD CO., ,1983,3,6,1815,F0,0,0,0,250000,0,CST,0,0,0.5,57,0, ,0,3/6/1983,1815,41.55,-87.65, , 
10003504,GREENE CO., ,1983,5,1,1630,F3,3,0,15,2500000,0,CST,0,0,4,77,0, ,0,5/1/1983,1630,39.3,-90.27,39.37,-90.17
10003505,JERSEY CO., ,1983,5,1,1715,F2,2,0,1,2500000,0,CST,0,0,0.2,17,0, ,0,5/1/1983,1715,39.13,-90.33, , 
10003506,JERSEY CO., ,1983,5,1,1723,F2,2,0,1,2500000,0,CST,0,0,0.5,77,0, ,0,5/1/1983,1723,39.05,-90.25, , 
10004361,MADISON CO., ,1983,5,1,1923,F3,3,0,3,25000000,0,CST,0,0,15,1000,0, ,0,5/1/1983,1923,38.67,-90.17,38.83,-89.93
10004576,ST. CLAIR CO., ,1983,5,1,2010,F2,2,0,20,2500000,0,CST,0,0,4,100,0, ,0,5/1/1983,2010,38.57,-89.83,38.62,-89.75
10004580,FAYETTE CO., ,1983,5,1,2125,F1,1,0,0,250000,0,CST,0,0,0.3,33,0, ,0,5/1/1983,2125,38.88,-88.72, , 
10004584,WAYNE CO., ,1983,5,1,2230,F1,1,0,0,250000,0,CST,0,0,0.2,30,0, ,0,5/1/1983,2230,38.45,-88.43, , 
10004586,JEFFERSON CO., ,1983,5,1,2245,F1,1,0,0,2500000,0,CST,0,0,0.2,30,0, ,0,5/1/1983,2245,38.25,-89.08, , 
10004589,WHITE CO., ,1983,5,2,1110,F1,1,0,0,25000,0,CST,0,0,0.2,30,0, ,0,5/2/1983,1110,38.25,-88.02, , 
10004596,COOK CO., ,1983,5,29,1239,F1,1,0,1,25000,0,CST,0,0,0.2,30,0, ,0,5/29/1983,1239,41.83,-87.73, , 
10004597,COOK CO., ,1983,5,29,1242,F0,0,0,2,2500,0,CST,0,0,0.2,30,0, ,0,5/29/1983,1242,41.82,-87.85, , 
10004613,MCLEAN CO., ,1983,6,29,1355,F0,0,0,0,30,0,CST,0,0,0.2,20,0, ,0,6/29/1983,1355,40.28,-88.98, , 
10004378,RICHLAND CO., ,1984,3,15,2030,F0,0,0,0,250000,0,CST,0,0,0.1,10,0, ,0,3/15/1984,2030,38.73,-88.08, , 
10004385,ALEXANDER CO., ,1984,3,19,1908,F0,0,0,0,30,0,CST,0,0,0.1,10,0, ,0,3/19/1984,1908,37.02,-89.18, , 
10004387,MADISON CO., ,1984,4,3,1735,F0,0,0,0,25000,0,CST,0,0,0.1,33,0, ,0,4/3/1984,1735,38.67,-90, , 
10004389,MONROE CO., ,1984,4,3,1745,F0,0,0,0,250000,0,CST,0,0,0.1,33,0, ,0,4/3/1984,1745,38.33,-90.15, , 
10004390,ST. CLAIR CO., ,1984,4,3,1750,F0,0,0,0,250000,0,CST,0,0,0.2,3,0, ,0,4/3/1984,1750,38.55,-89.9, , 
10004400,CUMBERLAND CO., ,1984,4,12,1812,F1,1,0,2,250000,0,CST,0,0,3,33,0, ,0,4/12/1984,1812,39.25,-88.28,39.28,-88.23
10004401,EFFINGHAM CO., ,1984,4,12,1825,F0,0,0,0,25000,0,CST,0,0,0.3,10,0, ,0,4/12/1984,1825,39.07,-88.37, , 
10004402,FORD CO., ,1984,4,12,1825,F1,1,0,1,250000,0,CST,0,0,0.2,10,0, ,0,4/12/1984,1825,40.5,-88.1, , 
10004403,JASPER CO., ,1984,4,12,1835,F1,1,0,1,250000,0,CST,0,0,0.3,33,0, ,0,4/12/1984,1835,39,-88.22, , 
10004412,GRUNDY CO., ,1984,4,27,1710,F1,1,0,0,250000,0,CST,0,0,2.7,150,0, ,0,4/27/1984,1710,41.43,-88.3, , 
10004416,KENDALL CO., ,1984,4,27,1739,F3,3,0,0,2500000,0,CST,0,0,5,200,0, ,0,4/27/1984,1739,41.55,-88.33,41.58,-88.25
10004420,WILL CO., ,1984,4,27,1810,F1,1,0,0,25000,0,CST,0,0,1,100,0, ,0,4/27/1984,1810,41.43,-88.23, , 
10004422,EFFINGHAM CO., ,1984,4,27,1835,F0,0,0,0,30,0,CST,0,0,0.3,30,0, ,0,4/27/1984,1835,39.12,-88.53, , 
10004429,HENDERSON CO., ,1984,4,29,1830,F0,0,0,0,250000,0,CST,0,0,0.1,10,0, ,0,4/29/1984,1830,40.73,-91.07, , 
10004079,HENDERSON CO., ,1984,4,29,1859,F0,0,0,0,30,0,CST,0,0,0.1,33,0, ,0,4/29/1984,1859,40.82,-91.08, , 
10004086,HENDERSON CO., ,1984,4,29,1930,F0,0,0,0,30,0,CST,0,0,0.1,33,0, ,0,4/29/1984,1930,40.93,-90.95, , 
10004092,HENDERSON CO., ,1984,4,29,2010,F0,0,0,0,30,0,CST,0,0,0.1,33,0, ,0,4/29/1984,2010,40.72,-91.05, , 
10004101,HANCOCK CO., ,1984,4,29,2050,F0,0,0,0,30,0,CST,0,0,0.1,33,0, ,0,4/29/1984,2050,40.62,-91.02, , 
10004103,CARROLL CO., ,1984,4,29,2100,F1,1,0,0,250000,0,CST,0,0,1,3,0, ,0,4/29/1984,2100,42.07,-89.9, , 
10004106,LA SALLE CO., ,1984,4,29,2245,F1,1,0,0,250000,0,CST,0,0,0.1,10,0, ,0,4/29/1984,2245,41.5,-88.67, , 
10004107,WILL CO., ,1984,4,29,2325,F0,0,0,0,30,0,CST,0,0,0.1,10,0, ,0,4/29/1984,2325,41.58,-88.2, , 
10004120,ST. CLAIR CO., ,1984,5,25,1740,F0,0,0,0,0,0,CST,0,0,0.1,3,0, ,0,5/25/1984,1740,38.55,-89.92, , 
10004124,EDGAR CO., ,1984,5,25,1840,F2,2,0,0,250000,0,CST,0,0,0.1,3,0, ,0,5/25/1984,1840,39.55,-87.93, , 
10004126,WILL CO., ,1984,6,13,1320,F1,1,0,0,250000,0,CST,0,0,1.8,80,0, ,0,6/13/1984,1320,41.63,-88.07, , 
10004127,WILL CO., ,1984,6,13,1322,F0,0,0,0,250000,0,CST,0,0,0.8,100,0, ,0,6/13/1984,1322,41.62,-88.05, , 
10004130,BOONE CO., ,1984,6,22,1230,F1,1,0,0,25000,0,CST,0,0,0.6,200,0, ,0,6/22/1984,1230,42.42,-88.9, , 
10004146,VERMILION CO., ,1984,6,22,1855,F1,1,0,0,250000,0,CST,0,0,1,300,0, ,0,6/22/1984,1855,40.47,-87.67, , 
10005527,CHAMPAIGN CO., ,1984,8,28,1809,F1,1,0,0,250000,0,CST,0,0,1,33,0, ,0,8/28/1984,1809,40.03,-87.97, , 
10005544,MACON CO., ,1984,11,1,621,F0,0,0,0,250000,0,CST,0,0,8,33,0, ,0,11/1/1984,621,39.72,-89,39.77,-88.88
10005551,BOND CO., ,1984,11,9,1645,F2,2,0,0,2500000,0,CST,0,0,12,150,0, ,0,11/9/1984,1645,38.82,-89.42,38.88,-89.23
10005552,FAYETTE CO., ,1984,11,9,1703,F2,2,0,11,2500000,0,CST,0,0,18,150,0, ,0,11/9/1984,1703,38.88,-89.23,39.02,-88.93
10005555,JACKSON CO., ,1984,11,9,1800,F1,1,0,0,0,0,CST,0,0,0.1,3,0, ,0,11/9/1984,1800,37.78,-89.25, , 
10005556,WILL CO., ,1984,11,9,1840,F0,0,0,0,0,0,CST,0,0,0.1,3,0, ,0,11/9/1984,1840,41.43,-87.98, , 
10006620,JACKSON CO., ,1984,11,9,2147,F0,0,0,0,0,0,CST,0,0,0.1,3,0, ,0,11/9/1984,2147,37.82,-89.67, , 
10006623,MACON CO., ,1984,11,11,1156,F1,1,0,0,25000,0,CST,0,0,1,3,0, ,0,11/11/1984,1156,39.87,-88.95, , 
10006629,SCHUYLER CO., ,1985,3,27,2320,F1,1,0,0,2500,0,CST,0,0,3,40,0, ,0,3/27/1985,2320,40.13,-90.8,40.13,-90.75
10006631,LOGAN CO., ,1985,3,28,44,F2,2,0,0,2500000,0,CST,0,0,4.5,800,0, ,0,3/28/1985,44,40.28,-89.48,40.27,-89.38
10006637,RANDOLPH CO., ,1985,4,5,455,F1,1,0,0,2500000,0,CST,0,0,0.5,100,0, ,0,4/5/1985,455,38.2,-89.7, , 
10006676,LEE CO., ,1985,5,14,1845,F1,1,0,0,2500,0,CST,0,0,0.1,17,0, ,0,5/14/1985,1845,41.7,-89.15, , 
10003313,GRUNDY CO., ,1985,6,15,1700,F0,0,0,0,0,0,CST,0,0,1,10,0, ,0,6/15/1985,1700,41.45,-88.35,41.47,-88.33
10003314,WILL CO., ,1985,6,15,1704,F0,0,0,0,0,0,CST,0,0,12,10,0, ,0,6/15/1985,1704,41.47,-88.33,41.53,-88.08
10003332,CLARK CO., ,1985,6,24,1540,F0,0,0,0,2500,0,CST,0,0,0.2,10,0, ,0,6/24/1985,1540,39.33,-87.97, , 
10003349,COOK CO., ,1985,7,4,2156,F1,1,0,0,250000,0,CST,0,0,1.5,230,0, ,0,7/4/1985,2156,42.05,-87.67, , 
10003357,LA SALLE CO., ,1985,7,9,1930,F2,2,0,8,250000,0,CST,0,0,0.5,167,0, ,0,7/9/1985,1930,40.95,-88.97, , 
10003365,SANGAMON CO., ,1985,7,14,2344,F0,0,0,0,25000,0,CST,0,0,0.2,3,0, ,0,7/14/1985,2344,39.8,-89.65, , 
10003369,WAYNE CO., ,1985,9,9,1935,F0,0,0,0,0,0,CST,0,0,0.1,100,0, ,0,9/9/1985,1935,38.52,-88.5, , 
10004220,MASON CO., ,1985,11,18,1558,F0,0,0,0,0,0,CST,0,0,0.1,10,0, ,0,11/18/1985,1558,40.12,-90.17, , 
10004435,MCLEAN CO., ,1985,11,19,1450,F0,0,0,0,0,0,CST,0,0,0.1,10,0, ,0,11/19/1985,1450,40.47,-88.87, , 
10004437,MCLEAN CO., ,1985,11,19,1540,F1,1,0,0,25000,0,CST,0,0,0.3,20,0, ,0,11/19/1985,1540,40.53,-88.72, , 
10004439,PIATT CO., ,1985,11,19,1558,F1,1,0,0,250000,0,CST,0,0,2,40,0, ,0,11/19/1985,1558,40.27,-88.5,40.3,-88.48
10004440,CHAMPAIGN CO., ,1985,11,19,1604,F1,1,0,0,250000,0,CST,0,0,3,40,0, ,0,11/19/1985,1604,40.3,-88.48,40.32,-88.4
10004461,DE WITT CO., ,1986,4,30,1705,F1,1,0,0,25000,0,CST,0,0,0.1,20,0, ,0,4/30/1986,1705,40.1,-89.08,40.1,-89.08
10004497,BOONE CO., ,1986,5,15,1430,F0,0,0,0,2500,0,CST,0,0,0.2,10,0, ,0,5/15/1986,1430,42.3,-88.78, , 
10004498,LEE CO., ,1986,5,15,1430,F1,1,0,1,25000,0,CST,0,0,1,33,0, ,0,5/15/1986,1430,41.83,-89.48, , 
10004499,JOHNSON CO., ,1986,5,15,1735,F1,1,0,0,25000,0,CST,0,0,6,33,0, ,0,5/15/1986,1735,37.42,-88.9,37.47,-88.75
10004500,COLES CO., ,1986,5,15,1845,F1,1,0,0,250000,0,CST,0,0,8,33,0, ,0,5/15/1986,1845,39.48,-88.18,39.53,-88.02
10004501,POPE CO., ,1986,5,15,1900,F0,0,0,0,2500,0,CST,0,0,0.2,10,0, ,0,5/15/1986,1900,37.42,-88.48, , 
10004502,EDGAR CO., ,1986,5,15,1904,F1,1,0,0,25000,0,CST,0,0,3.5,100,0, ,0,5/15/1986,1904,39.67,-87.9,39.72,-87.88
10005346,EDGAR CO., ,1986,5,15,1930,F2,2,0,0,0,0,CST,0,0,5,33,0, ,0,5/15/1986,1930,39.53,-87.7,39.58,-87.57
10005561,MACON CO., ,1986,5,16,1620,F0,0,0,0,0,0,CST,0,0,0.2,10,0, ,0,5/16/1986,1620,40.02,-88.95, , 
10005562,SANGAMON CO., ,1986,5,16,1620,F0,0,0,0,0,0,CST,0,0,0.2,10,0, ,0,5/16/1986,1620,39.8,-89.78, , 
10005563,SANGAMON CO., ,1986,5,16,1625,F0,0,0,0,0,0,CST,0,0,0.2,10,0, ,0,5/16/1986,1625,39.67,-89.85, , 
10005565,PIATT CO., ,1986,5,16,1715,F1,1,0,0,2500,0,CST,0,0,0.5,10,0, ,0,5/16/1986,1715,40.22,-88.57, , 
10005571,CASS CO., ,1986,6,4,1520,F0,0,0,0,0,0,CST,0,0,3,100,0, ,0,6/4/1986,1520,39.88,-90.02,39.88,-89.9
10005579,HANCOCK CO., ,1986,6,30,140,F1,1,0,1,25000,0,CST,0,0,0.3,10,0, ,0,6/30/1986,140,40.55,-91.38, , 
10005581,FORD CO., ,1986,6,30,400,F0,0,0,0,0,0,CST,0,0,4,123,0, ,0,6/30/1986,400,40.48,-88.37,40.53,-88.33
10005584,MCHENRY CO., ,1986,7,6,1820,F0,0,0,0,0,0,CST,0,0,8,10,0, ,0,7/6/1986,1820,42.23,-88.33,42.33,-88.18
10005585,LAKE CO., ,1986,7,6,1845,F0,0,0,0,0,0,CST,0,0,4,10,0, ,0,7/6/1986,1845,42.33,-88.15,42.35,-88.1
10002578,WOODFORD CO., ,1986,9,24,1715,F2,2,0,0,250000,0,CST,0,0,2.5,73,0, ,0,9/24/1986,1715,40.82,-89.2, , 
10002585,WINNEBAGO CO., ,1986,9,28,1715,F0,0,0,0,0,0,CST,0,0,0.2,10,0, ,0,9/28/1986,1715,42.27,-89.2, , 
10002588,LA SALLE CO., ,1986,9,29,1255,F1,1,0,0,250000,0,CST,0,0,1,10,0, ,0,9/29/1986,1255,41.45,-88.67, , 
10002590,COOK CO., ,1986,9,29,1330,F1,1,0,10,250000,0,CST,0,0,0.1,50,0, ,0,9/29/1986,1330,41.83,-87.82, , 
10002591,TAZEWELL CO., ,1986,9,29,1458,F2,2,0,0,2500000,0,CST,0,0,2,50,0, ,0,9/29/1986,1458,40.42,-89.42, , 
10003659,MCLEAN CO., ,1986,9,29,1634,F2,2,0,0,2500000,0,CST,0,0,5,50,0, ,0,9/29/1986,1634,40.75,-88.65,40.7,-88.58
10003660,LIVINGSTON CO., ,1986,9,29,1646,F2,2,0,0,2500000,0,CST,0,0,4,50,0, ,0,9/29/1986,1646,40.7,-88.58,40.75,-88.52
10003664,DE WITT CO., ,1987,4,11,1528,F1,1,0,0,250000,0,CST,0,0,24,23,0, ,0,4/11/1987,1528,40.1,-89.1,40.12,-88.67
10003665,CHAMPAIGN CO., ,1987,4,11,1546,F0,0,0,0,0,0,CST,0,0,1,10,0, ,0,4/11/1987,1546,40.18,-88.43, , 
10003666,PIATT CO., ,1987,4,11,1556,F1,1,0,0,250000,0,CST,0,0,4,23,0, ,0,4/11/1987,1556,40.12,-88.67,40.12,-88.6
10003667,MONTGOMERY CO., ,1987,4,13,730,F1,1,0,0,25000,0,CST,0,0,0.5,10,0, ,0,4/13/1987,730,39.3,-89.13, , 
10003668,CHRISTIAN CO., ,1987,4,13,930,F1,1,0,2,25000,0,CST,0,0,3,23,0, ,0,4/13/1987,930,39.52,-89.47,39.52,-89.42
10003669,HENRY CO., ,1987,4,14,1415,F0,0,0,0,25000,0,CST,0,0,0.5,10,0, ,0,4/14/1987,1415,41.35,-90.28, , 
10003689,WOODFORD CO., ,1987,5,20,1743,F1,1,0,0,2500,0,CST,0,0,0.5,50,0, ,0,5/20/1987,1743,40.75,-89.3, , 
10004800,VERMILION CO., ,1987,6,1,1250,F0,0,0,0,0,0,CST,0,0,0.2,10,0, ,0,6/1/1987,1250,40.27,-87.8, , 
10004801,VERMILION CO., ,1987,6,1,1253,F0,0,0,0,0,0,CST,0,0,0.5,10,0, ,0,6/1/1987,1253,40.2,-87.82, , 
10004810,MASON CO., ,1987,6,2,1300,F0,0,0,0,0,0,CST,0,0,0.1,10,0, ,0,6/2/1987,1300,40.2,-89.7, , 
10004812,CHAMPAIGN CO., ,1987,6,2,1312,F2,2,0,0,25000,0,CST,0,0,0.1,10,0, ,0,6/2/1987,1312,40.12,-88.03, , 
10004813,MCLEAN CO., ,1987,6,2,1313,F0,0,0,0,0,0,CST,0,0,0.1,10,0, ,0,6/2/1987,1313,40.32,-88.98, , 
10004816,TAZEWELL CO., ,1987,6,2,1330,F0,0,0,0,0,0,CST,0,0,0.1,10,0, ,0,6/2/1987,1330,40.52,-89.27, , 
10004818,ADAMS CO., ,1987,6,2,1340,F1,1,0,0,2500,0,CST,0,0,1.5,40,0, ,0,6/2/1987,1340,39.78,-91.18, , 
10004819,DOUGLAS CO., ,1987,6,2,1350,F1,1,0,0,250000,0,CST,0,0,0.7,50,0, ,0,6/2/1987,1350,39.68,-88.13, , 
10004828,CLARK CO., ,1987,6,13,1415,F0,0,0,0,0,0,CST,0,0,0.2,10,0, ,0,6/13/1987,1415,39.43,-87.97, , 
10004829,VERMILION CO., ,1987,6,13,1425,F0,0,0,0,0,0,CST,0,0,1,10,0, ,0,6/13/1987,1425,39.9,-87.83,39.88,-87.8
10004830,EDGAR CO., ,1987,6,13,1428,F0,0,0,0,0,0,CST,0,0,1,10,0, ,0,6/13/1987,1428,39.87,-87.78,39.85,-87.77
10005919,KNOX CO., ,1987,7,6,1618,F1,1,0,0,2500,0,CST,0,0,0.1,20,0, ,0,7/6/1987,1618,40.9,-90.17, , 
10005934,IROQUOIS CO., ,1987,7,15,1420,F1,1,0,0,25000,0,CST,0,0,0.2,10,0, ,0,7/15/1987,1420,40.87,-87.62, , 
10005954,ROCK ISLAND CO., ,1987,7,29,1505,F1,1,0,0,2500,0,CST,0,0,0.7,10,0, ,0,7/29/1987,1505,41.62,-90.33, , 
10005958,MERCER CO., ,1987,7,30,1700,F1,1,0,0,25000,0,CST,0,0,0.2,10,0, ,0,7/30/1987,1700,41.18,-90.97, , 
10002383,MORGAN CO., ,1987,8,8,1930,F0,0,0,0,2500,0,CST,0,0,0.2,10,0, ,0,8/8/1987,1930,39.72,-90.27, , 
10005995,LA SALLE CO., ,1987,8,16,2115,F2,2,0,0,250000,0,CST,0,0,1,10,0, ,0,8/16/1987,2115,41.37,-88.85, , 
10006019,LEE CO., ,1988,4,2,1650,F0,0,0,0,0,0,CST,0,0,0.2,20,0, ,0,4/2/1988,1650,41.72,-89.57, , 
10006041,GRUNDY CO., ,1988,4,5,2000,F2,2,0,0,0,0,CST,0,0,7,50,0, ,0,4/5/1988,2000,41.18,-88.28,41.27,-88.15
10006043,WILL CO., ,1988,4,5,2014,F2,2,0,0,0,0,CST,0,0,23,50,0, ,0,4/5/1988,2014,41.27,-88.15,41.5,-87.93
10002608,MONTGOMERY CO., ,1988,4,22,1739,F0,0,0,0,0,0,CST,0,0,0.2,20,0, ,0,4/22/1988,1739,39.32,-89.58, , 
10002610,SHELBY CO., ,1988,4,22,1804,F0,0,0,0,25000,0,CST,0,0,0.5,20,0, ,0,4/22/1988,1804,39.22,-88.98, , 
10002632,ROCK ISLAND CO., ,1988,5,8,1515,F1,1,0,0,25000,0,CST,0,0,0.2,10,0, ,0,5/8/1988,1515,41.75,-90.23,41.75,-90.22
10002633,WHITESIDE CO., ,1988,5,8,1516,F1,1,0,0,25000,0,CST,0,0,0.1,10,0, ,0,5/8/1988,1516,41.75,-90.22,41.75,-90.22
10002638,OGLE CO., ,1988,5,8,1530,F1,1,0,0,25000,0,CST,0,0,0.2,50,0, ,0,5/8/1988,1530,41.98,-89.28, , 
10002643,JACKSON CO., ,1988,5,8,1540,F1,1,0,0,2500,0,CST,0,0,0.2,13,0, ,0,5/8/1988,1540,37.88,-89.5, , 
10002652,LEE CO., ,1988,5,8,1620,F0,0,0,0,25000,0,CST,0,0,0.1,13,0, ,0,5/8/1988,1620,41.83,-89.48, , 
10003726,GRUNDY CO., ,1988,5,8,1700,F1,1,0,0,250000,0,CST,0,0,1,10,0, ,0,5/8/1988,1700,41.2,-88.38, , 
10003731,SANGAMON CO., ,1988,5,8,1718,F2,2,0,0,250000,0,CST,0,0,0.1,50,0, ,0,5/8/1988,1718,39.75,-89.53, , 
10003732,LA SALLE CO., ,1988,5,8,1720,F1,1,0,2,250000,0,CST,0,0,0.5,50,0, ,0,5/8/1988,1720,41.33,-88.82, , 
10003738,WILL CO., ,1988,5,8,1800,F1,1,0,0,250000,0,CST,0,0,7.5,60,0, ,0,5/8/1988,1800,41.32,-88.15,41.4,-88.12
10003739,WILL CO., ,1988,5,8,1800,F1,1,0,3,250000,0,CST,0,0,2,40,0, ,0,5/8/1988,1800,41.5,-88.15, , 
10003741,WILL CO., ,1988,5,8,1815,F1,1,0,1,250000,0,CST,0,0,10.5,60,0, ,0,5/8/1988,1815,41.4,-88.12,41.55,-87.97
10003745,VERMILION CO., ,1988,5,8,1845,F0,0,0,0,25000,0,CST,0,0,0.5,50,0, ,0,5/8/1988,1845,40.12,-87.87, , 
10003775,CARROLL CO., ,1988,9,19,1240,F0,0,0,0,2500,0,CST,0,0,0.1,10,0, ,0,9/19/1988,1240,41.97,-89.78, , 
10004860,JERSEY CO., ,1988,11,15,2115,F1,1,0,0,250000,0,CST,0,0,0.2,50,0, ,0,11/15/1988,2115,39.12,-90.32, , 
10004861,GREENE CO., ,1988,11,15,2130,F2,2,0,0,250000,0,CST,0,0,0.1,50,0, ,0,11/15/1988,2130,39.33,-90.23, , 
10004868,ST. CLAIR CO., ,1988,11,15,2212,F2,2,0,0,250000,0,CST,0,0,0.4,50,0, ,0,11/15/1988,2212,38.52,-90.08, , 
10004869,ST. CLAIR CO., ,1988,11,15,2228,F3,3,0,0,2500000,0,CST,0,0,3,200,0, ,0,11/15/1988,2228,38.62,-90,38.67,-89.98
10004870,MADISON CO., ,1988,11,15,2238,F3,3,0,0,2500000,0,CST,0,0,6,200,0, ,0,11/15/1988,2238,38.67,-89.98,38.7,-89.87
10004871,COLES CO., ,1988,11,15,2245,F1,1,0,0,250000,0,CST,0,0,0.1,50,0, ,0,11/15/1988,2245,39.48,-88.37, , 
10004888,FRANKLIN CO., ,1989,1,7,1632,F0,0,0,0,0,0,CST,0,0,0.5,20,0, ,0,1/7/1989,1632,38.02,-88.8, , 
10004889,HAMILTON CO., ,1989,1,7,1655,F2,2,0,0,2500000,0,CST,0,0,3,100,0, ,0,1/7/1989,1655,38.22,-88.4,38.23,-88.35
10004891,WHITE CO., ,1989,1,7,1658,F2,2,0,6,2500000,0,CST,0,0,3,100,0, ,0,1/7/1989,1658,38.23,-88.35,38.28,-88.33
10004892,WAYNE CO., ,1989,1,7,1701,F2,2,0,0,2500000,0,CST,0,0,10,100,0, ,0,1/7/1989,1701,38.28,-88.33,38.32,-88.13
10004893,WHITE CO., ,1989,1,7,1710,F1,1,0,0,0,0,CST,0,0,0.5,50,0, ,0,1/7/1989,1710,38.23,-88.37, , 
10004895,EDWARDS CO., ,1989,1,7,1720,F2,2,0,0,2500000,0,CST,0,0,9,100,0, ,0,1/7/1989,1720,38.32,-88.13,38.38,-87.93
10004896,WABASH CO., ,1989,1,7,1724,F4,4,0,50,25000000,0,CST,0,0,7,200,0, ,0,1/7/1989,1724,38.48,-87.78,38.58,-87.7
10004898,WABASH CO., ,1989,1,7,1737,F2,2,0,0,2500000,0,CST,0,0,2,100,0, ,0,1/7/1989,1737,38.38,-87.93,38.4,-87.95
10004906,WAYNE CO., ,1989,4,3,1530,F1,1,0,0,25000,0,CST,0,0,0.2,50,0, ,0,4/3/1989,1530,38.28,-88.37, , 
10004910,EDWARDS CO., ,1989,4,3,1553,F1,1,0,0,25000,0,CST,0,0,0.6,50,0, ,0,4/3/1989,1553,38.27,-88.08, , 
10004914,GALLATIN CO., ,1989,4,3,1640,F0,0,0,0,30,0,CST,0,0,0.2,50,0, ,0,4/3/1989,1640,37.88,-88.3, , 
10004918,MASSAC CO., ,1989,4,3,1845,F1,1,0,0,0,0,CST,0,0,0.1,20,0, ,0,4/3/1989,1845,37.27,-88.2, , 
10002688,CRAWFORD CO., ,1989,5,19,1520,F1,1,0,0,2500,0,CST,0,0,1,30,0, ,0,5/19/1989,1520,39,-87.62, , 
10002689,JASPER CO., ,1989,5,19,1600,F1,1,0,0,25000,0,CST,0,0,0.2,20,0, ,0,5/19/1989,1600,39.02,-88.3, , 
10002704,COLES CO., ,1989,5,25,200,F1,1,0,0,250000,0,CST,0,0,0.8,30,0, ,0,5/25/1989,200,39.53,-88.07, , 
10002713,EFFINGHAM CO., ,1989,5,25,1350,F1,1,0,0,25000,0,CST,0,0,0.2,50,0, ,0,5/25/1989,1350,39.07,-88.75, , 
10004433,KENDALL CO., ,1989,6,5,1205,F0,0,0,0,0,0,CST,0,0,0.1,10,0, ,0,6/5/1989,1205,41.6,-88.45, , 
10005220,WAYNE CO., ,1989,7,24,1910,F0,0,0,0,0,0,CST,0,0,0.1,10,0, ,0,7/24/1989,1910,38.45,-88.4, , 
10005245,WAYNE CO., ,1989,10,16,1800,F2,2,0,0,25000,0,CST,0,0,2,800,0, ,0,10/16/1989,1800,38.38,-88.37, , 
10005258,HANCOCK CO., ,1990,3,8,1515,F2,2,0,0,250000,0,CST,0,0,2,33,0, ,0,3/8/1990,1515,40.2,-90.95,40.2,-90.9
10005259,SCHUYLER CO., ,1990,3,8,1520,F2,2,0,0,250000,0,CST,0,0,25,33,0, ,0,3/8/1990,1520,40.2,-90.9,40.23,-90.43
10005260,FULTON CO., ,1990,3,8,1605,F2,2,0,0,250000,0,CST,0,0,15,50,0, ,0,3/8/1990,1605,40.23,-90.43,40.23,-90.2
10005264,ROCK ISLAND CO., ,1990,3,13,1646,F3,3,0,1,2500000,0,CST,0,0,12,250,0, ,0,3/13/1990,1646,41.62,-90.33,41.77,-90.22
10005265,WHITESIDE CO., ,1990,3,13,1711,F3,3,0,0,2500000,0,CST,0,0,3,250,0, ,0,3/13/1990,1711,41.77,-90.22,41.77,-90.2
10004929,MACOUPIN CO., ,1990,5,9,1930,F2,2,0,0,250000,0,CST,0,0,0.2,50,0, ,0,5/9/1990,1930,39.5,-89.77, , 
10004930,HAMILTON CO., ,1990,5,9,1930,F2,2,0,0,25000,0,CST,0,0,0.5,50,0, ,0,5/9/1990,1930,38.1,-88.62, , 
10004936,CHAMPAIGN CO., ,1990,5,9,1940,F1,1,0,0,25000,0,CST,0,0,0.5,50,0, ,0,5/9/1990,1940,40.1,-88.2, , 
10004950,MADISON CO., ,1990,5,12,1645,F1,1,0,0,250000,0,CST,0,0,1,100,0, ,0,5/12/1990,1645,38.97,-89.65,38.97,-89.62
10004951,BOND CO., ,1990,5,12,1649,F1,1,0,0,250000,0,CST,0,0,5,100,0, ,0,5/12/1990,1649,38.97,-89.62,38.97,-89.55
10004953,MONTGOMERY CO., ,1990,5,12,1705,F2,2,0,0,250000,0,CST,0,0,0.2,100,0, ,0,5/12/1990,1705,39.07,-89.62, , 
10004966,DOUGLAS CO., ,1990,5,15,1943,F0,0,0,0,0,0,CST,0,0,0.1,30,0, ,0,5/15/1990,1943,39.8,-88.35, , 
10004971,EFFINGHAM CO., ,1990,5,16,100,F1,1,0,0,250000,0,CST,0,0,10,100,0, ,0,5/16/1990,100,39.07,-88.75,39.12,-88.53
10004972,MACOUPIN CO., ,1990,5,16,156,F0,0,0,0,0,0,CST,0,0,0.1,50,0, ,0,5/16/1990,156,39.13,-89.93, , 
10004981,WHITE CO., ,1990,5,16,1900,F1,1,0,0,2500,0,CST,0,0,10,50,0, ,0,5/16/1990,1900,38.17,-88.3,38.07,-88.25
10004986,SHELBY CO., ,1990,6,2,1530,F2,2,0,2,2500000,0,CST,0,0,8,600,0, ,0,6/2/1990,1530,39.48,-88.88,39.53,-88.68
10004987,DOUGLAS CO., ,1990,6,2,1547,F0,0,0,0,0,0,CST,0,0,0.5,50,0, ,0,6/2/1990,1547,39.65,-88.35, , 
10004988,CLARK CO., ,1990,6,2,1605,F1,1,0,0,25000,0,CST,0,0,0.5,50,0, ,0,6/2/1990,1605,39.32,-88, , 
10004991,SANGAMON CO., ,1990,6,2,1630,F1,1,0,0,25000,0,CST,0,0,8,200,0, ,0,6/2/1990,1630,39.83,-89.65,39.93,-89.53
10004992,WAYNE CO., ,1990,6,2,1645,F4,4,0,2,250000,0,CST,0,0,5.5,300,0, ,0,6/2/1990,1645,38.57,-88.47,38.62,-88.4
10004993,EDGAR CO., ,1990,6,2,1653,F2,2,0,0,25000,0,CST,0,0,11,150,0, ,0,6/2/1990,1653,39.7,-87.72,39.77,-87.52
10005558,CLAY CO., ,1990,6,2,1654,F4,4,0,0,250000,0,CST,0,0,5.5,300,0, ,0,6/2/1990,1654,38.62,-88.4,38.65,-88.3
10005770,EDGAR CO., ,1990,6,2,1658,F2,2,0,0,0,0,CST,0,0,4,100,0, ,0,6/2/1990,1658,39.72,-87.58,39.72,-87.52
10005771,RICHLAND CO., ,1990,6,2,1703,F4,4,0,0,250000,0,CST,0,0,12,300,0, ,0,6/2/1990,1703,38.65,-88.3,38.72,-88.08
10005772,JASPER CO., ,1990,6,2,1707,F4,4,0,6,250000,0,CST,0,0,12.5,200,0, ,0,6/2/1990,1707,38.95,-88.27,39.05,-88.02
10005773,JASPER CO., ,1990,6,2,1720,F1,1,0,0,25000,0,CST,0,0,1,50,0, ,0,6/2/1990,1720,39,-87.98,39,-87.97
10005774,HAMILTON CO., ,1990,6,2,1720,F4,4,0,0,2500000,0,CST,0,0,2.6,300,0, ,0,6/2/1990,1720,38.25,-88.47,38.25,-88.42
10005775,CRAWFORD CO., ,1990,6,2,1722,F1,1,0,0,25000,0,CST,0,0,2,50,0, ,0,6/2/1990,1722,39,-87.97,39,-87.92
10005776,WAYNE CO., ,1990,6,2,1724,F4,4,0,1,2500000,0,CST,0,0,15.5,300,0, ,0,6/2/1990,1724,38.25,-88.42,38.32,-88.15
10005777,CRAWFORD CO., ,1990,6,2,1740,F0,0,0,0,0,0,CST,0,0,3,50,0, ,0,6/2/1990,1740,38.97,-87.62,39,-87.57
10005778,LAWRENCE CO., ,1990,6,2,1745,F2,2,0,1,250000,0,CST,0,0,1,50,0, ,0,6/2/1990,1745,38.77,-87.67,38.83,-87.52
10005780,WABASH CO., ,1990,6,2,1808,F4,4,0,0,2500000,0,CST,0,0,13.3,300,0, ,0,6/2/1990,1808,38.38,-87.98,38.43,-87.72
10005792,HANCOCK CO., ,1990,6,13,1815,F0,0,0,0,0,0,CST,0,0,0.1,20,0, ,0,6/13/1990,1815,40.23,-90.97, , 
10005795,PEORIA CO., ,1990,6,13,1913,F0,0,0,0,2500,0,CST,0,0,7,20,0, ,0,6/13/1990,1913,40.57,-89.63,40.63,-89.52
10005799,WOODFORD CO., ,1990,6,13,1957,F0,0,0,0,0,0,CST,0,0,0.1,50,0, ,0,6/13/1990,1957,40.72,-89.32, , 
10005800,MCLEAN CO., ,1990,6,13,2003,F1,1,0,0,0,0,CST,0,0,0.2,10,0, ,0,6/13/1990,2003,40.42,-89.07, , 
10005805,JACKSON CO., ,1990,6,14,1006,F1,1,0,0,25000,0,CST,0,0,0.2,50,0, ,0,6/14/1990,1006,37.72,-89.47, , 
10005806,HANCOCK CO., ,1990,6,16,1600,F1,1,0,0,25000,0,CST,0,0,0.1,10,0, ,0,6/16/1990,1600,40.55,-91.38, , 
10005827,FULTON CO., ,1990,6,19,2245,F2,2,0,0,250000,0,CST,0,0,0.3,100,0, ,0,6/19/1990,2245,40.57,-90.12, , 
10005829,TAZEWELL CO., ,1990,6,19,2320,F1,1,0,0,2500000,0,CST,0,0,1,100,0, ,0,6/19/1990,2320,40.4,-89.63, , 
10005832,SANGAMON CO., ,1990,6,20,15,F1,1,0,0,25000,0,CST,0,0,0.2,100,0, ,0,6/20/1990,15,39.85,-89.8, , 
10005836,CHAMPAIGN CO., ,1990,6,20,55,F2,2,0,0,2500000,0,CST,0,0,5,100,0, ,0,6/20/1990,55,39.92,-88.27,39.88,-88.23
10005837,DOUGLAS CO., ,1990,6,20,105,F2,2,0,0,2500000,0,CST,0,0,3,100,0, ,0,6/20/1990,105,39.88,-88.23,39.87,-88.17
10002457,CRAWFORD CO., ,1990,6,20,230,F1,1,0,0,25000,0,CST,0,0,4,100,0, ,0,6/20/1990,230,39.07,-87.73,39.1,-87.7
10002464,KANKAKEE CO., ,1990,6,22,1725,F2,2,0,0,250000,0,CST,0,0,1,100,0, ,0,6/22/1990,1725,41.02,-87.93,41,-87.92
10002465,IROQUOIS CO., ,1990,6,22,1727,F2,2,0,0,250000,0,CST,0,0,2,100,0, ,0,6/22/1990,1727,41,-87.92,40.98,-87.88
10002467,WOODFORD CO., ,1990,6,22,1800,F1,1,0,0,25000,0,CST,0,0,0.5,50,0, ,0,6/22/1990,1800,40.77,-89.48, , 
10002494,LAKE CO., ,1990,6,29,515,F1,1,0,0,25000,0,CST,0,0,0.5,100,0, ,0,6/29/1990,515,42.35,-88.1, , 
10002518,WINNEBAGO CO., ,1990,8,28,1242,F1,1,0,0,25000,0,CST,0,0,3,103,0, ,0,8/28/1990,1242,42.3,-89.35,42.25,-89.35
10002523,KENDALL CO., ,1990,8,28,1430,F5,5,0,0,250000,0,CST,0,0,5.2,600,0, ,0,8/28/1990,1430,41.68,-88.35,41.63,-88.25
10003598,HARDIN CO., ,1990,9,7,1430,F1,1,0,0,25000,0,CST,0,0,3,50,0, ,0,9/7/1990,1430,37.47,-88.17,37.5,-88.12
10003609,IROQUOIS CO., ,1990,10,3,1755,F1,1,0,0,2500000,0,CST,0,0,0.5,100,0, ,0,10/3/1990,1755,40.78,-87.73, , 
10003611,SALINE CO., ,1990,10,3,2030,F1,1,0,0,250000,0,CST,0,0,1,50,0, ,0,10/3/1990,2030,37.9,-88.62,37.92,-88.62
10003612,HAMILTON CO., ,1990,10,3,2032,F1,1,0,0,250000,0,CST,0,0,2,50,0, ,0,10/3/1990,2032,37.92,-88.62,37.92,-88.57
10003613,POPE CO., ,1990,10,3,2120,F2,2,0,0,250000,0,CST,0,0,1,100,0, ,0,10/3/1990,2120,37.58,-88.43, , 
10003621,CLINTON CO., ,1990,11,26,1935,F0,0,0,0,25000,0,CST,0,0,0.5,50,0, ,0,11/26/1990,1935,38.62,-89.57, , 
10003622,ST. CLAIR CO., ,1990,11,26,2000,F0,0,0,0,25000,0,CST,0,0,0.5,50,0, ,0,11/26/1990,2000,38.52,-89.98, , 
10003624,SCHUYLER CO., ,1990,11,27,1315,F2,2,0,0,250000,0,CST,0,0,6,100,0, ,0,11/27/1990,1315,40.1,-90.58,40.18,-90.48
10003625,FULTON CO., ,1990,11,27,1345,F1,1,0,0,250000,0,CST,0,0,5,100,0, ,0,11/27/1990,1345,40.27,-90.22,40.37,-90.22
10003626,MASON CO., ,1990,11,27,1400,F1,1,0,0,25000,0,CST,0,0,0.5,50,0, ,0,11/27/1990,1400,40.43,-89.93, , 
10003627,TAZEWELL CO., ,1990,11,27,1413,F2,2,0,2,2500000,0,CST,0,0,1,200,0, ,0,11/27/1990,1413,40.47,-89.73, , 
10003629,JERSEY CO., ,1990,11,27,1520,F1,1,0,0,250000,0,CST,0,0,0.5,400,0, ,0,11/27/1990,1520,39.03,-90.48, , 
10003641,IROQUOIS CO., ,1991,3,22,2251,F1,1,0,0,2500000,0,CST,0,0,1,100,0, ,0,3/22/1991,2251,40.98,-87.97,41,-87.95
10003642,KANKAKEE CO., ,1991,3,22,2253,F1,1,0,0,2500000,0,CST,0,0,8,100,0, ,0,3/22/1991,2253,41,-87.95,41.13,-87.93
10003643,VERMILION CO., ,1991,3,22,2313,F1,1,0,0,2500000,0,CST,0,0,1,50,0, ,0,3/22/1991,2313,40.1,-87.63, , 
10004733,WILL CO., ,1991,3,27,1550,F0,0,0,0,0,0,CST,0,0,3,50,0, ,0,3/27/1991,1550,41.7,-88.27,41.68,-88.2
10004737,WILL CO., ,1991,3,27,1555,F3,3,0,0,25000000,0,CST,0,0,3,200,0, ,0,3/27/1991,1555,41.58,-88.1,41.63,-88.07
10004739,WILL CO., ,1991,3,27,1602,F3,3,0,0,25000000,0,CST,0,0,2.8,200,0, ,0,3/27/1991,1602,41.63,-88.07,41.67,-88.02
10004740,COOK CO., ,1991,3,27,1607,F3,3,0,7,25000000,0,CST,0,0,9.2,200,0, ,0,3/27/1991,1607,41.67,-88.02,41.7,-87.85
10004741,KANKAKEE CO., ,1991,3,27,1610,F1,1,0,0,0,0,CST,0,0,0.5,50,0, ,0,3/27/1991,1610,41.25,-87.83, , 
10004744,WILL CO., ,1991,3,27,1637,F0,0,0,0,2500,0,CST,0,0,0.5,50,0, ,0,3/27/1991,1637,41.42,-87.73, , 
10004750,DU PAGE CO., ,1991,4,23,1250,F1,1,0,0,2500,0,CST,0,0,0.1,100,0, ,0,4/23/1991,1250,41.78,-88.15, , 
10004754,LA SALLE CO., ,1991,4,29,1820,F1,1,0,0,25000,0,CST,0,0,4,100,0, ,0,4/29/1991,1820,41.55,-89.03,41.63,-88.98
10004755,BOONE CO., ,1991,4,29,1830,F0,0,0,0,25000,0,CST,0,0,3,100,0, ,0,4/29/1991,1830,42.18,-88.78,42.18,-88.73
10004756,LEE CO., ,1991,4,29,1830,F1,1,0,0,25000,0,CST,0,0,6,100,0, ,0,4/29/1991,1830,41.63,-88.98,41.68,-88.93
10004757,WOODFORD CO., ,1991,4,29,1845,F0,0,0,0,0,0,CST,0,0,0.2,100,0, ,0,4/29/1991,1845,40.88,-89.07, , 
10004758,WINNEBAGO CO., ,1991,4,29,1855,F0,0,0,0,0,0,CST,0,0,0.1,100,0, ,0,4/29/1991,1855,42.32,-89.17, , 
10004759,MCLEAN CO., ,1991,4,29,1900,F1,1,0,0,0,0,CST,0,0,0.2,200,0, ,0,4/29/1991,1900,40.63,-88.98, , 
10004760,DE WITT CO., ,1991,4,29,1926,F0,0,0,0,0,0,CST,0,0,0.2,50,0, ,0,4/29/1991,1926,40.12,-88.73, , 
10004761,MCHENRY CO., ,1991,4,29,1930,F0,0,0,0,0,0,CST,0,0,0.1,20,0, ,0,4/29/1991,1930,42.25,-88.68, , 
10004766,KANE CO., ,1991,5,5,1618,F1,1,0,0,25000,0,CST,0,0,0.5,50,0, ,0,5/5/1991,1618,41.95,-88.48, , 
10004770,COOK CO., ,1991,5,5,1700,F0,0,0,0,0,0,CST,0,0,0.5,50,0, ,0,5/5/1991,1700,42.07,-87.85, , 
10004772,ST. CLAIR CO., ,1991,5,10,1455,F0,0,0,0,0,0,CST,0,0,0.1,50,0, ,0,5/10/1991,1455,38.5,-89.8, , 
10004773,ST. CLAIR CO., ,1991,5,11,1450,F0,0,0,0,0,0,CST,0,0,0.1,350,0, ,0,5/11/1991,1450,38.6,-89.82, , 
10004775,TAZEWELL CO., ,1991,5,14,1015,F0,0,0,0,0,0,CST,0,0,0.1,20,0, ,0,5/14/1991,1015,40.43,-89.32, , 
10004776,TAZEWELL CO., ,1991,5,14,1030,F0,0,0,0,0,0,CST,0,0,0.1,20,0, ,0,5/14/1991,1030,40.42,-89.42, , 
10004783,PIATT CO., ,1991,5,16,1307,F0,0,0,0,0,0,CST,0,0,0.2,50,0, ,0,5/16/1991,1307,40.2,-88.57, , 
10005850,MCDONOUGH CO., ,1991,5,17,1907,F0,0,0,0,0,0,CST,0,0,1,50,0, ,0,5/17/1991,1907,40.57,-90.53, , 
10005863,ADAMS CO., ,1991,5,18,1430,F0,0,0,0,0,0,CST,0,0,0.7,33,0, ,0,5/18/1991,1430,39.95,-91.25, , 
10005864,WILL CO., ,1991,5,22,1730,F0,0,0,0,0,0,CST,0,0,0.2,50,0, ,0,5/22/1991,1730,41.53,-88.23, , 
10005865,LA SALLE CO., ,1991,5,25,1430,F0,0,0,0,0,0,CST,0,0,0.1,50,0, ,0,5/25/1991,1430,41.63,-89.12, , 
10005871,ROCK ISLAND CO., ,1991,5,31,1420,F1,1,0,0,2500,0,CST,0,0,0.5,100,0, ,0,5/31/1991,1420,41.63,-90.33, , 
10005886,TAZEWELL CO., ,1991,5,31,1842,F0,0,0,0,0,0,CST,0,0,0.2,50,0, ,0,5/31/1991,1842,40.43,-89.27, , 
10002856,RICHLAND CO., ,1991,8,3,1746,F1,1,0,0,2500000,0,CST,0,0,0.5,1733,0, ,0,8/3/1991,1746,38.73,-88.08, , 
10003958,TAZEWELL CO., ,1991,10,4,1709,F1,1,0,0,250000,0,CST,0,0,0.4,20,0, ,0,10/4/1991,1709,40.33,-89.42, , 
10003962,MCLEAN CO., ,1991,10,4,1734,F1,1,0,0,0,0,CST,0,0,0.1,10,0, ,0,10/4/1991,1734,40.58,-89.13, , 
10003983,WILLIAMSON CO., ,1991,11,19,1655,F3,3,0,16,25000000,0,CST,0,0,1.5,70,0, ,0,11/19/1991,1655,37.73,-88.93, , 
10005068,MCLEAN CO., ,1991,12,8,1513,F0,0,0,0,250000,0,CST,0,0,8,50,0, ,0,12/8/1991,1513,40.3,-89.17,40.32,-89
10005070,MORGAN CO., ,1992,3,6,1551,F0,0,0,0,0,0,CST,0,0,0.2,10,0, ,0,3/6/1992,1551,39.67,-90.32, , 
10005072,OGLE CO., ,1992,4,10,1928,F0,0,0,0,0,0,CST,0,0,0.1,50,0, ,0,4/10/1992,1928,42.05,-89.6, , 
10005079,FULTON CO., ,1992,4,15,1630,F0,0,0,0,250000,0,CST,0,0,1,50,0, ,0,4/15/1992,1630,40.33,-90.23, , 
10005088,TAZEWELL CO., ,1992,5,4,1350,F0,0,0,0,2500,0,CST,0,0,0.1,30,0, ,0,5/4/1992,1350,40.42,-89.42, , 
10005090,MCLEAN CO., ,1992,5,4,1542,F0,0,0,0,0,0,CST,0,0,0.1,30,0, ,0,5/4/1992,1542,40.53,-88.72, , 
10005091,MCLEAN CO., ,1992,5,4,1550,F0,0,0,0,0,0,CST,0,0,0.1,10,0, ,0,5/4/1992,1550,40.65,-88.78, , 
10005099,WHITESIDE CO., ,1992,6,17,1220,F0,0,0,0,0,0,CST,0,0,0.1,30,0, ,0,6/17/1992,1220,41.6,-89.7, , 
10005103,ADAMS CO., ,1992,6,17,1254,F0,0,0,0,2500,0,CST,0,0,0.5,40,0, ,0,6/17/1992,1254,39.93,-91.4, , 
10006196,IROQUOIS CO., ,1992,6,17,1540,F2,2,0,1,250000,0,CST,0,0,0.1,20,0, ,0,6/17/1992,1540,40.88,-87.95, , 
10006197,CHAMPAIGN CO., ,1992,6,17,1545,F0,0,0,1,0,0,CST,0,0,0.1,10,0, ,0,6/17/1992,1545,40.32,-88.43, , 
10006198,IROQUOIS CO., ,1992,6,17,1545,F1,1,0,0,25000,0,CST,0,0,0.1,20,0, ,0,6/17/1992,1545,40.77,-87.98, , 
10006214,WHITESIDE CO., ,1992,6,19,1950,F0,0,0,0,2500,0,CST,0,0,0.2,40,0, ,0,6/19/1992,1950,41.62,-90.03, , 
10006242,ADAMS CO., ,1992,7,2,1305,F0,0,0,0,0,0,CST,0,0,0.1,250,0, ,0,7/2/1992,1305,39.92,-91.37, , 
10006244,ADAMS CO., ,1992,7,2,1310,F0,0,0,0,2500,0,CST,0,0,0.8,300,0, ,0,7/2/1992,1310,39.93,-91.4, , 
10006252,ADAMS CO., ,1992,7,2,1338,F0,0,0,0,0,0,CST,0,0,0.2,350,0, ,0,7/2/1992,1338,39.95,-91.2, , 
10006277,PIKE CO., ,1992,7,2,1555,F0,0,0,0,0,0,CST,0,0,0.1,250,0, ,0,7/2/1992,1555,39.62,-90.62, , 
10006323,ST. CLAIR CO., ,1992,7,4,1911,F1,1,0,0,2500000,0,CST,0,0,6,500,0, ,0,7/4/1992,1911,38.3,-89.83, , 
10002899,MCDONOUGH CO., ,1992,7,25,1610,F0,0,0,0,0,0,CST,0,0,7,1000,0, ,0,7/25/1992,1610,40.55,-90.87,40.42,-90.73
10002900,MCDONOUGH CO., ,1992,7,25,1625,F0,0,0,0,250000,0,CST,0,0,3,500,0, ,0,7/25/1992,1625,40.43,-90.72,40.47,-90.67
10002906,COLES CO., ,1992,7,30,1150,F0,0,0,0,2500,0,CST,0,0,0.1,100,0, ,0,7/30/1992,1150,39.65,-88.03, , 
10002907,EDGAR CO., ,1992,7,30,1225,F0,0,0,0,25000,0,CST,0,0,0.1,33,0, ,0,7/30/1992,1225,39.62,-87.7, , 
10002909,MCLEAN CO., ,1992,8,26,1433,F0,0,0,0,0,0,CST,0,0,0.1,10,0, ,0,8/26/1992,1433,40.57,-88.9, , 
10002932,MCLEAN CO., ,1992,9,9,1646,F0,0,0,0,0,0,CST,0,0,0.2,10,0, ,0,9/9/1992,1646,40.75,-88.88, , 
10320751,HENDERSON CO.,Stronghurst,1993,5,11,1556,F1,1,0,0,50000,0,CST,0,0,0.5,20,0, ,0,5/11/1993,1556,40.75,-90.9, , 
10322553,OGLE CO., ,1993,5,23,1740,F1,1,0,0,50000,0,CST,0,0,0.25,20,0, ,2,5/23/1993,1740,42.12,-89.43, , 
10322686,WILL CO.,Crest Hill Joliet,1993,8,15,1555,F1,1,0,0,0,0,CST,0,0,0.3,20,0, ,0,8/15/1993,1555,41.57,-88.15, , 
10322687,WILL CO.,New Lennox,1993,8,15,1635,F2,2,0,0,500000,0,CST,0,0,0.3,20,0, ,0,8/15/1993,1635,41.52,-87.97, , 
10322880,WABASH CO.,Mt.Carmel,1993,8,16,1757,F1,1,0,0,50000,5000,CST,0,0,0.5,50,3,WSW,0,8/16/1993,1757,38.4,-87.83, , 
10320473,DE WITT CO.,Wapella,1993,8,16,1912,F0,0,0,0,0,0,CST,0,0,0.1,10,1,N,0,8/16/1993,1912,40.23,-88.97, , 
10322619,PIATT CO.,Monticello,1993,8,16,2031,F0,0,0,0,0,0,CST,0,0,0.1,10,3,W,0,8/16/1993,2031,40.03,-88.63, , 
10320478,DOUGLAS CO.,Garrett,1993,8,16,2104,F0,0,0,0,0,0,CST,0,0,0.1,10,4,N,0,8/16/1993,2104, , , , 
10322953,MONTGOMERY CO.,Litchfield,1993,8,19,1712,F0,0,0,0,0,0,CST,0,0,0.1,10,7,N,0,8/19/1993,1712,39.3,-89.65, , 
10320309,MACOUPIN CO.,Atwater,1993,8,19,1715,F0,0,0,0,0,0,CST,0,0,0.1,35,1,N,0,8/19/1993,1715,39.35,-89.73, , 
10322744,TAZEWELL CO.,Minier,1993,8,23,1745,F1,1,0,0,0,0,CST,0,0,0.3,20,0, ,0,8/23/1993,1745,40.43,-89.32, , 
10320338,JO DAVIESS CO.,Stockton,1993,9,20,1600,F0,0,0,0,0,0,CST,0,0,0.3,20,0, ,0,9/20/1993,1600, , , , 
10322858,MONROE CO.,Waterloo to 1 NE Wate,1994,4,15,415,F0,0,0,0,500000,0,CST,0,0,2.5,40,1,NW,0,4/15/1994,425,38.35,-90.17, , 
10320578,FAYETTE CO.,Loogootee to,1994,4,15,522,F1,1,0,0,500000,0,CST,0,0,2.5,60,0, ,3,4/15/1994,528,38.9,-88.85, , 
10320479,DOUGLAS CO.,Arcola,1994,4,26,2030,F0,0,0,0,0,0,CST,0,0,1,100,2,SW,0,4/26/1994,2030,39.67,-88.33, , 
10320731,COLES CO.,Cooks Mills,1994,4,26,2031,F1,1,0,0,5000000,0,CST,0,0,3,130,3,N,0,4/26/1994,2031,39.63,-88.4,39.65,-88.32
10322700,WILL CO.,Beecher,1994,4,26,2040,F1,1,0,0,50000,0,CST,0,0,2,20,4,E,0,4/26/1994,2040,41.32,-87.58,41.35,-87.52
10322699,WILL CO.,Beecher to,1994,4,26,2040,F0,0,0,0,50000,0,CST,0,0,3,20,3,SE,45,4/26/1994,2040,41.32,-87.58,41.35,-87.52
10320264,IROQUOIS CO.,Watseka,1994,4,26,2045,F1,1,0,0,50000,0,CST,0,0,1,20,0, ,0,4/26/1994,2045,40.78,-87.73, , 
10320548,EFFINGHAM CO.,Eberle to,1994,4,26,2230,F2,2,0,3,500000,0,CST,0,0,6,50,2,SW,4,4/26/1994,2250,38.92,-88.48,38.98,-88.38
10320656,CHAMPAIGN CO.,Broadlands,1994,4,26,2245,F0,0,0,0,0,0,CST,0,0,0.25,50,2,E,0,4/26/1994,2245,39.92,-87.95, , 
10320463,CRAWFORD CO., ,1994,4,26,2311,F0,0,0,0,50000,0,CST,0,0,0.1,20,0, ,0,4/26/1994,2311, , , , 
10320593,FRANKLIN CO.,West Frankfort,1994,4,27,405,F1,1,0,1,500000,0,CST,0,0,1,25,0, ,0,4/27/1994,405, , , , 
10322774,RANDOLPH CO.,Ruma to,1994,4,28,1130,F0,0,0,0,500000,5000,CST,0,0,8,60,1,N,0,4/28/1994,1139,38.15,-90,38.18,-89.85
10322776,RANDOLPH CO.,Steeleville,1994,4,28,1218,F0,0,0,0,5000,0,CST,0,0,0.3,35,0, ,0,4/28/1994,1218,38,-89.67, , 
10320689,CLARK CO.,Martinsville,1994,5,14,1915,F0,0,0,0,0,0,CST,0,0,0.1,10,6,S,0,5/14/1994,1915,39.23,-87.88, , 
10322782,TAZEWELL CO.,East Peoria,1994,6,26,1733,F0,0,0,0,0,0,CST,0,0,0.25,20,0, ,0,6/26/1994,1733, , , , 
10322794,TAZEWELL CO.,Powerton,1994,7,20,1722,F0,0,0,0,0,0,CST,0,0,0.25,20,0, ,0,7/20/1994,1722, , , , 
10322823,TAZEWELL CO.,Morton,1994,7,20,1745,F0,0,0,0,0,0,CST,0,0,0.25,20,0, ,0,7/20/1994,1745, , , , 
10322556,OGLE CO.,Baileyville,1995,4,18,945,F1,1,0,0,0,0,CST,0,0,0.5,30,1,W,0,4/18/1995,945,42.18,-89.6, , 
10323022,MORGAN CO.,Alexander,1995,5,9,1601,F0,0,0,0,0,0,CST,0,0,0.1,10,1,NW,0,5/9/1995,1601, , , , 
10323023,MORGAN CO.,Prentice,1995,5,9,1605,F0,0,0,0,0,0,CST,0,0,0.1,10,1,E,0,5/9/1995,1605, , , , 
10320429,LOGAN CO.,Cantrall,1995,5,9,1622,F3,3,0,6,10000000,0,CST,0,0,40,880,0, ,5,5/9/1995,1756,39.88,-89.73,40.22,-89.12
10322909,ROCK ISLAND AND WHITESIDE CO.,Rapids City,1995,5,9,1626,F3,3,0,0,200000,0,CST,0,0,25,200,5,S,0,5/9/1995,1640, , , , 
10320625,FULTON CO.,Cuba,1995,5,9,1635,F0,0,0,0,0,0,CST,0,0,0.1,10,2,W,0,5/9/1995,1635,40.5,-90.25, , 
10320626,FULTON CO.,Canton to,1995,5,9,1648,F0,0,0,0,0,0,CST,0,0,3,220,3,SW,0,5/9/1995,1652,40.53,-90.08,40.57,-90.03
10320760,HENRY CO.,Geneseo,1995,5,9,1700,F0,0,0,0,20000,0,CST,0,0,0.1,75,1,N,0,5/9/1995,1700, , , , 
10320570,BUREAU CO., ,1995,5,9,1701,F0,0,0,0,200000,0,CST,0,0,11,75,0, ,0,5/9/1995,1701, , , , 
10320571,BUREAU CO.,Neponset,1995,5,9,1701,F3,3,0,0,3000000,0,CST,0,0,42,300,0, ,2,5/9/1995,1730, , , , 
10320609,CARROLL CO.,Albany,1995,5,9,1701,F3,3,0,0,2000000,0,CST,0,0,50,500,1,NE,4,5/9/1995,1803, , , , 
10322825,TAZEWELL CO.,South Pekin,1995,5,9,1704,F1,1,0,2,1000000,0,CST,0,0,4,220,3,SW,1,5/9/1995,1710, , , , 
10320383,LEE CO.,Harmon,1995,5,9,1725,F0,0,0,0,0,0,CST,0,0,0.5,30,0, ,0,5/9/1995,1725,41.72,-89.55, , 
10322965,MONTGOMERY CO.,Old Ripley,1995,5,9,1738,F0,0,0,0,0,0,CST,0,0,0.2,40,10,N,0,5/9/1995,1738,39.05,-89.57, , 
10322587,WHITESIDE CO.,Rock Falls,1995,5,9,1745,F0,0,0,0,0,0,CST,0,0,1,75,7,S,0,5/9/1995,1800,41.65,-89.7, , 
10322966,MONTGOMERY CO.,Irving,1995,5,9,1800,F0,0,0,0,0,0,CST,0,0,0.2,40,0, ,0,5/9/1995,1800, , , , 
10321013,MCLEAN CO.,LeRoy,1995,5,9,1810,F1,1,0,0,150000,0,CST,0,0,13,220,0, ,0,5/9/1995,1833,40.25,-88.97,40.35,-88.77
10323012,MONTGOMERY CO.,Nokomis,1995,5,9,1815,F1,1,0,0,8200,0,CST,0,0,0.7,70,4,E,0,5/9/1995,1815,39.3,-89.2, , 
10320475,DE WITT CO.,Wapella to,1995,5,9,1833,F1,1,0,0,150000,0,CST,0,0,13,220,2,N,0,5/9/1995,1833, , , , 
10322272,SHELBY CO.,Oconee,1995,5,9,1856,F1,1,0,0,0,0,CST,0,0,0.1,10,2,SE,0,5/9/1995,1856,39.27,-89.08, , 
10321014,MCLEAN CO.,Saybrook,1995,5,9,1907,F0,0,0,0,0,0,CST,0,0,2,220,3,SW,0,5/9/1995,1907, , , , 
10322705,MCLEAN CO., ,1995,5,9,1917,F1,1,0,0,106000,0,CST,0,0,3,220,0, ,0,5/9/1995,1917, , , , 
10322273,SHELBY CO.,Cold Spring,1995,5,9,1930,F0,0,0,0,0,0,CST,0,0,1,220,2,E,0,5/9/1995,1930,39.27,-88.97, , 
10320590,FORD AND IROQUOIS CO.,Thawville to,1995,5,9,2000,F1,1,0,0,10000,0,CST,0,0,5,40,1,SW,2,5/9/1995,2000, , , , 
10320423,KANKAKEE CO.,Momence,1995,5,10,1307,F0,0,0,0,0,0,CST,0,0,0.5,20,0, ,0,5/10/1995,1307, , , , 
10320298,KNOX CO.,St Augustine,1995,5,13,1618,F2,2,0,2,1600000,0,CST,0,0,14,880,1,N,1,5/13/1995,1655,40.73,-90.38,40.82,-90.15
10320629,FULTON CO.,Ipava to,1995,5,13,1655,F4,4,0,45,6000000,0,CST,0,0,7,880,1,NE,2,5/13/1995,1706,40.37,-90.3,40.42,-90.12
10322827,TAZEWELL CO.,Tremont,1995,5,13,1715,F3,3,0,25,4000000,0,CST,0,0,25,880,0, ,0,5/13/1995,1747,40.42,-89.93,40.52,-89.48
10322611,PEORIA CO.,Princeville,1995,5,13,1715,F1,1,0,0,0,0,CST,0,0,7,220,1,W,0,5/13/1995,1730,40.42,-89.93,40.52,-89.48
10322803,WOODFORD CO.,Congerville,1995,5,13,1810,F0,0,0,0,0,0,CST,0,0,0.1,10,2,SW,0,5/13/1995,1810,40.62,-89.22, , 
10322706,MCLEAN CO.,Carlock,1995,5,13,1815,F0,0,0,0,150000,0,CST,0,0,0.1,10,1,SW,0,5/13/1995,1815,40.57,-89.15, , 
10322707,MCLEAN CO.,Sabina to,1995,5,13,2015,F1,1,0,0,518000,0,CST,0,0,4,220,3,W,1,5/13/1995,2025, , , , 
10320277,IROQUOIS CO.,Papineau,1995,5,13,2025,F0,0,0,0,5000,0,CST,0,0,1,30,0, ,0,5/13/1995,2025,40.97,-87.72, , 
10322898,MONROE CO.,Waterloo,1995,5,18,1137,F1,1,0,0,885,0,CST,0,0,0.6,85,0, ,0,5/18/1995,1137,38.33,-90.15, , 
10322900,MONROE CO.,Monroe City to,1995,5,18,1140,F2,2,0,0,75000,0,CST,0,0,4,300,1,SW,24,5/18/1995,1146,38.23,-90.28,38.3,-90.2
10322901,MONROE CO.,Mayestown to,1995,5,18,1142,F1,1,0,0,23000,0,CST,0,0,4.5,100,3,NE,3,5/18/1995,1148,38.25,-90.18,38.32,-90.15
10322902,MONROE CO.,Burksville to,1995,5,18,1144,F1,1,0,0,50000,0,CST,0,0,6,200,2,SW,22,5/18/1995,1150,38.25,-90.18,38.32,-90.12
10322903,MONROE CO.,Burksville to,1995,5,18,1146,F2,2,0,0,110000,0,CST,0,0,4.2,170,1,SE,42,5/18/1995,1152,38.25,-90.13,38.28,-90.08
10322684,ST. CLAIR CO.,Millstadt,1995,5,18,1146,F0,0,0,0,4300,0,CST,0,0,0.4,75,2,SE,0,5/18/1995,1146,38.25,-90.13,38.28,-90.08
10322904,MONROE CO.,Hecker,1995,5,18,1148,F1,1,0,0,100000,0,CST,0,0,4.8,150,2,W,0,5/18/1995,1154,38.27,-90.08,38.3,-90.02
10322984,WASHINGTON CO.,Addieville to,1995,5,18,1228,F1,1,0,0,130000,0,CST,0,0,18,200,2,SW,2,5/18/1995,1252,38.38,-89.5,38.42,-89.27
10320328,JEFFERSON CO.,Waltonville,1995,5,18,1250,F0,0,0,0,0,0,CST,0,0,0.3,40,0, ,0,5/18/1995,1250,38.22,-89.05, , 
10322912,WABASH CO.,Mt Carmel,1995,5,18,1425,F1,1,0,0,50000,0,CST,0,0,0.5,50,3,N,0,5/18/1995,1425,38.47,-87.77, , 
10320668,GREENE CO.,White Hall,1995,5,27,1715,F1,1,0,0,145,0,CST,0,0,8,120,0, ,0,5/27/1995,1735,39.43,-90.4,39.53,-90.33
10322914,WARREN CO.,Little York,1995,5,27,1725,F0,0,0,0,5000,0,CST,0,0,0.1,50,1,S,0,5/27/1995,1725,41,-90.75, , 
10322257,MORGAN CO.,Meredosia,1995,5,27,1745,F0,0,0,0,0,0,CST,0,0,0.1,10,0, ,0,5/27/1995,1745,39.83,-90.57, , 
10320259,HENRY CO.,Galva,1995,5,27,1820,F0,0,0,0,0,0,CST,0,0,0.1,50,0, ,0,5/27/1995,1820,41.12,-89.97, , 
10320575,BUREAU CO.,Sheffield,1995,5,27,1845,F0,0,0,0,20000,0,CST,0,0,0.5,50,0, ,0,5/27/1995,1845,41.35,-89.73, , 
10320274,MACON CO.,Niantic,1995,5,27,1905,F0,0,0,0,0,0,CST,0,0,0.1,10,1,NE,0,5/27/1995,1905, , , , 
10322588,WHITESIDE CO.,Lyndon,1995,5,27,1910,F0,0,0,0,0,0,CST,0,0,0.1,50,2,N,0,5/27/1995,1910,41.75,-89.93, , 
10322756,WILL CO.,Plainfield,1995,6,2,1030,F0,0,0,0,2000,0,CST,0,0,0.1,10,0, ,0,6/2/1995,1030,41.6,-88.2, , 
10320391,LIVINGSTON CO.,Blackstone,1995,6,26,1530,F1,1,0,0,85000,0,CST,0,0,0.1,10,0, ,0,6/26/1995,1530,41.08,-88.68, , 
10322839,WOODFORD CO.,El Paso,1995,6,26,1727,F0,0,0,0,0,0,CST,0,0,0.1,10,1,E,0,6/26/1995,1727,40.73,-89, , 
10320278,IROQUOIS CO.,Milford,1995,6,27,1551,F1,1,0,0,10000,0,CST,0,0,0.5,20,2,NW,0,6/27/1995,1551,40.67,-87.7, , 
10320671,GREENE CO.,Roodhouse,1995,7,25,1940, , ,0,0,200,2200,CST,0,0,2.2,125,2,SW,0,7/25/1995,1950,39.47,-90.4, , 
10320386,LEE CO.,Dixon,1995,7,27,1820,F0,0,0,0,0,0,CST,0,0,0.2,20,2,E,0,7/27/1995,1820, , , , 
10320343,LA SALLE CO.,Marseilles,1995,8,9,1450,F0,0,0,0,0,0,CST,0,0,0.2,20,4,N,0,8/9/1995,1450, , , , 
10320287,JACKSON CO.,Murphysboro,1995,8,19,1600,F0,0,0,0,0,0,CST,0,0,0.25,25,5,W,0,8/19/1995,1600, , , , 
5540408,MONTGOMERY CO.,FARMERSVILLE,1996,2,26,1815,F0,0,0,0,0,0,CST,0,0,0.3,75, , , ,2/26/1996,1820,39.43,-89.65,39.43,-89.65
5543728,MACON CO.,DECATUR,1996,4,18,2005,F1,1,0,9,1500000,0,CST,0,0,2.5,220,1,SSE,2,4/18/1996,2009,39.83,-88.95,39.83,-88.92
5543731,COLES CO.,MATTOON,1996,4,19,1520,F0,0,0,0,0,0,CST,0,0,0.1,100,3,N,3,4/19/1996,1520,39.52,-88.37,39.52,-88.37
5543732,COLES CO.,FAIRGRANGE,1996,4,19,1535,F0,0,0,0,0,0,CST,0,0,0.1,100,3,N,3,4/19/1996,1535,39.63,-88.17,39.63,-88.17
5543729,EDGAR CO.,PARIS,1996,4,19,1610,F1,1,0,0,0,0,CST,0,0,2,440,3,NW,3,4/19/1996,1616,39.65,-87.73,39.67,-87.7
5543730,EDGAR CO.,PARIS,1996,4,19,1612,F0,0,0,0,0,0,CST,0,0,1,220,2,NNW,2,4/19/1996,1616,39.63,-87.72,39.65,-87.7
5540436,LA SALLE CO.,RUTLAND,1996,4,19,1640,F1,1,0,0,0,0,CST,0,0,0.5,50, , , ,4/19/1996,1641,40.98,-89.05,40.98,-89.05
5543733,SCOTT CO.,WINCHESTER,1996,4,19,1644,F0,0,0,0,0,0,CST,0,0,2,100,5,WSW,3,4/19/1996,1646,39.6,-90.55,39.62,-90.52
5545018,MONROE CO.,VALMEYER,1996,4,19,1645,F0,0,0,0,2000,0,CST,0,0,1,50,1,NE,3,4/19/1996,1648,38.32,-90.3,38.33,-90.28
5555029,HENDERSON CO.,OQUAWKA,1996,4,19,1700,F0,0,0,0,4000000,0,CST,0,0,5,50,5,N,4,4/19/1996,1710,41,-90.95,41.05,-90.9
5543907,MASON CO.,BATH,1996,4,19,1707,F2,2,0,1,0,0,CST,0,0,9,250, , ,9,4/19/1996,1717,40.2,-90.15,40.3,-90.03
5555030,HENDERSON CO.,BALD BLUFF,1996,4,19,1710,F1,1,0,0,4000000,0,CST,0,0,3.5,100,3,W,3,4/19/1996,1716,41.02,-90.9,41.02,-90.9
5543899,PEORIA CO.,BRIMFIELD,1996,4,19,1710,F0,0,0,0,0,0,CST,0,0,4,100,1,SW,3,4/19/1996,1716,40.82,-89.9,40.87,-89.85
5543908,MASON CO.,EASTON,1996,4,19,1717,F1,1,0,0,0,0,CST,0,0,9,250,2,WSW,7,4/19/1996,1730,40.22,-89.87,40.3,-89.73
5543896,MORGAN CO.,JACKSONVILLE,1996,4,19,1718,F2,2,0,1,400000,0,CST,0,0,6,880,2,E,1,4/19/1996,1728,39.73,-90.2,39.73,-90.08
5545019,ST. CLAIR CO.,FREEBURG,1996,4,19,1720,F0,0,0,0,5000,0,CST,0,0,1.5,50,2,SW,1,4/19/1996,1725,38.42,-89.93,38.43,-89.9
5540442,KANKAKEE CO.,HERSCHER,1996,4,19,1725,F0,0,0,0,0,0,CST,0,0,4,20,2,NE,7,4/19/1996,1729,41.07,-88.07,41.12,-87.98
5543897,MORGAN CO.,ALEXANDER,1996,4,19,1731,F0,0,0,0,0,0,CST,0,0,0.1,100,2,E,2,4/19/1996,1731,39.72,-90,39.72,-90
5543898,SANGAMON CO.,NEW BERLIN,1996,4,19,1732,F0,0,0,0,250000,0,CST,0,0,4,330,2,E,5,4/19/1996,1741,39.72,-89.88,39.75,-89.83
5543909,LOGAN CO.,UNION,1996,4,19,1758,F0,0,0,0,15000,0,CST,0,0,0.2,220,3,NNE,3,4/19/1996,1800,40.32,-89.35,40.32,-89.35
5555031,HENRY CO.,BISHOP HILL,1996,4,19,1800,F3,3,0,4,10000000,0,CST,0,0,3,100, , ,1,4/19/1996,1810,41.2,-90.12,41.18,-90.03
5545027,RANDOLPH CO.,CHESTER,1996,4,19,1800,F0,0,0,0,500,5000,CST,0,0,1.5,60,3,WNW,3,4/19/1996,1803,37.92,-89.87,37.93,-89.85
5543910,TAZEWELL CO.,ARMINGTON,1996,4,19,1800,F2,2,0,0,1000000,0,CST,0,0,4.4,440,2,SW,3,4/19/1996,1809,40.32,-89.33,40.33,-89.25
5540445,KANKAKEE CO.,MOMENCE,1996,4,19,1801,F0,0,0,0,0,0,CST,0,0,5,20,1,SW,4,4/19/1996,1808,41.15,-87.68,41.2,-87.6
5543911,MCLEAN CO.,MC LEAN,1996,4,19,1809,F3,3,0,0,1000000,0,CST,0,0,4.8,880,5,WNW,4,4/19/1996,1819,40.35,-89.25,40.37,-89.18
5555032,HENRY CO.,GALVA,1996,4,19,1810,F0,0,0,4,10000000,0,CST,0,0,0.5,50,0,SE,0,4/19/1996,1820,41.17,-90.05,41.17,-90.05
5543901,MACON CO.,NIANTIC,1996,4,19,1822,F3,3,0,29,9000000,0,CST,0,0,14.5,440,2,SSW,3,4/19/1996,1845,39.82,-89.18,39.88,-88.92
5545020,MARION CO.,ODIN,1996,4,19,1835,F2,2,0,7,7000000,0,CST,0,0,20,150,2,S,12,4/19/1996,1905,38.58,-89.05,38.7,-88.75
5560107,BUREAU CO.,TISKILWA,1996,4,19,1840,F0,0,0,0,0,0,CST,0,0,0.1,10, , , ,4/19/1996,1840,41.3,-89.52,41.3,-89.52
5543902,PIATT CO.,MILMINE,1996,4,19,1855,F1,1,0,0,500000,0,CST,0,0,0.3,50, , , ,4/19/1996,1857,39.9,-88.65,39.9,-88.65
5545025,RANDOLPH CO.,BALDWIN,1996,4,19,1859,F0,0,0,0,5000,0,CST,0,0,2,70,1,SSW,1,4/19/1996,1903,38.18,-89.85,38.18,-89.83
5543903,PIATT CO.,MONTICELLO,1996,4,19,1900,F1,1,0,1,1000000,0,CST,0,0,2,300,3,S,2,4/19/1996,1910,39.98,-88.57,40.02,-88.53
5545021,MARION CO.,SALEM,1996,4,19,1905,F1,1,0,0,70000,0,CST,0,0,3,50,11,E,14,4/19/1996,1910,38.63,-88.75,38.63,-88.68
5543935,CLAY CO.,XENIA,1996,4,19,1910,F0,0,0,0,0,0,CST,0,0,2,50,4,NW,3,4/19/1996,1914,38.67,-88.68,38.67,-88.65
5545026,RANDOLPH CO.,TILDEN,1996,4,19,1912,F0,0,0,0,5000,0,CST,0,0,3,70,2,SW,2,4/19/1996,1914,38.2,-89.7,38.22,-89.65
5545028,RANDOLPH CO.,BREMEN,1996,4,19,1915,F0,0,0,0,9000,0,CST,0,0,2,50,1,W,1,4/19/1996,1919,37.97,-89.77,37.97,-89.73
5543187,PERRY CO.,OLD DUQUOIN,1996,4,19,1920,F1,1,0,0,50000,0,CST,0,0,1.8,100,2,SW,2,4/19/1996,1924,37.95,-89.2,37.97,-89.15
5545022,FAYETTE CO.,CARLYLE RES NORTH,1996,4,19,1920,F1,1,0,0,75000,0,CST,0,0,1.5,80,3,E,4,4/19/1996,1923,38.77,-89.18,38.77,-89.17
5545023,MARION CO.,PATOKA,1996,4,19,1923,F1,1,0,0,0,0,CST,0,0,7,50,2,W,5,4/19/1996,1930,38.75,-89.13,38.82,-89.07
5543188,FRANKLIN CO.,MULKEYTOWN,1996,4,19,1924,F1,1,0,0,20000,0,CST,0,0,0.7,100,2,W,1,4/19/1996,1926,37.97,-89.15,37.97,-89.13
5545024,FAYETTE CO.,SHOBONIER,1996,4,19,1930,F1,1,0,0,75000,0,CST,0,0,3,80,4,SE,5,4/19/1996,1935,38.83,-89.03,38.83,-89
5543904,CHAMPAIGN CO.,SAVOY,1996,4,19,1934,F3,3,0,12,9000000,0,CST,0,0,4,220,1,N,1,4/19/1996,1947,40.07,-88.25,40.08,-88.18
5543906,VERMILION CO.,CATLIN,1996,4,19,2008,F0,0,0,0,0,0,CST,0,0,0.1,100,1,NW,1,4/19/1996,2008,40.08,-87.72,40.08,-87.72
5543600,JEFFERSON CO.,INA,1996,4,19,2015,F3,3,0,0,200000,0,CST,0,0,2,400,8,E,10,4/19/1996,2018,38.15,-88.75,38.15,-88.72
5543601,HAMILTON CO.,PIOPOLIS,1996,4,19,2018,F3,3,0,0,2800000,0,CST,0,0,13,400,8,WSW,10,4/19/1996,2028,38.13,-88.7,38.28,-88.43
5543602,WAYNE CO.,BARNHILL,1996,4,19,2028,F3,3,0,0,200000,0,CST,0,0,2,400,4,SW,2,4/19/1996,2030,38.25,-88.42,38.27,-88.4
5543196,WHITE CO.,CARMI MUNI ARPT,1996,4,19,2030,F1,1,0,0,1000000,0,CST,0,0,1,100,1,W,1,4/19/1996,2033,38.1,-88.17,38.1,-88.15
5541169,LAKE CO.,ZION,1996,4,19,2232,F2,2,0,2,6600000,0,CST,0,0,2,100, , , ,4/19/1996,2235,42.45,-87.83,42.45,-87.83
5559861,JASPER CO.,FALMOUTH,1996,5,8,1301,F0,0,0,0,0,0,CST,0,0,11,40, , ,4,5/8/1996,1321,39.05,-88.15,39,-87.95
5559862,CRAWFORD CO.,OBLONG,1996,5,8,1321,F0,0,0,0,0,0,CST,0,0,4.8,40,2,W,4,5/8/1996,1324,39,-87.95,38.95,-87.88
5557805,MERCER CO.,ALEXIS,1996,5,9,1941,F0,0,0,0,0,0,CST,0,0,0.1,25, , , ,5/9/1996,1941,41.07,-90.55,41.07,-90.55
5557806,WARREN CO.,MONMOUTH,1996,5,9,2000,F0,0,0,0,0,0,CST,0,0,0.2,25,5,N,5,5/9/1996,2000,40.98,-90.63,40.98,-90.63
5557812,WHITESIDE CO.,FULTON,1996,5,10,145,F1,1,0,0,500000,0,CST,0,0,2,100, , , ,5/10/1996,145,41.87,-90.17,41.87,-90.17
5545141,MCHENRY CO.,UNION,1996,5,19,2300,F1,1,0,0,0,0,CST,0,0,0.8,50, , , ,5/19/1996,2300,42.23,-88.53,42.23,-88.53
5553098,MACOUPIN CO.,CARLINVILLE,1996,5,25,1825,F1,1,0,0,250000,0,CST,0,0,8,100,6,N,1,5/25/1996,1841,39.37,-89.88,39.43,-89.78
5556172,MARION CO.,ODIN,1996,5,25,1950,F0,0,0,0,10000,0,CST,0,0,1,50,2,S,3,5/25/1996,1952,38.58,-89.05,38.57,-89.05
5553099,PIKE CO.,GRIGGSVILLE,1996,5,27,1930,F0,0,0,0,0,0,CST,0,0,1,50,2,W,1,5/27/1996,1932,39.7,-90.77,39.7,-90.75
5556193,ADAMS CO.,BEVERLY,1996,5,27,1940,F0,0,0,0,0,0,CST,0,0,0.5,50,2,NE,3,5/27/1996,1941,39.82,-90.97,39.83,-90.97
5559870,SANGAMON CO.,LOAMI,1996,5,27,2145,F0,0,0,0,0,0,CST,0,0,2.5,40,2,W,1,5/27/1996,2147,39.67,-89.88,39.65,-89.85
5559871,CHAMPAIGN CO.,CHAMPAIGN,1996,5,28,1235,F0,0,0,0,0,0,CST,0,0,0.3,40,5,N,5,5/28/1996,1235,40.18,-88.25,40.18,-88.25
5551509,DE KALB CO.,MALTA,1996,6,6,1515,F0,0,0,0,0,0,CST,0,0,2,20,3,W,1,6/6/1996,1517,41.93,-88.93,41.93,-88.88
5578939,PEORIA CO.,MOSSVILLE,1996,6,6,1845,F0,0,0,0,0,0,CST,0,0,0.5,200,1,SSW,1,6/6/1996,1846,40.8,-89.57,40.8,-89.57
5568240,LOGAN CO.,NEW HOLLAND,1996,6,6,1859,F0,0,0,0,0,0,CST,0,0,8.5,50,3,SE, ,6/6/1996,1930,40.15,-89.55,40.25,-89.43
5560677,MARION CO.,ST PETER,1996,6,10,1400,F0,0,0,0,0,0,CST,0,0,0,25,4,S,4,6/10/1996,1400,38.82,-88.85,38.82,-88.85
5559447,WHITESIDE CO.,COLETA,1996,7,17,2000,F0,0,0,0,0,0,CST,0,0,0.3,20,2,W,2,7/17/1996,2000,41.9,-89.83,41.9,-89.83
5568305,MENARD CO.,ATHENS,1996,7,28,1825,F0,0,0,0,0,0,CST,0,0,0.1,50,2,S,2,7/28/1996,1825,39.92,-89.73,39.92,-89.73
5567237,HENRY CO.,ANNAWAN,1996,8,18,1501,F0,0,0,0,0,0,CST,0,0,0.1,10, , , ,8/18/1996,1501,41.4,-89.92,41.4,-89.92
5567238,HENRY CO.,COLONA,1996,8,18,1605,F0,0,0,0,0,0,CST,0,0,0.1,10, , , ,8/18/1996,1605,41.48,-90.35,41.48,-90.35
5573629,CUMBERLAND CO.,NEOGA,1996,10,17,1740,F0,0,0,1,0,0,CST,0,0,2.5,50,1,NNE,3,10/17/1996,1745,39.33,-88.45,39.33,-88.4
5576348,RANDOLPH CO.,EVANSVILLE,1996,12,23,1455,F1,1,0,0,0,0,CST,0,0,2,70,1,SW,1,12/23/1996,1500,38.08,-89.93,38.1,-89.92
5593274,ADAMS CO.,(UIN)QUINCY MUNI ARP,1997,4,5,1330,F0,0,0,0,10000,0,CST,0,0,1.5,50,1,S,1,4/5/1997,1335,39.93,-91.2,39.93,-91.18
5596087,ADAMS CO.,MEYER,1997,4,30,1222,F0,0,0,0,0,0,CST,0,0,1,50,1,N,1,4/30/1997,1225,40.17,-91.5,40.17,-91.48
5596089,ADAMS CO.,QUINCY,1997,4,30,1225,F0,0,0,0,0,0,CST,0,0,8,50,10,NW,1,4/30/1997,1233,40.03,-91.53,40.1,-91.35
5596090,ADAMS CO.,URSA,1997,4,30,1235,F0,0,0,0,5000,0,CST,0,0,13,50,2,SW,1,4/30/1997,1243,40.05,-91.4,40.15,-91.2
5592327,HANCOCK CO.,WARSAW,1997,4,30,1250,F0,0,0,0,400000,0,CST,0,0,1,20,3,SE,2,4/30/1997,1252,40.32,-91.4,40.32,-91.43
5592328,HANCOCK CO.,WARSAW,1997,4,30,1252,F0,0,0,0,400000,0,CST,0,0,1,20,2,S,1,4/30/1997,1254,40.32,-91.43,40.33,-91.43
5592329,HANCOCK CO.,WARSAW,1997,4,30,1254,F1,1,0,0,400000,0,CST,0,0,0.5,20,1,S,1,4/30/1997,1254,40.33,-91.43,40.35,-91.43
5592330,HANCOCK CO.,ST MARY,1997,4,30,1303,F0,0,0,0,0,0,CST,0,0,12,10,4,W,1,4/30/1997,1319,40.35,-91.02,40.5,-90.95
5592331,MCDONOUGH CO.,BLANDINSVILLE,1997,4,30,1319,F1,1,0,0,20000,0,CST,0,0,2,20,2,SW, ,4/30/1997,1325,40.53,-90.9,40.55,-90.87
5592332,WARREN CO.,ROSEVILLE,1997,4,30,1325,F0,0,0,0,0,0,CST,0,0,17,10,17,SW, ,4/30/1997,1445,40.57,-90.9,40.73,-90.67
5592333,MCDONOUGH CO.,INDUSTRY,1997,4,30,1330,F0,0,0,0,20000,0,CST,0,0,1,10,1,N,2,4/30/1997,1335,40.35,-90.6,40.37,-90.6
5600341,FULTON CO.,FAIRVIEW,1997,4,30,1355,F1,1,0,2,450000,0,CST,0,0,7,100,0,SW,1,4/30/1997,1400,40.63,-90.17,40.7,-90.1
5600342,KNOX CO.,UNIONTOWN,1997,4,30,1400,F0,0,0,0,0,0,CST,0,0,7,50,3,S,1,4/30/1997,1412,40.72,-90.1,40.78,-90
5596097,MONTGOMERY CO.,RAYMOND,1997,4,30,1405,F0,0,0,0,0,0,CST,0,0,0.1,25,4,N,4,4/30/1997,1405,39.37,-89.57,39.37,-89.57
5600343,PEORIA CO.,ELMWOOD,1997,4,30,1412,F0,0,0,0,25000,0,CST,0,0,16,50,1,W,4,4/30/1997,1430,40.78,-89.98,40.97,-89.82
5600140,TAZEWELL CO.,PEKIN,1997,4,30,1415,F0,0,0,1,115000,0,CST,0,0,0.5,50,7,SW,7,4/30/1997,1415,40.5,-89.73,40.5,-89.73
5592336,HENRY CO.,GALVA,1997,4,30,1430,F0,0,0,0,0,0,CST,0,0,2,10,2,SW,1,4/30/1997,1430,41.15,-90.08,41.17,-90.03
5600344,STARK CO.,DUNCAN,1997,4,30,1430,F0,0,0,0,0,0,CST,0,0,8,50,2,SW,2,4/30/1997,1435,40.97,-89.82,41.07,-89.73
5592337,BUREAU CO.,PRINCETON,1997,4,30,1440,F1,1,0,0,20000,0,CST,0,0,1,20,13,S,13,4/30/1997,1440,41.18,-89.47,41.18,-89.47
5600237,MACON CO.,BLUE MOUND,1997,4,30,1440,F0,0,0,0,0,0,CST,0,0,0.1,50,3,S,3,4/30/1997,1440,39.65,-89.12,39.65,-89.12
5600240,MACON CO.,OREANA,1997,4,30,1453,F0,0,0,0,0,0,CST,0,0,0.1,50, , , ,4/30/1997,1453,39.93,-88.87,39.93,-88.87
5600243,MCLEAN CO.,DOWNS,1997,4,30,1505,F0,0,0,0,100000,0,CST,0,0,14.5,50,2,E,3,4/30/1997,1517,40.4,-88.83,40.57,-88.68
5600333,PIATT CO.,MONTICELLO,1997,4,30,1515,F0,0,0,0,0,0,CST,0,0,0.1,50,6,NE,6,4/30/1997,1515,40.1,-88.48,40.1,-88.48
5597968,LAKE CO.,LINDENHURST,1997,5,18,1818,F2,2,0,0,0,0,CST,0,0,6,75, , , ,5/18/1997,1823,42.42,-88.05,42.37,-87.9
5598659,WARREN CO.,SMITHSHIRE,1997,5,18,1930,F0,0,0,0,0,0,CST,0,0,0,0, , , ,5/18/1997,1930,40.8,-90.78,40.8,-90.78
5598660,BUREAU CO.,MANLIUS,1997,5,18,1955,F0,0,0,0,0,0,CST,0,0,0.1,10, , , ,5/18/1997,1955,41.45,-89.67,41.45,-89.67
5598140,KNOX CO.,YATES CITY,1997,5,18,2019,F0,0,0,0,0,0,CST,0,0,0.1,50,8,WSW,8,5/18/1997,2019,40.73,-90.15,40.73,-90.15
5614543,COLES CO.,ASHMORE,1997,5,25,1155,F0,0,0,0,0,0,CST,0,0,0.1,10,1,N,1,5/25/1997,1200,39.55,-88.02,39.55,-88.02
5609389,LA SALLE CO.,OTTAWA,1997,6,11,1245,F0,0,0,0,0,0,CST,0,0,1,30,8,N,8,6/11/1997,1245,41.47,-88.85,41.47,-88.85
5610854,DU PAGE CO.,WHEATON,1997,7,18,1430,F1,1,0,0,0,0,CST,0,0,3,150, , , ,7/18/1997,1430,41.87,-88.12,41.87,-88.12
5610851,WILL CO.,MOKENA,1997,7,18,1450,F1,1,0,2,0,0,CST,0,0,2,150, , , ,7/18/1997,1450,41.53,-87.88,41.53,-87.88
5601609,MCDONOUGH CO.,BLANDINSVILLE,1997,7,19,1635,F0,0,0,0,0,0,CST,0,0,0,0, , , ,7/19/1997,1635,40.55,-90.87,40.55,-90.87
5601601,ROCK ISLAND CO.,COAL VLY,1997,7,27,1610,F0,0,0,0,0,0,CST,0,0,0.1,10,1,N,1,7/27/1997,1615,41.45,-90.47,41.45,-90.47
5614257,KNOX CO.,VICTORIA,1997,8,3,1558,F0,0,0,0,0,0,CST,0,0,0.2,50,6,NE,6,8/3/1997,1600,41.1,-90.02,41.1,-90.02
5614258,STARK CO.,LA FAYETTE,1997,8,3,1604,F0,0,0,0,0,0,CST,0,0,0.1,10, , , ,8/3/1997,1604,41.12,-89.97,41.12,-89.97
5631696,COLES CO.,MATTOON,1998,3,28,525,F2,2,0,3,3000000,0,CST,0,0,1.5,220,1,SW,1,3/28/1998,532,39.47,-88.38,39.48,-88.35
5641311,PEORIA CO.,HANNA CITY,1998,4,7,1501,F0,0,0,0,0,0,CST,0,0,0.1,10,3,W,3,4/7/1998,1501,40.68,-89.85,40.68,-89.85
5641312,CASS CO.,BEARDSTOWN,1998,4,7,1510,F0,0,0,0,0,0,CST,0,0,0.3,50,7,NE,7,4/7/1998,1512,40.08,-90.33,40.08,-90.33
5641376,MASON CO.,SNICARTE,1998,4,7,1520,F2,2,0,0,0,0,CST,0,0,3,66,3,SW,2,4/7/1998,1526,40.08,-90.27,40.1,-90.22
5641378,MASON CO.,BATH,1998,4,7,1535,F1,1,0,0,0,0,CST,0,0,0.3,180, , , ,4/7/1998,1540,40.2,-90.15,40.2,-90.15
5662158,WARREN CO.,MONMOUTH,1998,4,7,1631,F0,0,0,0,0,0,CST,0,0,0.1,1,3,S,3,4/7/1998,1631,40.87,-90.63,40.87,-90.63
5641385,FULTON CO.,VERMONT,1998,4,7,1635,F0,0,0,0,0,0,CST,0,0,0.1,10, , , ,4/7/1998,1635,40.3,-90.43,40.3,-90.43
5662159,WARREN CO.,MONMOUTH,1998,4,7,1642,F0,0,0,0,0,0,CST,0,0,0.1,1, , , ,4/7/1998,1642,40.92,-90.63,40.92,-90.63
5662160,WARREN CO.,MONMOUTH,1998,4,7,1652,F1,1,0,0,8000,0,CST,0,0,0.5,1.2,1,W,1,4/7/1998,1652,40.92,-90.65,40.92,-90.65
5641387,MASON CO.,HAVANA,1998,4,7,1655,F0,0,0,0,0,0,CST,0,0,0.1,10,3,SW,3,4/7/1998,1655,40.27,-90.1,40.27,-90.1
5662161,WARREN CO.,MONMOUTH,1998,4,7,1702,F1,1,0,0,3000,0,CST,0,0,0.1,1,1,NE,1,4/7/1998,1702,40.93,-90.62,40.93,-90.62
5641388,FULTON CO.,SEPO,1998,4,7,1704,F2,2,0,0,0,0,CST,0,0,1,35,3,ESE,4,4/7/1998,1706,40.33,-90.07,40.33,-90.05
5641390,LOGAN CO.,MT PULASKI,1998,4,7,1705,F0,0,0,0,0,0,CST,0,0,0.1,10,3,W,3,4/7/1998,1705,40.02,-89.33,40.02,-89.33
5641389,MASON CO.,CHAUTAUQUA PARK,1998,4,7,1706,F1,1,0,0,0,0,CST,0,0,10,20,2,NE,7,4/7/1998,1720,40.33,-90.03,40.43,-89.88
5662162,WARREN CO.,GERLAW,1998,4,7,1713,F0,0,0,0,200,0,CST,0,0,0.1,1, , , ,4/7/1998,1713,40.98,-90.6,40.98,-90.6
5641451,CHRISTIAN CO.,ASSUMPTION,1998,4,7,1714,F0,0,0,0,0,0,CST,0,0,0.1,10,8,N,8,4/7/1998,1714,39.63,-89.05,39.63,-89.05
5641453,SHELBY CO.,MOWEAQUA,1998,4,7,1728,F0,0,0,0,0,0,CST,0,0,0.1,10,4,E,4,4/7/1998,1728,39.62,-88.93,39.62,-88.93
5641456,SHELBY CO.,FINDLAY,1998,4,7,1740,F0,0,0,0,0,0,CST,0,0,0.1,10,3,N,3,4/7/1998,1740,39.57,-88.75,39.57,-88.75
5641460,MOULTRIE CO.,CADWELL,1998,4,7,1808,F2,2,0,4,100000,0,CST,0,0,3,40,2,S,3,4/7/1998,1811,39.65,-88.52,39.65,-88.48
5641461,DOUGLAS CO.,ARTHUR,1998,4,7,1811,F2,2,0,4,0,0,CST,0,0,8,170,4,S, ,4/7/1998,1817,39.67,-88.47,39.75,-88.38
5641464,LOGAN CO.,LINCOLN,1998,4,7,1823,F0,0,0,0,0,0,CST,0,0,0.1,20,6,N,6,4/7/1998,1823,40.23,-89.37,40.23,-89.37
5641466,DOUGLAS CO.,HINDSBORO,1998,4,7,1842,F0,0,0,0,0,0,CST,0,0,0.2,20,2,N,2,4/7/1998,1842,39.72,-88.13,39.72,-88.13
5641469,DOUGLAS CO.,HINDSBORO,1998,4,7,1858,F0,0,0,0,0,0,CST,0,0,0.3,20,3,NE,3,4/7/1998,1858,39.72,-88.1,39.72,-88.1
5641470,DOUGLAS CO.,NEWMAN,1998,4,7,1904,F0,0,0,0,0,0,CST,0,0,0.1,10,2,S,2,4/7/1998,1904,39.77,-87.98,39.77,-87.98
5641528,EDGAR CO.,BROCTON,1998,4,7,1911,F0,0,0,0,0,0,CST,0,0,0.2,20,4,N,4,4/7/1998,1911,39.77,-87.93,39.77,-87.93
5641530,EDGAR CO.,CHRISMAN,1998,4,7,1915,F0,0,0,0,0,0,CST,0,0,0.2,20, , , ,4/7/1998,1915,39.8,-87.67,39.8,-87.67
5641532,VERMILION CO.,SIDELL,1998,4,7,1920,F0,0,0,0,0,0,CST,0,0,0.1,10,2,SE,2,4/7/1998,1920,39.9,-87.78,39.9,-87.78
5641534,EDGAR CO.,HUME,1998,4,7,1929,F0,0,0,0,0,0,CST,0,0,0.1,10,2,NE,2,4/7/1998,1929,39.82,-87.83,39.82,-87.83
5641536,EDGAR CO.,SCOTLAND,1998,4,7,1949,F0,0,0,0,0,0,CST,0,0,0.2,20,1,N,1,4/7/1998,1949,39.82,-87.6,39.82,-87.6
5636720,MADISON CO.,GRANITE CITY,1998,4,13,1705,F1,1,0,0,800000,0,CST,0,0,9.5,75, , , ,4/13/1998,1715,38.72,-90.13,38.82,-89.95
5643738,JOHNSON CO.,CYPRESS,1998,4,13,2009,F1,1,0,1,60000,0,CST,0,0,1,40,2,SW,1,4/13/1998,2011,37.35,-89.05,37.35,-89.02
5662164,HENRY CO.,HOOPPOLE,1998,4,15,1450,F0,0,0,0,0,100,CST,0,0,0.1,1,2,S,2,4/15/1998,1450,41.53,-89.92,41.53,-89.92
5662165,MERCER CO.,VIOLA,1998,4,15,1600,F0,0,0,0,0,0,CST,0,0,0.1,1,1,W,1,4/15/1998,1600,41.2,-90.6,41.2,-90.6
5636727,MONROE CO.,WATERLOO,1998,4,15,1647,F0,0,0,0,0,0,CST,0,0,0.1,50,10,SSE,10,4/15/1998,1648,38.2,-90.08,38.2,-90.08
5636728,ST. CLAIR CO.,MARISSA,1998,4,15,1712,F0,0,0,0,0,0,CST,0,0,0.2,10, , , ,4/15/1998,1712,38.23,-89.75,38.23,-89.75
5643833,PERRY CO.,SWANWICK,1998,4,15,1732,F0,0,0,0,0,0,CST,0,0,1,50,4,NW,4,4/15/1998,1732,38.2,-89.58,38.2,-89.58
5636729,WASHINGTON CO.,NASHVILLE,1998,4,15,1732,F0,0,0,0,0,0,CST,0,0,0.2,20,15,SW,15,4/15/1998,1733,38.2,-89.58,38.2,-89.58
5636730,MONROE CO.,WATERLOO,1998,4,15,1805,F0,0,0,0,10000,0,CST,0,0,6,25,6,SE, ,4/15/1998,1815,38.27,-90.07,38.3,-90
5636731,ST. CLAIR CO.,SMITHTON,1998,4,15,1815,F0,0,0,0,0,0,CST,0,0,9,50,7,S, ,4/15/1998,1825,38.32,-89.98,38.38,-89.8
5636872,WASHINGTON CO.,HOYLETON,1998,4,15,1830,F1,1,0,0,20000,0,CST,0,0,2,50,1,S,2,4/15/1998,1840,38.43,-89.27,38.45,-89.23
5643834,JEFFERSON CO.,CRAVAT,1998,4,15,1843,F2,2,0,1,400000,0,CST,0,0,5,250,1,NW,5,4/15/1998,1849,38.42,-89.08,38.47,-89.02
5636873,MARION CO.,WALNUT HILL,1998,4,15,1849,F2,2,0,0,50000,0,CST,0,0,0.5,350,0,NW,1,4/15/1998,1850,38.48,-89.05,38.5,-89.05
5636885,MARION CO.,WALNUT HILL,1998,4,15,1852,F2,2,0,0,0,0,CST,0,0,4,300,1,NE,9,4/15/1998,1900,38.5,-89.03,38.53,-88.97
5636886,MARION CO.,CARTTER,1998,4,15,1905,F1,1,0,0,0,0,CST,0,0,9,250,3,SW,3,4/15/1998,1920,38.5,-88.95,38.58,-88.75
5641541,CLAY CO.,FLORA,1998,4,15,1945,F2,2,0,8,2100000,0,CST,0,0,9.5,150,3,WSW,2,4/15/1998,2000,38.65,-88.53,38.7,-88.38
5641542,CLAY CO.,CLAY CITY,1998,4,15,2000,F2,2,0,0,100000,0,CST,0,0,6.5,150,3,NW,7,4/15/1998,2015,38.72,-88.38,38.75,-88.25
5641543,RICHLAND CO.,NOBLE,1998,4,15,2015,F0,0,0,0,0,0,CST,0,0,9.5,100,4,NW,5,4/15/1998,2025,38.73,-88.27,38.8,-88.08
5643837,JACKSON CO.,DE SOTO,1998,4,15,2036,F0,0,0,0,0,0,CST,0,0,0.3,30,2,W,2,4/15/1998,2036,37.82,-89.27,37.82,-89.27
5643836,JACKSON CO.,(MDH)CRBNDL/MRFYSBRO,1998,4,15,2134,F0,0,0,0,0,0,CST,0,0,0.4,30,2,NW,1,4/15/1998,2134,37.8,-89.27,37.8,-89.25
5641650,MCLEAN CO.,ELLSWORTH,1998,4,29,1558,F0,0,0,0,35000,0,CST,0,0,3,35,2,WSW,1,4/29/1998,1602,40.43,-88.75,40.47,-88.73
5641655,SHELBY CO.,YANTISVILLE,1998,4,30,1530,F0,0,0,0,0,0,CST,0,0,0.2,20,2,N,2,4/30/1998,1530,39.57,-88.88,39.57,-88.88
5641656,MACON CO.,MACON,1998,4,30,1547,F0,0,0,0,0,0,CST,0,0,0.1,10,4,E,4,4/30/1998,1547,39.7,-88.92,39.7,-88.92
5650726,CHAMPAIGN CO.,TOLONO,1998,5,2,1442,F0,0,0,0,0,0,CST,0,0,0.1,10, , , ,5/2/1998,1442,39.98,-88.25,39.98,-88.25
5650729,EFFINGHAM CO.,EFFINGHAM,1998,5,2,1844,F0,0,0,0,0,0,CST,0,0,0.1,10,5,W,5,5/2/1998,1844,39.12,-88.63,39.12,-88.63
5644502,WABASH CO.,ALLENDALE,1998,5,3,1506,F0,0,0,0,20000,0,CST,0,0,0.2,40,2,W,2,5/3/1998,1506,38.53,-87.75,38.53,-87.75
5650734,SCHUYLER CO.,LITTLETON,1998,5,12,1728,F0,0,0,0,0,0,CST,0,0,0.1,10,2,W,2,5/12/1998,1728,40.23,-90.65,40.23,-90.65
5650736,FULTON CO.,VERMONT,1998,5,12,1737,F0,0,0,0,0,0,CST,0,0,0.1,10,1,S,1,5/12/1998,1737,40.28,-90.43,40.28,-90.43
5662924,MCDONOUGH CO.,INDUSTRY,1998,5,12,1738,F0,0,0,0,0,0,CST,0,0,0.1,0.5,4,E,4,5/12/1998,1738,40.33,-90.52,40.33,-90.52
5648447,MACOUPIN CO.,PALMYRA,1998,5,12,1916,F1,1,0,0,50000,0,CST,0,0,1,200,1,E,2,5/12/1998,1919,39.43,-89.98,39.43,-89.97
5650805,MENARD CO.,PETERSBURG,1998,5,12,1955,F0,0,0,0,0,0,CST,0,0,0.1,10,2,E,2,5/12/1998,1955,40.02,-89.82,40.02,-89.82
5650806,LOGAN CO.,ELKHART,1998,5,12,2013,F0,0,0,0,0,0,CST,0,0,0.1,10,2,W,2,5/12/1998,2013,40.02,-89.52,40.02,-89.52
5648448,MONTGOMERY CO.,WITT,1998,5,12,2116,F0,0,0,0,0,0,CST,0,0,0.1,50,5,W,5,5/12/1998,2116,39.25,-89.45,39.25,-89.45
5662842,HENRY CO.,GALVA,1998,5,15,1855,F0,0,0,0,50,0,CST,0,0,1,1, , , ,5/15/1998,1855,41.17,-90.05,41.17,-90.05
5650815,FULTON CO.,BRYANT,1998,5,15,1905,F0,0,0,0,4000,0,CST,0,0,0.8,150,1,SW,1,5/15/1998,1905,40.45,-90.1,40.45,-90.1
5649474,VERMILION CO.,RIDGE FARM,1998,5,19,1630,F0,0,0,0,50000,0,CST,0,0,0.3,40,1,W,1,5/19/1998,1630,39.9,-87.67,39.9,-87.67
5649688,LOGAN CO.,ATLANTA,1998,5,19,1820,F0,0,0,0,1000,0,CST,0,0,0.2,30,1,N,1,5/19/1998,1820,40.28,-89.23,40.28,-89.23
5649543,EDGAR CO.,CHRISMAN,1998,5,19,1830,F0,0,0,0,0,0,CST,0,0,0.1,10,4,SE,4,5/19/1998,1830,39.77,-87.62,39.77,-87.62
5649542,EDGAR CO.,CHRISMAN,1998,5,19,1830,F0,0,0,0,0,0,CST,0,0,0.1,10,1,E,1,5/19/1998,1830,39.8,-87.65,39.8,-87.65
5649550,COLES CO.,MATTOON,1998,5,19,1945,F0,0,0,0,0,0,CST,0,0,0.5,10,4,NW,4,5/19/1998,1945,39.52,-88.42,39.52,-88.42
5663303,STEPHENSON CO.,LENA,1998,5,28,1923,F0,0,0,0,0,0,CST,0,0,0.1,0.2,7,W,7,5/28/1998,1923,42.38,-89.97,42.38,-89.97
5663305,STEPHENSON CO.,ELEROY,1998,5,28,1946,F0,0,0,0,1000,0,CST,0,0,0.1,0.5, , , ,5/28/1998,1946,42.33,-89.77,42.33,-89.77
5647766,BOND CO.,POCAHONTAS,1998,6,12,1625,F1,1,0,0,0,0,CST,0,0,2.5,100,2,S,4,6/12/1998,1625,38.8,-89.53,38.8,-89.48
5658915,WABASH CO.,PATTON,1998,6,12,1909,F0,0,0,0,2000,0,CST,0,0,0.3,30,1,N,1,6/12/1998,1910,38.5,-87.75,38.5,-87.75
5658912,WILLIAMSON CO.,MARION,1998,6,12,1915,F1,1,0,0,100000,0,CST,0,0,2,100,5,S,6,6/12/1998,1920,37.67,-88.93,37.65,-88.88
5648757,ADAMS CO.,QUINCY,1998,6,14,1500,F1,1,0,1,0,0,CST,0,0,3,75,3,SSW,1,6/14/1998,1506,39.9,-91.42,39.92,-91.4
5648758,CALHOUN CO.,BELLEVIEW,1998,6,14,1520,F1,1,0,0,0,0,CST,0,0,1.2,75,2,E,3,6/14/1998,1523,39.35,-90.75,39.37,-90.73
5655053,SCHUYLER CO.,CAMDEN,1998,6,14,1623,F0,0,0,0,0,0,CST,0,0,0.1,10, , , ,6/14/1998,1623,40.15,-90.77,40.15,-90.77
5659065,JOHNSON CO.,TUNNEL HILL,1998,6,14,1635,F0,0,0,0,5000,0,CST,0,0,0.3,30,2,E,2,6/14/1998,1636,37.52,-88.8,37.52,-88.78
5655054,SCHUYLER CO.,PLEASANT VIEW,1998,6,14,1656,F0,0,0,0,0,0,CST,0,0,0.1,10,2,SE,2,6/14/1998,1656,40.08,-90.43,40.08,-90.43
5648768,MADISON CO.,LIVINGSTON,1998,6,14,1710,F0,0,0,0,0,0,CST,0,0,1,100,2,E,3,6/14/1998,1712,38.97,-89.73,38.97,-89.72
5648759,MADISON CO.,NEW DOUGLAS,1998,6,14,1715,F0,0,0,0,0,0,CST,0,0,0.5,75,0,E,1,6/14/1998,1716,38.97,-89.67,38.97,-89.65
5648760,BOND CO.,SORENTO,1998,6,14,1716,F1,1,0,4,0,0,CST,0,0,5,150,5,SSW,3,6/14/1998,1726,38.93,-89.6,38.97,-89.53
5655056,FULTON CO.,MARBLETOWN,1998,6,14,1745,F0,0,0,0,0,0,CST,0,0,0.1,10,3,NE,3,6/14/1998,1745,40.27,-90.17,40.27,-90.17
5655057,CHRISTIAN CO.,MT AUBURN,1998,6,14,1852,F0,0,0,0,0,0,CST,0,0,0.1,10,2,S,2,6/14/1998,1852,39.73,-89.27,39.73,-89.27
5655060,CLAY CO.,FLORA,1998,6,14,1931,F0,0,0,0,0,0,CST,0,0,0.1,10,4,NE,4,6/14/1998,1931,38.7,-88.43,38.7,-88.43
5666336,MERCER CO.,SEATON,1998,6,18,1610,F2,2,0,0,110000,0,CST,0,0,6,880,1,NW,2,6/18/1998,1620,41.1,-90.8,41.18,-90.72
5666333,WARREN CO.,SMITHSHIRE,1998,6,18,1630,F0,0,0,0,0,0,CST,0,0,0.1,0.5, , , ,6/18/1998,1630,40.8,-90.78,40.8,-90.78
5666337,BUREAU CO.,MANLIUS,1998,6,18,1730,F0,0,0,0,0,0,CST,0,0,0.1,0.5, , , ,6/18/1998,1730,41.45,-89.67,41.45,-89.67
5655816,LEE CO.,NELSON,1998,6,18,1755,F0,0,0,0,0,0,CST,0,0,0.5,20, , , ,6/18/1998,1755,41.8,-89.6,41.8,-89.6
5659345,WAYNE CO.,CISNE,1998,6,22,1944,F0,0,0,0,0,0,CST,0,0,0.5,40,2,S,3,6/22/1998,1948,38.48,-88.43,38.48,-88.4
5654401,WINNEBAGO CO.,DURAND,1998,6,25,1937,F0,0,0,0,0,0,CST,0,0,0.5,20, , , ,6/25/1998,1937,42.43,-89.33,42.43,-89.33
5666459,MERCER CO.,NEW BOSTON,1998,6,29,1440,F1,1,0,0,5000,0,CST,0,0,1,2, , , ,6/29/1998,1440,41.17,-91,41.17,-91
5666460,WARREN CO.,ROSEVILLE,1998,6,29,1508,F0,0,0,0,2000,0,CST,0,0,1,2,8,E,8,6/29/1998,1508,40.73,-90.52,40.73,-90.52
5655241,FULTON CO.,AVON,1998,6,29,1509,F1,1,0,0,15000,50000,CST,0,0,5,400,4,ENE,8,6/29/1998,1512,40.68,-90.37,40.67,-90.28
5655240,KNOX CO.,WILLIAMSFIELD,1998,6,29,1520,F1,1,0,1,2000000,0,CST,0,0,3,200,4,SW,3,6/29/1998,1522,40.88,-90.07,40.88,-90
5655289,FULTON CO.,FARMINGTON,1998,6,29,1522,F1,1,0,0,670000,0,CST,0,0,1.5,100,1,WNW,1,6/29/1998,1524,40.7,-90.02,40.7,-89.98
5666461,HENDERSON CO.,BALD BLUFF,1998,6,29,1535,F1,1,0,0,15000,0,CST,0,0,1,100,3,W,3,6/29/1998,1535,41.02,-90.9,41.02,-90.9
5655290,TAZEWELL CO.,MARQUETTE HGTS,1998,6,29,1545,F1,1,0,0,1000000,0,CST,0,0,8.5,100, , ,1,6/29/1998,1552,40.62,-89.6,40.6,-89.47
5655293,SANGAMON CO.,SPRINGFIELD,1998,6,29,1630,F0,0,0,0,0,0,CST,0,0,0.1,10,7,S,7,6/29/1998,1630,39.7,-89.65,39.7,-89.65
5655291,SANGAMON CO.,PAWNEE,1998,6,29,1636,F0,0,0,0,130000,0,CST,0,0,0.5,40,1,NNW,0,6/29/1998,1637,39.58,-89.58,39.58,-89.58
5655292,CHAMPAIGN CO.,TOLONO,1998,6,29,1658,F0,0,0,0,0,0,CST,0,0,0.6,20,1,WNW,0,6/29/1998,1659,39.98,-88.27,39.98,-88.25
5663394,FAYETTE CO.,FARINA,1998,6,29,1820,F1,1,0,0,80000,0,CST,0,0,0.2,75,2,NE,2,6/29/1998,1822,38.85,-88.73,38.85,-88.73
5664754,STEPHENSON CO.,PEARL CITY,1998,8,24,1130,F1,1,0,0,80000,0,CST,0,0,0.5,50, , , ,8/24/1998,1130,42.27,-89.83,42.27,-89.83
5671103,GALLATIN CO.,JUNCTION,1998,11,10,805,F0,0,0,0,20000,0,CST,0,0,0.2,0.1, , , ,11/10/1998,805,37.72,-88.23,37.72,-88.23
5673465,VERMILION CO.,COLLISON,1998,12,6,1855,F0,0,0,0,300000,0,CST,0,0,2,200, , ,2,12/6/1998,1900,40.23,-87.8,40.23,-87.77
5682066,ALEXANDER CO.,THEBES,1999,1,21,1835,F2,2,0,0,150000,0,CST,0,0,7,400,1,E,3,1/21/1999,1847,37.22,-89.45,37.33,-89.38
5682067,UNION CO.,REYNOLDSVILLE,1999,1,21,1847,F2,2,0,0,20000,0,CST,0,0,1,200,3,SE,3,1/21/1999,1850,37.33,-89.37,37.37,-89.35
5682068,UNION CO.,ANNA,1999,1,21,1913,F0,0,0,0,1000,0,CST,0,0,0.3,30,1,NE,1,1/21/1999,1914,37.47,-89.25,37.47,-89.23
5680322,POPE CO.,GOLCONDA,1999,1,22,115,F2,2,0,0,800000,0,CST,0,0,1.5,150,4,SSW,4,1/22/1999,119,37.32,-88.52,37.32,-88.48
5683649,CALHOUN CO.,MOZIER,1999,2,11,1404,F2,2,0,0,300000,0,CST,0,0,9,100,1,WNW,9,2/11/1999,1412,39.3,-90.77,39.42,-90.68
5683651,CALHOUN CO.,MOZIER,1999,2,11,1406,F1,1,0,0,100000,0,CST,0,0,3,50,4,NNW,6,2/11/1999,1409,39.35,-90.78,39.37,-90.72
5683650,PIKE CO.,BEECREEK,1999,2,11,1412,F1,1,0,0,200000,0,CST,0,0,5.7,70,2,W,1,2/11/1999,1417,39.4,-90.67,39.45,-90.62
5683652,GREENE CO.,HILLVIEW,1999,2,11,1419,F1,1,0,0,80000,0,CST,0,0,1.4,50,4,NNW,5,2/11/1999,1421,39.5,-90.58,39.52,-90.58
5683667,MADISON CO.,TROY,1999,2,27,1205,F0,0,0,0,0,0,CST,0,0,0.2,50,1,NW,1,2/27/1999,1205,38.75,-89.88,38.75,-89.88
5686052,MASSAC CO.,METROPOLIS,1999,4,5,1720,F0,0,0,1,10000,0,CST,0,0,0.2,40,4,NW,4,4/5/1999,1720,37.18,-88.78,37.18,-88.78
5710496,MCDONOUGH CO.,GOOD HOPE,1999,4,5,1830,F2,2,0,0,5500,0,CST,0,0,6.4,100,2,SW,5,4/5/1999,1839,40.53,-90.72,40.62,-90.68
5710497,WARREN CO.,SWAN CREEK,1999,4,5,1839,F2,2,0,0,3000,0,CST,0,0,3,100,3,SW,1,4/5/1999,1845,40.63,-90.68,40.68,-90.65
5710827,HANCOCK CO.,WARSAW,1999,4,8,1735,F3,3,0,0,15000000,0,CST,0,0,7.5,200,1,W,1,4/8/1999,1756,40.35,-91.45,40.42,-91.33
5710820,HANCOCK CO.,LA HARPE,1999,4,8,1835,F0,0,0,0,0,0,CST,0,0,1,10,2,N,3,4/8/1999,1837,40.62,-90.97,40.62,-90.93
5693758,PIKE CO.,PIKE,1999,4,8,1835,F2,2,0,0,0,0,CST,0,0,26.5,120,1,W,3,4/8/1999,1907,39.47,-91.05,39.65,-90.65
5710821,HENDERSON CO.,TERRE HAUTE,1999,4,8,1837,F0,0,0,0,0,0,CST,0,0,4,10,2,SE,3,4/8/1999,1849,40.65,-90.95,40.7,-90.77
5710822,WARREN CO.,ROSEVILLE,1999,4,8,1849,F0,0,0,0,0,0,CST,0,0,15,10,5,SW,1,4/8/1999,1905,40.68,-90.73,40.82,-90.53
5686883,SCOTT CO.,OXVILLE,1999,4,8,1907,F1,1,0,0,150000,0,CST,0,0,0.3,120,5,SW,5,4/8/1999,1908,39.65,-90.63,39.65,-90.63
5686884,SCOTT CO.,OXVILLE,1999,4,8,1910,F1,1,0,0,100000,0,CST,0,0,4,120,0,NNW,3,4/8/1999,1918,39.7,-90.57,39.72,-90.5
5686966,MORGAN CO.,JACKSONVILLE,1999,4,8,1927,F1,1,0,0,0,0,CST,0,0,9.5,200,6,W, ,4/8/1999,1937,39.73,-90.33,39.83,-90.25
5695282,MORGAN CO.,SINCLAIR,1999,4,8,1945,F1,1,0,0,0,0,CST,0,0,6,33,1,NE,2,4/8/1999,1950,39.8,-90.12,39.87,-90.03
5695284,SANGAMON CO.,PLEASANT PLAINS,1999,4,8,1953,F0,0,0,0,0,0,CST,0,0,0.6,10,4,NW,4,4/8/1999,1954,39.92,-89.97,39.9,-89.97
5695285,MENARD CO.,TALLULA,1999,4,8,1954,F0,0,0,0,0,0,CST,0,0,0.5,10,4,SW,3,4/8/1999,1955,39.9,-89.98,39.9,-89.98
5698521,MADISON CO.,NEW DOUGLAS,1999,4,8,2118,F1,1,0,1,0,0,CST,0,0,1,75,1,SW,1,4/8/1999,2118,38.95,-89.68,38.95,-89.67
5695389,CUMBERLAND CO.,JANESVILLE,1999,4,8,2232,F0,0,0,0,50000,0,CST,0,0,0.1,33, , , ,4/8/1999,2233,39.38,-88.25,39.38,-88.25
5695390,COLES CO.,CAMPBELL,1999,4,8,2233,F0,0,0,0,50000,0,CST,0,0,0.2,33,2,SW,2,4/8/1999,2233,39.38,-88.25,39.38,-88.25
5710807,WARREN CO.,MONMOUTH,1999,4,22,2050,F0,0,0,0,0,0,CST,0,0,0.1,10,2,S,2,4/22/1999,2050,40.88,-90.63,40.88,-90.63
5695478,KNOX CO.,APPLETON,1999,4,22,2127,F0,0,0,0,0,0,CST,0,0,0.2,10,2,S,2,4/22/1999,2128,40.92,-90.15,40.92,-90.15
5693766,MARION CO.,KELL,1999,5,5,1705,F1,1,0,4,0,0,CST,0,0,0.2,75,2,E,2,5/5/1999,1707,38.5,-88.87,38.48,-88.88
5696622,OGLE CO.,BROOKVILLE,1999,5,12,1445,F0,0,0,0,0,0,CST,0,0,1,20,2,E,3,5/12/1999,1510,42.05,-89.65,42.02,-89.62
5714949,CARROLL CO.,MILLEDGEVILLE,1999,5,12,1456,F0,0,0,0,0,0,CST,0,0,0.1,10,2,NE,2,5/12/1999,1456,41.98,-89.75,41.98,-89.75
5715028,WHITESIDE CO.,MORRISON,1999,5,12,1724,F0,0,0,0,0,0,CST,0,0,0.1,10,5,S,5,5/12/1999,1724,41.75,-89.97,41.75,-89.97
5715217,JO DAVIESS CO.,MENOMINEE,1999,5,16,2000,F0,0,0,0,0,0,CST,0,0,0.1,10, , , ,5/16/1999,2000,42.42,-90.53,42.42,-90.53
5703485,SCHUYLER CO.,RUSHVILLE,1999,6,1,1605,F0,0,0,0,60000,0,CST,0,0,5,400,6,NW,5,6/1/1999,1610,40.17,-90.63,40.18,-90.57
5703588,FULTON CO.,MARBLETOWN,1999,6,1,1715,F0,0,0,0,0,0,CST,0,0,0.3,10,4,ENE,5,6/1/1999,1717,40.25,-90.13,40.25,-90.12
5703589,MASON CO.,HAVANA,1999,6,1,1717,F1,1,0,0,500000,0,CST,0,0,3.5,200,5,SSW,3,6/1/1999,1725,40.23,-90.1,40.25,-90.07
5716051,STEPHENSON CO.,FLORENCE,1999,6,1,1750,F0,0,0,0,0,0,CST,0,0,0.1,10,1,S,1,6/1/1999,1750,42.2,-89.65,42.2,-89.65
5724301,MONTGOMERY CO.,HARVEL,1999,6,1,1811,F0,0,0,0,0,0,CST,0,0,1.5,50,2,NW,1,6/1/1999,1813,39.37,-89.57,39.37,-89.53
5703691,CHRISTIAN CO.,MORRISONVILLE,1999,6,1,1813,F1,1,0,0,750000,0,CST,0,0,11.1,200,4,SW,4,6/1/1999,1825,39.37,-89.52,39.5,-89.42
5705243,MACOUPIN CO.,CARLINVILLE,1999,6,1,1855,F1,1,0,0,0,0,CST,0,0,0.5,50,5,SSE,6,6/1/1999,1855,39.22,-89.85,39.23,-89.82
5705244,FAYETTE CO.,BROWNSTOWN,1999,6,1,1903,F2,2,0,0,0,0,CST,0,0,10,150,2,SSE,5,6/1/1999,1918,38.98,-88.93,39.08,-88.78
5703799,SHELBY CO.,TOWER HILL,1999,6,1,1906,F2,2,0,4,2000000,0,CST,0,0,15.5,450,4,WSW,2,6/1/1999,1928,39.37,-89.03,39.5,-88.78
5703800,EFFINGHAM CO.,ALTAMONT,1999,6,1,1910,F0,0,0,0,0,0,CST,0,0,0.2,10,0,S,0,6/1/1999,1911,39.07,-88.75,39.07,-88.75
5703806,CHAMPAIGN CO.,MAHOMET,1999,6,1,1942,F0,0,0,0,0,0,CST,0,0,0.2,10,4,SW,4,6/1/1999,1942,40.17,-88.45,40.17,-88.45
5703990,JASPER CO.,ROSE HILL,1999,6,1,2036,F0,0,0,0,0,0,CST,0,0,0.5,20,5,W,5,6/1/1999,2038,39.1,-88.25,39.1,-88.23
5703994,CLARK CO.,WESTFIELD,1999,6,1,2045,F0,0,0,0,350000,0,CST,0,0,6,50,4,SE,3,6/1/1999,2050,39.42,-87.95,39.45,-87.85
5704310,WOODFORD CO.,WASHBURN,1999,6,4,1523,F0,0,0,0,0,0,CST,0,0,0.3,20,1,SW,1,6/4/1999,1525,40.9,-89.3,40.9,-89.3
5704088,TAZEWELL CO.,DELAVAN,1999,6,4,1525,F1,1,0,0,0,0,CST,0,0,2.5,200,1,NW,2,6/4/1999,1530,40.37,-89.55,40.35,-89.52
5716172,PUTNAM CO.,MC NABB,1999,6,4,1530,F0,0,0,0,0,0,CST,0,0,0.1,10,1,N,1,6/4/1999,1530,41.2,-89.22,41.2,-89.22
5704096,LOGAN CO.,LINCOLN,1999,6,4,1545,F0,0,0,0,0,0,CST,0,0,0.1,20,4,NW,4,6/4/1999,1545,40.18,-89.42,40.18,-89.42
5704095,MCLEAN CO.,CARLOCK,1999,6,4,1550,F0,0,0,0,0,0,CST,0,0,0.1,20,5,E,5,6/4/1999,1550,40.58,-89.03,40.58,-89.03
5704394,LOGAN CO.,LINCOLN,1999,6,4,1550,F0,0,0,2,0,0,CST,0,0,2.5,100,4,NW,2,6/4/1999,1552,40.18,-89.42,40.17,-89.38
5704396,LOGAN CO.,LINCOLN,1999,6,4,1553,F0,0,0,0,0,0,CST,0,0,0.1,20,4,SW,4,6/4/1999,1553,40.12,-89.42,40.12,-89.42
5704397,MCLEAN CO.,BLOOMINGTON,1999,6,4,1556,F0,0,0,0,0,0,CST,0,0,0.1,20,4,SW,4,6/4/1999,1556,40.45,-89.03,40.45,-89.03
5704398,MCLEAN CO.,HEYWORTH,1999,6,4,1604,F0,0,0,0,0,0,CST,0,0,3.5,20,4,NW,1,6/4/1999,1609,40.35,-89.03,40.33,-88.98
5704399,MCLEAN CO.,LEXINGTON,1999,6,4,1610,F0,0,0,0,0,0,CST,0,0,0.1,20,1,W,1,6/4/1999,1610,40.65,-88.8,40.65,-88.8
5704401,MCLEAN CO.,CHENOA,1999,6,4,1613,F0,0,0,0,0,0,CST,0,0,2,20,1,SW,3,6/4/1999,1618,40.72,-88.73,40.68,-88.72
5704402,MACON CO.,MAROA,1999,6,4,1618,F0,0,0,0,0,0,CST,0,0,0.1,20,4,S,4,6/4/1999,1618,39.98,-88.95,39.98,-88.95
5704403,MACON CO.,DECATUR,1999,6,4,1628,F0,0,0,0,0,0,CST,0,0,0.1,20,7,SW,7,6/4/1999,1628,39.78,-89.05,39.78,-89.05
5703897,MACON CO.,ARGENTA,1999,6,4,1635,F0,0,0,0,0,0,CST,0,0,0.1,20,2,S,2,6/4/1999,1635,39.95,-88.82,39.95,-88.82
5703898,MCLEAN CO.,SAYBROOK,1999,6,4,1635,F0,0,0,0,0,0,CST,0,0,0.1,20,1,S,1,6/4/1999,1635,40.42,-88.52,40.42,-88.52
5703899,MCLEAN CO.,ANCHOR,1999,6,4,1638,F0,0,0,0,0,0,CST,0,0,3.5,20,2,N,1,6/4/1999,1643,40.6,-88.53,40.62,-88.48
5703900,PIATT CO.,MANSFIELD,1999,6,4,1638,F0,0,0,0,0,0,CST,0,0,0.1,20,5,WNW,5,6/4/1999,1638,40.25,-88.58,40.25,-88.58
5703901,PIATT CO.,MANSFIELD,1999,6,4,1648,F0,0,0,0,0,0,CST,0,0,0.1,20,1,S,1,6/4/1999,1648,40.2,-88.5,40.2,-88.5
5703903,CHAMPAIGN CO.,URBANA,1999,6,4,1713,F0,0,0,0,0,0,CST,0,0,0.1,20,6,N,6,6/4/1999,1713,40.18,-88.2,40.18,-88.2
5709887,FORD CO.,ROBERTS,1999,6,4,1713,F0,0,0,0,0,0,CST,0,0,0.2,30,2,W,2,6/4/1999,1713,40.62,-88.22,40.62,-88.22
5703904,CHAMPAIGN CO.,URBANA,1999,6,4,1727,F0,0,0,0,0,0,CST,0,0,0.1,20,5,SE,5,6/4/1999,1727,40.05,-88.13,40.05,-88.13
5716462,STEPHENSON CO.,FREEPORT,1999,6,6,1414,F0,0,0,0,0,0,CST,0,0,0.1,10,1,N,1,6/6/1999,1414,42.28,-89.62,42.28,-89.62
5716460,MERCER CO.,SEATON,1999,6,6,1500,F0,0,0,0,0,0,CST,0,0,0.1,10, , , ,6/6/1999,1500,41.1,-90.8,41.1,-90.8
5716185,WHITESIDE CO.,PROPHETSTOWN,1999,6,12,1320,F0,0,0,0,0,0,CST,0,0,0.1,10,1,E,1,6/12/1999,1320,41.67,-89.92,41.67,-89.92
5708327,IROQUOIS CO.,WELLINGTON,1999,6,12,1445,F0,0,0,0,0,0,CST,0,0,0.2,30, , , ,6/12/1999,1445,40.53,-87.67,40.53,-87.67
5718420,BROWN CO.,MT STERLING,1999,8,12,1902,F1,1,0,0,20000,0,CST,0,0,0.5,75,6,ENE,7,8/12/1999,1904,40.02,-90.67,40.02,-90.65
5718834,PIKE CO.,CHAMBERSBURG,1999,8,12,1913,F0,0,0,0,0,0,CST,0,0,0.1,50,1,N,1,8/12/1999,1913,39.83,-90.67,39.83,-90.67
5139144,MACOUPIN CO.,SHIPMAN,2000,4,20,659,F1,1,0,0,25000,0,CST,0,0,1,30,1,N,1,4/20/2000,659,39.13,-90.05,39.13,-90.05
5141865,LOGAN CO.,LINCOLN,2000,4,20,800,F0,0,0,0,0,0,CST,0,0,0.2,10,4,SW,4,4/20/2000,800,40.12,-89.42,40.12,-89.42
5141481,SANGAMON CO.,ILLIOPOLIS,2000,4,20,805,F0,0,0,0,0,0,CST,0,0,0.3,20,1,S,1,4/20/2000,805,40.4,-89.42,40.4,-89.42
5141936,MACON CO.,OREANA,2000,4,20,830,F1,1,0,0,0,0,CST,0,0,2.3,150,2,NE, ,4/20/2000,840,39.95,-88.85,39.98,-88.82
5141869,MACON CO.,FORSYTH,2000,4,20,830,F1,1,0,0,0,0,CST,0,0,0.3,300,1,N,1,4/20/2000,831,39.95,-88.95,39.95,-88.95
5141937,PIATT CO.,LODGE,2000,4,20,905,F0,0,0,0,0,0,CST,0,0,3.5,30, , ,2,4/20/2000,909,40.1,-88.55,40.1,-88.48
5146702,HENRY CO.,KEWANEE,2000,5,8,2011,F0,0,0,0,0,0,CST,0,0,0.1,10,4,W,4,5/8/2000,2011,41.23,-90.02,41.23,-90.02
5149208,TAZEWELL CO.,PARKLAND,2000,5,8,2112,F1,1,0,0,275000,0,CST,0,0,0.5,100,2,W,1,5/8/2000,2117,40.45,-89.78,40.45,-89.77
5149283,MCLEAN CO.,SHAMROCK,2000,5,8,2214,F2,2,0,4,175000,0,CST,0,0,4,400,1,N,3,5/8/2000,2218,40.42,-88.9,40.43,-88.83
5149658,LOGAN CO.,HARTSBURG,2000,5,12,1500,F0,0,0,0,0,0,CST,0,0,0.3,20,1,SE,1,5/12/2000,1501,40.25,-89.43,40.25,-89.43
5149946,SANGAMON CO.,DAWSON,2000,5,12,1530,F0,0,0,0,0,0,CST,0,0,2,50,1,N,2,5/12/2000,1534,39.87,-89.47,39.87,-89.43
5149951,MACON CO.,NIANTIC,2000,5,12,1600,F0,0,0,0,0,0,CST,0,0,7,20,2,N,1,5/12/2000,1615,39.88,-89.17,39.9,-89.05
5144484,BOND CO.,OLD RIPLEY,2000,5,12,1725,F1,1,0,0,200000,0,CST,0,0,9,50,3,NNE,3,5/12/2000,1745,38.9,-89.55,38.9,-89.28
5144485,BOND CO.,GREENVILLE,2000,5,12,1747,F2,2,0,0,0,0,CST,0,0,1.5,100,2,NNE,3,5/12/2000,1750,38.9,-89.3,38.9,-89.28
5144486,FAYETTE CO.,VANDALIA,2000,5,12,1810,F0,0,0,0,15000,0,CST,0,0,1.5,40,4,S,4,5/12/2000,1813,38.9,-89.1,38.9,-89.07
5146587,HENRY CO.,ORION,2000,5,18,1350,F0,0,0,0,0,0,CST,0,0,0.1,10, , , ,5/18/2000,1350,41.35,-90.38,41.35,-90.38
5146590,HENRY CO.,GENESEO,2000,5,18,1409,F0,0,0,0,0,0,CST,0,0,0.1,10,3,S,3,5/18/2000,1409,41.4,-90.15,41.4,-90.15
5146591,HENRY CO.,WOODHULL,2000,5,18,1411,F0,0,0,0,0,0,CST,0,0,0.1,10,2,N,2,5/18/2000,1411,41.22,-90.32,41.22,-90.32
5146601,HENRY CO.,GALVA,2000,5,18,1434,F0,0,0,0,0,0,CST,0,0,0.1,10,3,N,3,5/18/2000,1434,41.22,-90.05,41.22,-90.05
5146592,BUREAU CO.,MANLIUS,2000,5,18,1450,F0,0,0,0,15000,0,CST,0,0,0.1,10, , , ,5/18/2000,1450,41.45,-89.67,41.45,-89.67
5146593,BUREAU CO.,NEPONSET,2000,5,18,1500,F0,0,0,0,10000,0,CST,0,0,0.1,10, , , ,5/18/2000,1500,41.3,-89.8,41.3,-89.8
5144588,LA SALLE CO.,LOSTANT,2000,5,18,1605,F0,0,0,0,0,0,CST,0,0,3,100,5,SW,2,5/18/2000,1608,41.1,-89.13,41.13,-89.1
5148873,WOODFORD CO.,METAMORA,2000,5,18,1618,F0,0,0,1,5000,0,CST,0,0,0.2,20,1,W,1,5/18/2000,1618,40.78,-89.37,40.78,-89.37
5144683,LIVINGSTON CO.,BLACKSTONE,2000,5,18,1635,F0,0,0,0,0,0,CST,0,0,0.5,50, , , ,5/18/2000,1635,41.08,-88.68,41.08,-88.68
5144684,LIVINGSTON CO.,ODELL,2000,5,18,1650,F0,0,0,0,0,0,CST,0,0,0.5,50, , , ,5/18/2000,1650,41,-88.52,41,-88.52
5144687,LIVINGSTON CO.,FAIRBURY,2000,5,18,1700,F0,0,0,0,0,0,CST,0,0,0.5,50, , , ,5/18/2000,1700,40.75,-88.52,40.75,-88.52
5144685,KANKAKEE CO.,UNION HILL,2000,5,18,1710,F0,0,0,0,0,0,CST,0,0,0.5,50,1,W,1,5/18/2000,1710,41.12,-88.17,41.12,-88.17
5144686,KANKAKEE CO.,HERSCHER,2000,5,18,1710,F0,0,0,0,0,0,CST,0,0,0.5,50,1,W, ,5/18/2000,1710,41.05,-88.12,41.05,-88.1
5144688,LIVINGSTON CO.,CHATSWORTH,2000,5,18,1745,F0,0,0,0,0,0,CST,0,0,0.5,50, , , ,5/18/2000,1745,40.75,-88.28,40.75,-88.28
5144690,FORD CO.,GIBSON CITY,2000,5,18,1810,F0,0,0,0,0,0,CST,0,0,0.5,50, , , ,5/18/2000,1810,40.47,-88.37,40.47,-88.37
5148944,LOGAN CO.,BEASON,2000,5,18,1812,F0,0,0,0,0,0,CST,0,0,2.5,20,3,N,4,5/18/2000,1814,40.18,-89.2,40.18,-89.15
5148945,MCLEAN CO.,LE ROY,2000,5,18,1813,F0,0,0,0,0,0,CST,0,0,0.1,20,4,W,4,5/18/2000,1813,40.35,-88.85,40.35,-88.85
5145032,IROQUOIS CO.,ASHKUM,2000,5,18,1820,F0,0,0,0,0,0,CST,0,0,0.5,50,2,W,2,5/18/2000,1820,40.88,-87.98,40.88,-87.98
5149221,MCLEAN CO.,LE ROY,2000,5,18,1825,F0,0,0,0,0,0,CST,0,0,0.1,20,1,W,1,5/18/2000,1825,40.35,-88.78,40.35,-88.78
5145030,FORD CO.,GIBSON CITY,2000,5,18,1830,F0,0,0,0,0,0,CST,0,0,0.5,50,4,S,4,5/18/2000,1830,40.42,-88.37,40.42,-88.37
5145031,FORD CO.,PAXTON,2000,5,18,1840,F0,0,0,0,0,0,CST,0,0,0.5,50,2,SW,2,5/18/2000,1840,40.45,-88.13,40.45,-88.13
5149222,CHAMPAIGN CO.,THOMASBORO,2000,5,18,1845,F0,0,0,0,0,0,CST,0,0,0.1,10,2,NW,2,5/18/2000,1845,40.25,-88.2,40.25,-88.2
5144487,PIKE CO.,DETROIT,2000,5,26,2213,F0,0,0,0,0,0,CST,0,0,1,50,4,ESE,4,5/26/2000,2215,39.6,-90.62,39.6,-90.62
5144488,PIKE CO.,MILTON,2000,5,26,2214,F0,0,0,0,0,0,CST,0,0,0.8,50,4,SE,5,5/26/2000,2216,39.53,-90.6,39.52,-90.58
5149229,SCOTT CO.,WINCHESTER,2000,5,26,2215,F0,0,0,0,0,0,CST,0,0,5.3,70,8,WSW,3,5/26/2000,2219,39.58,-90.6,39.63,-90.52
5149590,SCOTT CO.,GLASGOW,2000,5,26,2216,F0,0,0,0,0,0,CST,0,0,3.5,70,6,WSW,2,5/26/2000,2219,39.52,-90.58,39.53,-90.52
5149593,MORGAN CO.,MURRAYVILLE,2000,5,26,2236,F1,1,0,0,44000,0,CST,0,0,1.5,100,1,SW,1,5/26/2000,2238,39.58,-90.25,39.6,-90.23
5145067,LIVINGSTON CO.,CULLOM,2000,5,31,1405,F0,0,0,0,0,0,CST,0,0,0.5,30,3,SSE,3,5/31/2000,1405,40.85,-88.25,40.85,-88.25
5151018,CLINTON CO.,CARLYLE,2000,6,16,1125,F0,0,0,0,0,0,CST,0,0,1.5,50,2,N,3,6/16/2000,1125,38.65,-89.37,38.65,-89.33
5154642,SHELBY CO.,OCONEE,2000,6,20,1332,F1,1,0,1,75000,0,CST,0,0,24,300, , ,6,6/20/2000,1424,39.28,-89.12,39.37,-88.7
5151162,MONTGOMERY CO.,DONNELLSON,2000,6,20,1340,F0,0,0,0,0,0,CST,0,0,10.3,50,2,N,0,6/20/2000,1355,39.07,-89.47,39.12,-89.27
5154716,LOGAN CO.,BROADWELL,2000,6,20,1755,F0,0,0,0,23000,0,CST,0,0,0.3,100, , , ,6/20/2000,1756,40.07,-89.45,40.07,-89.45
5154266,SANGAMON CO.,SPRINGFIELD ARPT,2000,6,20,1844,F0,0,0,0,1000,0,CST,0,0,0.2,150,2,ENE,2,6/20/2000,1845,39.85,-89.65,39.85,-89.65
5154339,PIATT CO.,MANSFIELD,2000,6,20,2008,F0,0,0,0,0,0,CST,0,0,1.5,50,1,SE,3,6/20/2000,2014,40.18,-88.48,40.18,-88.47
5154340,CHAMPAIGN CO.,MAHOMET,2000,6,20,2014,F0,0,0,0,20000,0,CST,0,0,1.1,50,3,W,2,6/20/2000,2015,40.18,-88.45,40.18,-88.43
5151441,ST. CLAIR CO.,MILLSTADT,2000,6,24,1340,F1,1,0,2,0,0,CST,0,0,6.2,100,4,WNW,2,6/24/2000,1349,38.47,-90.15,38.47,-90.05
5163961,MACOUPIN CO.,MEDORA,2000,7,18,1750,F0,0,0,0,0,0,CST,0,0,0.1,40, , , ,7/18/2000,1751,39.17,-90.13,39.17,-90.13
5163958,JERSEY CO.,ELSAH,2000,7,18,1830,F0,0,0,0,0,0,CST,0,0,0.1,40, , , ,7/18/2000,1831,38.95,-90.35,38.95,-90.35
5163959,MACOUPIN CO.,PIASA,2000,7,18,1910,F0,0,0,0,0,0,CST,0,0,0.1,40,2,SW,2,7/18/2000,1911,39.1,-90.15,39.1,-90.15
5165080,OGLE CO.,CRESTON,2000,7,31,1440,F0,0,0,0,0,0,CST,0,0,0.5,50,1,NNW,1,7/31/2000,1440,41.95,-88.97,41.95,-88.97
5173303,MCLEAN CO.,TWIN GROVE,2000,8,23,1723,F1,1,0,0,7000,0,CST,0,0,0.5,86,1,WSW,1,8/23/2000,1724,40.48,-89.1,40.48,-89.1
5157230,KNOX CO.,ST AUGUSTINE,2000,9,11,2045,F0,0,0,0,0,0,CST,0,0,0.5,75,3,NE,3,9/11/2000,2050,40.75,-90.37,40.72,-90.35
5174502,HARDIN CO.,CAVE IN ROCK,2000,10,5,1652,F0,0,0,0,0,0,CST,0,0,0.2,30,4,N,4,10/5/2000,1653,37.52,-88.17,37.52,-88.17
5239916,MARSHALL CO.,CAMP GROVE,2001,4,9,1728,F0,0,0,0,0,0,CST,0,0,0.3,15,7,ESE,7,4/9/2001,1733,41.05,-89.53,41.05,-89.53
5243225,MADISON CO.,GRANITE CITY,2001,4,10,2035,F1,1,0,1,5000000,0,CST,0,0,2,100, , , ,4/10/2001,2038,38.72,-90.13,38.73,-90.07
5241264,DE KALB CO.,KIRKLAND,2001,5,10,2110,F0,0,0,0,0,0,CST,0,0,0.1,20, , , ,5/10/2001,2110,42.08,-88.85,42.08,-88.85
5241265,IROQUOIS CO.,PAPINEAU,2001,5,26,1410,F0,0,0,0,0,0,CST,0,0,0.2,30, , , ,5/26/2001,1410,40.97,-87.72,40.97,-87.72
5258321,MADISON CO.,HIGHLAND,2001,5,31,1408,F0,0,0,0,50000,0,CST,0,0,0.2,50, , , ,5/31/2001,1410,38.73,-89.67,38.73,-89.67
5243358,PERRY CO.,PINCKNEYVILLE,2001,5,31,1545,F0,0,0,0,0,0,CST,0,0,0.1,30,7,N,7,5/31/2001,1546,38.18,-89.38,38.18,-89.38
5258235,MOULTRIE CO.,LOVINGTON,2001,7,8,1524,F0,0,0,0,0,0,CST,0,0,1.5,150,1,NW,0,7/8/2001,1527,39.73,-88.65,39.72,-88.63
5258236,MOULTRIE CO.,SULLIVAN,2001,7,8,1549,F0,0,0,0,0,0,CST,0,0,0.1,20,3,SSE,3,7/8/2001,1549,39.57,-88.6,39.57,-88.6
5258237,SHELBY CO.,FINDLAY,2001,7,8,1614,F0,0,0,0,0,0,CST,0,0,0.1,20,2,E,2,7/8/2001,1614,39.52,-88.72,39.52,-88.72
5260715,WARREN CO.,ROSEVILLE,2001,7,17,1415,F0,0,0,0,0,0,CST,0,0,0.1,10,11,E,11,7/17/2001,1415,40.73,-90.45,40.73,-90.45
5266344,MASON CO.,MASON CITY,2001,8,18,1136,F0,0,0,0,0,0,CST,0,0,0.1,25,5,N,5,8/18/2001,1137,40.28,-89.7,40.28,-89.7
5266242,DE WITT CO.,DE WITT,2001,8,18,1305,F0,0,0,0,0,0,CST,0,0,0.3,100,0,NW, ,8/18/2001,1308,40.18,-88.78,40.18,-88.78
5266332,CHAMPAIGN CO.,OGDEN,2001,8,18,1414,F0,0,0,0,0,0,CST,0,0,0.1,20,2,W,2,8/18/2001,1415,40.12,-87.98,40.12,-87.98
5266345,CHAMPAIGN CO.,PHILO,2001,8,18,1451,F0,0,0,0,0,0,CST,0,0,0.1,5,5,S,5,8/18/2001,1451,39.93,-88.15,39.93,-88.15
5265544,JEFFERSON CO.,WALTONVILLE,2001,8,18,1702,F0,0,0,0,0,0,CST,0,0,0.1,30,3,SSE,3,8/18/2001,1703,38.18,-89.03,38.18,-89.03
5264266,WILL CO.,PLAINFIELD,2001,8,25,1359,F0,0,0,0,0,0,CST,0,0,0.1,20, , , ,8/25/2001,1359,41.6,-88.2,41.6,-88.2
5272380,MACON CO.,OAKLEY,2001,10,24,1224,F0,0,0,0,0,0,CST,0,0,0.1,20,3,ENE,3,10/24/2001,1224,39.88,-88.75,39.88,-88.75
5272379,PIATT CO.,MONTICELLO,2001,10,24,1235,F2,2,0,0,2200000,0,CST,0,0,1.8,300,1,WSW,1,10/24/2001,1238,40.03,-88.58,40.05,-88.55
5272434,CHAMPAIGN CO.,CHAMPAIGN,2001,10,24,1255,F1,1,0,2,500000,0,CST,0,0,1,100,4,NW,4,10/24/2001,1257,40.15,-88.3,40.17,-88.28
5270669,RANDOLPH CO.,PERCY,2001,10,24,1335,F1,1,0,0,0,0,CST,0,0,2,70, , ,2,10/24/2001,1337,38.02,-89.62,38,-89.58
5270235,WHITE CO.,SPRINGERTON,2001,10,24,1440,F0,0,0,0,50000,0,CST,0,0,0.5,50,1,W, ,10/24/2001,1441,38.18,-88.37,38.18,-88.35
5283986,LAKE CO.,ZION,2002,4,18,1843,F0,0,0,0,0,0,CST,0,0,0.1,20,2,E,2,4/18/2002,1845,42.45,-87.8,42.45,-87.8
5290290,CASS CO.,BLUFF SPGS,2002,4,19,1827,F1,1,0,0,0,0,CST,0,0,2,40,4,ESE,3,4/19/2002,1832,39.97,-90.28,39.98,-90.25
5293472,JEFFERSON CO.,BLUFORD,2002,4,21,1449,F1,1,0,0,2000,0,CST,0,0,1.5,100,2,NE,3,4/21/2002,1451,38.35,-88.73,38.37,-88.72
5292301,GALLATIN CO.,EQUALITY,2002,4,24,1613,F0,0,0,0,0,0,CST,0,0,0.1,20, , , ,4/24/2002,1613,37.73,-88.33,37.73,-88.33
5289602,ST. CLAIR CO.,SHILOH,2002,4,27,2135,F1,1,0,0,0,0,CST,0,0,1.7,100,2,SW, ,4/27/2002,2138,38.53,-89.93,38.55,-89.9
5290432,CLAY CO.,FLORA,2002,4,27,2305,F1,1,0,5,0,0,CST,0,0,5,200,2,SW,3,4/27/2002,2310,38.65,-88.52,38.63,-88.45
5292408,SALINE CO.,GALATIA,2002,4,28,7,F2,2,0,3,3500000,0,CST,0,0,7.5,200,1,W,7,4/28/2002,16,37.83,-88.63,37.83,-88.5
5289037,JOHNSON CO.,CYPRESS,2002,4,28,35,F2,2,0,2,3000000,0,CST,0,0,3,400,2,W,2,4/28/2002,38,37.37,-89.05,37.37,-88.98
5289043,JOHNSON CO.,VIENNA,2002,4,28,46,F2,2,0,2,100000,0,CST,0,0,7,400,3,S, ,4/28/2002,52,37.37,-88.9,37.37,-88.78
5289044,POPE CO.,DIXON SPGS,2002,4,28,59,F3,3,0,1,400000,0,CST,0,0,12,200,3,SW,2,4/28/2002,110,37.35,-88.72,37.37,-88.47
5292049,BOND CO.,GREENVILLE,2002,5,1,1238,F1,1,0,0,0,0,CST,0,0,6,40,3,W, ,5/1/2002,1248,38.88,-89.37,38.88,-89.32
5292051,BOND CO.,GREENVILLE,2002,5,1,1238,F1,1,0,1,0,0,CST,0,0,7.5,40,4,W,2,5/1/2002,1251,38.88,-89.38,38.87,-89.28
5292050,BOND CO.,GREENVILLE,2002,5,1,1238,F1,1,0,0,0,0,CST,0,0,6.5,40,3,W,1,5/1/2002,1249,38.88,-89.37,38.87,-89.3
5292052,BOND CO.,GREENVILLE,2002,5,1,1240,F0,0,0,0,0,0,CST,0,0,2.5,30,3,SW,1,5/1/2002,1245,38.85,-89.35,38.87,-89.33
5292087,BOND CO.,GREENVILLE,2002,5,1,1241,F1,1,0,0,0,0,CST,0,0,5,40,2,SW,1,5/1/2002,1250,38.87,-89.35,38.87,-89.32
5292088,BOND CO.,GREENVILLE,2002,5,1,1242,F1,1,0,0,0,0,CST,0,0,2.5,40, , , ,5/1/2002,1247,38.88,-89.32,38.88,-89.32
5292089,MARION CO.,KINMUNDY,2002,5,1,1310,F1,1,0,0,0,0,CST,0,0,7,40,7,W,1,5/1/2002,1322,38.77,-88.97,38.75,-88.85
5292090,MARION CO.,KINMUNDY,2002,5,1,1311,F1,1,0,0,0,0,CST,0,0,6.5,40,6,WSW,2,5/1/2002,1323,38.73,-88.95,38.73,-88.83
5292091,MARION CO.,KINMUNDY,2002,5,1,1315,F1,1,0,0,0,0,CST,0,0,2.5,40,2,W,1,5/1/2002,1319,38.77,-88.88,38.75,-88.85
5291780,MACOUPIN CO.,PALMYRA,2002,5,1,1400,F0,0,0,0,0,0,CST,0,0,0.5,75,1,W,1,5/1/2002,1402,39.43,-90.02,39.43,-90.02
5302469,SHELBY CO.,SIGEL,2002,5,1,1520,F0,0,0,0,0,0,CST,0,0,0.1,20,3,WNW,3,5/1/2002,1521,39.23,-88.55,39.23,-88.55
5302550,CUMBERLAND CO.,NEOGA,2002,5,1,1530,F1,1,0,0,0,0,CST,0,0,1,100,10,S,10,5/1/2002,1535,39.17,-88.45,39.18,-88.38
5302549,CUMBERLAND CO.,NEOGA,2002,5,1,1530,F0,0,0,0,0,0,CST,0,0,0.3,50,9,S,9,5/1/2002,1531,39.18,-88.45,39.18,-88.45
5291145,CALHOUN CO.,CENTERVILLE,2002,5,7,120,F0,0,0,0,0,0,CST,0,0,0.1,25,1,SE,1,5/7/2002,121,38.9,-90.55,38.9,-90.55
5302867,WOODFORD CO.,EL PASO,2002,5,8,2332,F0,0,0,0,0,0,CST,0,0,4.5,50,4,SW,2,5/8/2002,2337,40.7,-89.07,40.72,-88.98
5302868,MCLEAN CO.,GRIDLEY,2002,5,8,2337,F0,0,0,0,0,0,CST,0,0,1,50,6,WSW,5,5/8/2002,2338,40.72,-88.98,40.73,-88.97
5292008,RANDOLPH CO.,CHESTER,2002,5,12,1800,F0,0,0,0,0,0,CST,0,0,0.1,30, , , ,5/12/2002,1802,37.9,-89.82,37.9,-89.82
5298827,LIVINGSTON CO.,ANCONA,2002,6,4,1354,F0,0,0,0,0,0,CST,0,0,2,50,1,W, ,6/4/2002,1400,41.03,-88.88,41.03,-88.87
5298828,LIVINGSTON CO.,MANVILLE,2002,6,4,1416,F0,0,0,0,0,0,CST,0,0,1,50, , , ,6/4/2002,1419,41.05,-88.77,41.05,-88.77
5298118,PIKE CO.,ROCKPORT,2002,6,11,1415,F0,0,0,0,0,0,CST,0,0,0.7,60, , , ,6/11/2002,1415,39.53,-91.02,39.53,-91.02
5302068,MORGAN CO.,MURRAYVILLE,2002,6,11,1439,F0,0,0,0,0,0,CST,0,0,0.3,10,1,W,1,6/11/2002,1440,39.58,-90.27,39.58,-90.27
5298223,FAYETTE CO.,VANDALIA,2002,6,11,1600,F0,0,0,0,0,0,CST,0,0,2.5,50,8,NW,6,6/11/2002,1604,39.05,-89.2,39.03,-89.18
5298224,FAYETTE CO.,VANDALIA,2002,6,11,1605,F0,0,0,0,0,0,CST,0,0,0.7,40,4,E,5,6/11/2002,1606,38.97,-89.03,38.97,-89.02
5301253,CUMBERLAND CO.,NEOGA,2002,6,11,1640,F0,0,0,0,0,0,CST,0,0,2,50,4,SE,6,6/11/2002,1643,39.28,-88.4,39.25,-88.37
5301340,FULTON CO.,SMITHFIELD,2002,6,12,2320,F0,0,0,0,0,0,CST,0,0,1.8,12,1,NW,1,6/12/2002,2322,40.48,-90.3,40.48,-90.27
5323009,JACKSON CO.,DE SOTO,2002,11,10,1332,F0,0,0,0,4000,0,CST,0,0,9,100,3,NW,5,11/10/2002,1340,37.85,-89.27,37.9,-89.13
5323010,FRANKLIN CO.,ROYALTON,2002,11,10,1341,F0,0,0,0,1000,0,CST,0,0,0.5,50,2,N,2,11/10/2002,1342,37.88,-89.12,37.9,-89.1
5346495,SANGAMON CO.,PAWNEE,2003,3,19,1325,F0,0,0,0,0,0,CST,0,0,0.1,10,1,S,1,3/19/2003,1325,39.57,-89.58,39.57,-89.58
5352041,LOGAN CO.,LINCOLN,2003,4,4,1508,F1,1,0,0,50000,0,CST,0,0,1,30,6,W,5,4/4/2003,1509,40.15,-89.48,40.15,-89.47
5350606,LOGAN CO.,ATLANTA,2003,4,4,1511,F0,0,0,0,0,0,CST,0,0,0.1,10,1,N,1,4/4/2003,1511,40.25,-89.23,40.25,-89.23
5350609,MCLEAN CO.,MC LEAN,2003,4,4,1520,F0,0,0,0,0,0,CST,0,0,0.1,10,1,SW,1,4/4/2003,1520,40.32,-89.17,40.32,-89.17
5350405,DE WITT CO.,WAPELLA,2003,4,4,1548,F0,0,0,0,0,0,CST,0,0,0.1,10,1,S,1,4/4/2003,1548,40.18,-88.97,40.18,-88.97
5350406,DE WITT CO.,DE WITT,2003,4,4,1553,F0,0,0,0,0,0,CST,0,0,0.3,30,2,WNW,2,4/4/2003,1553,40.18,-88.82,40.18,-88.82
5350410,CLINTON CO.,BARTELSO,2003,4,4,1608,F1,1,0,0,0,0,CST,0,0,4,100,2,S,3,4/4/2003,1618,38.48,-89.47,38.53,-89.42
5350505,EDGAR CO.,HUME,2003,4,4,1835,F0,0,0,0,0,0,CST,0,0,0.1,10,1,W,1,4/4/2003,1835,39.78,-87.88,39.78,-87.88
5350339,ALEXANDER CO.,UNITY,2003,4,25,1343,F0,0,0,0,0,0,CST,0,0,0.3,30,2,NNW,2,4/25/2003,1344,37.18,-89.28,37.18,-89.27
5353606,MERCER CO.,ALEDO,2003,4,30,1742,F1,1,0,0,500000,0,CST,0,0,0,75,3,S,3,4/30/2003,1742,41.15,-90.75,41.15,-90.75
5353607,MERCER CO.,ALEDO,2003,4,30,1757,F0,0,0,0,50000,0,CST,0,0,0.8,20,2,SE,3,4/30/2003,1800,41.18,-90.72,41.18,-90.7
5353610,MERCER CO.,VIOLA,2003,4,30,1808,F1,1,0,0,500000,0,CST,0,0,0.1,50,1,S,1,4/30/2003,1809,41.18,-90.58,41.18,-90.58
5353611,MERCER CO.,VIOLA,2003,4,30,1811,F0,0,0,0,250000,0,CST,0,0,0.5,25,0,E,1,4/30/2003,1813,41.2,-90.58,41.2,-90.57
5353612,MERCER CO.,VIOLA,2003,4,30,1812,F1,1,0,0,300000,0,CST,0,0,0.5,75,1,E,1,4/30/2003,1814,41.2,-90.57,41.2,-90.57
5353616,HENRY CO.,ALPHA,2003,4,30,1829,F0,0,0,0,0,0,CST,0,0,0,50,1,N,1,4/30/2003,1829,41.2,-90.38,41.2,-90.38
5350924,KNOX CO.,VICTORIA,2003,4,30,1930,F0,0,0,0,0,0,CST,0,0,1,10,6,NE,7,4/30/2003,1931,41.1,-90.02,41.1,-90
5351690,MASSAC CO.,JOPPA,2003,5,4,2047,F1,1,0,0,0,0,CST,0,0,1.4,100,1,WNW,1,5/4/2003,2050,37.18,-88.87,37.18,-88.87
5351784,POPE CO.,GOLCONDA,2003,5,4,2109,F1,1,0,0,0,0,CST,0,0,1.2,50,6,SSW,5,5/4/2003,2111,37.28,-88.53,37.28,-88.48
5351692,POPE CO.,BAY CITY,2003,5,4,2110,F1,1,0,0,8000,0,CST,0,0,0.2,40,2,SE,2,5/4/2003,2110,37.23,-88.47,37.23,-88.47
5358960,MONROE CO.,RENAULT,2003,5,6,1910,F1,1,0,0,0,0,CST,0,0,4,60,2,NE,5,5/6/2003,1916,38.17,-90.12,38.18,-90.07
5358961,RANDOLPH CO.,RED BUD,2003,5,6,1930,F1,1,0,0,0,0,CST,0,0,0.5,60,5,SE,5,5/6/2003,1931,38.17,-89.92,38.17,-89.92
5359906,RANDOLPH CO.,WALSH,2003,5,6,1935,F0,0,0,0,0,0,CST,0,0,0.1,25, , , ,5/6/2003,1935,38.08,-89.85,38.08,-89.85
5351943,ALEXANDER CO.,MILLER CITY,2003,5,6,1957,F0,0,0,0,0,0,CST,0,0,0.3,30, , , ,5/6/2003,1957,37.12,-89.37,37.12,-89.37
5352783,POPE CO.,TEMPLE HILL,2003,5,6,2114,F3,3,0,0,2500000,0,CST,0,0,13,600,3,W,1,5/6/2003,2142,37.3,-88.68,37.37,-88.48
5352894,ALEXANDER CO.,WILLARD,2003,5,6,2127,F2,2,0,1,300000,0,CST,0,0,3,400,2,S, ,5/6/2003,2134,37.05,-89.35,37,-89.18
5352581,JOHNSON CO.,CYPRESS,2003,5,6,2127,F0,0,0,0,0,0,CST,0,0,0.2,30,3,S,3,5/6/2003,2127,37.32,-89.02,37.32,-89.02
5352585,JOHNSON CO.,REEVESVILLE,2003,5,6,2147,F0,0,0,0,0,0,CST,0,0,0.2,30,1,NNE,1,5/6/2003,2147,37.37,-88.72,37.37,-88.72
5352583,MASSAC CO.,SAMOTH,2003,5,6,2150,F0,0,0,0,0,0,CST,0,0,0.2,30,1,E,1,5/6/2003,2150,37.33,-88.77,37.33,-88.77
5352786,MASSAC CO.,METROPOLIS,2003,5,6,2155,F2,2,0,0,80000,0,CST,0,0,4,50,8,NW,7,5/6/2003,2202,37.23,-88.83,37.25,-88.73
5359909,MACOUPIN CO.,STAUNTON,2003,5,8,1400,F0,0,0,0,0,0,CST,0,0,0.2,50,5,W,5,5/8/2003,1401,39.02,-89.88,39.02,-89.88
5356072,CLAY CO.,OSKALOOSA,2003,5,8,1615,F0,0,0,0,0,0,CST,0,0,0.1,10,2,SSE,2,5/8/2003,1615,38.72,-88.63,38.72,-88.63
5355404,SANGAMON CO.,CHATHAM,2003,5,9,1840,F0,0,0,0,0,0,CST,0,0,0.3,20,1,W,1,5/9/2003,1840,39.67,-89.72,39.67,-89.72
5355720,SANGAMON CO.,DIVERNON,2003,5,10,653,F0,0,0,0,0,0,CST,0,0,0.1,10,2,S,2,5/10/2003,653,39.53,-89.67,39.53,-89.67
5355721,SANGAMON CO.,DIVERNON,2003,5,10,655,F0,0,0,0,0,0,CST,0,0,0.2,20,1,E,1,5/10/2003,655,39.57,-89.65,39.57,-89.65
5355796,SANGAMON CO.,AUBURN,2003,5,10,658,F0,0,0,0,45000,0,CST,0,0,1,30,5,E,6,5/10/2003,700,39.58,-89.65,39.58,-89.63
5355797,CHRISTIAN CO.,KINCAID,2003,5,10,708,F0,0,0,0,0,0,CST,0,0,0.3,20,1,W,1,5/10/2003,709,39.58,-89.43,39.58,-89.43
5354692,CUMBERLAND CO.,NEOGA,2003,5,10,845,F0,0,0,0,0,0,CST,0,0,0.1,10,1,W,1,5/10/2003,845,39.32,-88.47,39.32,-88.47
5354687,EDGAR CO.,BELL RIDGE,2003,5,10,940,F0,0,0,0,0,0,CST,0,0,0.1,10,5,SE,5,5/10/2003,940,39.45,-87.7,39.45,-87.7
5354696,JASPER CO.,WHEELER,2003,5,10,1000,F1,1,0,0,15000,0,CST,0,0,1.5,100,3,E,4,5/10/2003,1002,39.05,-88.27,39.02,-88.27
5358188,ADAMS CO.,MEYER,2003,5,10,1736,F2,2,0,4,0,0,CST,0,0,10,300,1,SSW,3,5/10/2003,1749,40.13,-91.5,40.22,-91.35
5359416,HANCOCK CO.,TIOGA,2003,5,10,1749,F2,2,0,0,400000,0,CST,0,0,28.4,200,1,SE,4,5/10/2003,1830,40.18,-91.33,40.45,-90.92
5358189,ADAMS CO.,LIBERTY,2003,5,10,1820,F1,1,0,0,0,0,CST,0,0,17.5,150,2,NNE,3,5/10/2003,1850,39.9,-91.08,40,-90.92
5359417,MCDONOUGH CO.,TENNESSEE,2003,5,10,1830,F1,1,0,0,400000,0,CST,0,0,23,200,4,NW,6,5/10/2003,1904,40.47,-90.88,40.6,-90.65
5358567,BROWN CO.,TIMEWELL,2003,5,10,1850,F2,2,0,0,0,0,CST,0,0,13,300,3,WSW,8,5/10/2003,1910,39.98,-90.92,40.07,-90.72
5359418,WARREN CO.,YOUNGSTOWN,2003,5,10,1904,F1,1,0,0,300000,0,CST,0,0,7.8,200,2,SSW,5,5/10/2003,1919,40.63,-90.63,40.73,-90.57
5354957,SCHUYLER CO.,RUSHVILLE,2003,5,10,1910,F0,0,0,0,0,0,CST,0,0,0.3,10,8,WSW,8,5/10/2003,1911,40.07,-90.7,40.07,-90.7
5354787,SCHUYLER CO.,RUSHVILLE,2003,5,10,1914,F2,2,0,0,0,0,CST,0,0,6,150,6,W,3,5/10/2003,1920,40.12,-90.67,40.15,-90.58
5359424,MERCER CO.,NEW BOSTON,2003,5,10,1930,F0,0,0,0,100000,0,CST,0,0,8.3,100,3,NW,4,5/10/2003,1940,41.2,-91.03,41.25,-90.92
5354788,FULTON CO.,IPAVA,2003,5,10,1932,F1,1,0,0,0,0,CST,0,0,3,400,2,SW,1,5/10/2003,1935,40.33,-90.35,40.37,-90.3
5359425,MERCER CO.,MILLERSBURG,2003,5,10,1945,F0,0,0,0,100000,0,CST,0,0,2.1,50,2,NNW,3,5/10/2003,1950,41.27,-90.83,41.27,-90.77
5354789,FULTON CO.,ASTORIA,2003,5,10,1947,F1,1,0,0,0,0,CST,0,0,2.7,100,1,S,3,5/10/2003,1950,40.23,-90.35,40.25,-90.3
5359426,MERCER CO.,ALEDO,2003,5,10,1955,F0,0,0,0,50000,0,CST,0,0,3.8,50,7,NNE,3,5/10/2003,2001,41.3,-90.7,41.33,-90.63
5359427,HENRY CO.,GALVA,2003,5,10,1955,F0,0,0,0,400000,0,CST,0,0,9.8,100,1,E,3,5/10/2003,2010,41.17,-90.03,41.25,-89.88
5359428,BUREAU CO.,NEPONSET,2003,5,10,2010,F0,0,0,0,250000,0,CST,0,0,15.7,100,5,SW,3,5/10/2003,2032,41.25,-89.87,41.4,-89.62
5354870,MASON CO.,HAVANA,2003,5,10,2012,F1,1,0,0,0,0,CST,0,0,8,150,2,NNE,4,5/10/2003,2020,40.33,-90.05,40.37,-89.9
5354871,MASON CO.,MANITO,2003,5,10,2033,F2,2,0,1,0,0,CST,0,0,2.5,100,2,SW,1,5/10/2003,2036,40.4,-89.8,40.42,-89.75
5354872,MASON CO.,MANITO,2003,5,10,2038,F1,1,0,0,0,0,CST,0,0,2,100,1,E,3,5/10/2003,2042,40.42,-89.75,40.43,-89.72
5354873,TAZEWELL CO.,SOUTH PEKIN,2003,5,10,2045,F3,3,0,32,10000000,0,CST,0,0,17.5,440,3,SW,3,5/10/2003,2116,40.47,-89.68,40.65,-89.45
5359429,BUREAU CO.,ZEARING,2003,5,10,2058,F0,0,0,0,50000,0,CST,0,0,4.1,50,5,NW,1,5/10/2003,2103,41.5,-89.38,41.52,-89.28
5354874,TAZEWELL CO.,MORTON,2003,5,10,2116,F1,1,0,0,0,0,CST,0,0,1.5,100,3,N,4,5/10/2003,2118,40.67,-89.45,40.67,-89.42
5354875,TAZEWELL CO.,WASHINGTON,2003,5,10,2118,F0,0,0,0,0,0,CST,0,0,2,100,3,SE,4,5/10/2003,2121,40.67,-89.37,40.7,-89.32
5354954,WOODFORD CO.,EUREKA,2003,5,10,2121,F2,2,0,4,0,0,CST,0,0,10.5,300,3,SW,1,5/10/2003,2136,40.67,-89.32,40.82,-89.2
5354956,WOODFORD CO.,EUREKA,2003,5,10,2125,F1,1,0,0,0,0,CST,0,0,8,200,3,E,5,5/10/2003,2135,40.72,-89.22,40.85,-89.13
5357575,FORD CO.,GIBSON CITY,2003,5,14,1659,F0,0,0,0,2000,0,CST,0,0,1,50,3,N,2,5/14/2003,1702,40.52,-88.37,40.48,-88.35
5354962,MCLEAN CO.,LE ROY,2003,5,14,1708,F0,0,0,0,0,0,CST,0,0,0.1,10,2,E,2,5/14/2003,1708,40.35,-88.73,40.35,-88.73
5354963,CHAMPAIGN CO.,RANTOUL,2003,5,14,1712,F0,0,0,0,0,0,CST,0,0,0.1,10,1,NE,1,5/14/2003,1712,40.33,-88.13,40.33,-88.13
5354964,CHAMPAIGN CO.,ST JOSEPH,2003,5,14,1745,F0,0,0,0,0,0,CST,0,0,0.1,10,5,ESE,5,5/14/2003,1745,40.07,-87.95,40.07,-87.95
5354966,CHAMPAIGN CO.,BROADLANDS,2003,5,14,1814,F0,0,0,0,0,0,CST,0,0,0.1,10, , , ,5/14/2003,1814,39.92,-88,39.92,-88
5354967,VERMILION CO.,OAKWOOD,2003,5,14,1819,F0,0,0,0,0,0,CST,0,0,0.1,10, , , ,5/14/2003,1819,40.12,-87.78,40.12,-87.78
5354969,PIATT CO.,MONTICELLO,2003,5,14,1828,F0,0,0,0,0,0,CST,0,0,0.1,10,5,N,5,5/14/2003,1828,40.1,-88.57,40.1,-88.57
5354968,VERMILION CO.,RIDGE FARM,2003,5,14,1840,F0,0,0,0,0,0,CST,0,0,0.1,10,3,W,3,5/14/2003,1840,39.9,-87.7,39.9,-87.7
5355070,WOODFORD CO.,GERMANTOWN HILLS,2003,5,28,1340,F1,1,0,0,0,0,CST,0,0,2,100, , ,2,5/28/2003,1345,40.77,-89.48,40.75,-89.45
5355071,TAZEWELL CO.,WASHINGTON,2003,5,28,1345,F0,0,0,0,0,0,CST,0,0,1.5,40,3,NNW,2,5/28/2003,1348,40.73,-89.42,40.73,-89.4
5355069,WOODFORD CO.,METAMORA,2003,5,28,1358,F0,0,0,0,0,0,CST,0,0,0.1,10,3,SW,3,5/28/2003,1358,40.75,-89.38,40.75,-89.38
5355074,TAZEWELL CO.,MACKINAW,2003,5,28,1410,F0,0,0,0,0,0,CST,0,0,0.1,10,3,W,3,5/28/2003,1410,40.53,-89.4,40.53,-89.4
5357603,KANE CO.,SUGAR GROVE,2003,5,28,1419,F0,0,0,0,0,0,CST,0,0,1,50,4,NW,3,5/28/2003,1421,41.78,-88.5,41.78,-88.48
5357660,KENDALL CO.,BRISTOL,2003,5,28,1439,F0,0,0,0,0,0,CST,0,0,1,50,2,W,1,5/28/2003,1441,41.65,-88.48,41.63,-88.47
5355075,TAZEWELL CO.,ARMINGTON,2003,5,28,1441,F0,0,0,0,0,0,CST,0,0,0.1,10,1,SE,1,5/28/2003,1441,40.32,-89.28,40.32,-89.28
5355078,LOGAN CO.,ATLANTA,2003,5,28,1456,F0,0,0,0,0,0,CST,0,0,0.1,10,4,SE,4,5/28/2003,1456,40.23,-89.18,40.23,-89.18
5356697,LOGAN CO.,BEASON,2003,5,28,1459,F0,0,0,0,0,0,CST,0,0,0.4,10,2,E,2,5/28/2003,1501,40.15,-89.17,40.15,-89.15
5356698,DE WITT CO.,MIDLAND CITY,2003,5,28,1501,F0,0,0,0,0,0,CST,0,0,0.8,20,1,W, ,5/28/2003,1503,40.15,-89.15,40.15,-89.13
5357661,FORD CO.,PAXTON,2003,5,28,1649,F0,0,0,0,0,0,CST,0,0,1.5,75,2,W,4,5/28/2003,1652,40.47,-88.13,40.43,-88.15
5356704,VERMILION CO.,GEORGETOWN,2003,5,28,1805,F0,0,0,0,0,0,CST,0,0,0.1,10,7,SW,7,5/28/2003,1805,39.9,-87.73,39.9,-87.73
5357667,WINNEBAGO CO.,SHIRLAND,2003,5,30,1725,F0,0,0,0,0,0,CST,0,0,0.3,100,2,N,2,5/30/2003,1726,42.48,-89.2,42.48,-89.2
5357668,WINNEBAGO CO.,ROCKTON,2003,5,30,1733,F0,0,0,0,0,0,CST,0,0,4,100,1,W,1,5/30/2003,1741,42.45,-89.08,42.43,-89.03
5357669,LEE CO.,FRANKLIN GROVE,2003,5,30,1736,F0,0,0,0,0,0,CST,0,0,4,100,2,SE,4,5/30/2003,1743,41.82,-89.27,41.83,-89.17
5357670,LA SALLE CO.,PERU,2003,5,30,1816,F0,0,0,0,0,0,CST,0,0,0.5,50,2,N,2,5/30/2003,1817,41.37,-89.13,41.35,-89.12
5357671,LA SALLE CO.,SHERIDAN,2003,5,30,1835,F0,0,0,0,0,0,CST,0,0,1.5,100,6,NNE,7,5/30/2003,1838,41.6,-88.65,41.6,-88.6
5356706,FULTON CO.,ST DAVID,2003,5,30,1836,F0,0,0,0,0,0,CST,0,0,0.1,10,2,S,2,5/30/2003,1836,40.45,-90.05,40.45,-90.05
5357672,KENDALL CO.,MILLINGTON,2003,5,30,1838,F0,0,0,0,0,0,CST,0,0,1,100,3,N,3,5/30/2003,1840,41.6,-88.6,41.6,-88.58
5357743,KENDALL CO.,MILLINGTON,2003,5,30,1842,F0,0,0,0,0,0,CST,0,0,3.5,100,4,ENE,5,5/30/2003,1847,41.58,-88.53,41.57,-88.48
5356707,WOODFORD CO.,CAZENOVIA,2003,5,30,1853,F2,2,0,0,0,0,CST,0,0,7.3,150,2,E,1,5/30/2003,1905,40.85,-89.3,40.78,-89.18
5356709,MASON CO.,FOREST CITY,2003,5,30,1856,F1,1,0,0,0,0,CST,0,0,8,100,2,W,6,5/30/2003,1910,40.37,-89.85,40.3,-89.73
5356710,TAZEWELL CO.,GREEN VLY,2003,5,30,1910,F0,0,0,0,0,0,CST,0,0,6,50,6,SW,5,5/30/2003,1915,40.35,-89.7,40.33,-89.6
5357744,WILL CO.,JOLIET,2003,5,30,1920,F1,1,0,0,0,0,CST,0,0,1.7,100, , , ,5/30/2003,1923,41.53,-88.1,41.53,-88.1
5356996,LOGAN CO.,EMDEN,2003,5,30,1922,F0,0,0,0,0,0,CST,0,0,5,50,2,WSW,1,5/30/2003,1932,40.28,-89.52,40.25,-89.43
5357745,WILL CO.,JOLIET,2003,5,30,1925,F1,1,0,0,60000,0,CST,0,0,5.7,100, , ,4,5/30/2003,1932,41.53,-88.1,41.57,-88
5357748,COOK CO.,LEMONT,2003,5,30,1930,F0,0,0,0,0,0,CST,0,0,0.3,50,4,ENE,4,5/30/2003,1931,41.68,-87.93,41.68,-87.92
5357746,WILL CO.,WILMINGTON,2003,5,30,1931,F0,0,0,0,0,0,CST,0,0,0.5,50,2,E,3,5/30/2003,1932,41.32,-88.12,41.3,-88.1
5357747,KANKAKEE CO.,DESELM,2003,5,30,1934,F0,0,0,0,0,0,CST,0,0,2.5,50,3,W, ,5/30/2003,1937,41.25,-88.02,41.25,-87.97
5357054,LOGAN CO.,LINCOLN,2003,5,30,1934,F0,0,0,0,0,0,CST,0,0,0.1,10,5,N,5,5/30/2003,1934,40.22,-89.37,40.22,-89.37
5357055,LOGAN CO.,LINCOLN,2003,5,30,1938,F2,2,0,0,2500000,0,CST,0,0,11,880,4,NNE,3,5/30/2003,1948,40.18,-89.33,40.18,-89.17
5357056,DE WITT CO.,MIDLAND CITY,2003,5,30,1948,F1,1,0,0,0,0,CST,0,0,3,300,1,NW, ,5/30/2003,1951,40.17,-89.15,40.15,-89.08
5357057,DE WITT CO.,HALLVILLE,2003,5,30,1951,F2,2,0,4,9300000,0,CST,0,0,12.8,1100, , ,1,5/30/2003,2015,40.15,-89.08,40.1,-88.85
5364702,ST. CLAIR CO.,DUPO,2003,6,10,1655,F0,0,0,0,0,0,CST,0,0,3.5,75,2,N,4,6/10/2003,1702,38.53,-90.2,38.55,-90.15
5364703,ST. CLAIR CO.,CASEYVILLE,2003,6,10,1705,F2,2,0,2,0,0,CST,0,0,3.5,150,2,WNW,4,6/10/2003,1716,38.63,-90.07,38.63,-89.97
5363874,MONROE CO.,WATERLOO,2003,6,10,1710,F0,0,0,0,0,0,CST,0,0,2,50,3,NE,4,6/10/2003,1712,38.37,-90.12,38.35,-90.08
5363101,MONROE CO.,RENAULT,2003,6,10,1711,F0,0,0,0,0,0,CST,0,0,1,50,2,ENE,3,6/10/2003,1713,38.17,-90.1,38.17,-90.08
5363875,ST. CLAIR CO.,PADERBORN,2003,6,10,1712,F0,0,0,0,0,0,CST,0,0,1,50,2,W,3,6/10/2003,1713,38.37,-90.07,38.37,-90.08
5363105,DE KALB CO.,SHABBONA GROVE,2003,6,10,1730,F0,0,0,0,0,0,CST,0,0,0.5,50,2,NE,3,6/10/2003,1731,41.75,-88.8,41.77,-88.8
5364704,CLINTON CO.,GERMANTOWN,2003,6,10,1730,F0,0,0,0,0,0,CST,0,0,1.2,40,4,S,4,6/10/2003,1733,38.48,-89.53,38.48,-89.53
5364771,WASHINGTON CO.,ADDIEVILLE,2003,6,10,1735,F1,1,0,0,0,0,CST,0,0,14,60,8,SW,3,6/10/2003,1803,38.32,-89.58,38.37,-89.35
5362951,DE WITT CO.,WELDON,2003,6,11,1710,F0,0,0,0,0,0,CST,0,0,0.1,10,3,SW,3,6/11/2003,1710,40.07,-88.78,40.07,-88.78
5363043,SANGAMON CO.,BUFFALO,2003,6,11,1720,F0,0,0,0,0,0,CST,0,0,0.1,10,4,N,4,6/11/2003,1720,39.9,-89.42,39.9,-89.42
5363044,SANGAMON CO.,ILLIOPOLIS,2003,6,11,1722,F0,0,0,0,0,0,CST,0,0,0.1,10,3,N,3,6/11/2003,1722,40.47,-89.42,40.47,-89.42
5363045,DE WITT CO.,WELDON,2003,6,11,1725,F0,0,0,0,0,0,CST,0,0,0.2,10,1,N,1,6/11/2003,1726,40.13,-88.75,40.13,-88.75
5363046,LOGAN CO.,MT PULASKI,2003,6,11,1725,F0,0,0,0,0,0,CST,0,0,0.1,10,1,SW,1,6/11/2003,1725,40,-89.3,40,-89.3
5363000,MACON CO.,NIANTIC,2003,6,11,1730,F0,0,0,0,0,0,CST,0,0,0.1,10,1,NE,1,6/11/2003,1730,39.87,-89.15,39.87,-89.15
5362950,LOGAN CO.,LAKE FORK,2003,6,11,1738,F0,0,0,0,0,0,CST,0,0,0.1,10,1,SW,1,6/11/2003,1738,39.95,-89.37,39.95,-89.37
5363047,LOGAN CO.,CORNLAND,2003,6,11,1738,F0,0,0,0,0,0,CST,0,0,0.1,10,2,S,2,6/11/2003,1738,39.9,-89.4,39.9,-89.4
5363005,MCLEAN CO.,KUMLER,2003,6,13,1700,F0,0,0,0,0,0,CST,0,0,0.1,10,1,NE,1,6/13/2003,1700,40.32,-88.57,40.32,-88.57
5366944,STEPHENSON CO.,GERMAN VLY,2003,6,14,1415,F0,0,0,0,0,1000,CST,0,0,0,50,3,W,3,6/14/2003,1417,42.22,-89.53,42.22,-89.53
5367719,CARROLL CO.,LANARK,2003,6,14,1420,F0,0,0,0,0,5000,CST,0,0,0.1,50,3,W,3,6/14/2003,1425,42.1,-89.88,42.1,-89.88
5367720,CARROLL CO.,MT CARROLL,2003,6,14,1426,F0,0,0,0,0,5000,CST,0,0,0.1,50,2,SE,2,6/14/2003,1431,42.08,-89.95,42.08,-89.95
5367721,CARROLL CO.,SHANNON,2003,6,14,1430,F0,0,0,0,0,5000,CST,0,0,0.1,50,2,S,2,6/14/2003,1435,42.12,-89.73,42.12,-89.73
5366945,STEPHENSON CO.,FLORENCE,2003,6,14,1430,F0,0,0,0,0,15000,CST,0,0,0.5,50,1,NE,3,6/14/2003,1438,42.22,-89.65,42.23,-89.62
5367718,STEPHENSON CO.,GERMAN VLY,2003,6,14,1503,F0,0,0,0,0,1000,CST,0,0,0,50,1,SW,1,6/14/2003,1505,42.2,-89.48,42.2,-89.48
5330373,TAZEWELL CO.,PEKIN,2003,7,8,1434,F0,0,0,0,25000,0,CST,0,0,0.3,20,3,SW,3,7/8/2003,1435,40.53,-89.67,40.53,-89.67
5329927,CHAMPAIGN CO.,CHAMPAIGN,2003,7,9,1722,F0,0,0,0,0,0,CST,0,0,0.1,10,4,SW,4,7/9/2003,1722,40.07,-88.3,40.07,-88.3
5374009,KENDALL CO.,YORKVILLE,2003,7,27,1226,F0,0,0,0,0,0,CST,0,0,1,100, , , ,7/27/2003,1228,41.63,-88.45,41.63,-88.45
5377531,CHRISTIAN CO.,OWANECO,2003,8,31,1514,F1,1,0,0,0,0,CST,0,0,5,100,6,SW,3,8/31/2003,1525,39.42,-89.28,39.45,-89.22
5336797,WHITESIDE CO.,FULTON,2003,9,12,1738,F0,0,0,0,5000,10000,CST,0,0,0.2,35, , , ,9/12/2003,1739,41.87,-90.17,41.87,-90.17
5337781,LOGAN CO.,BROADWELL,2003,9,26,1615,F1,1,0,0,15000,30000,CST,0,0,0.8,50,2,SE,3,9/26/2003,1617,40.05,-89.42,40.03,-89.42
5338041,COLES CO.,MATTOON,2003,9,26,1750,F1,1,0,1,10000000,0,CST,0,0,1.5,250,4,NNE,4,9/26/2003,1752,39.53,-88.33,39.52,-88.32
5392801,DOUGLAS CO.,TUSCOLA,2004,4,20,1300,F1,1,0,0,50000,0,CST,0,0,3,50,4,NW,6,4/20/2004,1306,39.83,-88.33,39.87,-88.37
5392802,CHAMPAIGN CO.,PESOTUM,2004,4,20,1306,F0,0,0,0,15000,0,CST,0,0,0.9,50,3,SW,2,4/20/2004,1310,39.88,-88.3,39.88,-88.28
5392803,CHAMPAIGN CO.,PHILO,2004,4,20,1332,F0,0,0,0,0,0,CST,0,0,0.1,50,4,NE,4,4/20/2004,1332,40.03,-88.1,40.03,-88.1
5392805,STARK CO.,WYOMING,2004,4,20,1605,F1,1,0,0,0,0,CST,0,0,1,75,7,E,7,4/20/2004,1606,41.07,-89.65,41.1,-89.63
5392889,MARSHALL CO.,CAMP GROVE,2004,4,20,1606,F1,1,0,0,250000,0,CST,0,0,8.1,440,0,NW,8,4/20/2004,1617,41.08,-89.65,41.17,-89.53
5394563,BUREAU CO.,WHITEFIELD,2004,4,20,1617,F0,0,0,0,10000,0,CST,0,0,1.7,100,1,W,1,4/20/2004,1619,41.15,-89.52,41.17,-89.48
5392890,KNOX CO.,VICTORIA,2004,4,20,1640,F0,0,0,0,0,0,CST,0,0,2.8,30,3,NW,5,4/20/2004,1643,41.07,-90.13,41.1,-90.1
5394564,PUTNAM CO.,FLORID,2004,4,20,1644,F2,2,0,5,8000000,0,CST,0,0,6.8,880,1,NNE,4,4/20/2004,1653,41.25,-89.28,41.3,-89.18
5390600,LA SALLE CO.,UTICA,2004,4,20,1710,F2,2,0,0,0,0,CST,0,0,9,400,2,NE,4,4/20/2004,1727,41.35,-89,41.4,-88.85
5390601,LA SALLE CO.,WEDRON,2004,4,20,1733,F1,1,0,0,0,0,CST,0,0,1.5,30,1,W,1,4/20/2004,1736,41.43,-88.8,41.43,-88.8
5390602,LA SALLE CO.,SHERIDAN,2004,4,20,1750,F0,0,0,0,0,0,CST,0,0,2,20,1,S,2,4/20/2004,1754,41.52,-88.68,41.53,-88.65
5390603,FORD CO.,PIPER CITY,2004,4,20,1752,F0,0,0,0,0,0,CST,0,0,0.5,20,6,N,6,4/20/2004,1754,40.83,-88.18,40.83,-88.18
5390604,FORD CO.,PIPER CITY,2004,4,20,1759,F0,0,0,0,0,0,CST,0,0,2.5,20,9,NNE,11,4/20/2004,1803,40.87,-88.12,40.88,-88.1
5390682,IROQUOIS CO.,ASHKUM,2004,4,20,1803,F0,0,0,0,0,0,CST,0,0,2.5,20,9,W,9,4/20/2004,1804,40.88,-88.12,40.93,-88.12
5390780,GRUNDY CO.,MINOOKA,2004,4,20,1810,F0,0,0,0,76000,0,CST,0,0,2,20,5,SW,3,4/20/2004,1814,41.4,-88.33,41.42,-88.3
5390686,KANKAKEE CO.,HOPKINS PARK,2004,4,20,1818,F2,2,0,0,0,0,CST,0,0,3,50,3,WNW,4,4/20/2004,1824,41.08,-87.62,41.1,-87.62
5390683,KANKAKEE CO.,KANKAKEE,2004,4,20,1835,F1,1,0,0,0,0,CST,0,0,6,75,7,SW,2,4/20/2004,1847,41.05,-87.95,41.1,-87.85
5390781,WILL CO.,JOLIET,2004,4,20,1845,F1,1,0,0,5000000,0,CST,0,0,1.6,250,1,W,1,4/20/2004,1848,41.53,-88.12,41.55,-88.1
5390684,KANKAKEE CO.,GRANT PARK,2004,4,20,1903,F0,0,0,0,0,0,CST,0,0,3,20,1,SW,2,4/20/2004,1908,41.22,-87.67,41.25,-87.62
5390685,WILL CO.,BEECHER,2004,4,20,1918,F0,0,0,0,0,0,CST,0,0,1.5,20,3,SE,3,4/20/2004,1920,41.32,-87.6,41.33,-87.58
5400611,SCHUYLER CO.,HUNTSVILLE,2004,5,2,1455,F0,0,0,0,0,0,CST,0,0,0.1,10,2,NW,2,5/2/2004,1455,40.18,-90.88,40.18,-90.88
5400674,MARSHALL CO.,HENRY,2004,5,7,442,F0,0,0,0,0,0,CST,0,0,0.1,10, , , ,5/7/2004,442,41.12,-89.37,41.12,-89.37
5396672,LEE CO.,LEE,2004,5,10,1605,F0,0,0,0,0,0,CST,0,0,0.2,10,1,W,1,5/10/2004,1605,41.8,-88.95,41.8,-88.95
5396674,DE KALB CO.,WATERMAN,2004,5,10,1630,F0,0,0,0,0,0,CST,0,0,0.2,10,4,N,4,5/10/2004,1630,41.82,-88.77,41.82,-88.77
5396676,KANE CO.,ELBURN,2004,5,10,1655,F0,0,0,0,0,0,CST,0,0,0.2,10,1,NW,1,5/10/2004,1655,41.9,-88.48,41.9,-88.48
5400684,TAZEWELL CO.,EAST PEORIA,2004,5,18,1606,F1,1,0,0,0,0,CST,0,0,0.3,50,3,NE,3,5/18/2004,1608,40.7,-89.53,40.7,-89.53
5400685,TAZEWELL CO.,WASHINGTON,2004,5,18,1612,F0,0,0,0,0,0,CST,0,0,0.1,10,3,W,3,5/18/2004,1612,40.7,-89.45,40.7,-89.45
5400687,MCLEAN CO.,BLOOMINGTON,2004,5,18,1726,F0,0,0,0,0,0,CST,0,0,0.1,10,1,S,1,5/18/2004,1726,40.47,-88.98,40.47,-88.98
5396637,CLINTON CO.,ST ROSE,2004,5,19,1550,F0,0,0,0,0,0,CST,0,0,0.1,20,5,E,5,5/19/2004,1550,38.67,-89.45,38.67,-89.45
5400740,SANGAMON CO.,AUBURN,2004,5,23,1827,F0,0,0,0,0,0,CST,0,0,0.1,10,2,E,2,5/23/2004,1827,39.58,-89.72,39.58,-89.72
5400745,MCLEAN CO.,GRIDLEY,2004,5,23,1920,F2,2,0,0,0,0,CST,0,0,5.3,216,3,SE,2,5/23/2004,1926,40.72,-88.85,40.75,-88.73
5397116,LIVINGSTON CO.,PONTIAC,2004,5,23,1926,F2,2,0,0,0,0,CST,0,0,7.8,240,10,SW,8,5/23/2004,1935,40.77,-88.75,40.87,-88.77
5396820,PIKE CO.,ROCKPORT,2004,5,24,2200,F0,0,0,0,0,0,CST,0,0,1,40,4,NW,3,5/24/2004,2202,39.57,-91.07,39.58,-91.02
5396828,PIKE CO.,NEW HARTFORD,2004,5,24,2205,F1,1,0,0,0,0,CST,0,0,5,50,2,SW,3,5/24/2004,2211,39.55,-90.95,39.53,-90.88
5396831,PIKE CO.,PITTSFIELD,2004,5,24,2215,F1,1,0,0,0,0,CST,0,0,3,50,3,ENE,6,5/24/2004,2219,39.6,-90.77,39.63,-90.72
5400996,MORGAN CO.,JACKSONVILLE,2004,5,24,2235,F2,2,0,1,4000000,0,CST,0,0,1.2,100,2,SW,1,5/24/2004,2236,39.72,-90.27,39.73,-90.25
5401269,SANGAMON CO.,DIVERNON,2004,5,24,2309,F1,1,0,0,0,0,CST,0,0,0.3,75, , , ,5/24/2004,2310,39.57,-89.67,39.57,-89.67
5397764,FRANKLIN CO.,THOMPSONVILLE,2004,5,25,1623,F0,0,0,0,0,0,CST,0,0,0.5,50,2,W,2,5/25/2004,1624,37.9,-88.8,37.9,-88.8
5401179,TAZEWELL CO.,GREEN VLY,2004,5,30,837,F0,0,0,0,0,0,CST,0,0,0.1,10,1,S,1,5/30/2004,837,40.37,-89.63,40.37,-89.63
5396293,MADISON CO.,MARINE,2004,5,30,1505,F1,1,0,0,0,0,CST,0,0,2,70,4,NW,4,5/30/2004,1508,38.82,-89.83,38.83,-89.78
5396294,CLINTON CO.,BREESE,2004,5,30,1550,F1,1,0,0,0,0,CST,0,0,7,80,4,NE,4,5/30/2004,1600,38.65,-89.47,38.67,-89.37
5401467,WOODFORD CO.,EUREKA,2004,5,30,1605,F1,1,0,0,0,0,CST,0,0,9,75,2,SE,2,5/30/2004,1625,40.7,-89.25,40.75,-89.1
5396564,FAYETTE CO.,SHOBONIER,2004,5,30,1610,F0,0,0,0,0,0,CST,0,0,0.1,40,8,SW,8,5/30/2004,1611,38.78,-89.18,38.78,-89.18
5401079,LOGAN CO.,LINCOLN,2004,5,30,1657,F0,0,0,3,250000,0,CST,0,0,0.1,40,3,S,3,5/30/2004,1657,40.1,-89.37,40.1,-89.37
5397474,LIVINGSTON CO.,PONTIAC,2004,5,30,1711,F1,1,0,0,0,0,CST,0,0,12,50,8,SW,5,5/30/2004,1726,40.78,-88.72,40.82,-88.55
5397306,LIVINGSTON CO.,DWIGHT,2004,5,30,1712,F0,0,0,0,0,0,CST,0,0,0.2,20,6,SW,6,5/30/2004,1712,41.02,-88.52,41.02,-88.52
5396369,WASHINGTON CO.,DUBOIS,2004,5,30,1724,F1,1,0,0,0,0,CST,0,0,4.5,70,2,W,5,5/30/2004,1731,38.22,-89.25,38.28,-89.22
5396370,WASHINGTON CO.,DUBOIS,2004,5,30,1725,F1,1,0,0,0,0,CST,0,0,3.5,80,2,N,1,5/30/2004,1730,38.25,-89.22,38.3,-89.2
5398200,PERRY CO.,PINCKNEYVILLE,2004,5,30,1725,F1,1,0,0,250000,0,CST,0,0,12,75,6,NNW,6,5/30/2004,1740,38.15,-89.42,38.22,-89.23
5396371,WASHINGTON CO.,RADOM,2004,5,30,1726,F1,1,0,0,0,0,CST,0,0,4,100,1,S,2,5/30/2004,1732,38.28,-89.2,38.33,-89.15
5396372,WASHINGTON CO.,RADOM,2004,5,30,1727,F1,1,0,0,0,0,CST,0,0,4.5,70,1,E,3,5/30/2004,1734,38.28,-89.18,38.32,-89.17
5396373,WASHINGTON CO.,RADOM,2004,5,30,1728,F0,0,0,0,0,0,CST,0,0,0.5,60,3,NE,3,5/30/2004,1729,38.32,-89.17,38.32,-89.17
5398201,JEFFERSON CO.,WOODLAWN,2004,5,30,1729,F1,1,0,0,100000,0,CST,0,0,18,75,6,W,3,5/30/2004,1757,38.33,-89.15,38.45,-88.88
5398199,JACKSON CO.,MURPHYSBORO,2004,5,30,1732,F0,0,0,0,0,0,CST,0,0,0.5,50,5,S,5,5/30/2004,1733,37.7,-89.33,37.7,-89.3
5397312,LIVINGSTON CO.,SAUNEMIN,2004,5,30,1732,F0,0,0,0,0,0,CST,0,0,0.2,20,3,W,3,5/30/2004,1732,40.9,-88.45,40.9,-88.45
5397473,LIVINGSTON CO.,CULLOM,2004,5,30,1740,F0,0,0,0,0,0,CST,0,0,1,20,4,W,3,5/30/2004,1742,40.88,-88.33,40.88,-88.32
5400901,CLAY CO.,FLORA,2004,5,30,1813,F0,0,0,0,0,0,CST,0,0,0.2,50, , , ,5/30/2004,1813,38.67,-88.48,38.67,-88.48
5400902,CLAY CO.,CLAY CITY,2004,5,30,1819,F0,0,0,0,0,0,CST,0,0,0.2,50, , , ,5/30/2004,1819,38.68,-88.35,38.68,-88.35
5407315,CHAMPAIGN CO.,TOLONO,2004,6,10,1300,F0,0,0,0,0,0,CST,0,0,0.7,10,2,SW,2,6/10/2004,1302,39.97,-88.28,39.95,-88.27
5407316,CHAMPAIGN CO.,PHILO,2004,6,10,1320,F0,0,0,0,0,0,CST,0,0,0.5,10,3,SSW,3,6/10/2004,1322,39.97,-88.17,39.97,-88.15
5407317,CHAMPAIGN CO.,SIDNEY,2004,6,10,1338,F1,1,0,0,5000,0,CST,0,0,3,30,3,SSE,4,6/10/2004,1347,39.98,-88.05,39.97,-88
5407319,VERMILION CO.,ALLERTON,2004,6,10,1357,F0,0,0,0,0,0,CST,0,0,3.5,10,4,N,5,6/10/2004,1407,39.97,-87.85,39.97,-87.78
5416191,BUREAU CO.,NEPONSET,2004,6,10,1628,F1,1,0,0,12000,4000,CST,0,0,0.3,125,3,SW,3,6/10/2004,1629,41.27,-89.85,41.27,-89.85
5418461,BUREAU CO.,NEPONSET,2004,6,10,1630,F1,1,0,0,12000,4000,CST,0,0,0.3,125,3,SW,2,6/10/2004,1631,41.27,-89.83,41.28,-89.83
5407323,WOODFORD CO.,EL PASO,2004,6,10,1655,F0,0,0,0,0,0,CST,0,0,0.1,10,2,SW,2,6/10/2004,1655,40.72,-89.05,40.72,-89.05
5411950,LOGAN CO.,LINCOLN,2004,7,3,1847,F0,0,0,0,0,0,CST,0,0,0.1,10,2,W,2,7/3/2004,1847,40.15,-89.4,40.15,-89.4
5411951,LOGAN CO.,HARTSBURG,2004,7,3,1903,F0,0,0,0,0,0,CST,0,0,0.1,10,2,SE,2,7/3/2004,1903,40.23,-89.4,40.23,-89.4
5418399,WHITESIDE CO.,PROPHETSTOWN,2004,7,5,1452,F1,1,0,0,7500,5000,CST,0,0,0.3,30,4,SW,4,7/5/2004,1454,41.62,-89.98,41.63,-89.98
5410786,MADISON CO.,EDWARDSVILLE,2004,7,5,1942,F0,0,0,0,0,0,CST,0,0,0.1,40,5,E,5,7/5/2004,1942,38.82,-89.85,38.82,-89.85
5411959,WOODFORD CO.,SPRING BAY,2004,7,5,2140,F0,0,0,0,0,0,CST,0,0,0.1,10,2,S,2,7/5/2004,2140,40.78,-89.52,40.78,-89.52
5418322,BUREAU CO.,VAN ORIN,2004,7,13,1129,F0,0,0,0,20000,15000,CST,0,0,1,70,1,NNW,0,7/13/2004,1131,41.57,-89.35,41.55,-89.35
5418323,BUREAU CO.,VAN ORIN,2004,7,13,1132,F0,0,0,0,10000,15000,CST,0,0,1,70,0,SE,1,7/13/2004,1134,41.55,-89.35,41.53,-89.33
5412045,WOODFORD CO.,METAMORA,2004,7,13,1334,F4,4,0,3,0,0,CST,0,0,9.6,440,2,NE,2,7/13/2004,1354,40.78,-89.33,40.78,-89.17
5412046,MCLEAN CO.,NORMAL,2004,7,13,1352,F0,0,0,0,0,0,CST,0,0,0.1,10,8,N,8,7/13/2004,1352,40.63,-89,40.63,-89
5419774,MADISON CO.,ALTON,2004,8,24,1315,F0,0,0,0,0,0,CST,0,0,1.2,50, , , ,8/24/2004,1317,38.9,-90.17,38.9,-90.17
5419366,SANGAMON CO.,CHATHAM,2004,8,26,1709,F0,0,0,0,0,0,CST,0,0,0.1,10,2,W,2,8/26/2004,1709,39.67,-89.73,39.67,-89.73
5423997,UNION CO.,WAYSIDE,2004,10,18,1816,F1,1,0,0,4000,0,CST,0,0,0.5,50,2,ENE,2,10/18/2004,1819,37.58,-89.03,37.58,-89.03
5423998,JOHNSON CO.,GOREVILLE,2004,10,18,1819,F1,1,0,1,10000,0,CST,0,0,2.5,50,5,NW,3,10/18/2004,1825,37.6,-89.02,37.6,-88.98
5424097,WILLIAMSON CO.,PULLEYS MILL,2004,10,18,1825,F1,1,0,0,25000,0,CST,0,0,1.5,75,1,WSW, ,10/18/2004,1828,37.6,-88.92,37.6,-88.9
5424098,JOHNSON CO.,GOREVILLE,2004,10,18,1828,F2,2,0,2,500000,0,CST,0,0,4.3,250,3,N,4,10/18/2004,1835,37.6,-88.97,37.57,-88.9
5424099,JOHNSON CO.,TUNNEL HILL,2004,10,18,1843,F1,1,0,0,50000,0,CST,0,0,8,100,3,N,3,10/18/2004,1855,37.57,-88.83,37.53,-88.72
5424100,POPE CO.,ABBOTT,2004,10,18,1855,F2,2,0,0,150000,0,CST,0,0,6,300,2,SW,2,10/18/2004,1904,37.55,-88.72,37.53,-88.58
5426230,RANDOLPH CO.,SPARTA,2004,11,1,1400,F0,0,0,0,0,0,CST,0,0,0.3,40, , , ,11/1/2004,1401,38.12,-89.7,38.12,-89.7
5426232,RANDOLPH CO.,SPARTA,2004,11,1,1403,F0,0,0,0,0,0,CST,0,0,0.2,50, , , ,11/1/2004,1404,38.12,-89.7,38.12,-89.7
5425241,CHAMPAIGN CO.,SIDNEY,2004,11,1,1535,F0,0,0,0,0,0,CST,0,0,1.5,100,3,WNW,3,11/1/2004,1537,40.03,-88.12,40.05,-88.12
5438474,PULASKI CO.,PULASKI,2005,1,13,305,F1,1,0,0,70000,0,CST,0,0,11,100,1,SE,2,1/13/2005,313,37.18,-89.18,37.3,-89.02
5444725,WOODFORD CO.,METAMORA,2005,3,30,1506,F0,0,0,0,0,0,CST,0,0,0.1,10,3,W,3,3/30/2005,1506,40.78,-89.4,40.78,-89.4
5444881,MOULTRIE CO.,LOVINGTON,2005,3,30,1953,F1,1,0,0,0,0,CST,0,0,2,150,6,NE,8,3/30/2005,1956,39.77,-88.57,39.78,-88.53
5443817,MONTGOMERY CO.,WAGGONER,2005,4,12,1307,F0,0,0,0,0,0,CST,0,0,0.1,40,2,S,2,4/12/2005,1307,39.35,-89.65,39.35,-89.65
5445084,JEFFERSON CO.,NASON,2005,4,12,1812,F0,0,0,0,0,0,CST,0,0,4.4,50,2,SW, ,4/12/2005,1820,38.17,-89,38.15,-88.9
5447160,MACON CO.,MACON,2005,4,22,1406,F0,0,0,0,0,0,CST,0,0,0.1,10,1,S,1,4/22/2005,1406,39.67,-89,39.67,-89
5447161,MACON CO.,ELWIN,2005,4,22,1414,F0,0,0,0,0,0,CST,0,0,0.1,40,2,E,2,4/22/2005,1414,39.78,-88.95,39.78,-88.95
5445677,ADAMS CO.,PALOMA,2005,5,11,1735,F0,0,0,0,0,0,CST,0,0,0.2,50,2,SE,2,5/11/2005,1735,40,-91.17,40,-91.17
5462606,HENDERSON CO.,BALD BLUFF,2005,6,8,1202,F0,0,0,0,0,0,CST,0,0,2,25,5,WNW,4,6/8/2005,1206,41.05,-90.93,41.05,-90.9
5455209,KNOX CO.,HENDERSON,2005,6,8,1258,F0,0,0,0,0,0,CST,0,0,0.1,10,2,S,2,6/8/2005,1258,40.98,-90.35,40.98,-90.35
5452943,JERSEY CO.,NEW DELHI,2005,6,13,1620,F0,0,0,0,0,0,CST,0,0,0.5,40,5,NE,6,6/13/2005,1621,39.1,-90.18,39.1,-90.18
5452859,MACOUPIN CO.,BUNKER HILL,2005,6,13,1700,F0,0,0,0,0,0,CST,0,0,1.5,40, , , ,6/13/2005,1702,39.03,-89.95,39.03,-89.95
5452860,MACOUPIN CO.,BUNKER HILL,2005,6,13,1705,F0,0,0,0,0,0,CST,0,0,1,50,3,N,3,6/13/2005,1706,39.07,-89.95,39.07,-89.95
5452861,MACOUPIN CO.,BUNKER HILL,2005,6,13,1705,F1,1,0,0,0,0,CST,0,0,3,70,2,NE, ,6/13/2005,1709,39.05,-89.92,39.07,-89.85
5452862,MACOUPIN CO.,WILSONVILLE,2005,6,13,1710,F1,1,0,0,0,0,CST,0,0,2.5,60, , , ,6/13/2005,1714,39.07,-89.85,39.08,-89.82
5510450,CLINTON CO.,ALBERS,2005,7,4,1420,F0,0,0,0,0,0,CST,0,0,0.8,50, , , ,7/4/2005,1421,38.55,-89.62,38.55,-89.62
5475290,ADAMS CO.,LIBERTY,2005,9,19,1615,F1,1,0,0,0,0,CST,0,0,1,50,5,E,5,9/19/2005,1615,39.87,-91.02,39.83,-91.02
5479361,WHITE CO.,NORRIS CITY,2005,11,15,1310,F0,0,0,0,0,0,CST,0,0,0.2,50,0,ENE,0,11/15/2005,1310,37.98,-88.32,37.98,-88.32
5479363,MASSAC CO.,METROPOLIS,2005,11,15,1334,F0,0,0,0,0,0,CST,0,0,0.1,50,3,WNW,2,11/15/2005,1334,37.17,-88.78,37.17,-88.77
5481335,MARION CO.,SALEM,2005,11,15,1435,F1,1,0,0,0,0,CST,0,0,5,100,10,NE,15,11/15/2005,1435,38.73,-88.82,38.78,-88.75
5484247,JASPER CO.,NEWTON,2005,11,15,1515,F1,1,0,0,0,0,CST,0,0,10,40,7,SW,4,11/15/2005,1523,38.9,-88.27,39.02,-88.12
5479362,SALINE CO.,HARCO,2005,11,15,1532,F0,0,0,0,0,0,CST,0,0,0.2,50,0,NW,0,11/15/2005,1532,37.78,-88.65,37.78,-88.65
5486530,SHELBY CO.,OCONEE,2006,1,2,802,F1,1,0,0,15000,0,CST,0,0,0.1,35,2,S,2,1/2/2006,803,39.25,-89.12,39.25,-89.12
5492588,IROQUOIS CO.,PITTWOOD,2006,2,16,1635,F1,1,0,0,20000,0,CST,0,0,0.1,25, , , ,2/16/2006,1636,40.87,-87.73,40.87,-87.73
5496088,PIKE CO.,INDEPENDENCE,2006,3,11,1715,F0,0,0,0,0,0,CST,0,0,0.1,40,2,E,2,3/11/2006,1716,39.53,-90.77,39.53,-90.77
5496089,PIKE CO.,MILTON,2006,3,11,1720,F0,0,0,0,0,0,CST,0,0,0.1,50, , , ,3/11/2006,1721,39.57,-90.65,39.57,-90.65
5495632,MONROE CO.,FULTS,2006,3,11,2146,F1,1,0,0,0,0,CST,0,0,2.4,100,2,SW, ,3/11/2006,2150,38.15,-90.25,38.17,-90.22
5495817,RANDOLPH CO.,CHESTER,2006,3,11,2147,F2,2,0,0,0,0,CST,0,0,22.5,300,7,SW,4,3/11/2006,2215,37.83,-89.9,38.07,-89.58
5495631,MONROE CO.,FULTS,2006,3,11,2147,F2,2,0,0,0,0,CST,0,0,2,100,3,SW,2,3/11/2006,2150,38.13,-90.27,38.18,-90.25
5493798,PERRY CO.,CUTLER,2006,3,11,2215,F2,2,0,2,1200000,0,CST,0,0,20,300,3,NW,4,3/11/2006,2243,38.07,-89.6,38.18,-89.27
5493705,WAYNE CO.,KEENES,2006,3,11,2326,F1,1,0,0,70000,0,CST,0,0,1,600,4,SSW,3,3/11/2006,2330,38.28,-88.65,38.3,-88.65
5494375,MASSAC CO.,BOAZ,2006,3,12,531,F0,0,0,0,50000,0,CST,0,0,0.9,50,1,WSW,1,3/12/2006,534,37.3,-88.92,37.3,-88.9
5495993,CALHOUN CO.,KAMPSVILLE,2006,3,12,1904,F0,0,0,0,0,0,CST,0,0,6,50,5,NW,6,3/12/2006,1911,39.35,-90.68,39.37,-90.62
5495994,PIKE CO.,PEARL,2006,3,12,1911,F0,0,0,0,0,0,CST,0,0,1,40,4,S,4,3/12/2006,1912,39.4,-90.63,39.4,-90.6
5495995,GREENE CO.,HILLVIEW,2006,3,12,1912,F2,2,0,0,0,0,CST,0,0,15,100,5,SW,2,3/12/2006,1929,39.4,-90.62,39.53,-90.38
5496086,GREENE CO.,BARROW,2006,3,12,1920,F1,1,0,2,0,0,CST,0,0,3.5,100,2,SW,1,3/12/2006,1925,39.48,-90.43,39.48,-90.38
5496087,GREENE CO.,BARROW,2006,3,12,1925,F1,1,0,0,0,0,CST,0,0,2,75,1,NW,2,3/12/2006,1928,39.48,-90.42,39.52,-90.38
5493728,SCOTT CO.,ALSEY,2006,3,12,1928,F1,1,0,0,0,0,CST,0,0,8.5,75,3,SSE,3,3/12/2006,1935,39.52,-90.42,39.57,-90.32
5493730,SCOTT CO.,MANCHESTER,2006,3,12,1929,F2,2,0,0,0,0,CST,0,0,4.8,300,3,SW,2,3/12/2006,1936,39.48,-90.37,39.55,-90.3
5493729,MORGAN CO.,MURRAYVILLE,2006,3,12,1935,F1,1,0,0,0,0,CST,0,0,1.3,75,3,WSW,1,3/12/2006,1940,39.57,-90.3,39.58,-90.27
5493731,MORGAN CO.,MURRAYVILLE,2006,3,12,1936,F2,2,0,1,0,0,CST,0,0,19.7,300,3,SW,3,3/12/2006,2002,39.55,-90.28,39.65,-90.02
5493733,MORGAN CO.,FRANKLIN,2006,3,12,1958,F1,1,0,0,0,0,CST,0,0,4.6,440, , ,4,3/12/2006,2000,39.62,-90.05,39.65,-90
5493734,SANGAMON CO.,LOAMI,2006,3,12,2000,F1,1,0,0,0,0,CST,0,0,7.4,440,6,SW, ,3/12/2006,2011,39.6,-89.93,39.67,-89.85
5493732,SANGAMON CO.,NEW BERLIN,2006,3,12,2002,F2,2,0,19,0,0,CST,0,0,20.5,880,4,SW, ,3/12/2006,2025,39.67,-89.97,39.8,-89.65
5493735,SANGAMON CO.,SPRINGFIELD,2006,3,12,2024,F2,2,0,0,0,0,CST,0,0,4,400, , ,1,3/12/2006,2030,39.8,-89.65,39.78,-89.58
5493781,SANGAMON CO.,RIVERTON,2006,3,12,2032,F2,2,0,4,0,0,CST,0,0,12.5,200,4,S,5,3/12/2006,2055,39.78,-89.53,39.9,-89.35
5493782,LOGAN CO.,CORNLAND,2006,3,12,2057,F2,2,0,0,0,0,CST,0,0,2.5,400,4,E,3,3/12/2006,2059,39.93,-89.32,39.98,-89.32
5493783,LOGAN CO.,MT PULASKI,2006,3,12,2100,F2,2,0,0,0,0,CST,0,0,3.5,200,6,S,3,3/12/2006,2102,39.93,-89.28,39.97,-89.28
5493784,LOGAN CO.,LATHAM,2006,3,12,2103,F1,1,0,0,0,0,CST,0,0,8.9,400,6,SW,3,3/12/2006,2114,39.9,-89.25,40,-89.15
5493785,MACON CO.,MAROA,2006,3,12,2114,F1,1,0,0,0,0,CST,0,0,1.1,400,9,WSW,10,3/12/2006,2115,39.98,-89.1,39.98,-89.12
5493786,MACON CO.,MAROA,2006,3,12,2116,F1,1,0,0,0,0,CST,0,0,7.1,600,9,SW,4,3/12/2006,2124,39.93,-89.07,40.05,-89.02
5493787,DE WITT CO.,KENNEY,2006,3,12,2124,F1,1,0,0,0,0,CST,0,0,0.9,600,5,SE,6,3/12/2006,2125,40.05,-89.02,40.05,-89.02
5496143,FORD CO.,ELLIOTT,2006,3,12,2256,F0,0,0,0,0,0,CST,0,0,2,30,2,SE,2,3/12/2006,2300,40.45,-88.25,40.47,-88.23
5495923,CALHOUN CO.,MOZIER,2006,3,13,156,F0,0,0,0,0,0,CST,0,0,6,50,2,SSE,3,3/13/2006,203,39.28,-90.73,39.3,-90.67
5495580,PIKE CO.,BARRY,2006,3,30,2255,F1,1,0,0,0,0,CST,0,0,4.5,200,1,S,1,3/30/2006,2305,39.67,-91.05,39.72,-90.95
5495581,PIKE CO.,BAYLIS,2006,3,30,2310,F1,1,0,0,0,0,CST,0,0,2.7,250,1,SSE,3,3/30/2006,2315,39.72,-90.92,39.77,-90.88
5499252,MACOUPIN CO.,PIASA,2006,4,2,1615,F0,0,0,0,0,0,CST,0,0,2,30, , ,2,4/2/2006,1617,39.12,-90.12,39.12,-90.08
5499253,MACOUPIN CO.,PIASA,2006,4,2,1615,F0,0,0,0,0,0,CST,0,0,0.5,30,2,NE,3,4/2/2006,1616,39.13,-90.08,39.15,-90.08
5501973,HENDERSON CO.,TERRE HAUTE,2006,4,2,1616,F0,0,0,0,0,0,CST,0,0,0,25,1,N,1,4/2/2006,1616,40.67,-90.98,40.67,-90.98
5501979,MCDONOUGH CO.,BLANDINSVILLE,2006,4,2,1620,F1,1,0,0,150000,0,CST,0,0,12,233,3,S,3,4/2/2006,1630,40.48,-90.87,40.6,-90.68
5501075,MADISON CO.,DORSEY,2006,4,2,1621,F0,0,0,0,0,0,CST,0,0,5,50,1,S,4,4/2/2006,1626,38.95,-90,39.02,-89.9
5501076,MACOUPIN CO.,STAUNTON,2006,4,2,1626,F0,0,0,0,0,0,CST,0,0,11,50,6,WSW, ,4/2/2006,1637,38.98,-89.88,39.07,-89.73
5501073,MADISON CO.,HIGHLAND,2006,4,2,1630,F1,1,0,0,0,0,CST,0,0,2,100,2,SW, ,4/2/2006,1634,38.72,-89.7,38.73,-89.67
5499254,MACOUPIN CO.,GILLESPIE,2006,4,2,1635,F0,0,0,0,0,0,CST,0,0,0.1,20,2,N,2,4/2/2006,1636,39.17,-89.83,39.17,-89.83
5501328,MONTGOMERY CO.,WALSHVILLE,2006,4,2,1641,F0,0,0,0,0,0,CST,0,0,1,50,1,NE,1,4/2/2006,1642,39.07,-89.6,39.07,-89.62
5499677,SANGAMON CO.,LOAMI,2006,4,2,1646,F1,1,0,0,0,0,CST,0,0,0.5,200,4,SW,4,4/2/2006,1648,39.63,-89.9,39.63,-89.9
5499678,SANGAMON CO.,BERLIN,2006,4,2,1649,F1,1,0,0,0,0,CST,0,0,2,100, , ,2,4/2/2006,1653,39.75,-89.9,39.77,-89.88
5501329,MONTGOMERY CO.,HILLSBORO,2006,4,2,1650,F2,2,0,0,0,0,CST,0,0,20,200, , ,11,4/2/2006,1705,39.15,-89.48,39.37,-89.1
5499255,MONTGOMERY CO.,FARMERSVILLE,2006,4,2,1656,F1,1,0,0,0,0,CST,0,0,1.7,100,5,E,6,4/2/2006,1658,39.43,-89.57,39.47,-89.55
5499679,SANGAMON CO.,CHATHAM,2006,4,2,1656,F1,1,0,0,0,0,CST,0,0,1,100,2,N,3,4/2/2006,1659,39.7,-89.7,39.7,-89.67
5499680,SANGAMON CO.,SPRINGFIELD,2006,4,2,1658,F1,1,0,0,0,0,CST,0,0,1,100, , , ,4/2/2006,1701,39.8,-89.65,39.8,-89.65
5499683,CHRISTIAN CO.,MORRISONVILLE,2006,4,2,1658,F0,0,0,0,0,0,CST,0,0,0.5,30,5,NW,5,4/2/2006,1659,39.47,-89.53,39.47,-89.53
5499681,SANGAMON CO.,PAWNEE,2006,4,2,1659,F0,0,0,0,0,0,CST,0,0,1.3,50,2,SW,1,4/2/2006,1700,39.57,-89.62,39.58,-89.58
5499682,SANGAMON CO.,SPRINGFIELD,2006,4,2,1706,F1,1,0,0,0,0,CST,0,0,0.8,50, , , ,4/2/2006,1708,39.8,-89.65,39.8,-89.65
5499684,CHRISTIAN CO.,TAYLORVILLE,2006,4,2,1708,F1,1,0,1,0,0,CST,0,0,6.3,300,6,WSW,1,4/2/2006,1716,39.52,-89.4,39.57,-89.3
5499739,SANGAMON CO.,RIVERTON,2006,4,2,1713,F1,1,0,1,0,0,CST,0,0,1.5,100,2,SE,2,4/2/2006,1716,39.83,-89.5,39.82,-89.52
5499740,SHELBY CO.,OCONEE,2006,4,2,1714,F1,1,0,0,0,0,CST,0,0,2,150,3,NNW,4,4/2/2006,1715,39.32,-89.13,39.33,-89.12
5499741,CHRISTIAN CO.,PANA,2006,4,2,1715,F1,1,0,0,0,0,CST,0,0,4,150,4,SW,1,4/2/2006,1720,39.35,-89.13,39.37,-89.07
5499738,CHRISTIAN CO.,TAYLORVILLE,2006,4,2,1717,F0,0,0,0,0,0,CST,0,0,0.1,50,4,NE,4,4/2/2006,1717,39.58,-89.25,39.58,-89.25
5499742,CHRISTIAN CO.,ASSUMPTION,2006,4,2,1720,F1,1,0,0,0,0,CST,0,0,1,100, , , ,4/2/2006,1721,39.52,-89.05,39.52,-89.05
5499743,MENARD CO.,GREENVIEW,2006,4,2,1722,F0,0,0,0,0,0,CST,0,0,0.3,40, , , ,4/2/2006,1722,40.08,-89.75,40.08,-89.75
5499745,MACON CO.,MACON,2006,4,2,1730,F2,2,0,0,0,0,CST,0,0,4.5,300,1,SW,4,4/2/2006,1734,39.67,-89.02,39.7,-88.92
5499744,MACON CO.,NIANTIC,2006,4,2,1730,F0,0,0,0,0,0,CST,0,0,0.1,30,1,E,1,4/2/2006,1730,39.85,-89.15,39.85,-89.15
5499746,LOGAN CO.,LINCOLN,2006,4,2,1732,F0,0,0,0,0,0,CST,0,0,1,80,3,SE,3,4/2/2006,1733,40.12,-89.33,40.13,-89.32
5499747,LOGAN CO.,CHESTNUT,2006,4,2,1736,F0,0,0,0,0,0,CST,0,0,2.5,50,1,W,1,4/2/2006,1739,40.05,-89.2,40.07,-89.18
5499748,MACON CO.,ELWIN,2006,4,2,1736,F1,1,0,3,0,0,CST,0,0,7.5,150,2,SW,1,4/2/2006,1745,39.77,-89,39.83,-88.95
5499749,CUMBERLAND CO.,NEOGA,2006,4,2,1742,F0,0,0,0,0,0,CST,0,0,0.8,100, , , ,4/2/2006,1743,39.32,-88.45,39.32,-88.45
5499750,DE WITT CO.,WELDON,2006,4,2,1801,F0,0,0,0,0,0,CST,0,0,0.1,30,2,NNE,2,4/2/2006,1801,40.15,-88.73,40.15,-88.73
5499751,MCLEAN CO.,TOWANDA,2006,4,2,1808,F0,0,0,0,0,0,CST,0,0,0.1,30,1,S,1,4/2/2006,1808,40.55,-88.9,40.55,-88.9
5499752,MCLEAN CO.,HUDSON,2006,4,2,1812,F0,0,0,0,0,0,CST,0,0,0.2,50,3,NNW,3,4/2/2006,1813,40.63,-89,40.65,-88.98
5499828,WOODFORD CO.,KAPPA,2006,4,2,1813,F0,0,0,0,0,0,CST,0,0,0.3,50,2,SW,2,4/2/2006,1813,40.65,-89.05,40.65,-89.03
5499829,MCLEAN CO.,ARROWSMITH,2006,4,2,1813,F1,1,0,0,0,0,CST,0,0,1,50,5,S,4,4/2/2006,1816,40.37,-88.63,40.4,-88.63
5499830,CHAMPAIGN CO.,CHAMPAIGN,2006,4,2,1815,F0,0,0,0,0,0,CST,0,0,0.1,30, , , ,4/2/2006,1815,40.12,-88.25,40.12,-88.25
5499831,MCLEAN CO.,GRIDLEY,2006,4,2,1822,F0,0,0,0,0,0,CST,0,0,1.1,50,3,W,3,4/2/2006,1823,40.75,-88.93,40.75,-88.93
5499347,LIVINGSTON CO.,FLANAGAN,2006,4,2,1823,F0,0,0,0,0,0,CST,0,0,1.5,50,10,SW,8,4/2/2006,1825,40.77,-88.98,40.78,-88.95
5499832,CHAMPAIGN CO.,FLATVILLE,2006,4,2,1825,F0,0,0,0,0,0,CST,0,0,0.3,50, , , ,4/2/2006,1827,40.23,-88.05,40.23,-88.05
5502575,ROCK ISLAND CO.,ILLINOIS CITY,2006,4,13,2020,F0,0,0,0,5000,0,CST,0,0,2.7,220,9,W,7,4/13/2006,2026,41.4,-91.07,41.4,-91.03
5502572,ROCK ISLAND CO.,ILLINOIS CITY,2006,4,13,2029,F1,1,0,0,5000,0,CST,0,0,1.9,880,6,SW,5,4/13/2006,2033,41.33,-90.98,41.33,-90.93
5502573,MERCER CO.,ELIZA,2006,4,13,2033,F1,1,0,0,15000,0,CST,0,0,11.1,880,3,NNE,1,4/13/2006,2055,41.33,-90.95,41.32,-90.75
5502566,MERCER CO.,MANNON,2006,4,13,2057,F1,1,0,0,50000,0,CST,0,0,1.5,100,1,NW,1,4/13/2006,2101,41.25,-90.97,41.23,-90.93
5502577,MERCER CO.,MATHERVILLE,2006,4,13,2107,F2,2,0,0,30000,0,CST,0,0,2,50,1,WNW,1,4/13/2006,2111,41.27,-90.62,41.27,-90.58
5502567,MERCER CO.,NORTH HENDERSON,2006,4,13,2112,F1,1,0,0,100000,0,CST,0,0,0.8,200,5,WSW,5,4/13/2006,2115,41.05,-90.55,41.07,-90.55
5500119,LOGAN CO.,LINCOLN,2006,4,13,2325,F0,0,0,0,0,0,CST,0,0,0.1,100,3,NNW,3,4/13/2006,2325,40.18,-89.38,40.18,-89.38
5500180,LOGAN CO.,LINCOLN,2006,4,13,2327,F0,0,0,0,2500000,0,CST,0,0,3.8,125, , ,4,4/13/2006,2332,40.15,-89.37,40.13,-89.3
5501153,LA SALLE CO.,GRAND RIDGE,2006,4,14,1733,F0,0,0,0,0,0,CST,0,0,0.5,25,1,N,1,4/14/2006,1734,41.25,-88.83,41.25,-88.82
5499940,MACON CO.,WARRENSBURG,2006,4,16,1335,F1,1,0,0,0,0,CST,0,0,1,100,2,SW,1,4/16/2006,1337,39.9,-89.1,39.9,-89.08
5500018,CHRISTIAN CO.,TAYLORVILLE,2006,4,16,1353,F0,0,0,0,0,0,CST,0,0,0.1,30,5,E,5,4/16/2006,1353,39.55,-89.22,39.55,-89.22
5500019,CHRISTIAN CO.,ASSUMPTION,2006,4,16,1405,F0,0,0,0,0,0,CST,0,0,0.1,30,3,SSE,3,4/16/2006,1405,39.48,-89.03,39.48,-89.03
5500020,CHRISTIAN CO.,STONINGTON,2006,4,16,1407,F0,0,0,0,0,0,CST,0,0,0.1,30,5,SE,5,4/16/2006,1407,39.58,-89.13,39.58,-89.13
5501235,FORD CO.,PIPER CITY,2006,4,16,1557,F0,0,0,0,10000,0,CST,0,0,0.5,40,2,E,3,4/16/2006,1558,40.75,-88.15,40.75,-88.13
5500021,EFFINGHAM CO.,DIETERICH,2006,4,16,1609,F2,2,0,0,0,0,CST,0,0,4,200,5,SW,2,4/16/2006,1619,39.02,-88.43,39.03,-88.37
5500022,COLES CO.,HUMBOLDT,2006,4,16,1615,F1,1,0,0,0,0,CST,0,0,5,150,1,S,5,4/16/2006,1623,39.58,-88.32,39.55,-88.25
5500109,JASPER CO.,WHEELER,2006,4,16,1618,F2,2,0,0,0,0,CST,0,0,1.5,150,2,SW, ,4/16/2006,1622,39.03,-88.35,39.05,-88.32
5500110,COLES CO.,HUMBOLDT,2006,4,16,1625,F0,0,0,0,0,0,CST,0,0,1,50,6,E,7,4/16/2006,1627,39.6,-88.22,39.6,-88.2
5499356,IROQUOIS CO.,ASHKUM,2006,4,16,1641,F0,0,0,0,0,0,CST,0,0,0.5,25,4,S,5,4/16/2006,1642,40.83,-87.95,40.82,-87.92
5500111,CRAWFORD CO.,ROBINSON,2006,4,16,1709,F0,0,0,0,0,0,CST,0,0,0.1,30,5,SW,5,4/16/2006,1709,38.95,-87.8,38.95,-87.8
5499425,IROQUOIS CO.,MARTINTON,2006,4,16,1720,F0,0,0,0,0,0,CST,0,0,0.5,25,2,NW,2,4/16/2006,1721,40.93,-87.75,40.93,-87.73
5499426,IROQUOIS CO.,BEAVERVILLE,2006,4,16,1756,F0,0,0,0,0,0,CST,0,0,0.5,25,3,NW,3,4/16/2006,1757,40.98,-87.68,40.98,-87.68
5500112,CRAWFORD CO.,ROBINSON,2006,4,16,1806,F1,1,0,0,0,0,CST,0,0,0.1,75, , , ,4/16/2006,1807,39,-87.73,39,-87.73
5499471,LOGAN CO.,LINCOLN,2006,4,18,2219,F0,0,0,2,0,0,CST,0,0,0.1,50,2,W,2,4/18/2006,2219,40.15,-89.4,40.15,-89.4
5500479,LOGAN CO.,LINCOLN,2006,4,30,1515,F0,0,0,0,0,0,CST,0,0,0.7,50,3,SE,3,4/30/2006,1517,40.12,-89.33,40.13,-89.32
5507814,WHITE CO.,PHILLIPSTOWN,2006,5,10,1640,F0,0,0,0,0,0,CST,0,0,2.5,50, , ,3,5/10/2006,1645,38.15,-88.02,38.18,-87.98
5510452,MONTGOMERY CO.,FARMERSVILLE,2006,5,24,1505,F1,1,0,0,100000,0,CST,0,0,2.4,150,5,ENE,6,5/24/2006,1510,39.47,-89.57,39.43,-89.53
5510488,CHRISTIAN CO.,MORRISONVILLE,2006,5,24,1510,F0,0,0,0,0,0,CST,0,0,1.4,100,5,WNW,3,5/24/2006,1512,39.43,-89.55,39.42,-89.52
5510449,MADISON CO.,(ALN)STL RGNL ARPT A,2006,5,24,1610,F0,0,0,0,20000,0,CST,0,0,0.2,50,3,ESE,3,5/24/2006,1611,38.88,-90,38.88,-90
5509918,KANKAKEE CO.,AROMA PARK,2006,5,24,1620,F1,1,0,0,75000,0,CST,0,0,1.5,50,3,S,3,5/24/2006,1620,41.03,-87.8,41.05,-87.77
5510487,COLES CO.,COOKS MILLS,2006,5,24,1635,F0,0,0,0,0,0,CST,0,0,0.2,50,2,W,2,5/24/2006,1635,39.58,-88.43,39.58,-88.43
5510523,BOND CO.,GREENVILLE,2006,5,24,1651,F0,0,0,0,0,0,CST,0,0,1.3,100,5,N,6,5/24/2006,1652,38.97,-89.32,38.97,-89.28
5510524,BOND CO.,WOBURN,2006,5,24,1653,F0,0,0,0,0,0,CST,0,0,1.2,75,1,NW,1,5/24/2006,1654,38.97,-89.37,38.97,-89.33
5510525,BOND CO.,WOBURN,2006,5,24,1654,F0,0,0,0,0,0,CST,0,0,1.3,100,2,N,3,5/24/2006,1655,38.98,-89.35,38.98,-89.33
5510751,CHAMPAIGN CO.,BONDVILLE,2006,5,31,1320,F0,0,0,0,0,0,CST,0,0,1.2,50,2,SSE,3,5/31/2006,1325,40.07,-88.35,40.07,-88.33
5510752,PIATT CO.,BEMENT,2006,5,31,1325,F0,0,0,0,0,0,CST,0,0,0.4,30,1,SW,1,5/31/2006,1328,39.9,-88.58,39.9,-88.57
5510753,CHAMPAIGN CO.,SADORUS,2006,5,31,1333,F0,0,0,0,0,0,CST,0,0,0.4,50,2,NW,2,5/31/2006,1336,39.98,-88.38,40,-88.37
5510754,DOUGLAS CO.,TUSCOLA,2006,5,31,1334,F0,0,0,0,0,0,CST,0,0,0.6,50,3,NNW,3,5/31/2006,1338,39.83,-88.3,39.85,-88.28
5509762,CHAMPAIGN CO.,IVESDALE,2006,5,31,1339,F0,0,0,0,0,0,CST,0,0,0.5,50,6,SE,6,5/31/2006,1340,39.88,-88.38,39.87,-88.37
5510756,DOUGLAS CO.,TUSCOLA,2006,5,31,1339,F0,0,0,0,0,0,CST,0,0,0.6,50,5,NW,4,5/31/2006,1343,39.85,-88.35,39.85,-88.32
5510755,DOUGLAS CO.,TUSCOLA,2006,5,31,1339,F0,0,0,0,0,0,CST,0,0,0.6,50,7,WNW,7,5/31/2006,1343,39.83,-88.4,39.87,-88.37
5509763,DOUGLAS CO.,TUSCOLA,2006,5,31,1340,F0,0,0,0,0,0,CST,0,0,0.5,50,8,NW,8,5/31/2006,1344,39.88,-88.38,39.88,-88.38
5510757,DOUGLAS CO.,VILLA GROVE,2006,5,31,1341,F0,0,0,0,0,0,CST,0,0,0.1,30,1,SW,1,5/31/2006,1341,39.85,-88.18,39.85,-88.18
5510758,CHAMPAIGN CO.,TOLONO,2006,5,31,1343,F0,0,0,0,0,0,CST,0,0,0.4,50,2,S,2,5/31/2006,1346,39.95,-88.25,39.95,-88.23
5512006,MCLEAN CO.,DANVERS,2006,6,2,1320,F0,0,0,0,0,0,CST,0,0,0.2,30,5,SE,5,6/2/2006,1321,40.48,-89.1,40.48,-89.1
5511318,TAZEWELL CO.,MORTON,2006,6,22,713,F0,0,0,0,0,0,CST,0,0,0.1,30,3,S,3,6/22/2006,713,40.58,-89.45,40.58,-89.45
5521598,MACON CO.,ARGENTA,2006,7,12,1332,F0,0,0,0,0,0,CST,0,0,0.1,10,6,S,6,7/12/2006,1332,39.9,-88.82,39.9,-88.82
5523544,MACOUPIN CO.,BUNKER HILL,2006,7,19,1750,F0,0,0,0,0,0,CST,0,0,0.2,20,2,N,2,7/19/2006,1751,39.07,-89.95,39.07,-89.95
5523602,MADISON CO.,EDWARDSVILLE,2006,7,19,1825,F0,0,0,0,0,0,CST,0,0,0.2,20,2,S,2,7/19/2006,1826,38.78,-89.95,38.78,-89.95
5524191,MADISON CO.,TROY,2006,7,21,1037,F0,0,0,0,0,0,CST,0,0,4,50,3,SSE,2,7/21/2006,1041,38.7,-89.85,38.67,-89.78
5524192,MADISON CO.,TROY,2006,7,21,1038,F0,0,0,0,0,0,CST,0,0,5.5,50,4,SE,4,7/21/2006,1044,38.7,-89.82,38.67,-89.77
5524193,ST. CLAIR CO.,SUMMERFIELD,2006,7,21,1042,F0,0,0,0,0,0,CST,0,0,2.5,60,1,N,4,7/21/2006,1045,38.6,-89.75,38.6,-89.68
5524194,CLINTON CO.,TRENTON,2006,7,21,1045,F0,0,0,0,0,0,CST,0,0,3.5,60,1,W,1,7/21/2006,1049,38.6,-89.7,38.6,-89.67
5524195,CLINTON CO.,GERMANTOWN,2006,7,21,1055,F1,1,0,0,0,0,CST,0,0,2.5,60,2,W,1,7/21/2006,1058,38.55,-89.57,38.55,-89.52
5524292,WASHINGTON CO.,NEW MINDEN,2006,7,21,1105,F0,0,0,0,0,0,CST,0,0,7,100,0,N,2,7/21/2006,1113,38.43,-89.37,38.45,-89.23
5521738,MACON CO.,OREANA,2006,7,26,1800,F0,0,0,0,0,0,CST,0,0,0.1,30,3,NE,3,7/26/2006,1801,39.97,-88.83,39.97,-88.83
5521739,PIATT CO.,CISCO,2006,7,26,1810,F0,0,0,0,0,0,CST,0,0,0.1,30,2,SW,2,7/26/2006,1811,40,-88.77,39.98,-88.75
5521740,VERMILION CO.,ROSSVILLE,2006,7,26,1815,F1,1,0,0,40000,0,CST,0,0,2.8,50,2,W,2,7/26/2006,1823,40.37,-87.7,40.42,-87.67
5521741,PIATT CO.,CISCO,2006,7,26,1822,F0,0,0,0,0,0,CST,0,0,0.1,20,3,E,3,7/26/2006,1822,40.02,-88.68,40.02,-88.68
5521742,PIATT CO.,CISCO,2006,7,26,1825,F0,0,0,0,0,0,CST,0,0,0.1,20,4,E,4,7/26/2006,1825,40.02,-88.65,40.02,-88.65
5521743,VERMILION CO.,HOOPESTON,2006,7,26,1830,F0,0,0,0,0,0,CST,0,0,0.1,30,1,E,1,7/26/2006,1831,40.47,-87.65,40.47,-87.65
5521744,PIATT CO.,CISCO,2006,7,26,1850,F0,0,0,0,0,0,CST,0,0,0.1,30,1,E,1,7/26/2006,1850,40.02,-88.72,40.02,-88.72
5521745,PIATT CO.,MONTICELLO,2006,7,26,1851,F0,0,0,0,0,0,CST,0,0,0.1,30,2,W,2,7/26/2006,1851,40.03,-88.6,40.03,-88.6
5534665,MASSAC CO.,METROPOLIS MUNI ARPT,2006,9,22,1420,F3,3,0,2,500000,0,CST,0,0,3.5,125,3,WNW,3,9/22/2006,1427,37.18,-88.8,37.23,-88.8
5534667,POPE CO.,BAY CITY,2006,9,22,1502,F1,1,0,0,15000,0,CST,0,0,2.3,300,2,SW,1,9/22/2006,1506,37.23,-88.52,37.25,-88.48
5534731,JACKSON CO.,GORHAM,2006,9,22,1525,F2,2,0,1,800000,0,CST,0,0,19.5,225,10,WNW,2,9/22/2006,1548,37.77,-89.65,37.78,-89.33
5534335,WASHINGTON CO.,RADOM,2006,9,22,1555,F0,0,0,0,0,0,CST,0,0,0.1,20,1,S,1,9/22/2006,1556,38.25,-89.2,38.25,-89.2
5534334,PIKE CO.,VALLEY CITY,2006,9,22,1620,F0,0,0,0,0,0,CST,0,0,0.1,20,1,S,1,9/22/2006,1621,39.67,-90.65,39.67,-90.65
5534332,COOK CO.,CHICAGO,2006,9,22,1702,F0,0,0,0,0,0,CST,0,0,0.3,50, , , ,9/22/2006,1703,41.83,-87.65,41.83,-87.65
10085,UNION CO.,JONESBORO,2007,3,1,1045,EF0,0,0,0,100000,0,CST-6,0,0,1.8,150,2,WSW,1,3/1/2007,1047,37.4389,-89.3036,37.4602,-89.2829
15495,MACON CO.,ELWIN,2007,3,1,1247,EF0,0,0,1,37000,0,CST-6,0,0,1,30,1,SW,1,3/1/2007,1248,39.7749,-88.9867,39.7851,-88.9733
18577,LOGAN CO.,ATLANTA,2007,3,28,1405,EF0,0,0,0,0,0,CST-6,0,0,0.1,10,1,N,1,3/28/2007,1405,40.2845,-89.23,40.2845,-89.23
18578,MCLEAN CO.,MC LEAN,2007,3,28,1419,EF0,0,0,0,0,0,CST-6,0,0,0.1,10,2,SW,2,3/28/2007,1419,40.2996,-89.1968,40.2996,-89.1968
20093,CHRISTIAN CO.,ASSUMPTION,2007,4,25,1340,EF0,0,0,0,0,0,CST-6,0,0,0.1,10,0,N,0,4/25/2007,1340,39.52,-89.05,39.52,-89.05
26652,WILL CO.,PLAINFIELD,2007,4,26,1358,EF0,0,0,0,100000,0,CST-6,0,0,3.2,5,0,N,0,4/26/2007,1409,41.6,-88.2,41.67,-88.13
35465,MACOUPIN CO.,GILLESPIE,2007,5,4,1604,EF0,0,0,0,0,0,CST-6,0,0,0.01,40,5,W,5,5/4/2007,1606,39.13,-89.9232,39.13,-89.9232
35467,MADISON CO.,WOOD RIVER,2007,5,4,1650,EF0,0,0,0,0,0,CST-6,0,0,0.02,40,3,E,3,5/4/2007,1654,38.85,-90.0243,38.85,-90.0243
35466,MACOUPIN CO.,SHIPMAN,2007,5,4,1705,EF0,0,0,0,0,0,CST-6,0,0,0.01,40,2,NE,2,5/4/2007,1706,39.1404,-90.0236,39.1404,-90.0236
34648,COOK CO.,SCHAUMBURG,2007,5,16,1652,EF0,0,0,0,50000,0,CST-6,0,0,0.5,15,0,N,0,5/16/2007,1653,42.03,-88.08,42.03,-88.08
25901,CLARK CO.,CASEY,2007,5,25,1353,EF0,0,0,0,0,0,CST-6,0,0,2.5,30,5,N,5,5/25/2007,1403,39.3723,-87.98,39.3811,-87.9461
41665,JO DAVIESS CO.,BLANDING,2007,6,1,1338,EF0,0,0,0,0,0,CST-6,0,0,0.01,350,2,SW,2,6/1/2007,1338,42.252,-90.404,42.252,-90.404
41667,JO DAVIESS CO.,SCALES MOUND,2007,6,1,1415,EF0,0,0,0,0,0,CST-6,0,0,0.5,10,2,S,2,6/1/2007,1415,42.4499,-90.25,42.4499,-90.25
45500,HANCOCK CO.,WARSAW,2007,6,2,1945,EF0,0,0,0,5000,0,CST-6,0,0,0.1,25,2,SSW,2,6/2/2007,1945,40.3233,-91.4445,40.3233,-91.4445
38976,KANKAKEE CO.,HERSCHER,2007,6,3,1147,EF0,0,0,0,0,0,CST-6,0,0,0.4,10,0,N,0,6/3/2007,1148,41.05,-88.1,41.05,-88.1
54759,WILL CO.,BOLINGBROOK,2007,8,5,1713,EF0,0,0,0,40000,0,CST-6,0,0,0.35,50,0,N,0,8/5/2007,1714,41.67,-88.13,41.67,-88.13
55252,DU PAGE CO.,WINFIELD,2007,8,23,1408,EF1,1,0,0,15000,0,CST-6,0,0,2.67,500,0,N,0,8/23/2007,1410,41.87,-88.17,41.87,-88.17
60191,JERSEY CO.,JERSEYVILLE,2007,9,6,1315,EF0,0,0,0,0,0,CST-6,0,0,0.9,50,5,ESE,6,9/6/2007,1318,39.0907,-90.2288,39.0857,-90.2133
56535,SANGAMON CO.,WILLIAMSVILLE,2007,9,6,1728,EF0,0,0,0,0,0,CST-6,0,0,0.1,10,1,W,1,9/6/2007,1728,39.95,-89.5689,39.95,-89.5689
60195,PIKE CO.,BAYLIS,2007,9,30,2005,EF0,0,0,0,0,0,CST-6,0,0,0.1,30,0,N,0,9/30/2007,2005,39.73,-90.92,39.73,-90.92
60196,PIKE CO.,PERRY,2007,9,30,2015,EF0,0,0,2,0,0,CST-6,0,0,2,40,2,WSW,0,9/30/2007,2016,39.7706,-90.7795,39.7778,-90.7431
63904,ADAMS CO.,NORTH QUINCY,2007,10,2,1655,EF0,0,0,0,0,0,CST-6,0,0,0.04,40,1,N,1,10/2/2007,1656,39.7879,-91.3211,39.7882,-91.3205
63898,EDWARDS CO.,WEST SALEM,2007,10,18,1815,EF0,0,0,0,0,0,CST-6,0,0,0.1,20,2,NE,2,10/18/2007,1816,38.5405,-87.9938,38.5415,-87.9925
73813,BOONE CO.,POPLAR GROVE,2008,1,7,1530,EF3,3,0,4,2000000,0,CST-6,0,0,6.9,100,1,N,3,1/7/2008,1539,42.3874,-88.83,42.4307,-88.7084
73941,MCHENRY CO.,CHEMUNG,2008,1,7,1539,EF3,3,0,1,2000000,0,CST-6,0,0,6.3,100,2,WNW,3,1/7/2008,1548,42.4316,-88.708,42.4628,-88.596
78898,TAZEWELL CO.,MACKINAW,2008,1,7,1722,EF1,1,0,0,30000,0,CST-6,0,0,3,100,2,S,4,1/7/2008,1725,40.5011,-89.35,40.4942,-89.3029
79616,PIKE CO.,PLEASANT HILL,2008,1,7,2040,EF0,0,0,0,0,0,CST-6,0,0,2.35,40,2,SE,1,1/7/2008,2043,39.4289,-90.8439,39.442,-90.8031
70115,UNION CO.,WOLF LAKE,2008,1,29,1612,EF1,1,0,0,10000,0,CST-6,0,0,1.65,100,3,SSW,2,1/29/2008,1613,37.46,-89.46,37.46,-89.43
81042,MARION CO.,SEDAN,2008,2,5,1812,EF0,0,0,0,0,0,CST-6,0,0,0.11,40,3,W,2,2/5/2008,1813,38.5067,-88.9962,38.507,-88.9942
81038,MARION CO.,SEDAN,2008,2,5,1812,EF0,0,0,0,0,0,CST-6,0,0,0.22,30,3,WNW,3,2/5/2008,1813,38.5115,-88.9977,38.5125,-88.9937
88887,MONROE CO.,HARRISONVILLE,2008,3,31,1545,EF0,0,0,0,0,0,CST-6,0,0,1.78,30,4,S,2,3/31/2008,1547,38.2273,-90.3452,38.2277,-90.3124
95857,ADAMS CO.,URSA,2008,4,10,1655,EF0,0,0,0,0,0,CST-6,0,0,9.13,50,6,W,0,4/10/2008,1702,40.07,-91.4759,40.18,-91.38
97720,HANCOCK CO.,SUTTER,2008,4,10,1730,EF1,1,0,0,100000,0,CST-6,0,0,1.6,150,1,E,3,4/10/2008,1732,40.279,-91.306,40.2952,-91.2842
97721,HANCOCK CO.,BASCO,2008,4,10,1733,EF0,0,0,0,20000,0,CST-6,0,0,0.2,50,4,W,4,4/10/2008,1734,40.33,-91.28,40.3321,-91.2775
97723,HANCOCK CO.,ELVASTON,2008,4,10,1735,EF0,0,0,0,30000,0,CST-6,0,0,0.75,75,1,ESE,1,4/10/2008,1736,40.395,-91.236,40.4035,-91.227
92784,JACKSON CO.,MURPHYSBORO,2008,5,25,1735,EF0,0,0,0,0,0,CST-6,0,0,0.21,20,5,NNW,2,5/25/2008,1736,37.8369,-89.3651,37.8361,-89.3613
104964,RICHLAND CO.,OLNEY,2008,5,27,1140,EF0,0,0,0,0,0,CST-6,0,0,0.1,10,5,SSE,5,5/27/2008,1140,38.6631,-88.0445,38.6631,-88.0445
104838,PIKE CO.,NEW SALEM,2008,5,30,1525,EF1,1,0,0,5000,0,CST-6,0,0,1.42,50,2,S,2,5/30/2008,1527,39.6783,-90.85,39.6795,-90.8234
104846,PIKE CO.,PITTSFIELD,2008,5,30,1715,EF0,0,0,0,0,0,CST-6,0,0,3.91,40,5,ESE,2,5/30/2008,1720,39.5723,-90.7333,39.5999,-90.6692
107015,MORGAN CO.,WAVERLY,2008,5,30,1817,EF1,1,0,0,129000,0,CST-6,0,0,3.9,100,3,W,2,5/30/2008,1823,39.5783,-90.0014,39.5671,-89.9273
107016,SANGAMON CO.,LOWDER,2008,5,30,1823,EF1,1,0,0,63000,0,CST-6,0,0,0.88,100,4,WNW,3,5/30/2008,1825,39.5671,-89.9273,39.5621,-89.8987
107017,CHRISTIAN CO.,TAYLORVILLE,2008,5,30,1920,EF0,0,0,0,0,0,CST-6,0,0,0.01,10,1,S,1,5/30/2008,1920,39.5355,-89.3,39.5355,-89.3
107018,SHELBY CO.,WESTERVELT,2008,5,30,1933,EF0,0,0,0,0,0,CST-6,0,0,1.14,30,1,NNE,2,5/30/2008,1934,39.4934,-88.8628,39.5005,-88.8435
123765,MARION CO.,KINMUNDY,2008,6,3,654,EF0,0,0,0,0,0,CST-6,0,0,0.06,50,4,WNW,4,6/3/2008,655,38.7927,-88.91,38.7931,-88.909
113257,SCOTT CO.,ALSEY,2008,6,3,1932,EF0,0,0,0,0,0,CST-6,0,0,6.7,75,1,E,5,6/3/2008,1952,39.55,-90.4112,39.5929,-90.2962
120606,RANDOLPH CO.,PRAIRIE,2008,6,4,230,EF0,0,0,0,0,0,CST-6,0,0,0.6,50,1,NE,1,6/4/2008,231,38.1878,-89.9431,38.1878,-89.932
120615,RANDOLPH CO.,TILDEN,2008,6,4,248,EF0,0,0,0,0,0,CST-6,0,0,1.47,50,1,WSW,1,6/4/2008,250,38.212,-89.6969,38.2157,-89.6702
122122,RANDOLPH CO.,TILDEN,2008,6,4,249,EF0,0,0,0,0,0,CST-6,0,0,0.7,25,1,SSW,1,6/4/2008,250,38.2109,-89.684,38.2106,-89.671
111435,LIVINGSTON CO.,FLANAGAN,2008,6,4,1845,EF1,1,0,0,40000,0,CST-6,0,0,3.42,200,7,SSW,4,6/4/2008,1850,40.7791,-88.8998,40.8106,-88.8494
114050,TAZEWELL CO.,MACKINAW,2008,6,4,1918,EF0,0,0,0,0,0,CST-6,0,0,1.5,30,3,NE,3,6/4/2008,1923,40.5612,-89.3218,40.575,-89.2999
114051,TAZEWELL CO.,LILLY,2008,6,4,1924,EF0,0,0,0,0,0,CST-6,0,0,1.75,150,2,N,3,6/4/2008,1930,40.5561,-89.2861,40.5777,-89.2688
114052,MCLEAN CO.,WOODRUFF,2008,6,4,1930,EF0,0,0,0,0,0,CST-6,0,0,3.68,150,4,NNW,4,6/4/2008,1939,40.5777,-89.2688,40.5954,-89.2026
114053,WOODFORD CO.,CONGERVILLE,2008,6,4,1939,EF0,0,0,0,0,0,CST-6,0,0,0.71,150,2,S,1,6/4/2008,1942,40.5954,-89.2026,40.6017,-89.192
114068,COLES CO.,TRILLA,2008,6,6,1520,EF1,1,0,0,275000,0,CST-6,0,0,5,200,3,NNE,2,6/6/2008,1527,39.4043,-88.333,39.4327,-88.2489
105494,LIVINGSTON CO.,CORNELL,2008,6,7,1521,EF0,0,0,0,0,0,CST-6,0,0,0.91,20,3,E,3,6/7/2008,1523,40.9747,-88.6805,40.9813,-88.6654
105497,LIVINGSTON CO.,NEVADA,2008,6,7,1531,EF1,1,0,0,50000,0,CST-6,0,0,3.59,40,2,SSE,1,6/7/2008,1545,41.0495,-88.5465,41.093,-88.5089
105504,KANKAKEE CO.,ESSEX,2008,6,7,1618,EF1,1,0,0,0,0,CST-6,0,0,0.4,40,2,NW,2,6/7/2008,1619,41.1984,-88.206,41.2026,-88.2007
105506,WILL CO.,GODLEY,2008,6,7,1619,EF2,2,0,0,500000,0,CST-6,0,0,14.12,200,3,SE,2,6/7/2008,1646,41.2026,-88.2007,41.3443,-88.005
105514,WILL CO.,WILTON,2008,6,7,1651,EF2,2,0,0,50000,0,CST-6,0,0,2.16,400,1,SSE,1,6/7/2008,1654,41.3635,-87.9193,41.3821,-87.8857
105531,WILL CO.,ANDRES,2008,6,7,1655,EF2,2,0,0,500000,0,CST-6,0,0,3.66,150,3,NE,3,6/7/2008,1708,41.3972,-87.8465,41.4261,-87.7873
105544,WILL CO.,MONEE,2008,6,7,1713,EF2,2,0,6,5500000,0,CST-6,0,0,2.42,150,3,NW,1,6/7/2008,1719,41.4436,-87.7698,41.4698,-87.7387
105564,COOK CO.,PARK FOREST SOUTH,2008,6,7,1719,EF2,2,0,0,4000000,0,CST-6,0,0,4.1,150,1,W,1,6/7/2008,1730,41.4698,-87.7387,41.5054,-87.6754
105579,COOK CO.,PARK FOREST,2008,6,7,1732,EF1,1,0,0,1000000,0,CST-6,0,0,1.97,75,1,E,0,6/7/2008,1737,41.4828,-87.6573,41.5025,-87.6299
105586,COOK CO.,LANSING,2008,6,7,1748,EF0,0,0,0,10000,0,CST-6,0,0,0.44,50,1,ENE,1,6/7/2008,1749,41.5725,-87.5339,41.5743,-87.5257
117696,ROCK ISLAND CO.,TAYLOR RIDGE,2008,6,12,1826,EF0,0,0,0,0,0,CST-6,0,0,0.01,25,1,WNW,1,6/12/2008,1826,41.3869,-90.6873,41.3869,-90.6873
111431,BOONE CO.,IRENE,2008,6,12,2330,EF1,1,0,0,25000,0,CST-6,0,0,6.2,150,1,E,3,6/12/2008,2338,42.1721,-88.8767,42.2201,-88.7743
114422,MCLEAN CO.,COLFAX,2008,6,15,1508,EF0,0,0,0,50000,0,CST-6,0,0,0.8,20,0,WNW,0,6/15/2008,1510,40.5727,-88.6254,40.568,-88.6139
119941,FAYETTE CO.,JIMTOWN,2008,6,27,1458,EF0,0,0,0,0,0,CST-6,0,0,1.47,40,2,N,1,6/27/2008,1500,39.008,-89.2134,39.0133,-89.1869
112200,JEFFERSON CO.,MT VERNON,2008,6,27,1659,EF0,0,0,0,5000,0,CST-6,0,0,0.2,30,5,E,5,6/27/2008,1700,38.32,-88.8078,38.32,-88.8041
123349,EDGAR CO.,HORACE,2008,7,8,1745,EF0,0,0,0,60000,0,CST-6,0,0,4.02,50,2,SSW,2,7/8/2008,1750,39.6973,-87.7148,39.7169,-87.6436
126741,EDGAR CO.,METCALF,2008,7,21,2134,EF1,1,0,0,85000,0,CST-6,0,0,2,100,2,S,2,7/21/2008,2140,39.7769,-87.805,39.7648,-87.7708
131665,DU PAGE CO.,CLOVERDALE,2008,8,4,1845,EF1,1,0,0,40000,0,CST-6,0,0,0.55,40,1,NNW,1,8/4/2008,1846,41.9442,-88.1276,41.947,-88.1174
131658,WILL CO.,PLAINFIELD CLOW ARPT,2008,8,4,1845,EF1,1,0,0,500000,0,CST-6,0,0,1.11,50,1,WSW,1,8/4/2008,1846,41.6933,-88.1529,41.689,-88.1321
131666,DU PAGE CO.,BLOOMINGDALE,2008,8,4,1847,EF1,1,0,0,250000,0,CST-6,0,0,0.8,50,1,SW,1,8/4/2008,1848,41.9425,-88.0926,41.9425,-88.0771
131695,COOK CO.,ORLAND PARK,2008,8,4,1859,EF0,0,0,0,30000,0,CST-6,0,0,0.3,30,1,NE,1,8/4/2008,1900,41.6441,-87.8517,41.6419,-87.8467
147566,ADAMS CO.,LIBERTY,2008,12,27,1030,EF1,1,0,0,0,0,CST-6,0,0,0.93,50,3,NW,3,12/27/2008,1033,39.908,-91.1333,39.9138,-91.1174
147568,ADAMS CO.,LIBERTY,2008,12,27,1033,EF0,0,0,0,0,0,CST-6,0,0,0.73,30,3,NNE,3,12/27/2008,1035,39.9078,-91.0804,39.913,-91.0686
144059,MCDONOUGH CO.,NEW PHILADELPHIA,2008,12,27,1120,EF0,0,0,0,0,0,CST-6,0,0,0.3,50,0,E,1,12/27/2008,1121,40.48,-90.4643,40.4833,-90.4595
161770,JERSEY CO.,ROSEDALE,2009,3,8,956,EF2,2,0,0,0,0,CST-6,0,0,0.98,100,2,NW,1,3/8/2009,957,39.0433,-90.574,39.0467,-90.5568
161772,JERSEY CO.,ROSEDALE,2009,3,8,957,EF0,0,0,0,0,0,CST-6,0,0,3.67,40,1,N,2,3/8/2009,1001,39.0458,-90.5486,39.0757,-90.4921
161768,GREENE CO.,ATHENSVILLE,2009,3,8,1010,EF1,1,0,0,0,0,CST-6,0,0,4.81,352,5,WNW,4,3/8/2009,1017,39.4797,-90.2628,39.5103,-90.1817
159920,RANDOLPH CO.,PRAIRIE,2009,3,8,1025,EF1,1,0,0,0,0,CST-6,0,0,0.79,75,1,SSW,1,3/8/2009,1026,38.169,-89.956,38.172,-89.942
159921,RANDOLPH CO.,GRIGGS,2009,3,8,1027,EF1,1,0,1,0,0,CST-6,0,0,2.35,100,2,S,1,3/8/2009,1030,38.175,-89.904,38.186,-89.863
162019,MACOUPIN CO.,ENOS,2009,3,8,1030,EF1,1,0,0,0,0,CST-6,0,0,4.21,75,3,E,2,3/8/2009,1035,39.2751,-89.948,39.3036,-89.8785
157470,SANGAMON CO.,PROUTY,2009,3,8,1032,EF1,1,0,2,610000,0,CST-6,0,0,5.13,200,1,SSW,2,3/8/2009,1037,39.6511,-89.9269,39.6966,-89.8507
159922,RANDOLPH CO.,BALDWIN,2009,3,8,1033,EF0,0,0,0,0,0,CST-6,0,0,3.58,50,2,ENE,2,3/8/2009,1037,38.189,-89.816,38.198,-89.751
161009,WASHINGTON CO.,MC KINLEY,2009,3,8,1046,EF2,2,0,0,0,0,CST-6,0,0,4.29,200,3,WNW,1,3/8/2009,1051,38.25,-89.597,38.267,-89.521
161010,WASHINGTON CO.,CORDES,2009,3,8,1056,EF0,0,0,0,0,0,CST-6,0,0,2.33,50,3,SE,4,3/8/2009,1058,38.267,-89.417,38.284,-89.38
161761,WASHINGTON CO.,BEAUCOUP,2009,3,8,1101,EF0,0,0,0,0,0,CST-6,0,0,1.42,40,4,SSW,3,3/8/2009,1102,38.303,-89.331,38.306,-89.305
158588,JEFFERSON CO.,TEXICO,2009,3,8,1127,EF1,1,0,0,60000,0,CST-6,0,0,2.27,150,2,E,0,3/8/2009,1130,38.4328,-88.8674,38.4476,-88.8299
158590,JEFFERSON CO.,STRATTON,2009,3,8,1134,EF0,0,0,0,12000,0,CST-6,0,0,3.61,100,2,W,1,3/8/2009,1138,38.4453,-88.7568,38.4713,-88.699
158591,WAYNE CO.,ORCHARDVILLE,2009,3,8,1138,EF0,0,0,0,80000,0,CST-6,0,0,0.63,100,3,SW,3,3/8/2009,1139,38.4713,-88.699,38.475,-88.6883
155065,WAYNE CO.,WAYNE CITY,2009,3,8,1142,EF1,1,0,1,40000,0,CST-6,0,0,14.44,50,5,NNE,5,3/8/2009,1156,38.4169,-88.5447,38.5712,-88.3646
155066,WAYNE CO.,ENTERPRISE,2009,3,8,1158,EF2,2,0,0,90000,0,CST-6,0,0,4.73,100,3,N,3,3/8/2009,1203,38.5634,-88.35,38.6,-88.2759
159181,LIVINGSTON CO.,ROOKS CREEK,2009,3,8,1201,EF0,0,0,0,20000,0,CST-6,0,0,0.5,100,3,SW,3,3/8/2009,1202,40.8437,-88.7145,40.8448,-88.7051
157471,CLAY CO.,CAMP TRAVIS,2009,3,8,1203,EF0,0,0,0,20000,0,CST-6,0,0,0.91,75,6,SSE,6,3/8/2009,1204,38.6,-88.2759,38.6091,-88.2636
157472,LAWRENCE CO.,LAWRENCEVILLE ARPT,2009,3,8,1243,EF1,1,0,1,305000,0,CST-6,0,0,4.24,100,1,E,1,3/8/2009,1248,38.7722,-87.5824,38.8039,-87.5149
159183,KANKAKEE CO.,ST GEORGE,2009,3,8,1256,EF1,1,0,0,40000,0,CST-6,0,0,0.74,80,2,ESE,1,3/8/2009,1258,41.1912,-87.7357,41.1964,-87.7232
159192,KANKAKEE CO.,WHITAKER,2009,3,8,1300,EF1,1,0,0,30000,0,CST-6,0,0,0.51,120,2,ESE,2,3/8/2009,1301,41.2359,-87.6948,41.2386,-87.6857
164151,JACKSON CO.,SATO,2009,5,8,1030,EF1,1,0,0,80000,0,CST-6,0,0,3.11,100,2,E,2,5/8/2009,1034,37.903,-89.3937,37.9263,-89.3449
172534,JACKSON CO.,RADDLE,2009,5,8,1032,EF0,0,0,0,0,0,CST-6,0,0,0.36,30,1,SSW,1,5/8/2009,1033,37.7531,-89.5942,37.7562,-89.5889
164152,JACKSON CO.,ELKVILLE,2009,5,8,1212,EF0,0,0,0,10000,0,CST-6,0,0,0.14,40,4,S,0,5/8/2009,1213,37.8421,-89.23,37.8434,-89.228
164157,FRANKLIN CO.,ROYALTON,2009,5,8,1218,EF0,0,0,0,0,0,CST-6,0,0,0.29,40,2,N,2,5/8/2009,1219,37.8917,-89.12,37.8946,-89.1163
164153,FRANKLIN CO.,THOMPSONVILLE,2009,5,8,1245,EF1,1,0,0,0,0,CST-6,0,0,2.41,150,2,SSW,2,5/8/2009,1248,37.8963,-88.7778,37.8636,-88.762
164154,WILLIAMSON CO.,CORINTH,2009,5,8,1248,EF1,1,0,0,0,0,CST-6,0,0,3.1,150,3,NNE,3,5/8/2009,1251,37.8636,-88.762,37.825,-88.7331
170213,WARREN CO.,LITTLE YORK,2009,5,8,1914,EF0,0,0,0,0,0,CST-6,0,0,0.52,25,2,N,2,5/8/2009,1915,41.05,-90.75,41.05,-90.74
170836,MACOUPIN CO.,GILLESPIE,2009,5,13,2238,EF0,0,0,0,0,0,CST-6,0,0,1.65,40,1,W,0,5/13/2009,2240,39.1306,-89.8571,39.128,-89.8264
169110,CHRISTIAN CO.,ROSAMOND,2009,5,13,2304,EF1,1,0,0,50000,0,CST-6,0,0,0.81,60,1,NNE,2,5/13/2009,2305,39.3968,-89.1562,39.4003,-89.1417
169111,SHELBY CO.,TOWER HILL,2009,5,13,2312,EF0,0,0,0,60000,0,CST-6,0,0,0.57,40,2,S,2,5/13/2009,2313,39.3496,-88.9642,39.3515,-88.9539
169112,SHELBY CO.,SHELBYVILLE,2009,5,13,2322,EF0,0,0,0,45000,0,CST-6,0,0,1.39,50,2,S,2,5/13/2009,2324,39.3946,-88.8047,39.4012,-88.7802
169113,VERMILION CO.,FAIRMOUNT,2009,5,13,2323,EF0,0,0,0,35000,0,CST-6,0,0,0.06,50,5,WSW,5,5/13/2009,2323,40.0174,-87.9164,40.0174,-87.9164
174002,STEPHENSON CO.,BUENA VISTA,2009,6,1,1530,EF0,0,0,0,100000,0,CST-6,0,0,0.33,200,1,NW,1,6/1/2009,1531,42.4456,-89.6842,42.4457,-89.6735
193758,ADAMS CO.,CLAYTON,2009,6,2,1525,EF0,0,0,0,0,0,CST-6,0,0,1.91,50,3,S,3,6/2/2009,1527,39.9897,-90.9503,39.9885,-90.9144
193760,BROWN CO.,TIMEWELL,2009,6,2,1527,EF0,0,0,0,0,0,CST-6,0,0,1.13,50,2,WSW,1,6/2/2009,1528,39.9885,-90.9144,39.9884,-90.893
183399,ST. CLAIR CO.,SHILOH,2009,6,8,1630,EF2,2,0,0,0,0,CST-6,0,0,11.79,176,1,W,0,6/8/2009,1700,38.5514,-89.9208,38.4253,-89.7739
171900,PERRY CO.,SUNFIELD,2009,6,8,1842,EF0,0,0,0,4000,0,CST-6,0,0,0.44,100,3,NW,2,6/8/2009,1843,38.0985,-89.2646,38.099,-89.2565
171898,PERRY CO.,DU QUOIN,2009,6,8,1900,EF1,1,0,0,20000,0,CST-6,0,0,3.23,300,3,E,1,6/8/2009,1908,38.02,-89.1749,37.9759,-89.1554
171899,FRANKLIN CO.,MULKEYTOWN,2009,6,8,1908,EF1,1,0,0,6000,0,CST-6,0,0,1.59,100,2,WNW,1,6/8/2009,1912,37.9759,-89.1554,37.9572,-89.1384
180206,VERMILION CO.,RYAN,2009,6,19,1650,EF0,0,0,0,0,0,CST-6,0,0,0.1,10,1,SE,1,6/19/2009,1650,40.0377,-87.7808,40.0377,-87.7808
180208,VERMILION CO.,HOME GARDENS,2009,6,19,1709,EF0,0,0,0,0,0,CST-6,0,0,0.1,10,2,SSE,2,6/19/2009,1709,40.05,-87.6591,40.05,-87.6591
179828,MCHENRY CO.,WOODSTOCK,2009,6,19,1810,EF1,1,0,0,75000,0,CST-6,0,0,0.74,75,2,SSE,2,6/19/2009,1812,42.295,-88.441,42.2997,-88.428
180873,PEORIA CO.,LANCASTER,2009,7,8,1555,EF0,0,0,0,0,0,CST-6,0,0,0.1,10,1,W,1,7/8/2009,1555,40.5822,-89.8583,40.5822,-89.8583
180874,MASON CO.,TEHERAN,2009,7,8,1603,EF0,0,0,0,0,0,CST-6,0,0,0.1,10,1,WNW,1,7/8/2009,1603,40.2239,-89.8103,40.2239,-89.8103
191325,BUREAU CO.,PRINCETON PIPER ARPT,2009,7,24,2050,EF1,1,0,0,150000,0,CST-6,0,0,1.21,50,2,SSW,2,7/24/2009,2055,41.3485,-89.4459,41.3469,-89.4227
186344,BOONE CO.,CAPRON,2009,7,30,1526,EF0,0,0,0,0,0,CST-6,0,0,0.25,20,1,NNE,1,7/30/2009,1527,42.407,-88.7465,42.4068,-88.7416
188897,GREENE CO.,BARROW,2009,8,19,1310,EF0,0,0,0,0,0,CST-6,0,0,1.07,100,1,NW,1,8/19/2009,1314,39.5114,-90.4169,39.5209,-90.4011
194265,SCOTT CO.,ALSEY,2009,8,19,1314,EF1,1,0,0,75000,112000,CST-6,0,0,5.92,200,3,SE,3,8/19/2009,1323,39.5209,-90.4011,39.559,-90.3015
194267,MORGAN CO.,MURRAYVILLE,2009,8,19,1323,EF1,1,0,0,320000,175000,CST-6,0,0,8.12,250,3,WSW,2,8/19/2009,1335,39.559,-90.3015,39.5883,-90.1539
194269,MORGAN CO.,FRANKLIN,2009,8,19,1346,EF1,1,0,0,100000,60000,CST-6,0,0,2.78,440,2,ENE,0,8/19/2009,1351,39.6333,-90.0066,39.6476,-89.9578
194270,SANGAMON CO.,PROUTY,2009,8,19,1351,EF2,2,0,3,4000000,330000,CST-6,0,0,16.37,440,3,SW,2,8/19/2009,1416,39.6476,-89.9578,39.7254,-89.6669
194276,SANGAMON CO.,TORONTO,2009,8,19,1417,EF1,1,0,0,200000,240000,CST-6,0,0,12.93,200,2,SSE,3,8/19/2009,1437,39.7049,-89.6145,39.7802,-89.3917
194892,SANGAMON CO.,WILLIAMSVILLE,2009,8,19,1419,EF3,3,0,17,11000000,75000,CST-6,0,0,4.37,600,1,WNW,4,8/19/2009,1426,39.9555,-89.5611,39.9726,-89.4837
194893,LOGAN CO.,ELKHART,2009,8,19,1426,EF3,3,0,2,7200000,1000000,CST-6,0,0,19.9,880,3,S,2,8/19/2009,1502,39.9726,-89.4837,40.1469,-89.1656
195081,DE WITT CO.,MIDLAND CITY,2009,8,19,1504,EF0,0,0,0,10000,8000,CST-6,0,0,2.38,15,1,NW,1,8/19/2009,1509,40.1649,-89.1441,40.1886,-89.1113
194910,MCLEAN CO.,HOLDER,2009,8,19,1527,EF0,0,0,0,0,4000,CST-6,0,0,2.48,20,3,SSE,2,8/19/2009,1534,40.4112,-88.806,40.4282,-88.7645
195082,VERMILION CO.,JAMESBURG,2009,8,19,1610,EF0,0,0,0,80000,15000,CST-6,0,0,4.71,50,2,SSE,0,8/19/2009,1618,40.2424,-87.7388,40.3014,-87.694
193852,IROQUOIS CO.,PITTWOOD,2009,8,19,1700,EF1,1,0,0,100000,0,CST-6,0,0,2.75,50,3,S,3,8/19/2009,1707,40.8255,-87.7306,40.8426,-87.6829
193850,KANE CO.,ELBURN,2009,8,19,1700,EF1,1,0,0,25000,0,CST-6,0,0,1,40,2,N,2,8/19/2009,1702,41.9084,-88.4642,41.92,-88.4758
193851,KANE CO.,LILY LAKE,2009,8,19,1715,EF0,0,0,0,0,0,CST-6,0,0,0.75,30,1,SSE,1,8/19/2009,1716,41.9322,-88.47,41.9429,-88.4678
224872,MONTGOMERY CO.,HILLSBORO,2010,4,5,1514,EF0,0,0,0,0,0,CST-6,0,0,0.18,10,2,W,2,4/5/2010,1515,39.1452,-89.5238,39.1462,-89.5206
216197,JACKSON CO.,CRAIN,2010,4,7,1528,EF0,0,0,0,5000,0,CST-6,0,0,1.88,50,2,WSW,1,4/7/2010,1531,37.7648,-89.5304,37.7827,-89.5044
225452,MONROE CO.,MERRIMAC,2010,4,30,1950,EF2,2,0,0,0,0,CST-6,0,0,7.24,350,2,SW,2,4/30/2010,1957,38.3505,-90.3498,38.4186,-90.2482
225465,MONROE CO.,FOSTER POND,2010,4,30,1957,EF0,0,0,0,0,0,CST-6,0,0,0.11,50,2,NW,2,4/30/2010,1958,38.342,-90.2423,38.343,-90.2408
227255,EDGAR CO.,HUME,2010,5,21,1120,EF0,0,0,0,0,0,CST-6,0,0,0.12,10,1,S,1,5/21/2010,1121,39.7822,-87.869,39.7839,-87.8682
227256,EDGAR CO.,MORTIMER,2010,5,21,1140,EF0,0,0,0,0,0,CST-6,0,0,0.11,10,1,ESE,1,5/21/2010,1141,39.8456,-87.7328,39.8468,-87.7314
227285,PEORIA CO.,LAURA,2010,5,25,1310,EF0,0,0,0,0,0,CST-6,0,0,0.65,15,2,NW,3,5/25/2010,1314,40.9481,-89.857,40.9524,-89.8681
232420,LIVINGSTON CO.,ANCONA,2010,5,26,1745,EF0,0,0,0,0,0,CST-6,0,0,0.4,30,2,E,2,5/26/2010,1752,41.03,-88.8316,41.03,-88.824
236515,CHRISTIAN CO.,OWANECO,2010,6,3,1206,EF0,0,0,0,0,0,CST-6,0,0,0.1,15,3,W,3,6/3/2010,1207,39.4879,-89.2533,39.4881,-89.2514
243551,KNOX CO.,EASTSIDE GALESBURG,2010,6,5,1834,EF0,0,0,0,0,2000,CST-6,0,0,0.09,10,2,WSW,2,6/5/2010,1835,40.8345,-90.3554,40.8346,-90.3537
243555,KNOX CO.,DOUGLAS,2010,6,5,1856,EF2,2,0,0,420000,50000,CST-6,0,0,5.71,50,2,NNW,2,6/5/2010,1904,40.801,-90.0919,40.782,-89.9856
243563,PEORIA CO.,ELMWOOD,2010,6,5,1904,EF2,2,0,0,85000000,0,CST-6,0,0,2.1,50,1,W,1,6/5/2010,1907,40.782,-89.9856,40.7765,-89.9461
243567,PEORIA CO.,SOUTHPORT,2010,6,5,1910,EF1,1,0,0,85000,0,CST-6,0,0,4.86,100,1,WSW,2,6/5/2010,1918,40.7732,-89.9174,40.7694,-89.8247
236695,PUTNAM CO.,PUTNAM,2010,6,5,1910,EF2,2,0,0,1000000,0,CST-6,0,0,8.96,880,6,SE,3,6/5/2010,1935,41.1289,-89.3142,41.111,-89.1438
243569,PEORIA CO.,KRAMM,2010,6,5,1918,EF1,1,0,0,170000,0,CST-6,0,0,3.88,75,2,WNW,1,6/5/2010,1924,40.7616,-89.8175,40.756,-89.7437
224973,LA SALLE CO.,PRISCILLA,2010,6,5,1928,EF0,0,0,0,5000,0,CST-6,0,0,1.33,30,3,SSW,3,6/5/2010,1930,41.114,-89.1625,41.1112,-89.1371
243576,PEORIA CO.,ORANGE PRAIRIE,2010,6,5,1932,EF0,0,0,0,100000,0,CST-6,0,0,2.02,100,0,S,1,6/5/2010,1935,40.7652,-89.67,40.7676,-89.6315
226118,LA SALLE CO.,TWIN BLUFFS,2010,6,5,1932,EF0,0,0,0,0,0,CST-6,0,0,0.21,50,2,W,2,6/5/2010,1933,41.3269,-88.9365,41.3272,-88.9324
243577,MARSHALL CO.,WENONA,2010,6,5,1934,EF1,1,0,0,40000,0,CST-6,0,0,0.81,100,4,NNW,4,6/5/2010,1935,41.1005,-89.0869,41.1045,-89.0723
225533,LA SALLE CO.,EAST WENONA,2010,6,5,1935,EF2,2,0,17,7000000,0,CST-6,0,0,16.81,800,2,NW,2,6/5/2010,1957,41.1045,-89.0723,41.1087,-88.7496
225551,LA SALLE CO.,ALTMAR,2010,6,5,1950,EF0,0,0,0,0,0,CST-6,0,0,0.15,20,1,SSW,1,6/5/2010,1951,41.1171,-88.8841,41.1172,-88.8812
243580,TAZEWELL CO.,PEKIN JCT,2010,6,5,1951,EF2,2,0,0,560000,30000,CST-6,0,0,0.8,250,2,NW,2,6/5/2010,1953,40.7457,-89.4,40.7482,-89.385
243583,WOODFORD CO.,METAMORA,2010,6,5,1953,EF2,2,0,0,70000,0,CST-6,0,0,2.28,250,3,SW,2,6/5/2010,1958,40.7482,-89.385,40.755,-89.3424
225558,LIVINGSTON CO.,MISSAL,2010,6,5,1958,EF3,3,0,0,750000,0,CST-6,0,0,8.55,440,1,E,1,6/5/2010,2010,41.0998,-88.7302,41.0933,-88.5663
226104,LIVINGSTON CO.,SUNBURY,2010,6,5,2016,EF0,0,0,0,100000,0,CST-6,0,0,2.35,20,2,E,2,6/5/2010,2020,41.1032,-88.4914,41.0989,-88.4466
226108,LIVINGSTON CO.,BLAIR,2010,6,5,2031,EF0,0,0,0,20000,0,CST-6,0,0,3.82,20,2,SW,2,6/5/2010,2038,41.0819,-88.3435,41.0821,-88.2702
226109,KANKAKEE CO.,IRWIN,2010,6,5,2102,EF1,1,0,0,500000,0,CST-6,0,0,0.62,30,2,NNE,2,6/5/2010,2103,41.0785,-87.9699,41.0787,-87.9581
226125,LIVINGSTON CO.,WING,2010,6,5,2108,EF0,0,0,0,2000,0,CST-6,0,0,0.39,50,1,W,1,6/5/2010,2110,40.8176,-88.4182,40.8178,-88.416
226112,KANKAKEE CO.,AROMA PARK,2010,6,5,2118,EF3,3,0,1,600000,0,CST-6,0,0,7.75,175,3,ESE,1,6/5/2010,2137,41.0636,-87.7523,41.0826,-87.6057
226114,KANKAKEE CO.,WICHERT,2010,6,5,2119,EF1,1,0,0,75000,0,CST-6,0,0,0.56,50,3,NW,2,6/5/2010,2120,41.0734,-87.741,41.0738,-87.7303
243609,LOGAN CO.,BEASON,2010,6,5,2157,EF0,0,0,0,80000,15000,CST-6,0,0,5.91,300,3,SW,3,6/5/2010,2206,40.1212,-89.2471,40.0858,-89.1453
243610,DE WITT CO.,KENNEY,2010,6,5,2206,EF0,0,0,0,90000,0,CST-6,0,0,5.92,300,4,WSW,1,6/5/2010,2215,40.0858,-89.1453,40.0624,-89.0376
243043,FORD CO.,MELVIN,2010,6,21,1558,EF0,0,0,0,0,0,CST-6,0,0,0.2,20,2,SW,2,6/21/2010,1601,40.5511,-88.2619,40.5513,-88.2582
243259,VERMILION CO.,EAST LYNN,2010,6,21,1722,EF0,0,0,0,0,0,CST-6,0,0,0.4,50,2,WNW,1,6/21/2010,1723,40.48,-87.8089,40.4803,-87.8016
243044,IROQUOIS CO.,CISSNA PARK,2010,6,21,1724,EF0,0,0,0,0,0,CST-6,0,0,0.25,20,4,S,4,6/21/2010,1725,40.51,-87.89,40.5099,-87.8853
243258,VERMILION CO.,ROSSVILLE,2010,6,21,1802,EF0,0,0,0,0,0,CST-6,0,0,0.6,50,3,WNW,2,6/21/2010,1804,40.4023,-87.7142,40.4026,-87.7032
247264,MCDONOUGH CO.,INDUSTRY,2010,6,21,1830,EF0,0,0,0,5000,0,CST-6,0,0,0.62,25,2,E,2,6/21/2010,1831,40.33,-90.57,40.3304,-90.5582
239513,COOK CO.,MATTESON,2010,6,23,1726,EF1,1,0,0,100000,0,CST-6,0,0,2.42,200,1,WNW,1,6/23/2010,1728,41.5052,-87.7118,41.4909,-87.6691
230782,JEFFERSON CO.,SHIRLEY,2010,6,27,2005,EF0,0,0,0,2000,0,CST-6,0,0,0.27,50,1,WNW,1,6/27/2010,2006,38.2869,-88.8557,38.2874,-88.8507
248462,STEPHENSON CO.,ROCK GROVE,2010,7,12,1503,EF0,0,0,0,0,0,CST-6,0,0,0.07,25,2,NNW,2,7/12/2010,1504,42.491,-89.519,42.4911,-89.519
252558,VERMILION CO.,SIDELL,2010,7,21,1224,EF0,0,0,0,0,0,CST-6,0,0,0.09,10,1,N,1,7/21/2010,1225,39.9321,-87.8187,39.9318,-87.817
259463,LEE CO.,ASHTON,2010,10,26,441,EF1,1,0,0,100000,0,CST-6,0,0,1.1,50,4,SE,3,10/26/2010,443,41.8319,-89.1685,41.8471,-89.1621
259461,KANE CO.,VIRGIL,2010,10,26,555,EF1,1,0,0,100000,0,CST-6,0,0,0.93,20,3,SSE,2,10/26/2010,557,41.9126,-88.5181,41.9241,-88.5088
260841,WABASH CO.,MAUD,2010,10,26,623,EF0,0,0,0,4000,0,CST-6,0,0,1.44,50,2,NE,2,10/26/2010,626,38.4245,-87.8266,38.4372,-87.8055
260842,WABASH CO.,ALLENDALE,2010,10,26,629,EF1,1,0,0,8000,0,CST-6,0,0,1.5,75,2,SSE,2,10/26/2010,631,38.5073,-87.7046,38.515,-87.6786
265258,WILL CO.,PEOTONE,2010,10,26,640,EF2,2,0,2,500000,0,CST-6,0,0,2.32,200,3,SE,3,10/26/2010,644,41.309,-87.7393,41.3403,-87.7231
268259,WINNEBAGO CO.,HARLEM,2010,11,22,1500,EF2,2,0,6,5000000,0,CST-6,0,0,18.1,200,3,E,15,11/22/2010,1525,42.3307,-88.97,42.4446,-88.6507
268262,MCHENRY CO.,BIG FOOT PRAIRIE,2010,11,22,1531,EF0,0,0,0,0,0,CST-6,0,0,0.12,50,1,SE,1,11/22/2010,1532,42.4932,-88.5704,42.4949,-88.5697
273733,CALHOUN CO.,MOZIER,2010,12,31,1156,EF0,0,0,0,0,0,CST-6,0,0,3.64,50,2,WNW,3,12/31/2010,1159,39.3114,-90.7808,39.3425,-90.7258
272958,ST. CLAIR CO.,LEBANON,2010,12,31,1230,EF0,0,0,0,0,0,CST-6,0,0,0.14,50,2,NNE,2,12/31/2010,1231,38.6247,-89.7812,38.6259,-89.779
267414,MENARD CO.,LINCNS NEW SALEM ST,2010,12,31,1237,EF3,3,0,1,12000000,0,CST-6,0,0,3.63,200,2,WNW,2,12/31/2010,1240,39.9842,-89.862,40.0133,-89.8049
273739,BOND CO.,DURLEY,2010,12,31,1305,EF0,0,0,0,0,0,CST-6,0,0,1.74,100,3,SW,1,12/31/2010,1307,38.9006,-89.3979,38.9171,-89.3735
284639,MADISON CO.,GRANITE CITY,2011,2,27,2335,EF1,1,0,0,0,0,CST-6,0,0,3.26,100,2,WSW,1,2/27/2011,2338,38.7138,-90.1643,38.7124,-90.1038
286532,MADISON CO.,GLEN CARBON,2011,2,27,2339,EF1,1,0,0,0,0,CST-6,0,0,2.41,150,2,N,1,2/27/2011,2341,38.7807,-89.9818,38.7872,-89.9378
286537,MADISON CO.,KUHN,2011,2,27,2342,EF1,1,0,0,0,0,CST-6,0,0,1.96,50,1,WSW,1,2/27/2011,2345,38.775,-89.9019,38.7794,-89.866
284640,MADISON CO.,CHINATOWN,2011,2,27,2345,EF2,2,0,1,0,0,CST-6,0,0,2.7,200,0,ENE,0,2/27/2011,2348,38.7308,-89.9266,38.7294,-89.8766
284641,BOND CO.,OLD RIPLEY,2011,2,27,2357,EF1,1,0,0,0,0,CST-6,0,0,2.7,50,1,SE,2,2/28/2011,0,38.8669,-89.5493,38.8642,-89.4993
286541,WASHINGTON CO.,OKAWVILLE,2011,2,28,3,EF0,0,0,0,0,0,CST-6,0,0,2.77,50,1,SW,2,2/28/2011,6,38.423,-89.5574,38.4274,-89.5066
286550,WASHINGTON CO.,COVINGTON,2011,2,28,8,EF2,2,0,0,0,0,CST-6,0,0,2.34,100,1,SE,1,2/28/2011,11,38.444,-89.4215,38.4426,-89.3783
284642,FAYETTE CO.,CONFIDNECE,2011,2,28,27,EF2,2,0,0,0,0,CST-6,0,0,1.26,90,0,NNE,1,2/28/2011,28,38.9221,-88.9293,38.9206,-88.9059
284646,FAYETTE CO.,ST ELMO,2011,2,28,32,EF1,1,0,0,0,0,CST-6,0,0,0.15,10,1,SE,1,2/28/2011,33,39.0163,-88.8341,39.0161,-88.8314
284645,FAYETTE CO.,ST ELMO,2011,2,28,33,EF2,2,0,0,0,0,CST-6,0,0,0.08,50,3,SE,3,2/28/2011,34,38.9964,-88.8072,38.9956,-88.8062
288495,MASON CO.,POPLAR CITY,2011,4,15,1630,EF1,1,0,1,300000,0,CST-6,0,0,3.08,100,3,SSW,1,4/15/2011,1638,40.2132,-89.9536,40.2578,-89.953
288496,MENARD CO.,ATHENS,2011,4,15,1722,EF0,0,0,0,10000,0,CST-6,0,0,1.24,50,2,NE,2,4/15/2011,1725,39.9704,-89.7098,39.9878,-89.7156
288497,MENARD CO.,CULVER,2011,4,15,1725,EF1,1,0,0,450000,0,CST-6,0,0,1.72,150,1,W,2,4/15/2011,1731,39.9988,-89.6946,40.0232,-89.7006
314471,MACOUPIN CO.,GIRARD,2011,4,19,1658,EF3,3,0,2,0,0,CST-6,0,0,4.32,200,2,WSW,2,4/19/2011,1705,39.4427,-89.825,39.4503,-89.7447
308598,MONTGOMERY CO.,FARMERSVILLE,2011,4,19,1708,EF2,2,0,0,0,0,CST-6,0,0,3.16,150,2,N,3,4/19/2011,1712,39.4614,-89.6483,39.4581,-89.5893
315095,MONTGOMERY CO.,HONEY BEND,2011,4,19,1715,EF2,2,0,0,0,0,CST-6,0,0,3.51,200,2,W,2,4/19/2011,1719,39.2476,-89.6611,39.2465,-89.5957
298622,CHRISTIAN CO.,TOVEY,2011,4,19,1717,EF1,1,0,0,90000,0,CST-6,0,0,1.99,100,2,SSW,1,4/19/2011,1720,39.5464,-89.4616,39.5537,-89.4254
298633,CHRISTIAN CO.,HARVEL,2011,4,19,1730,EF0,0,0,0,95000,0,CST-6,0,0,3.48,100,2,NNE,3,4/19/2011,1732,39.3765,-89.5106,39.3784,-89.4454
298647,CHRISTIAN CO.,TAYLORVILLE,2011,4,19,1732,EF1,1,0,0,60000,0,CST-6,0,0,0.91,100,2,NE,2,4/19/2011,1733,39.5717,-89.2741,39.5722,-89.2571
298648,EDGAR CO.,CHRISMAN,2011,4,19,1859,EF1,1,0,0,140000,0,CST-6,0,0,1.14,100,2,NNE,3,4/19/2011,1901,39.8245,-87.6562,39.8337,-87.6384
298652,VERMILION CO.,HENNING,2011,4,19,1902,EF0,0,0,0,225000,0,CST-6,0,0,2.71,25,0,N,1,4/19/2011,1905,40.3064,-87.7006,40.333,-87.6627
298654,VERMILION CO.,GUNDY,2011,4,19,1911,EF1,1,0,0,360000,0,CST-6,0,0,2.56,100,3,NNE,2,4/19/2011,1914,40.3661,-87.5862,40.4001,-87.567
289117,JACKSON CO.,ELKVILLE,2011,4,19,1935,EF0,0,0,0,70000,0,CST-6,0,0,3.94,100,2,W,1,4/19/2011,1940,37.9,-89.263,37.9423,-89.2144
289118,FRANKLIN CO.,ROYALTON,2011,4,19,1940,EF1,1,0,0,80000,0,CST-6,0,0,0.3,50,1,SW,1,4/19/2011,1941,37.8577,-89.1356,37.8608,-89.1317
290647,FRANKLIN CO.,BENTON,2011,4,19,1949,EF1,1,0,0,10000,0,CST-6,0,0,0.15,50,0,N,0,4/19/2011,1949,38.0029,-88.92,38.0029,-88.92
308593,MARION CO.,CENTRALIA MUNI ARPT,2011,4,19,2002,EF1,1,0,0,0,0,CST-6,0,0,0.36,75,2,E,2,4/19/2011,2003,38.5233,-89.0708,38.5278,-89.0675
289119,JEFFERSON CO.,MT VERNON,2011,4,19,2003,EF1,1,0,0,70000,0,CST-6,0,0,4.27,100,3,NW,5,4/19/2011,2007,38.3476,-88.9352,38.3802,-88.8682
289120,JEFFERSON CO.,BLUFORD,2011,4,19,2006,EF1,1,0,0,90000,0,CST-6,0,0,1.43,100,2,SE,3,4/19/2011,2008,38.3147,-88.7304,38.3151,-88.704
289122,HAMILTON CO.,MC LEANSBORO,2011,4,19,2019,EF1,1,0,0,150000,0,CST-6,0,0,3.36,150,6,SE,8,4/19/2011,2024,38.0386,-88.452,38.0557,-88.3941
289175,WHITE CO.,CONCORD,2011,4,19,2028,EF2,2,0,0,2000000,0,CST-6,0,0,1.8,125,2,NNW,3,4/19/2011,2032,37.9925,-88.134,38.0113,-88.1112
289184,WHITE CO.,EPWORTH,2011,4,19,2030,EF1,1,0,0,300000,0,CST-6,0,0,1.44,100,2,N,2,4/19/2011,2032,38.0956,-88.1012,38.1088,-88.0807
289121,WAYNE CO.,FAIRFIELD,2011,4,19,2030,EF2,2,0,2,400000,0,CST-6,0,0,10.57,150,5,SE,9,4/19/2011,2037,38.3268,-88.3021,38.4742,-88.2498
289166,WABASH CO.,KEENSBURG,2011,4,19,2048,EF2,2,0,0,2500000,0,CST-6,0,0,11.25,250,4,W,1,4/19/2011,2055,38.35,-87.9475,38.4345,-87.77
289168,WABASH CO.,ALLENDALE,2011,4,19,2053,EF1,1,0,0,50000,0,CST-6,0,0,2.75,125,4,W,4,4/19/2011,2056,38.53,-87.7866,38.5668,-87.7671
317911,MADISON CO.,GRANITE CITY,2011,4,22,1924,EF2,2,0,0,0,0,CST-6,0,0,5.1,150,3,WNW,1,4/22/2011,1931,38.7456,-90.1859,38.7326,-90.0927
317675,MONROE CO.,WATERLOO,2011,4,22,1950,EF2,2,0,1,0,0,CST-6,0,0,3.52,90,1,N,3,4/22/2011,1955,38.3493,-90.1548,38.3398,-90.091
317867,MADISON CO.,ST MORGAN,2011,4,22,1955,EF2,2,0,0,0,0,CST-6,0,0,6.54,700,3,NW,1,4/22/2011,2010,38.7034,-89.7144,38.7277,-89.5972
317863,ST. CLAIR CO.,PADERBORN,2011,4,22,2002,EF1,1,0,0,0,0,CST-6,0,0,1.75,80,1,SW,1,4/22/2011,2006,38.3599,-90.0468,38.3631,-90.0147
317881,CLINTON CO.,ST ROSE,2011,4,22,2010,EF2,2,0,0,0,0,CST-6,0,0,3.05,500,4,NW,2,4/22/2011,2016,38.7277,-89.5972,38.7418,-89.5435
317887,BOND CO.,BADEN BADEN,2011,4,22,2016,EF1,1,0,0,0,0,CST-6,0,0,8.6,500,2,SSW,2,4/22/2011,2030,38.7418,-89.5435,38.7921,-89.3975
289981,ALEXANDER CO.,CAIRO ARPT,2011,4,23,1315,EF2,2,0,0,700000,0,CST-6,0,0,2.9,175,1,WNW,2,4/23/2011,1319,37.0728,-89.2284,37.0567,-89.1798
289982,MASSAC CO.,CHOAT,2011,4,23,1347,EF1,1,0,0,450000,0,CST-6,0,0,6.64,250,2,S,3,4/23/2011,1359,37.1849,-88.7949,37.172,-88.6754
299169,FORD CO.,PAXTON,2011,5,7,1506,EF0,0,0,0,0,0,CST-6,0,0,0.05,10,5,W,5,5/7/2011,1507,40.47,-88.1951,40.47,-88.1942
305529,VERMILION CO.,ALLERTON ARPT,2011,5,7,1708,EF0,0,0,0,0,0,CST-6,0,0,0.22,25,2,E,2,5/7/2011,1709,39.9017,-87.9001,39.8997,-87.8968
300781,DE KALB CO.,MC GIRR,2011,5,13,1230,EF0,0,0,0,0,0,CST-6,0,0,0.09,50,1,ENE,1,5/13/2011,1232,41.8283,-88.7761,41.8285,-88.7744
304270,OGLE CO.,FORRESTON,2011,5,22,1725,EF1,1,0,0,50000,0,CST-6,0,0,12.41,200,2,E,3,5/22/2011,1737,42.1257,-89.5406,42.2026,-89.3215
304813,OGLE CO.,POLO RADIO RANCH ARP,2011,5,22,1728,EF1,1,0,0,50000,0,CST-6,0,0,1.67,200,0,S,2,5/22/2011,1731,41.9739,-89.5696,41.9741,-89.538
307239,WINNEBAGO CO.,SEWARD,2011,5,22,1737,EF1,1,0,0,100000,0,CST-6,0,0,16.73,200,2,SE,1,5/22/2011,1754,42.2026,-89.3215,42.3469,-89.0588
304267,OGLE CO.,STILLMAN VLY,2011,5,22,1740,EF1,1,0,0,50000,0,CST-6,0,0,0.5,100,3,N,3,5/22/2011,1742,42.1465,-89.1759,42.1488,-89.164
305416,WINNEBAGO CO.,WEMPLETON,2011,5,22,1755,EF1,1,0,0,0,0,CST-6,0,0,2.73,50,2,NE,4,5/22/2011,1758,42.372,-89.1681,42.3946,-89.1242
305420,WINNEBAGO CO.,SOUTH BELOIT,2011,5,22,1759,EF1,1,0,0,15000,0,CST-6,0,0,0.9,50,2,SSE,2,5/22/2011,1801,42.4584,-89.0128,42.4652,-88.9977
301289,GALLATIN CO.,EQUALITY,2011,5,23,1625,EF1,1,0,0,250000,0,CST-6,0,0,11.84,200,3,SE,4,5/23/2011,1635,37.7044,-88.2977,37.7358,-88.0847
306005,MACON CO.,SANGAMON,2011,5,25,635,EF1,1,0,0,165000,0,CST-6,0,0,0.99,75,2,SSW,1,5/25/2011,637,39.857,-88.8445,39.8694,-88.835
306007,MACON CO.,OAKLEY,2011,5,25,639,EF1,1,0,0,100000,0,CST-6,0,0,1.48,75,2,ENE,3,5/25/2011,642,39.8804,-88.7739,39.8987,-88.7593
306758,KANKAKEE CO.,LEESVILLE,2011,5,25,804,EF1,1,0,0,250000,0,CST-6,0,0,5.78,50,4,W,1,5/25/2011,812,41.0229,-87.6272,41.0907,-87.5622
311348,MCLEAN CO.,HEYWORTH,2011,5,25,1706,EF0,0,0,0,8000,0,CST-6,0,0,0.9,25,4,E,4,5/25/2011,1707,40.311,-88.8986,40.3242,-88.8955
311351,MCLEAN CO.,LE ROY,2011,5,25,1709,EF1,1,0,0,10000,0,CST-6,0,0,10.3,75,3,WNW,1,5/25/2011,1720,40.3601,-88.8209,40.5091,-88.8067
307040,JEFFERSON CO.,WOODLAWN,2011,5,25,1728,EF2,2,0,0,4000000,0,CST-6,0,0,13.48,250,6,WNW,3,5/25/2011,1744,38.3605,-89.1238,38.4634,-88.9123
307063,UNION CO.,ANNA,2011,5,25,1739,EF1,1,0,0,150000,0,CST-6,0,0,2,125,1,NNE,3,5/25/2011,1742,37.4834,-89.243,37.5101,-89.2291
301424,PULASKI CO.,MOUND CITY,2011,5,25,1740,EF1,1,0,0,50000,0,CST-6,0,0,5.5,250,1,SW,5,5/25/2011,1747,37.0749,-89.1764,37.1312,-89.1058
301428,PULASKI CO.,PULASKI,2011,5,25,1745,EF1,1,0,0,40000,0,CST-6,0,0,10.04,120,2,SE,7,5/25/2011,1758,37.2047,-89.1807,37.3365,-89.1036
301431,PULASKI CO.,NEW GRAND CHAIN,2011,5,25,1755,EF0,0,0,0,30000,0,CST-6,0,0,3.82,80,3,SE,2,5/25/2011,1759,37.22,-88.99,37.2599,-88.9419
311355,CHAMPAIGN CO.,RISING,2011,5,25,1758,EF0,0,0,0,5000,0,CST-6,0,0,0.2,15,1,N,1,5/25/2011,1759,40.1676,-88.3339,40.169,-88.3306
307059,MASSAC CO.,HILLERMAN,2011,5,25,1759,EF2,2,0,0,150000,0,CST-6,0,0,7.98,325,3,NW,4,5/25/2011,1807,37.2599,-88.9419,37.3445,-88.843
307060,JOHNSON CO.,CROSSROADS,2011,5,25,1807,EF1,1,0,0,75000,0,CST-6,0,0,8.07,200,1,WSW,3,5/25/2011,1814,37.3445,-88.843,37.4056,-88.7178
311367,CLAY CO.,CLAY CITY,2011,5,25,1818,EF1,1,0,0,510000,0,CST-6,0,0,1,75,1,WSW,0,5/25/2011,1819,38.6764,-88.3688,38.683,-88.3523
311370,RICHLAND CO.,HIGGINS,2011,5,25,1835,EF0,0,0,0,0,0,CST-6,0,0,0.2,10,3,NE,3,5/25/2011,1836,38.7447,-88.131,38.7457,-88.1275
311375,CRAWFORD CO.,NEW HEBRON,2011,5,25,1857,EF2,2,0,0,920000,0,CST-6,0,0,5.5,200,1,NW,1,5/25/2011,1903,38.9618,-87.7422,39.0047,-87.6557
318244,SCHUYLER CO.,LITTLETON,2011,6,10,1805,EF0,0,0,0,0,0,CST-6,0,0,0.23,10,1,W,1,6/10/2011,1806,40.2281,-90.634,40.228,-90.6296
319422,SHELBY CO.,SEXSON CORNER,2011,6,15,1425,EF0,0,0,0,0,0,CST-6,0,0,0.3,10,3,NE,3,6/15/2011,1426,39.4376,-88.4855,39.4372,-88.4799
319425,SHELBY CO.,KINGMAN,2011,6,15,1430,EF0,0,0,0,20000,0,CST-6,0,0,0.27,20,1,SSW,1,6/15/2011,1431,39.2905,-88.5777,39.2901,-88.5726
322104,COOK CO.,BERGER,2011,6,15,1718,EF0,0,0,0,25000,0,CST-6,0,0,0.8,20,1,SE,2,6/15/2011,1720,41.606,-87.5823,41.6048,-87.5687
314506,PERRY CO.,CLINCH,2011,6,19,248,EF1,1,0,1,550000,0,CST-6,0,0,3.22,250,1,W,2,6/19/2011,251,37.9723,-89.2521,37.9878,-89.1964
322113,KANKAKEE CO.,LEHIGH,2011,6,20,514,EF0,0,0,0,100000,0,CST-6,0,0,2.43,100,0,WSW,2,6/20/2011,517,41.1179,-88.0257,41.1472,-87.9998
322315,DU PAGE CO.,THE MEADOWS,2011,6,21,1931,EF1,1,0,0,500000,0,CST-6,0,0,2.06,200,2,SE,1,6/21/2011,1933,41.7621,-88.0324,41.7867,-88.0098
324639,COOK CO.,CUMBERLAND,2011,6,21,1948,EF1,1,0,0,50000,0,CST-6,0,0,2.37,200,2,W,1,6/21/2011,1950,42.0474,-87.9504,42.0807,-87.9392
332686,JO DAVIESS CO.,GALENA,2011,7,27,1818,EF0,0,0,0,0,0,CST-6,0,0,0.05,17,4,NW,4,7/27/2011,1819,42.462,-90.473,42.462,-90.472
332690,JO DAVIESS CO.,STOCKTON,2011,7,27,1855,EF0,0,0,0,0,0,CST-6,0,0,0.51,17,4,NE,4,7/27/2011,1856,42.3847,-89.9481,42.3885,-89.9396
356524,WHITE CO.,ENFIELD,2012,1,22,2218,EF2,2,0,0,250000,0,CST-6,0,0,18.03,100,5,SSW,3,1/22/2012,2232,38.0331,-88.3652,38.2334,-88.1524
356527,EDWARDS CO.,ALBION,2012,1,22,2242,EF1,1,0,0,30000,0,CST-6,0,0,6.09,100,4,SSW,5,1/22/2012,2248,38.3299,-88.0765,38.3534,-87.9681
359713,UNION CO.,ALDRIDGE,2012,2,29,400,EF2,2,0,0,100000,0,CST-6,0,0,16.79,300,3,W,4,2/29/2012,418,37.5555,-89.5207,37.5978,-89.2188
359917,JACKSON CO.,MAKANDA,2012,2,29,418,EF2,2,0,0,100000,0,CST-6,0,0,2.99,300,2,SW,2,2/29/2012,420,37.5978,-89.2188,37.611,-89.1668
359690,WILLIAMSON CO.,WOLF CREEK,2012,2,29,426,EF2,2,0,0,100000,0,CST-6,0,0,14.91,300,1,N,1,2/29/2012,440,37.63,-89.05,37.6719,-88.7826
359692,PULASKI CO.,MOUNDS,2012,2,29,500,EF2,2,0,0,0,0,CST-6,0,0,6.03,150,1,S,2,2/29/2012,507,37.11,-89.2,37.1439,-89.0991
359697,GALLATIN CO.,EQUALITY,2012,2,29,504,EF4,4,0,13,1000000,0,CST-6,0,0,10.16,300,4,NW,2,2/29/2012,513,37.771,-88.3751,37.7996,-88.1926
359693,MASSAC CO.,METROPOLIS MUNI ARPT,2012,2,29,535,EF2,2,0,0,50000,0,CST-6,0,0,2.38,150,2,WSW,0,2/29/2012,539,37.173,-88.7846,37.1828,-88.7431
369714,CLINTON CO.,NEW BADEN,2012,3,2,1011,EF0,0,0,0,0,0,CST-6,0,0,0.65,50,2,NNE,2,3/2/2012,1012,38.5528,-89.6933,38.553,-89.6814
393596,WHITE CO.,CARMI,2012,3,2,1228,EF0,0,0,0,15000,0,CST-6,0,0,2.6,100,3,S,3,3/2/2012,1231,38.0378,-88.1708,38.0386,-88.1231
374202,JACKSON CO.,BARR,2012,3,23,1114,EF0,0,0,0,0,0,CST-6,0,0,1.82,50,1,NNW,1,3/23/2012,1115,37.7599,-89.2742,37.7851,-89.2643
374197,JACKSON CO.,DOWELL,2012,3,23,1124,EF1,1,0,0,75000,0,CST-6,0,0,7.45,125,3,ENE,2,3/23/2012,1139,37.9472,-89.1812,37.8578,-89.2577
371042,MARION CO.,IUKA,2012,3,23,1257,EF0,0,0,0,0,0,CST-6,0,0,0.01,10,3,S,3,3/23/2012,1258,38.5766,-88.78,38.5766,-88.78
371646,PIATT CO.,MONTICELLO ARPT,2012,5,1,1459,EF0,0,0,0,0,0,CST-6,0,0,0.13,10,3,ESE,4,5/1/2012,1500,39.9821,-88.4897,39.9829,-88.4875
371650,CHAMPAIGN CO.,IVESDALE,2012,5,1,1506,EF1,1,0,0,25000,0,CST-6,0,0,8.07,75,3,N,2,5/1/2012,1517,39.9767,-88.438,40.0373,-88.3076
371651,CHAMPAIGN CO.,SIDNEY,2012,5,1,1540,EF0,0,0,0,0,0,CST-6,0,0,0.09,20,1,WNW,1,5/1/2012,1541,40.024,-88.0801,40.0241,-88.0784
371652,VERMILION CO.,HEGELER,2012,5,1,1618,EF0,0,0,0,8000,0,CST-6,0,0,0.46,30,0,NW,0,5/1/2012,1619,40.0857,-87.635,40.0858,-87.6263
371786,IROQUOIS CO.,WATSEKA,2012,5,6,1548,EF1,1,0,0,25000,0,CST-6,0,0,1.3,200,2,ESE,2,5/6/2012,1551,40.7651,-87.6868,40.7624,-87.6622
374447,VERMILION CO.,EAST LYNN,2012,5,6,1618,EF0,0,0,0,65000,0,CST-6,0,0,2.12,75,3,ESE,1,5/6/2012,1623,40.4572,-87.7268,40.4601,-87.6867
404743,FORD CO.,GIBSON CITY,2012,7,31,1218,EF0,0,0,0,0,0,CST-6,0,0,0.01,20,2,S,2,7/31/2012,1219,40.4411,-88.3735,40.4411,-88.3734
432100,JERSEY CO.,FIELDON,2012,8,31,1336,EF0,0,0,0,0,0,CST-6,0,0,0.18,40,2,ENE,2,8/31/2012,1337,39.1126,-90.4656,39.1149,-90.467
412012,MADISON CO.,ST THOMAS,2012,8,31,1350,EF0,0,0,0,0,0,CST-6,0,0,0.2,50,1,NW,1,8/31/2012,1351,38.7787,-90.1336,38.7817,-90.133
412013,GREENE CO.,CARROLLTON,2012,8,31,1427,EF0,0,0,0,0,0,CST-6,0,0,1.44,60,1,SSE,1,8/31/2012,1430,39.2823,-90.4076,39.3031,-90.4088
402175,MORGAN CO.,FRANKLIN,2012,8,31,1612,EF1,1,0,1,230000,0,CST-6,0,0,0.25,75,1,SE,0,8/31/2012,1613,39.6112,-90.0419,39.6142,-90.0446
402183,MORGAN CO.,REES STATION,2012,8,31,1632,EF0,0,0,0,0,0,CST-6,0,0,0.16,10,1,NE,1,8/31/2012,1633,39.6371,-90.0916,39.6381,-90.0944
409678,WOODFORD CO.,BENSON,2012,9,1,1048,EF0,0,0,0,0,0,CST-6,0,0,0.06,20,2,ESE,2,9/1/2012,1049,40.8415,-89.0868,40.8412,-89.0878
409679,WOODFORD CO.,BENSON,2012,9,1,1103,EF0,0,0,0,0,0,CST-6,0,0,0.69,20,3,N,3,9/1/2012,1104,40.8944,-89.1222,40.8949,-89.1353
409680,WOODFORD CO.,BENSON,2012,9,1,1105,EF0,0,0,0,1000,4000,CST-6,0,0,1.75,75,4,NNW,6,9/1/2012,1108,40.9039,-89.152,40.9265,-89.1672
409681,MARSHALL CO.,PATTONSBURG,2012,9,1,1108,EF0,0,0,0,0,0,CST-6,0,0,0.5,50,1,ESE,1,9/1/2012,1109,40.9265,-89.1672,40.9333,-89.1707
409682,MARSHALL CO.,SPARLAND,2012,9,1,1132,EF0,0,0,0,0,0,CST-6,0,0,0.09,20,5,S,5,9/1/2012,1133,40.9624,-89.447,40.9637,-89.4474
409683,STARK CO.,WYOMING,2012,9,1,1208,EF0,0,0,0,0,0,CST-6,0,0,1.3,50,5,ESE,3,9/1/2012,1211,41.0485,-89.687,41.0603,-89.7064
409684,STARK CO.,CASTLETON,2012,9,1,1211,EF0,0,0,0,0,0,CST-6,0,0,1.1,20,5,SE,3,9/1/2012,1214,41.0786,-89.6521,41.0895,-89.6675
409685,STARK CO.,MODENA,2012,9,1,1224,EF0,0,0,0,0,0,CST-6,0,0,0.94,50,1,SSW,1,9/1/2012,1226,41.1198,-89.7729,41.1295,-89.7856
432102,CLINTON CO.,DAMIANSVILLE,2012,9,25,1617,EF0,0,0,0,0,0,CST-6,0,0,0.16,30,1,W,1,9/25/2012,1618,38.5233,-89.6472,38.5226,-89.6443
415886,WASHINGTON CO.,OKAWVILLE,2012,9,25,1623,EF1,1,0,1,0,0,CST-6,0,0,3.95,100,1,NNE,2,9/25/2012,1629,38.4475,-89.5425,38.4354,-89.4711
428114,FRANKLIN CO.,MULKEYTOWN,2013,1,29,2138,EF0,0,0,0,0,0,CST-6,0,0,0.58,75,1,E,1,1/29/2013,2139,37.97,-89.11,37.9764,-89.1032
424803,SALINE CO.,GALATIA,2013,1,29,2216,EF2,2,0,2,200000,0,CST-6,0,0,0.97,125,1,N,2,1/29/2013,2218,37.8424,-88.6174,37.8478,-88.6009
441168,FORD CO.,GIBSON CITY,2013,4,18,736,EF0,0,0,0,15000,0,CST-6,0,0,0.57,20,3,ESE,2,4/18/2013,737,40.4563,-88.3207,40.4622,-88.3133
451248,CHRISTIAN CO.,OWANECO,2013,5,9,1641,EF0,0,0,0,0,0,CST-6,0,0,0.55,20,3,N,3,5/9/2013,1642,39.5158,-89.1932,39.5237,-89.1922
454690,CARROLL CO.,IDEAL,2013,5,19,1902,EF0,0,0,0,0,0,CST-6,0,0,0.1,50,1,NNW,1,5/19/2013,1902,42,-89.99,42,-89.99
452529,MACOUPIN CO.,MT OLIVE,2013,5,20,2114,EF2,2,0,3,0,0,CST-6,0,0,0.2,75,0,NE,0,5/20/2013,2115,39.072,-89.7264,39.0718,-89.7226
450019,GRUNDY CO.,GORMAN,2013,5,28,1918,EF0,0,0,0,5000,0,CST-6,0,0,1.85,20,2,WSW,1,5/28/2013,1920,41.2565,-88.3852,41.2764,-88.3613
451693,ROCK ISLAND CO.,ANDALUSIA,2013,5,30,1544,EF0,0,0,0,40000,0,CST-6,0,0,1.25,150,0,NW,2,5/30/2013,1545,41.4345,-90.7256,41.4523,-90.7217
451692,WHITESIDE CO.,PORTLAND CORNERS,2013,5,30,1635,EF0,0,0,0,0,0,CST-6,0,0,0.57,25,1,S,1,5/30/2013,1636,41.657,-89.9809,41.6614,-89.9715
461887,MADISON CO.,OLDENBURG,2013,5,31,1929,EF3,3,0,0,0,0,CST-6,0,0,8.63,150,1,NW,2,5/31/2013,1937,38.8131,-90.1155,38.8442,-89.9602
460730,MACOUPIN CO.,GILLESPIE,2013,5,31,1949,EF2,2,0,0,0,0,CST-6,0,0,1.47,150,0,ESE,1,5/31/2013,1952,39.1287,-89.8272,39.1399,-89.8039
461752,MONTGOMERY CO.,WAGGONER,2013,5,31,2002,EF1,1,0,0,0,0,CST-6,0,0,4.26,50,4,SSW,2,5/31/2013,2006,39.3309,-89.6815,39.3705,-89.6204
453073,MACON CO.,DECATUR,2013,5,31,2103,EF1,1,0,0,500000,0,CST-6,0,0,1.99,100,2,WNW,1,5/31/2013,2107,39.8586,-88.9856,39.8685,-88.9504
453088,VERMILION CO.,MEEKS,2013,5,31,2224,EF1,1,0,0,50000,0,CST-6,0,0,0.49,70,2,NNW,2,5/31/2013,2225,40.0232,-87.5961,40.025,-87.5872
454190,DE KALB CO.,SHABBONA,2013,6,12,1532,EF1,1,0,0,20000,0,CST-6,0,0,2.27,100,3,SSW,1,6/12/2013,1537,41.7344,-88.8923,41.7314,-88.8485
450887,JO DAVIESS CO.,HANOVER,2013,6,12,1750,EF0,0,0,0,0,0,CST-6,0,0,0.5,20,3,SE,3,6/12/2013,1750,42.2178,-90.2422,42.2178,-90.2422
450890,CARROLL CO.,SAVANNA,2013,6,12,1753,EF2,2,0,1,0,0,CST-6,0,0,6.6,880,6,N,4,6/12/2013,1803,42.1668,-90.15,42.1,-90.058
457324,WILL CO.,WILTON CENTER,2013,6,12,1850,EF0,0,0,0,35000,0,CST-6,0,0,0.24,50,5,SE,5,6/12/2013,1851,41.2924,-87.9086,41.2918,-87.904
462370,HENRY CO.,ATKINSON,2013,6,24,1500,EF1,1,0,0,50000,0,CST-6,0,0,6.21,50,1,NE,4,6/24/2013,1505,41.4302,-90.0064,41.4539,-89.8907
461038,LEE CO.,HARMON,2013,6,24,1532,EF0,0,0,0,10000,0,CST-6,0,0,2.79,100,1,SSW,2,6/24/2013,1536,41.6995,-89.5562,41.7261,-89.5154
462380,BUREAU CO.,VAN ORIN,2013,6,24,1533,EF0,0,0,0,10000,0,CST-6,0,0,0.63,75,1,NNE,2,6/24/2013,1534,41.5642,-89.3444,41.5687,-89.3339
453439,COLES CO.,COOKS MILLS,2013,6,29,1305,EF0,0,0,0,4000,0,CST-6,0,0,0.14,20,1,W,1,6/29/2013,1306,39.5781,-88.4143,39.5781,-88.4117
459160,WABASH CO.,BELLMONT,2013,7,1,1841,EF0,0,0,0,0,0,CST-6,0,0,0.8,50,2,ENE,1,7/1/2013,1842,38.3963,-87.8887,38.3972,-87.9033
459161,WAYNE CO.,MT ERIE,2013,7,2,1755,EF0,0,0,0,0,0,CST-6,0,0,0.67,50,5,SSW,5,7/2/2013,1756,38.45,-88.2781,38.4596,-88.2779
477294,LA SALLE CO.,BAKER,2013,9,1,1742,EF0,0,0,0,0,0,CST-6,0,0,1.63,50,3,ESE,3,9/1/2013,1747,41.5305,-88.7745,41.507,-88.772
477100,ALEXANDER CO.,GALE,2013,10,31,1820,EF0,0,0,0,100000,0,CST-6,0,0,1.24,200,5,NW,4,10/31/2013,1822,37.2956,-89.5108,37.2953,-89.4883
480652,ALEXANDER CO.,TAMMS,2013,10,31,1835,EF1,1,0,0,10000,0,CST-6,0,0,2.67,50,6,N,7,10/31/2013,1840,37.3168,-89.27,37.3223,-89.222
480654,PULASKI CO.,WETAUG,2013,10,31,1840,EF1,1,0,0,10000,0,CST-6,0,0,3.84,50,3,W,1,10/31/2013,1843,37.3223,-89.222,37.3301,-89.1528
477105,WILLIAMSON CO.,CREAL SPGS,2013,10,31,1851,EF1,1,0,0,40000,0,CST-6,0,0,6.43,175,1,S,4,10/31/2013,1859,37.6055,-88.83,37.6092,-88.7127
480659,JOHNSON CO.,BELKNAP,2013,10,31,1856,EF1,1,0,0,30000,0,CST-6,0,0,0.7,50,2,WNW,2,10/31/2013,1858,37.3321,-88.9701,37.3363,-88.9585
477106,SALINE CO.,STONEFORT,2013,10,31,1859,EF1,1,0,0,70000,0,CST-6,0,0,3.47,175,1,SE,4,10/31/2013,1904,37.6104,-88.7091,37.62,-88.6469
483766,PEORIA CO.,ORCHARD MINES,2013,11,17,1052,EF0,0,0,0,40000,0,CST-6,0,0,0.16,100,1,ESE,1,11/17/2013,1053,40.5756,-89.6569,40.5768,-89.6542
483772,TAZEWELL CO.,PEKIN,2013,11,17,1053,EF2,2,0,10,45000000,0,CST-6,0,0,2.1,100,1,WNW,2,11/17/2013,1055,40.5768,-89.6542,40.5922,-89.6198
483781,WOODFORD CO.,METAMORA,2013,11,17,1112,EF3,3,0,4,25000000,0,CST-6,0,0,20.7,880,2,S,2,11/17/2013,1133,40.7482,-89.3549,40.926,-89.0363
482454,MACOUPIN CO.,WOMAC,2013,11,17,1130,EF0,0,0,0,0,0,CST-6,0,0,2.11,20,4,SE,4,11/17/2013,1133,39.2346,-89.7255,39.2592,-89.702
482457,MONTGOMERY CO.,BARNETT,2013,11,17,1133,EF0,0,0,0,0,0,CST-6,0,0,1.87,50,1,S,1,11/17/2013,1134,39.2592,-89.702,39.2794,-89.6787
484024,LA SALLE CO.,RUTLAND,2013,11,17,1133,EF2,2,0,0,150000,0,CST-6,0,0,6.53,200,4,S,2,11/17/2013,1141,40.926,-89.0363,40.9768,-88.9308
484025,LIVINGSTON CO.,LONG PT,2013,11,17,1141,EF2,2,0,0,75000,0,CST-6,0,0,4.97,200,3,WSW,2,11/17/2013,1147,40.9768,-88.9308,41.0063,-88.8439
484026,LIVINGSTON CO.,LONG PT,2013,11,17,1143,EF0,0,0,0,0,0,CST-6,0,0,2.6,50,4,SW,1,11/17/2013,1146,40.9587,-88.9251,40.98,-88.884
482458,CLINTON CO.,JAMESTOWN,2013,11,17,1147,EF1,1,0,0,0,0,CST-6,0,0,0.37,50,1,S,1,11/17/2013,1148,38.7099,-89.5175,38.7121,-89.5113
482451,WASHINGTON CO.,ALDA,2013,11,17,1213,EF1,1,0,0,0,0,CST-6,0,0,3.58,100,1,NW,2,11/17/2013,1216,38.48,-89.245,38.5051,-89.187
483782,CHRISTIAN CO.,PANA,2013,11,17,1215,EF1,1,0,0,300000,0,CST-6,0,0,2.52,100,1,N,3,11/17/2013,1218,39.3968,-89.0791,39.4314,-89.0641
482452,CLINTON CO.,WAMAC,2013,11,17,1216,EF0,0,0,0,0,0,CST-6,0,0,1.18,20,2,WSW,1,11/17/2013,1218,38.5051,-89.187,38.512,-89.167
482459,FAYETTE CO.,AVENA,2013,11,17,1222,EF2,2,0,0,0,0,CST-6,0,0,8.5,200,1,WSW,3,11/17/2013,1228,38.9965,-88.929,39.0737,-88.8057
484027,GRUNDY CO.,CENTRAL CITY,2013,11,17,1222,EF2,2,0,5,10750000,0,CST-6,0,0,4.42,200,1,WNW,0,11/17/2013,1226,41.2372,-88.3033,41.2851,-88.2469
483783,JASPER CO.,WEST LIBERTY,2013,11,17,1225,EF1,1,0,0,250000,0,CST-6,0,0,3.53,100,1,NW,2,11/17/2013,1229,38.8547,-88.0877,38.8679,-88.0244
484030,WILL CO.,BRAIDWOOD,2013,11,17,1226,EF2,2,0,0,2000000,0,CST-6,0,0,7.6,200,2,NW,3,11/17/2013,1233,41.2851,-88.2469,41.3542,-88.133
483784,EFFINGHAM CO.,ALTAMONT,2013,11,17,1228,EF1,1,0,0,400000,0,CST-6,0,0,2.9,100,3,W,2,11/17/2013,1232,39.0737,-88.8057,39.1023,-88.7661
483785,MOULTRIE CO.,WILLIAMSBURG,2013,11,17,1230,EF1,1,0,0,860000,0,CST-6,0,0,7.02,440,3,NW,5,11/17/2013,1237,39.7499,-88.5981,39.7833,-88.4732
483786,DOUGLAS CO.,GARRETT,2013,11,17,1237,EF1,1,0,0,825000,0,CST-6,0,0,3.52,440,3,WSW,1,11/17/2013,1241,39.7833,-88.4732,39.7991,-88.4102
484032,WILL CO.,WILTON,2013,11,17,1242,EF2,2,0,0,750000,0,CST-6,0,0,5.21,200,2,N,1,11/17/2013,1248,41.4093,-87.9312,41.4692,-87.8701
483864,DOUGLAS CO.,FICKLIN,2013,11,17,1244,EF3,3,0,0,1200000,0,CST-6,0,0,8.04,440,3,NNE,1,11/17/2013,1252,39.8413,-88.3291,39.8796,-88.1859
483893,CHAMPAIGN CO.,THOMASBORO,2013,11,17,1245,EF3,3,0,6,60000000,0,CST-6,0,0,14.67,880,1,ENE,4,11/17/2013,1300,40.2351,-88.1663,40.3485,-87.931
483895,DOUGLAS CO.,TUSCOLA,2013,11,17,1246,EF1,1,0,0,220000,0,CST-6,0,0,4.51,440,2,NNE,2,11/17/2013,1251,39.8326,-88.2655,39.8726,-88.1983
483887,CHAMPAIGN CO.,BONGARD,2013,11,17,1252,EF2,2,0,0,800000,0,CST-6,0,0,10.7,440,4,SW,2,11/17/2013,1302,39.8796,-88.1859,39.9474,-88.0044
483894,VERMILION CO.,ELLIS,2013,11,17,1300,EF2,2,0,0,2500000,0,CST-6,0,0,14.16,440,3,W,3,11/17/2013,1314,40.3485,-87.931,40.488,-87.7339
484033,KANKAKEE CO.,PUDER,2013,11,17,1300,EF1,1,0,0,0,0,CST-6,0,0,0.05,75,3,NE,3,11/17/2013,1301,41.2973,-87.5461,41.2979,-87.5454
484035,WILL CO.,EAGLE LAKE,2013,11,17,1301,EF1,1,0,0,100000,0,CST-6,0,0,0.11,150,5,S,4,11/17/2013,1302,41.2979,-87.5454,41.3068,-87.535
483896,VERMILION CO.,ALLERTON,2013,11,17,1303,EF2,2,0,1,9500000,0,CST-6,0,0,19.68,440,3,WNW,2,11/17/2013,1323,39.9445,-87.9026,40.0967,-87.5882
482624,JEFFERSON CO.,OPDYKE,2013,11,17,1305,EF1,1,0,0,3000,0,CST-6,0,0,0.15,25,2,NNE,2,11/17/2013,1306,38.2779,-88.7577,38.2784,-88.755
482626,WAYNE CO.,SIMS,2013,11,17,1308,EF2,2,0,0,150000,0,CST-6,0,0,9.48,150,0,N,1,11/17/2013,1320,38.37,-88.53,38.3902,-88.3569
484039,IROQUOIS CO.,FOUNTAIN CREEK,2013,11,17,1314,EF0,0,0,0,0,0,CST-6,0,0,1,100,4,ESE,3,11/17/2013,1315,40.488,-87.7334,40.4999,-87.7227
484068,IROQUOIS CO.,WELLINGTON,2013,11,17,1319,EF0,0,0,0,20000,0,CST-6,0,0,4.52,75,1,S,2,11/17/2013,1323,40.5168,-87.6733,40.5805,-87.6171
482620,WAYNE CO.,GOLDEN GATE,2013,11,17,1329,EF1,1,0,0,10000,0,CST-6,0,0,1.03,100,4,NNE,5,11/17/2013,1331,38.425,-88.1666,38.4287,-88.1482
482622,EDWARDS CO.,BLACK,2013,11,17,1331,EF2,2,0,0,200000,0,CST-6,0,0,6.83,300,4,SW,1,11/17/2013,1344,38.4287,-88.1482,38.4486,-88.0245
482623,EDWARDS CO.,BLACK,2013,11,17,1333,EF2,2,0,0,150000,0,CST-6,0,0,4.14,100,4,SW,3,11/17/2013,1338,38.419,-88.1483,38.4361,-88.0749
482625,WABASH CO.,GARDS PT,2013,11,17,1344,EF2,2,0,1,250000,0,CST-6,0,0,10.28,225,1,N,2,11/17/2013,1354,38.4892,-87.9229,38.5007,-87.7333
480990,POPE CO.,NEW LIBERTY,2013,11,17,1426,EF2,2,0,0,500000,0,CST-6,0,0,3.3,300,3,W,1,11/17/2013,1429,37.1225,-88.4958,37.1238,-88.436
503087,PIKE CO.,MARTINSBURG,2014,2,20,1425,EF2,2,0,1,0,0,CST-6,0,0,12.09,80,1,ESE,1,2/20/2014,1435,39.518,-90.841,39.633,-90.67
499880,MORGAN CO.,CHAPIN,2014,2,20,1448,EF0,0,0,0,0,0,CST-6,0,0,0.27,25,2,NW,2,2/20/2014,1449,39.7853,-90.4215,39.788,-90.4178
499898,MORGAN CO.,CONCORD,2014,2,20,1452,EF0,0,0,0,0,0,CST-6,0,0,7.25,50,3,W,4,2/20/2014,1459,39.8193,-90.4178,39.8743,-90.3015
499900,CASS CO.,ARENZVILLE,2014,2,20,1459,EF0,0,0,0,0,0,CST-6,0,0,0.92,25,4,E,4,2/20/2014,1500,39.8743,-90.3015,39.8832,-90.2887
499885,SANGAMON CO.,CIMIC,2014,2,20,1543,EF0,0,0,0,30000,0,CST-6,0,0,0.22,75,2,SE,2,2/20/2014,1544,39.5671,-89.6256,39.568,-89.6216
503101,MADISON CO.,HIGHLAND WINET ARPT,2014,2,20,1557,EF1,1,0,0,0,0,CST-6,0,0,1.06,50,2,SSE,2,2/20/2014,1558,38.7575,-89.6151,38.7651,-89.598
499888,SANGAMON CO.,BUCKHART,2014,2,20,1557,EF1,1,0,0,990000,0,CST-6,0,0,8.25,300,3,ENE,3,2/20/2014,1606,39.7648,-89.391,39.8562,-89.291
503102,BOND CO.,PIERRON,2014,2,20,1558,EF1,1,0,0,0,0,CST-6,0,0,11.25,50,1,SW,2,2/20/2014,1612,38.7651,-89.598,38.8432,-89.4147
503088,MONTGOMERY CO.,NOKOMIS,2014,2,20,1609,EF1,1,0,0,0,0,CST-6,0,0,6.3,50,4,SE,5,2/20/2014,1614,39.2586,-89.234,39.3132,-89.1396
499891,SHELBY CO.,OCONEE,2014,2,20,1614,EF0,0,0,0,20000,0,CST-6,0,0,3.77,50,3,NNW,5,2/20/2014,1619,39.3132,-89.1396,39.3471,-89.0844
499893,CHRISTIAN CO.,PANA,2014,2,20,1619,EF1,1,0,0,500000,0,CST-6,0,0,4.77,100,2,S,3,2/20/2014,1625,39.3471,-89.0844,39.399,-89.0256
499894,SHELBY CO.,DOLLVILLE,2014,2,20,1625,EF2,2,0,1,80000,0,CST-6,0,0,7.54,200,3,SW,1,2/20/2014,1633,39.399,-89.0256,39.4689,-88.917
503090,FAYETTE CO.,BROWNSTOWN,2014,2,20,1636,EF1,1,0,0,0,0,CST-6,0,0,4.8,50,3,WNW,1,2/20/2014,1642,39.0158,-88.998,39.0627,-88.932
499895,SHELBY CO.,FINDLAY,2014,2,20,1640,EF0,0,0,0,0,0,CST-6,0,0,0.28,50,3,W,3,2/20/2014,1641,39.5176,-88.8109,39.5201,-88.8067
496819,JACKSON CO.,ETHERTON,2014,2,20,1640,EF1,1,0,0,10000,0,CST-6,0,0,0.39,50,3,WNW,3,2/20/2014,1641,37.6987,-89.3713,37.7016,-89.3651
499896,EFFINGHAM CO.,MOCCASIN,2014,2,20,1654,EF1,1,0,0,80000,0,CST-6,0,0,1.54,100,2,NE,2,2/20/2014,1656,39.1784,-88.7233,39.1953,-88.7045
499897,EDGAR CO.,GARNES,2014,2,20,1743,EF0,0,0,0,0,0,CST-6,0,0,3,75,1,ENE,1,2/20/2014,1746,39.7821,-87.7409,39.8195,-87.7123
504426,WHITE CO.,TRUMBULL,2014,4,3,730,EF1,1,0,0,50000,0,CST-6,0,0,0.99,90,2,N,2,4/3/2014,733,38.1057,-88.2256,38.1059,-88.2074
504201,UNION CO.,KAOLIN,2014,4,3,1940,EF0,0,0,0,8000,0,CST-6,0,0,0.27,50,2,SSW,2,4/3/2014,1941,37.4657,-89.3103,37.4686,-89.307
504203,UNION CO.,WESTERN SARATOGA,2014,4,3,1952,EF0,0,0,0,7000,0,CST-6,0,0,5.03,85,1,NNE,1,4/3/2014,1959,37.5092,-89.167,37.5701,-89.1167
504204,UNION CO.,LICK CREEK,2014,4,3,2000,EF0,0,0,0,7000,0,CST-6,0,0,3.18,75,2,NW,1,4/3/2014,2006,37.5429,-89.0922,37.5715,-89.0468
504468,WILLIAMSON CO.,PULLEYS MILL,2014,4,3,2025,EF1,1,0,0,10000,0,CST-6,0,0,0.77,50,1,NNE,2,4/3/2014,2027,37.6192,-88.8914,37.6284,-88.8835
506501,JACKSON CO.,MT CARBON,2014,4,24,2145,EF1,1,0,0,35000,0,CST-6,0,0,2.21,100,2,SSW,1,4/24/2014,2149,37.7305,-89.3434,37.7422,-89.3058
521517,MCLEAN CO.,LE ROY,2014,5,28,1147,EF0,0,0,0,0,0,CST-6,0,0,0.2,50,1,NNE,1,5/28/2014,1150,40.3673,-88.7569,40.3666,-88.7532
521519,WOODFORD CO.,PANOLA,2014,5,28,1240,EF0,0,0,0,0,0,CST-6,0,0,0.61,100,2,SE,2,5/28/2014,1250,40.7632,-89.0007,40.7595,-88.9901
525714,JERSEY CO.,JERSEYVILLE,2014,6,4,425,EF0,0,0,0,0,0,CST-6,0,0,1.44,30,4,N,3,6/4/2014,426,39.1737,-90.3107,39.1632,-90.2875
525711,MONROE CO.,FULTS,2014,6,7,1619,EF0,0,0,0,0,0,CST-6,0,0,0.34,40,0,SSE,0,6/7/2014,1620,38.1657,-90.218,38.1685,-90.2129
525712,MONROE CO.,AMES,2014,6,7,1643,EF0,0,0,0,0,0,CST-6,0,0,0.3,30,4,N,4,6/7/2014,1644,38.2023,-90.0563,38.2043,-90.0514
523224,WAYNE CO.,FAIRFIELD,2014,6,23,1622,EF0,0,0,0,2000,0,CST-6,0,0,2.89,200,4,WSW,1,6/23/2014,1628,38.3579,-88.4382,38.3672,-88.3863
523226,WAYNE CO.,FAIRFIELD,2014,6,23,1626,EF0,0,0,0,2000,2000,CST-6,0,0,1.8,150,3,WSW,2,6/23/2014,1629,38.3662,-88.4126,38.3519,-88.3848
518367,CARROLL CO.,THOMSON,2014,6,29,2330,EF1,1,0,0,50000,0,CST-6,0,0,2.24,600,1,SW,2,6/29/2014,2333,41.9613,-90.1153,41.9917,-90.1
530902,LA SALLE CO.,EARLVILLE,2014,6,30,2016,EF1,1,0,0,250000,0,CST-6,0,0,1.51,50,1,WNW,0,6/30/2014,2017,41.5886,-88.9526,41.5849,-88.9239
530903,KENDALL CO.,NEWARK ARPT,2014,6,30,2038,EF1,1,0,0,50000,0,CST-6,0,0,1.15,50,3,SSE,4,6/30/2014,2039,41.4817,-88.5843,41.4772,-88.5629
530904,GRUNDY CO.,(C09) MORRIS MUNICIPAL AIRPORT,2014,6,30,2044,EF0,0,0,0,0,0,CST-6,0,0,2.16,50,3,WNW,1,6/30/2014,2046,41.4411,-88.4692,41.434,-88.4285
530905,WILL CO.,WALKER,2014,6,30,2055,EF1,1,0,0,500000,0,CST-6,0,0,3.06,75,1,ENE,3,6/30/2014,2058,41.6272,-88.1846,41.6244,-88.1255
531482,KANKAKEE CO.,ST GEORGE,2014,6,30,2122,EF1,1,0,0,20000,0,CST-6,0,0,10.3,150,1,NNW,0,6/30/2014,2131,41.212,-87.7746,41.1796,-87.5805
862144,KANKAKEE CO.,MANTENO,2014,6,30,2123,EF0,0,0,0,133000,0,CST-6,0,0,3.1,45,3,E,0,6/30/2014,2125,41.2564,-87.7814,41.2532,-87.7218
862145,KANKAKEE CO.,WHITAKER,2014,6,30,2124,EF1,1,0,0,158000,0,CST-6,0,0,2.7,110,2,WNW,1,6/30/2014,2125,41.2661,-87.7709,41.2622,-87.7214
862146,KANKAKEE CO.,WHITAKER,2014,6,30,2125,EF1,1,0,0,166000,0,CST-6,0,0,5.5,450,2,N,1,6/30/2014,2129,41.281,-87.7232,41.2643,-87.6264
862147,KANKAKEE CO.,WHITAKER,2014,6,30,2126,EF1,1,0,0,166000,0,CST-6,0,0,3.2,110,2,NNE,3,6/30/2014,2128,41.2741,-87.7224,41.2673,-87.663
531481,KANKAKEE CO.,YEAGER,2014,6,30,2129,EF1,1,0,0,0,0,CST-6,0,0,7.2,175,2,E,0,6/30/2014,2136,41.2005,-87.6639,41.1856,-87.5267
862148,KANKAKEE CO.,SOLLITT,2014,6,30,2130,EF0,0,0,0,8000,0,CST-6,0,0,4.4,295,1,SW,2,6/30/2014,2133,41.2833,-87.6452,41.2609,-87.5669
862149,KANKAKEE CO.,PUDER,2014,6,30,2132,EF2,2,0,0,500000,0,CST-6,0,0,3.9,240,1,NW,3,6/30/2014,2135,41.2789,-87.6081,41.2669,-87.539
862150,KANKAKEE CO.,PUDER,2014,6,30,2133,EF0,0,0,0,0,0,CST-6,0,0,0.7,120,1,ENE,2,6/30/2014,2134,41.2759,-87.5744,41.2745,-87.562
862151,KANKAKEE CO.,PUDER,2014,6,30,2133,EF1,1,0,0,128000,0,CST-6,0,0,2.4,410,2,ENE,3,6/30/2014,2136,41.2834,-87.5701,41.2725,-87.5266
862153,KANKAKEE CO.,PUDER,2014,6,30,2137,EF0,0,0,0,0,0,CST-6,0,0,0.1,165,4,ENE,4,6/30/2014,2138,41.2869,-87.5287,41.286,-87.5268
533090,MERCER CO.,ALEDO MERCER CO ARPT,2014,7,12,2020,EF0,0,0,0,0,0,CST-6,0,0,0.38,50,1,NNW,1,7/12/2014,2021,41.2584,-90.7362,41.2601,-90.731
533105,MERCER CO.,OLD GILCHRIST,2014,7,12,2030,EF1,1,0,0,0,10000,CST-6,0,0,3.7,100,3,NW,0,7/12/2014,2040,41.2674,-90.6666,41.2731,-90.5958
533109,MERCER CO.,GRIFFIN,2014,7,12,2046,EF1,1,0,0,0,0,CST-6,0,0,2.78,50,3,WNW,2,7/12/2014,2055,41.2387,-90.5289,41.2588,-90.4826
533112,HENRY CO.,ALPHA,2014,7,12,2100,EF1,1,0,0,0,0,CST-6,0,0,0.66,50,3,WNW,2,7/12/2014,2101,41.2141,-90.4256,41.2185,-90.4143
548125,RANDOLPH CO.,RUMA,2014,10,13,1159,EF0,0,0,0,0,0,CST-6,0,0,0.29,50,1,WSW,1,10/13/2014,1200,38.1272,-90.0143,38.1313,-90.0128
548126,ST. CLAIR CO.,WILDERMAN,2014,10,13,1224,EF1,1,0,0,0,0,CST-6,0,0,1.38,100,0,E,1,10/13/2014,1227,38.4703,-89.9263,38.4895,-89.9195
548154,ST. CLAIR CO.,SUMMERFIELD,2014,10,13,1243,EF1,1,0,0,0,0,CST-6,0,0,0.25,50,5,SSE,4,10/13/2014,1244,38.5363,-89.7248,38.5399,-89.7238
545772,SHELBY CO.,MOWEAQUA HILVETY ARP,2014,10,13,1454,EF2,2,0,0,235000,0,CST-6,0,0,1.56,200,1,SSE,1,10/13/2014,1456,39.631,-88.9567,39.6535,-88.9558
545775,MACON CO.,WALKER,2014,10,13,1456,EF1,1,0,0,25000,250000,CST-6,0,0,8.44,200,3,ESE,1,10/13/2014,1507,39.6535,-88.9558,39.7707,-88.9108
541928,JEFFERSON CO.,DIX,2014,10,13,1506,EF1,1,0,0,10000,0,CST-6,0,0,2.47,100,1,NNE,3,10/13/2014,1510,38.4443,-88.9185,38.4765,-88.8986
541929,JEFFERSON CO.,BLUFORD,2014,10,13,1507,EF1,1,0,0,50000,0,CST-6,0,0,0.66,50,3,N,3,10/13/2014,1508,38.3715,-88.7566,38.381,-88.7553
548155,MARION CO.,KELL,2014,10,13,1510,EF1,1,0,0,0,0,CST-6,0,0,1.05,75,2,S,1,10/13/2014,1512,38.4767,-88.8985,38.491,-88.8919
545776,MACON CO.,(DEC)DECATUR ARPT,2014,10,13,1512,EF1,1,0,0,10000,0,CST-6,0,0,0.2,50,1,SSW,1,10/13/2014,1513,39.8184,-88.88,39.8207,-88.8777
545777,MACON CO.,NEWBURG,2014,10,13,1529,EF0,0,0,0,0,0,CST-6,0,0,2.75,50,3,NNE,6,10/13/2014,1533,40.0188,-88.7722,40.0535,-88.7467
571753,PEORIA CO.,AKRON,2015,4,9,1232,EF0,0,0,0,0,0,CST-6,0,0,0.15,10,3,SE,3,4/9/2015,1233,40.8716,-89.6204,40.8724,-89.6177
565402,WHITESIDE CO.,FULTON,2015,4,9,1654,EF1,1,0,0,0,0,CST-6,0,0,3.91,75,0,N,4,4/9/2015,1700,41.8732,-90.1704,41.9008,-90.1041
565407,WHITESIDE CO.,USTICK,2015,4,9,1702,EF1,1,0,0,0,0,CST-6,0,0,1.08,50,5,NW,5,4/9/2015,1704,41.9233,-90.0757,41.9302,-90.0568
565411,CARROLL CO.,THOMSON,2015,4,9,1704,EF1,1,0,0,0,0,CST-6,0,0,7.22,50,4,SE,2,4/9/2015,1715,41.9302,-90.0568,41.9764,-89.9308
574249,WINNEBAGO CO.,CHERRY VLY,2015,4,9,1737,EF0,0,0,0,0,0,CST-6,0,0,0.87,25,3,S,2,4/9/2015,1738,42.1926,-88.9548,42.199,-88.9401
574247,BOONE CO.,CHERRY VLY,2015,4,9,1738,EF0,0,0,0,0,0,CST-6,0,0,1.97,25,2,SSE,2,4/9/2015,1740,42.199,-88.9401,42.2174,-88.9106
574336,LEE CO.,FRANKLIN GROVE,2015,4,9,1739,EF1,1,0,0,1000000,0,CST-6,0,0,3.62,100,2,NNE,2,4/9/2015,1743,41.853,-89.2896,41.8886,-89.2381
574337,OGLE CO.,CARTHAGE,2015,4,9,1743,EF4,4,0,0,10000000,0,CST-6,0,0,20.94,700,5,ESE,3,4/9/2015,1812,41.8886,-89.2381,42.0947,-88.9392
574248,OGLE CO.,LINDENWOOD,2015,4,9,1805,EF0,0,0,0,0,0,CST-6,0,0,1.86,100,3,ENE,3,4/9/2015,1808,42.0583,-88.9752,42.0739,-88.9457
574250,DE KALB CO.,FAIRDALE,2015,4,9,1815,EF1,1,0,0,5000,0,CST-6,0,0,1.8,100,4,NE,5,4/9/2015,1817,42.1334,-88.8776,42.153,-88.8546
574251,BOONE CO.,IRENE,2015,4,9,1817,EF1,1,0,0,75000,0,CST-6,0,0,2.21,100,3,ESE,4,4/9/2015,1821,42.153,-88.8546,42.1786,-88.8287
574339,BOONE CO.,IRENE,2015,4,9,1819,EF0,0,0,0,0,0,CST-6,0,0,0.75,25,1,SSE,1,4/9/2015,1820,42.1529,-88.8869,42.1623,-88.8796
574333,BOONE CO.,BELVIDERE,2015,4,9,1824,EF0,0,0,0,20000,0,CST-6,0,0,0.42,30,3,S,3,4/9/2015,1825,42.202,-88.8465,42.2073,-88.8425
574334,BOONE CO.,HERBERT,2015,4,9,1825,EF1,1,0,0,150000,0,CST-6,0,0,3.92,50,2,NW,1,4/9/2015,1831,42.1942,-88.7748,42.2442,-88.7386
571755,CHRISTIAN CO.,JEISYVILLE,2015,4,9,1847,EF0,0,0,0,0,0,CST-6,0,0,0.14,10,1,SW,1,4/9/2015,1848,39.5539,-89.4361,39.5557,-89.4348
574335,MCHENRY CO.,HARTLAND,2015,4,9,1850,EF1,1,0,0,0,0,CST-6,0,0,0.32,30,3,NW,3,4/9/2015,1851,42.3982,-88.5309,42.4019,-88.5272
571440,MERCER CO.,MANNON,2015,5,24,1750,EF2,2,0,0,30000,0,CST-6,0,0,6.75,50,2,NW,4,5/24/2015,1800,41.2527,-90.9854,41.331,-90.9085
582903,HENRY CO.,GERMAN CORNER,2015,5,26,859,EF1,1,0,0,10000,0,CST-6,0,0,4,50,2,NW,3,5/26/2015,904,41.3229,-90.0515,41.376,-90.0206
582904,BUREAU CO.,KASBEER,2015,5,26,946,EF1,1,0,0,15000,0,CST-6,0,0,2.4,50,2,NE,2,5/26/2015,949,41.5204,-89.4423,41.5589,-89.428
580352,COOK CO.,MC COOK,2015,5,26,1208,EF0,0,0,0,10000,0,CST-6,0,0,0.4,50,1,ESE,1,5/26/2015,1209,41.7773,-87.8038,41.7829,-87.8016
589189,GREENE CO.,WOODY,2015,5,29,2220,EF1,1,0,0,0,0,CST-6,0,0,4.68,200,2,E,2,5/29/2015,2234,39.269,-90.4506,39.3199,-90.3928
578696,MENARD CO.,CULVER,2015,6,7,1922,EF0,0,0,0,15000,0,CST-6,0,0,0.04,10,2,NW,1,6/7/2015,1923,40.0169,-89.6978,40.017,-89.697
578698,PIATT CO.,MONTICELLO ARPT,2015,6,7,2003,EF0,0,0,0,0,4000,CST-6,0,0,1.52,10,4,ENE,4,6/7/2015,2005,40.0259,-88.4903,40.0326,-88.463
578699,CHAMPAIGN CO.,SEYMOUR,2015,6,7,2005,EF0,0,0,0,85000,3000,CST-6,0,0,1.18,25,5,SSW,5,6/7/2015,2007,40.0326,-88.463,40.0338,-88.4408
577016,MERCER CO.,GINGLE CORNERS,2015,6,11,1625,EF1,1,0,0,0,10000,CST-6,0,0,5.94,50,1,ESE,2,6/11/2015,1637,41.266,-90.7081,41.3137,-90.6128
588485,WILL CO.,SYMERTON,2015,6,15,1832,EF1,1,0,0,100000,0,CST-6,0,0,4.11,150,1,ESE,3,6/15/2015,1839,41.3215,-88.0269,41.3055,-87.9506
595693,MARION CO.,GREENDALE,2015,6,19,1130,EF1,1,0,0,0,0,CST-6,0,0,1.67,50,4,SW,2,6/19/2015,1134,38.5691,-88.8535,38.5912,-88.841
578889,LAWRENCE CO.,BEMAN,2015,6,19,1326,EF0,0,0,0,25000,0,CST-6,0,0,0.09,25,3,E,3,6/19/2015,1327,38.7131,-87.5516,38.7141,-87.5526
578506,WHITE CO.,NORRIS CITY,2015,6,19,1413,EF0,0,0,0,5000,50000,CST-6,0,0,4.92,200,3,W,2,6/19/2015,1423,37.9801,-88.3744,38.0503,-88.3591
578500,JOHNSON CO.,GOREVILLE,2015,6,19,1457,EF1,1,0,0,5000,0,CST-6,0,0,0.4,50,2,ESE,2,6/19/2015,1458,37.5354,-88.9318,37.5409,-88.9299
578890,RICHLAND CO.,OLNEY,2015,6,19,1545,EF0,0,0,0,10000,0,CST-6,0,0,0.13,30,2,NW,2,6/19/2015,1546,38.7491,-88.0969,38.7507,-88.0983
578892,RICHLAND CO.,OLNEY,2015,6,19,1550,EF0,0,0,0,20000,0,CST-6,0,0,0.52,50,2,NNW,3,6/19/2015,1553,38.7628,-88.0979,38.7699,-88.1013
578502,FRANKLIN CO.,EZRA,2015,6,19,1551,EF1,1,0,0,500000,0,CST-6,0,0,0.92,150,1,E,1,6/19/2015,1553,37.8798,-88.9586,37.8885,-88.9714
578497,JACKSON CO.,MURPHYSBORO,2015,6,19,1553,EF1,1,0,0,25000,0,CST-6,0,0,0.2,75,1,ESE,1,6/19/2015,1554,37.7664,-89.3171,37.769,-89.3186
578504,HAMILTON CO.,FLINT,2015,6,19,1630,EF0,0,0,0,2000,10000,CST-6,0,0,0.49,50,2,W,3,6/19/2015,1631,38.0737,-88.6727,38.0791,-88.6785
578690,PERRY CO.,SUNFIELD,2015,6,19,1701,EF0,0,0,0,0,0,CST-6,0,0,0.1,30,4,ENE,4,6/19/2015,1701,38.0842,-89.1512,38.0842,-89.1512
590445,WHITESIDE CO.,STERLING,2015,6,22,1814,EF1,1,0,0,0,0,CST-6,0,0,2.18,75,2,ESE,2,6/22/2015,1818,41.7909,-89.6702,41.7686,-89.6402
590446,ROCK ISLAND CO.,EDGINGTON,2015,6,22,1815,EF2,2,0,0,0,0,CST-6,0,0,4.22,440,1,WNW,2,6/22/2015,1823,41.3839,-90.7945,41.3779,-90.7135
577066,WHITESIDE CO.,YEOWARD ADDITION,2015,6,22,1816,EF1,1,0,0,0,0,CST-6,0,0,1.67,50,1,SE,3,6/22/2015,1820,41.736,-89.6509,41.7158,-89.6331
590660,LEE CO.,VAN PETTEN,2015,6,22,1820,EF0,0,0,0,0,0,CST-6,0,0,0.84,50,1,NNW,1,6/22/2015,1821,41.7152,-89.632,41.7099,-89.6174
590629,LEE CO.,HARMON,2015,6,22,1828,EF1,1,0,0,0,0,CST-6,0,0,7.44,50,3,NW,2,6/22/2015,1840,41.7436,-89.5917,41.6971,-89.4615
590631,LEE CO.,MAYTOWN,2015,6,22,1853,EF2,2,0,7,1000000,0,CST-6,0,0,7.8,880,4,ENE,1,6/22/2015,1911,41.6565,-89.3213,41.6044,-89.1874
590633,LA SALLE CO.,MENDOTA,2015,6,22,1919,EF1,1,0,0,100000,0,CST-6,0,0,1.48,150,1,WNW,1,6/22/2015,1924,41.5536,-89.1334,41.5454,-89.107
590635,LA SALLE CO.,PRAIRIE CENTER,2015,6,22,1950,EF1,1,0,0,100000,0,CST-6,0,0,6.04,150,3,E,1,6/22/2015,2002,41.4701,-88.8719,41.4407,-88.762
590637,LA SALLE CO.,STAVANGER,2015,6,22,2017,EF1,1,0,0,0,0,CST-6,0,0,1.12,150,0,E,1,6/22/2015,2019,41.3996,-88.6139,41.3925,-88.5944
590638,GRUNDY CO.,NETTLECREEK,2015,6,22,2019,EF1,1,0,0,50000,0,CST-6,0,0,5.93,150,4,S,1,6/22/2015,2029,41.3925,-88.5944,41.3552,-88.4915
590639,GRUNDY CO.,GORMAN,2015,6,22,2043,EF0,0,0,0,50000,0,CST-6,0,0,0.77,100,2,WNW,1,6/22/2015,2046,41.2802,-88.3818,41.2806,-88.3669
590644,GRUNDY CO.,PAYTONVILLE,2015,6,22,2045,EF3,3,0,7,25000000,0,CST-6,0,0,7.7,1320,3,ESE,1,6/22/2015,2058,41.3082,-88.3823,41.2641,-88.2462
590649,WILL CO.,BRAIDWOOD,2015,6,22,2058,EF2,2,0,0,250000,0,CST-6,0,0,8.56,1320,1,WSW,2,6/22/2015,2112,41.2641,-88.2462,41.2255,-88.0897
590653,KANKAKEE CO.,ALTORF,2015,6,22,2108,EF1,1,0,0,0,0,CST-6,0,0,2.24,300,1,W,1,6/22/2015,2112,41.1785,-87.8896,41.1647,-87.8507
590657,KANKAKEE CO.,DICKEYS,2015,6,22,2246,EF0,0,0,0,0,0,CST-6,0,0,1.02,50,3,SSE,3,6/22/2015,2248,41.0155,-88.0138,41.0124,-87.9947
586765,ALEXANDER CO.,THEBES JCT,2015,7,8,1944,EF1,1,0,0,6000,0,CST-6,0,0,2.09,50,1,NW,2,7/8/2015,1947,37.2075,-89.4639,37.2197,-89.4291
584608,MACON CO.,FORSYTH,2015,7,11,2025,EF0,0,0,0,15000,0,CST-6,0,0,0.09,50,0,SW,0,7/11/2015,2026,39.9285,-88.9514,39.9294,-88.9501
597117,HENDERSON CO.,LONE TREE,2015,7,16,1709,EF1,1,0,0,25000,0,CST-6,0,0,0.84,100,1,E,2,7/16/2015,1712,40.8328,-90.9995,40.8414,-90.9882
597132,WARREN CO.,SMITHSHIRE,2015,7,16,1749,EF1,1,0,0,2000,0,CST-6,0,0,1.41,50,2,N,2,7/16/2015,1751,40.8338,-90.772,40.8422,-90.7465
597150,ROCK ISLAND CO.,PORT BYRON,2015,7,16,1800,EF1,1,0,0,2000,0,CST-6,0,0,1.11,200,1,SE,1,7/16/2015,1803,41.615,-90.3226,41.6252,-90.3061
597146,WARREN CO.,KIRKWOOD,2015,7,16,1809,EF2,2,0,0,150000,0,CST-6,0,0,1.72,300,3,E,3,7/16/2015,1813,40.8741,-90.7009,40.8862,-90.6722
597164,WARREN CO.,NEMO,2015,7,16,1813,EF2,2,0,1,1500000,0,CST-6,0,0,5.95,700,2,NNW,2,7/16/2015,1834,40.8892,-90.5936,40.8918,-90.4797
597152,WHITESIDE CO.,STERLING ARPT,2015,7,16,1948,EF0,0,0,0,0,0,CST-6,0,0,0.55,10,2,SSW,2,7/16/2015,1949,41.72,-89.7,41.728,-89.6912
593136,TAZEWELL CO.,DELAVAN,2015,7,16,2239,EF2,2,0,1,1200000,10000,CST-6,1,0,2.39,250,1,S,2,7/16/2015,2246,40.3618,-89.5496,40.379,-89.5103
596206,MCHENRY CO.,LAWRENCE,2015,7,18,1319,EF0,0,0,0,0,0,CST-6,0,0,0.1,50,2,NE,2,7/18/2015,1320,42.45,-88.6,42.45,-88.598
596207,MCHENRY CO.,ALDEN,2015,7,18,1338,EF0,0,0,0,0,0,CST-6,0,0,0.1,50,2,ESE,2,7/18/2015,1339,42.46,-88.48,42.46,-88.478
599437,LAKE CO.,ROUND LAKE,2015,8,2,1938,EF1,1,0,0,1000000,0,CST-6,0,0,7.51,300,0,E,2,8/2/2015,1953,42.3503,-88.0972,42.3428,-87.9505
598191,LIVINGSTON CO.,CORNELL,2015,8,18,1532,EF0,0,0,0,0,0,CST-6,0,0,0.03,25,1,E,1,8/18/2015,1533,40.98,-88.72,40.9803,-88.7196
598192,LIVINGSTON CO.,OCOYA,2015,8,18,1605,EF0,0,0,0,0,0,CST-6,0,0,0.04,25,2,E,2,8/18/2015,1606,40.8,-88.64,40.8004,-88.6394
598611,TAZEWELL CO.,MACKINAW,2015,8,18,1709,EF0,0,0,0,30000,8000,CST-6,0,0,2.01,75,1,E,2,8/18/2015,1711,40.5264,-89.3225,40.5497,-89.2997
598209,WILL CO.,PLAINFIELD CLOW ARPT,2015,8,18,1855,EF0,0,0,0,0,0,CST-6,0,0,0.93,75,2,NE,1,8/18/2015,1857,41.7166,-88.1079,41.7271,-88.0966
598211,DU PAGE CO.,WOODRIDGE,2015,8,18,1857,EF0,0,0,0,0,0,CST-6,0,0,2.26,75,3,W,2,8/18/2015,1900,41.7271,-88.0966,41.7497,-88.065
598223,DU PAGE CO.,DOWNERS GROVE,2015,8,18,1906,EF0,0,0,0,50000,0,CST-6,0,0,0.24,75,1,W,1,8/18/2015,1907,41.7981,-88.0144,41.8016,-88.0148
601330,MASON CO.,KILBOURNE,2015,9,10,1545,EF0,0,0,0,20000,0,CST-6,0,0,0.21,75,4,SW,3,9/10/2015,1546,40.1195,-90.0733,40.1179,-90.0699
602745,WILL CO.,ANDRES,2015,9,18,1544,EF1,1,0,0,70000,0,CST-6,0,0,2.6,50,3,NNE,4,9/18/2015,1553,41.4164,-87.86,41.4166,-87.8119
608811,ROCK ISLAND CO.,OSBORN,2015,11,11,1837,EF0,0,0,0,0,0,CST-6,0,0,0.1,25,1,NE,1,11/11/2015,1838,41.5337,-90.2518,41.5352,-90.2517
608810,HENRY CO.,SHADY BEACH,2015,11,11,1839,EF1,1,0,0,0,0,CST-6,0,0,4.23,50,3,SE,4,11/11/2015,1845,41.5025,-90.167,41.555,-90.125
609764,JACKSON CO.,AVA,2015,12,23,1115,EF0,0,0,0,5000,0,CST-6,0,0,6,50,1,E,7,12/23/2015,1121,37.88,-89.4817,37.9465,-89.4157
609767,PERRY CO.,PINCKNEYVILLE,2015,12,23,1123,EF1,1,0,0,175000,0,CST-6,0,0,5.03,200,5,E,0,12/23/2015,1129,38.08,-89.2973,38.13,-89.23
609776,WAYNE CO.,GOLDEN GATE,2015,12,23,1230,EF1,1,0,0,10000,0,CST-6,0,0,2.5,100,2,SSE,1,12/23/2015,1234,38.3499,-88.1894,38.3675,-88.149
609779,WHITE CO.,CARMI,2015,12,23,1232,EF1,1,0,0,75000,0,CST-6,0,0,1.58,100,2,W,1,12/23/2015,1235,38.08,-88.1976,38.0872,-88.17
609777,EDWARDS CO.,ELLERY,2015,12,23,1234,EF1,1,0,0,3000,0,CST-6,0,0,1.78,100,1,N,4,12/23/2015,1236,38.3675,-88.149,38.38,-88.1202
610066,MCDONOUGH CO.,SCIOTA,2015,12,23,1615,EF1,1,0,0,0,0,CST-6,0,0,8.1,50,3,SW,5,12/23/2015,1626,40.5391,-90.7834,40.6319,-90.6889
610069,WARREN CO.,SWAN CREEK,2015,12,23,1626,EF1,1,0,0,0,0,CST-6,0,0,2.6,50,3,SW,1,12/23/2015,1630,40.6319,-90.6889,40.6614,-90.6581
610070,MERCER CO.,MARSTON,2015,12,23,1633,EF0,0,0,0,0,0,CST-6,0,0,1.2,50,1,ESE,2,12/23/2015,1635,41.3153,-90.7731,41.329,-90.7588
610071,ROCK ISLAND CO.,EDGINGTON,2015,12,23,1635,EF0,0,0,0,0,0,CST-6,0,0,9.42,50,4,S,3,12/23/2015,1646,41.329,-90.7588,41.4441,-90.6615
625077,MCDONOUGH CO.,GOOD HOPE,2016,3,15,1726,EF2,2,0,0,200000,0,CST-6,0,0,8.23,400,1,NNE,1,3/15/2016,1742,40.5621,-90.6736,40.6299,-90.5446
626927,WARREN CO.,WALNUT GROVE,2016,3,15,1742,EF1,1,0,0,200000,0,CST-6,0,0,6.4,400,1,NNE,4,3/15/2016,1756,40.6299,-90.5446,40.6828,-90.4443
624456,FULTON CO.,AVON,2016,3,15,1756,EF1,1,0,0,15000,0,CST-6,0,0,1.87,100,1,NW,2,3/15/2016,1800,40.6828,-90.4443,40.699,-90.4165
625078,ROCK ISLAND CO.,BARSTOW,2016,3,15,1825,EF2,2,0,10,750000,0,CST-6,0,0,4.78,200,1,NNE,1,3/15/2016,1835,41.5342,-90.3616,41.5918,-90.3277
624457,PEORIA CO.,TRIVOLI,2016,3,15,1842,EF2,2,0,0,1000000,0,CST-6,0,0,7.55,440,2,NNW,1,3/15/2016,1857,40.7135,-89.9146,40.7594,-89.7838
624459,SANGAMON CO.,KNAPP,2016,3,15,1844,EF1,1,0,0,280000,0,CST-6,0,0,3.62,75,2,NNE,1,3/15/2016,1850,39.7404,-89.8153,39.7738,-89.7627
624460,PEORIA CO.,POTTSTOWN,2016,3,15,1905,EF0,0,0,0,260000,0,CST-6,0,0,3.68,200,1,ENE,1,3/15/2016,1914,40.7304,-89.6491,40.7602,-89.5908
625079,WHITESIDE CO.,DEER GROVE,2016,3,15,1933,EF0,0,0,0,0,0,CST-6,0,0,1.76,50,3,N,4,3/15/2016,1938,41.6636,-89.6925,41.687,-89.6788
640452,MONTGOMERY CO.,RAYMOND,2016,4,27,1723,EF0,0,0,0,0,0,CST-6,0,0,4.94,25,2,WSW,2,4/27/2016,1735,39.305,-89.5999,39.3295,-89.513
626283,EFFINGHAM CO.,ALTAMONT,2016,4,27,1758,EF0,0,0,0,0,0,CST-6,0,0,0.05,10,4,S,4,4/27/2016,1759,39.0114,-88.7644,39.0117,-88.7635
626284,RICHLAND CO.,OLNEY,2016,4,27,1847,EF0,0,0,0,0,0,CST-6,0,0,0.09,10,2,N,2,4/27/2016,1848,38.756,-88.0792,38.7572,-88.0787
636844,MCDONOUGH CO.,BUSHNELL,2016,5,9,1615,EF0,0,0,0,0,0,CST-6,0,0,0.1,15,2,SE,2,5/9/2016,1617,40.53,-90.48,40.5314,-90.4801
636845,WARREN CO.,GREENBUSH,2016,5,9,1641,EF0,0,0,0,0,0,CST-6,0,0,0.09,25,1,S,1,5/9/2016,1642,40.7,-90.53,40.701,-90.529
630147,POPE CO.,BRISTOL,2016,5,10,1636,EF0,0,0,0,0,0,CST-6,0,0,0.05,20,2,SSE,2,5/10/2016,1636,37.4214,-88.7051,37.4214,-88.7051
628387,HARDIN CO.,LOVES STORE,2016,5,10,1656,EF0,0,0,0,0,0,CST-6,0,0,0.05,20,1,SSW,1,5/10/2016,1656,37.573,-88.2832,37.573,-88.2832
630137,FRANKLIN CO.,CLEBURNE,2016,5,11,1734,EF0,0,0,0,0,0,CST-6,0,0,0.05,30,1,ENE,1,5/11/2016,1734,37.9348,-89.0394,37.9348,-89.0394
655173,ST. CLAIR CO.,ROACHTOWN,2016,6,13,1630,EF0,0,0,0,0,0,CST-6,0,0,0.41,25,1,ESE,1,6/13/2016,1633,38.4646,-90.0069,38.4692,-90.0118
637298,STARK CO.,BRADFORD,2016,6,14,1815,EF0,0,0,0,0,0,CST-6,0,0,0.07,10,3,SW,2,6/14/2016,1816,41.1595,-89.7102,41.1598,-89.7089
646368,LEE CO.,WEST BROOKLYN,2016,6,22,1819,EF1,1,0,0,0,0,CST-6,0,0,4.1,300,1,W,0,6/22/2016,1835,41.6989,-89.1684,41.7012,-89.0972
646877,LEE CO.,WEST BROOKLYN,2016,6,22,1831,EF0,0,0,0,0,0,CST-6,0,0,0.1,50,1,NE,2,6/22/2016,1832,41.7134,-89.1286,41.7133,-89.1261
644591,BUREAU CO.,VAN ORIN,2016,6,22,1840,EF0,0,0,0,0,0,CST-6,0,0,0.58,25,3,SSW,3,6/22/2016,1842,41.516,-89.3762,41.5112,-89.3671
647801,LA SALLE CO.,EARLVILLE,2016,6,22,1859,EF1,1,0,0,0,0,CST-6,0,0,4.3,400,1,NNE,2,6/22/2016,1909,41.596,-88.9176,41.5692,-88.8433
647802,LA SALLE CO.,EARLVILLE,2016,6,22,1859,EF0,0,0,0,0,0,CST-6,0,0,0.3,75,3,NNE,3,6/22/2016,1900,41.6233,-88.8999,41.619,-88.9003
647803,LA SALLE CO.,EARLVILLE,2016,6,22,1902,EF1,1,0,0,0,0,CST-6,0,0,1.4,250,3,NNE,3,6/22/2016,1907,41.6152,-88.904,41.6,-88.889
644586,BUREAU CO.,NEW BEDFORD,2016,6,22,1904,EF0,0,0,0,0,0,CST-6,0,0,0.28,10,3,ESE,3,6/22/2016,1905,41.5052,-89.6737,41.5048,-89.6684
647805,LA SALLE CO.,TROY GROVE,2016,6,22,1911,EF1,1,0,0,0,0,CST-6,0,0,0.5,50,1,SW,0,6/22/2016,1912,41.4641,-89.0885,41.4644,-89.0792
647804,LA SALLE CO.,BAKER,2016,6,22,1922,EF1,1,0,0,0,0,CST-6,0,0,1.7,250,2,ENE,3,6/22/2016,1927,41.563,-88.7753,41.5656,-88.7424
647806,LA SALLE CO.,PRAIRIE CENTER,2016,6,22,1932,EF1,1,0,0,0,0,CST-6,0,0,0.5,50,4,SSE,4,6/22/2016,1933,41.414,-88.9084,41.4112,-88.9005
644580,BUREAU CO.,MALDEN,2016,6,22,1935,EF1,1,0,0,0,0,CST-6,0,0,0.48,50,0,SSE,1,6/22/2016,1938,41.414,-89.3675,41.4133,-89.3583
647807,LA SALLE CO.,PRAIRIE CENTER,2016,6,22,1948,EF1,1,0,0,0,0,CST-6,0,0,6.7,100,4,SE,1,6/22/2016,1953,41.4402,-88.8712,41.3812,-88.7732
647808,LA SALLE CO.,(MMO)MARSEILLES,2016,6,22,1953,EF2,2,0,0,0,0,CST-6,0,0,6.44,300,2,W,3,6/22/2016,2010,41.3669,-88.71,41.3669,-88.5919
647809,GRUNDY CO.,LANGHAM,2016,6,22,2010,EF1,1,0,0,0,0,CST-6,0,0,1.61,100,3,NW,2,6/22/2016,2015,41.3393,-88.5919,41.3303,-88.5632
647810,GRUNDY CO.,GORMAN,2016,6,22,2029,EF0,0,0,0,0,0,CST-6,0,0,0.7,100,1,WSW,1,6/22/2016,2036,41.266,-88.3734,41.2674,-88.3601
648258,LIVINGSTON CO.,GRAYMONT,2016,6,22,2106,EF2,2,0,4,0,0,CST-6,0,0,11.1,440,3,N,1,6/22/2016,2124,40.9183,-88.7776,40.8485,-88.5857
647811,IROQUOIS CO.,CLIFTON,2016,6,22,2112,EF1,1,0,0,0,0,CST-6,0,0,1.7,50,3,W,2,6/22/2016,2115,40.9223,-87.9891,40.9092,-87.9616
648267,LIVINGSTON CO.,CHATSWORTH,2016,6,22,2149,EF0,0,0,0,0,0,CST-6,0,0,0.1,10,2,NNW,2,6/22/2016,2150,40.7769,-88.2997,40.7763,-88.2989
648269,IROQUOIS CO.,CISSNA PARK,2016,6,22,2237,EF1,1,0,0,0,0,CST-6,0,0,3.1,440,2,NW,1,6/22/2016,2241,40.5867,-87.9016,40.5586,-87.8575
638612,MASSAC CO.,METROPOLIS,2016,7,6,1239,EF1,1,0,2,350000,0,CST-6,0,0,2.79,160,1,WNW,2,7/6/2016,1245,37.1526,-88.74,37.1616,-88.6906
653454,PUTNAM CO.,PUTNAM,2016,7,17,1918,EF0,0,0,0,0,0,CST-6,0,0,1.19,25,2,ENE,3,7/17/2016,1919,41.19,-89.36,41.1956,-89.3384
653455,PUTNAM CO.,FLORID,2016,7,17,1924,EF0,0,0,0,0,0,CST-6,0,0,0.24,25,1,S,1,7/17/2016,1925,41.22,-89.28,41.2208,-89.2755
648328,KANKAKEE CO.,BUCKINGHAM,2016,7,17,2041,EF1,1,0,0,0,0,CST-6,0,0,2.16,100,4,SSW,4,7/17/2016,2048,40.9996,-88.1923,40.9991,-88.1508
659015,COOK CO.,CICERO,2016,8,9,1448,EF0,0,0,0,0,0,CST-6,0,0,0.01,10,0,NE,0,8/9/2016,1458,41.832,-87.7261,41.832,-87.7261
657524,VERMILION CO.,CATLIN,2016,9,9,1713,EF0,0,0,0,0,10000,CST-6,0,0,0.1,10,2,SW,2,9/9/2016,1714,40.0449,-87.7278,40.0455,-87.726
657507,CHAMPAIGN CO.,BLOCK,2016,9,9,1731,EF2,2,0,0,800000,100000,CST-6,0,0,6.26,75,0,ENE,2,9/9/2016,1750,39.9728,-88.0739,39.9991,-87.9608
657512,VERMILION CO.,(DNV)VERMLION APT DA,2016,9,9,1734,EF1,1,0,0,50000,0,CST-6,0,0,1.63,50,3,WNW,2,9/9/2016,1743,40.2213,-87.6437,40.2319,-87.6161
657516,CLARK CO.,CASEY,2016,9,9,1744,EF0,0,0,0,0,10000,CST-6,0,0,0.1,10,1,SSW,1,9/9/2016,1745,39.2797,-87.9859,39.2806,-87.9841
658910,ROCK ISLAND CO.,COYNE CENTER,2016,10,6,2141,EF0,0,0,0,0,0,CST-6,0,0,4.86,10,3,ESE,2,10/6/2016,2146,41.3796,-90.5125,41.4148,-90.4314
658919,ROCK ISLAND CO.,CORDOVA,2016,10,6,2157,EF1,1,0,0,0,0,CST-6,0,0,1.91,200,2,SW,1,10/6/2016,2200,41.6625,-90.3373,41.679,-90.3076
678119,STARK CO.,CASTLETON,2017,2,28,1612,EF1,1,0,0,100000,0,CST-6,0,0,5.01,100,1,SSE,2,2/28/2017,1619,41.1113,-89.7134,41.1569,-89.6386
674945,BUREAU CO.,MILO,2017,2,28,1619,EF1,1,0,0,0,0,CST-6,0,0,0.52,100,4,SW,4,2/28/2017,1620,41.156,-89.6386,41.1606,-89.6307
674612,LA SALLE CO.,CEDAR PT,2017,2,28,1627,EF0,0,0,0,0,0,CST-6,0,0,1.75,50,2,WNW,1,2/28/2017,1630,41.2785,-89.1627,41.2795,-89.1294
674944,WHITESIDE CO.,COLETA,2017,2,28,1644,EF1,1,0,0,0,0,CST-6,0,0,2.62,75,3,ESE,2,2/28/2017,1646,41.8883,-89.7512,41.8971,-89.7016
674617,LA SALLE CO.,(MMO)MARSEILLES,2017,2,28,1658,EF1,1,0,0,0,0,CST-6,0,0,2.8,200,1,WSW,1,2/28/2017,1702,41.3648,-88.7066,41.3701,-88.6531
674620,GRUNDY CO.,STOCKDALE,2017,2,28,1704,EF0,0,0,0,0,0,CST-6,0,0,1.2,200,5,WNW,4,2/28/2017,1706,41.3753,-88.5841,41.3804,-88.5628
674622,OGLE CO.,CARTHAGE,2017,2,28,1707,EF1,1,0,0,0,0,CST-6,0,0,1.5,50,2,NNE,2,2/28/2017,1709,41.9478,-89.3098,41.9498,-89.2821
678120,PEORIA CO.,DUNLAP,2017,2,28,1710,EF0,0,0,0,0,0,CST-6,0,0,0.07,25,3,E,3,2/28/2017,1711,40.8645,-89.6086,40.8647,-89.6072
678121,PEORIA CO.,EDGEWATER TERRACE,2017,2,28,1715,EF0,0,0,0,75000,0,CST-6,0,0,0.89,100,1,N,0,2/28/2017,1717,40.878,-89.5212,40.88,-89.5044
678122,WOODFORD CO.,LOW PT,2017,2,28,1726,EF3,3,0,0,1500000,0,CST-6,0,0,3.36,400,4,NW,1,2/28/2017,1731,40.9128,-89.3609,40.924,-89.2983
678123,MARSHALL CO.,WILBERN,2017,2,28,1731,EF2,2,0,0,500000,0,CST-6,0,0,13.6,600,2,SSE,5,2/28/2017,1749,40.924,-89.2983,40.9772,-89.0474
677693,LA SALLE CO.,RUTLAND,2017,2,28,1749,EF0,0,0,0,0,0,CST-6,0,0,0.81,600,0,SE,1,2/28/2017,1750,40.9772,-89.0474,40.9854,-89.0363
677696,LA SALLE CO.,LEEDS,2017,2,28,1753,EF2,2,0,0,0,0,CST-6,0,0,4.5,75,2,S,4,2/28/2017,1759,40.9856,-88.9865,41.0055,-88.9105
679706,RANDOLPH CO.,ROCKWOOD,2017,2,28,2012,EF2,2,0,0,0,0,CST-6,0,0,2.94,700,1,SW,2,2/28/2017,2018,37.8222,-89.7124,37.8371,-89.6619
677489,JACKSON CO.,CORA,2017,2,28,2018,EF3,3,0,0,6000000,0,CST-6,0,0,28.77,850,1,NNE,4,2/28/2017,2050,37.8371,-89.6619,37.9392,-89.1503
677492,FRANKLIN CO.,MULKEYTOWN,2017,2,28,2050,EF3,3,0,0,800000,0,CST-6,0,0,4.37,400,3,SW,2,2/28/2017,2057,37.9392,-89.1503,37.9503,-89.0713
682437,BROWN CO.,VERSAILLES,2017,2,28,2133,EF1,1,0,1,0,0,CST-6,0,0,0.66,50,1,WNW,0,2/28/2017,2134,39.8845,-90.6636,39.887,-90.6516
674943,BUREAU CO.,CHERRY,2017,2,28,2143,EF1,1,0,0,0,0,CST-6,0,0,2.33,50,2,WSW,0,2/28/2017,2146,41.4151,-89.2608,41.4233,-89.2171
677521,WILLIAMSON CO.,CRAINVILLE,2017,2,28,2244,EF1,1,0,0,6000,0,CST-6,0,0,7.36,25,1,SSE,1,2/28/2017,2254,37.7385,-89.0626,37.786,-88.9419
680381,JACKSON CO.,ETHERTON,2017,3,1,408,EF0,0,0,0,2000,0,CST-6,0,0,4.11,25,3,WNW,3,3/1/2017,413,37.7013,-89.3705,37.7164,-89.2978
690046,WHITESIDE CO.,NEWTON CORNERS,2017,3,6,2253,EF1,1,0,0,0,0,CST-6,0,0,1.54,10,1,SW,0,3/6/2017,2301,41.7165,-90.1358,41.7288,-90.111
686765,MASON CO.,EASTON,2017,3,6,2352,EF1,1,0,0,150000,0,CST-6,0,0,6.76,150,3,NNW,5,3/6/2017,2357,40.2633,-89.8563,40.3177,-89.7497
686766,TAZEWELL CO.,WINKEL,2017,3,7,0,EF1,1,0,0,175000,0,CST-6,0,0,7.38,150,3,W,2,3/7/2017,6,40.3459,-89.6934,40.4154,-89.5869
686767,TAZEWELL CO.,DELAVAN,2017,3,7,9,EF2,2,0,0,120000,0,CST-6,0,0,2.8,200,2,NNE,2,3/7/2017,13,40.392,-89.5381,40.4172,-89.4965
690045,BUREAU CO.,LADD,2017,3,7,14,EF0,0,0,0,0,0,CST-6,0,0,0.29,25,1,E,1,3/7/2017,15,41.382,-89.205,41.381,-89.207
686707,MACOUPIN CO.,SAWYERVILLE,2017,3,7,50,EF1,1,0,0,0,0,CST-6,0,0,6.71,100,0,SE,3,3/7/2017,57,39.0745,-89.815,39.1116,-89.6994
686708,MONTGOMERY CO.,LITCHFIELD MUNI ARPT,2017,3,7,57,EF0,0,0,0,0,0,CST-6,0,0,6.21,50,4,SSW,3,3/7/2017,103,39.1116,-89.6994,39.1526,-89.5962
686717,MONTGOMERY CO.,IRVING,2017,3,7,114,EF1,1,0,0,0,0,CST-6,0,0,7.17,100,0,NNE,2,3/7/2017,119,39.2061,-89.3969,39.2616,-89.2837
685054,WILLIAMSON CO.,CARTERVILLE,2017,4,5,1310,EF1,1,0,0,35000,0,CST-6,0,0,0.1,25,5,SW,5,4/5/2017,1311,37.7004,-89.1492,37.7005,-89.1473
692918,JERSEY CO.,DELHI,2017,4,29,1502,EF1,1,0,0,0,0,CST-6,0,0,1.68,50,4,ENE,5,4/29/2017,1504,39.0711,-90.1723,39.0841,-90.1458
692919,MACOUPIN CO.,PIASA,2017,4,29,1504,EF0,0,0,0,0,0,CST-6,0,0,0.68,25,3,SSW,2,4/29/2017,1505,39.0841,-90.1458,39.09,-90.1357
691595,MORGAN CO.,ALEXANDER,2017,4,29,1520,EF0,0,0,0,0,0,CST-6,0,0,0.68,10,2,NE,3,4/29/2017,1521,39.7459,-90,39.7557,-89.9985
692213,MACON CO.,ARGENTA,2017,5,10,1849,EF0,0,0,0,8000,0,CST-6,0,0,0.1,20,2,S,2,5/10/2017,1850,39.9516,-88.8247,39.9522,-88.8229
703346,ROCK ISLAND CO.,ILLINOIS CITY,2017,5,17,1604,EF0,0,0,0,0,0,CST-6,0,0,0.71,25,9,WSW,8,5/17/2017,1605,41.3483,-91.0521,41.3571,-91.0452
703347,MERCER CO.,GRIFFIN,2017,5,17,1900,EF1,1,0,0,25000,0,CST-6,0,0,5.73,150,2,NW,2,5/17/2017,1907,41.2447,-90.5062,41.307,-90.4334
703348,HENRY CO.,MINERAL,2017,5,17,1907,EF1,1,0,0,15000,0,CST-6,0,0,2.38,150,32,W,30,5/17/2017,1909,41.307,-90.4334,41.3329,-90.4032
703394,HENRY CO.,HOOPPOLE,2017,5,17,1944,EF1,1,0,0,0,0,CST-6,0,0,2.06,50,4,WSW,3,5/17/2017,1947,41.5468,-89.9994,41.5688,-89.9725
703392,HENRY CO.,GALVA,2017,5,17,2020,EF2,2,0,1,40000,0,CST-6,0,0,1.29,50,2,SW,1,5/17/2017,2021,41.1533,-90.0811,41.168,-90.066
690823,BOONE CO.,BELVIDERE ARPT,2017,5,17,2121,EF1,1,0,0,100000,0,CST-6,0,0,8.36,100,1,NNE,3,5/17/2017,2131,42.3341,-88.8221,42.4194,-88.706
690824,MCHENRY CO.,CHEMUNG,2017,5,17,2131,EF1,1,0,0,0,0,CST-6,0,0,1.94,100,2,W,1,5/17/2017,2134,42.4194,-88.706,42.438,-88.6775
703396,WHITESIDE CO.,DENROCK,2017,5,23,1352,EF0,0,0,0,0,0,CST-6,0,0,0.26,15,2,WSW,1,5/23/2017,1353,41.6895,-90.01,41.6895,-90.005
695608,CHRISTIAN CO.,ASSUMPTION,2017,5,23,1530,EF0,0,0,0,0,0,CST-6,0,0,0.1,10,1,WNW,1,5/23/2017,1531,39.5299,-89.0704,39.5298,-89.0685
695609,KNOX CO.,MAQUON,2017,5,23,1905,EF0,0,0,0,0,0,CST-6,0,0,0.15,10,1,N,1,5/23/2017,1906,40.8137,-90.1668,40.8138,-90.164
695630,VERMILION CO.,ROSSVILLE JCT,2017,5,26,1653,EF1,1,0,0,45000,0,CST-6,0,0,0.29,75,2,SSE,2,5/26/2017,1654,40.3299,-87.6387,40.3278,-87.6339
716550,WILL CO.,BEECHER,2017,6,9,1505,EF0,0,0,0,0,0,CST-6,0,0,0.21,20,0,ENE,1,6/9/2017,1506,41.3534,-87.6233,41.3543,-87.6194
717099,WINNEBAGO CO.,CHERRY VLY,2017,6,28,1914,EF1,1,0,0,0,0,CST-6,0,0,5.86,200,1,S,6,6/28/2017,1922,42.211,-88.948,42.197,-88.835
717100,WINNEBAGO CO.,CHERRY VLY,2017,6,28,1923,EF1,1,0,0,0,0,CST-6,0,0,1.64,100,7,ESE,9,6/28/2017,1925,42.208,-88.81,42.208,-88.778
702638,PEORIA CO.,PRINCEVILLE,2017,7,10,1645,EF0,0,0,0,0,0,CST-6,0,0,1.6,50,3,S,2,7/10/2017,1653,40.8863,-89.7398,40.8837,-89.7093
716075,WHITESIDE CO.,FULTON,2017,7,21,1819,EF1,1,0,0,40000,2000,CST-6,0,0,3.72,150,0,NE,4,7/21/2017,1826,41.8722,-90.1666,41.8965,-90.1021
715932,JEFFERSON CO.,INA,2017,8,2,1727,EF0,0,0,0,0,0,CST-6,0,0,0.5,40,2,W,2,8/2/2017,1729,38.15,-88.9368,38.15,-88.9276
718938,STEPHENSON CO.,BOLTON,2017,8,16,1821,EF1,1,0,0,0,0,CST-6,0,0,2.79,75,3,N,3,8/16/2017,1828,42.2741,-89.7316,42.3122,-89.7134
718942,JO DAVIESS CO.,RODDEN,2017,8,16,1822,EF1,1,0,0,0,0,CST-6,0,0,0.54,60,1,N,1,8/16/2017,1824,42.3414,-90.3187,42.3474,-90.3118
718945,STEPHENSON CO.,SCIOTA MILLS,2017,8,16,1828,EF0,0,0,0,0,0,CST-6,0,0,3.25,20,3,SW,1,8/16/2017,1838,42.3222,-89.7119,42.3666,-89.6911
724388,HANCOCK CO.,BOWEN,2017,10,14,1725,EF0,0,0,0,0,0,CST-6,0,0,0.82,25,1,WNW,0,10/14/2017,1726,40.2324,-91.0823,40.2335,-91.0669
724199,RICHLAND CO.,PURETON,2017,11,5,1724,EF1,1,0,0,70000,0,CST-6,0,0,6.84,50,1,NNW,4,11/5/2017,1733,38.7468,-88.2289,38.7766,-88.1079
724006,PERRY CO.,DU QUOIN,2017,11,18,1215,EF0,0,0,0,250000,0,CST-6,0,0,0.68,30,0,WSW,0,11/18/2017,1216,38.0184,-89.2386,38.02,-89.2263
724008,MASSAC CO.,ROUND KNOB,2017,11,18,1338,EF0,0,0,0,5000,0,CST-6,0,0,0.09,30,1,SE,1,11/18/2017,1339,37.2351,-88.7367,37.2349,-88.7351
744693,FAYETTE CO.,AUGSBURG,2018,4,3,1520,EF2,2,0,0,0,0,CST-6,0,0,10.87,100,2,NE,2,4/3/2018,1534,38.8877,-88.9976,38.9394,-88.8065
746451,EFFINGHAM CO.,EDGEWOOD,2018,4,3,1534,EF1,1,0,0,0,0,CST-6,0,0,7.33,100,9,W,4,4/3/2018,1541,38.9394,-88.8065,38.9785,-88.6797
742306,WILLIAMSON CO.,CRAINVILLE,2018,4,3,1617,EF1,1,0,0,250000,0,CST-6,0,0,9.98,125,1,NNW,2,4/3/2018,1633,37.7616,-89.0737,37.7893,-88.8943
742314,WILLIAMSON CO.,PITTSBURG,2018,4,3,1639,EF1,1,0,0,40000,0,CST-6,0,0,1.93,150,1,N,3,4/3/2018,1642,37.7845,-88.85,37.7956,-88.8176
743572,WILLIAMSON CO.,CORINTH,2018,4,3,1647,EF1,1,0,0,7000,0,CST-6,0,0,1.55,200,3,ESE,4,4/3/2018,1650,37.8071,-88.7347,37.8122,-88.707
742316,SALINE CO.,BANLICK,2018,4,3,1650,EF2,2,0,0,500000,0,CST-6,0,0,10.8,350,1,SW,2,4/3/2018,1707,37.8122,-88.707,37.8469,-88.5141
742313,MASSAC CO.,METROPOLIS MUNI ARPT,2018,4,3,1729,EF1,1,0,0,130000,0,CST-6,0,0,10.59,75,0,SW,4,4/3/2018,1743,37.1759,-88.7551,37.198,-88.5648
742311,WHITE CO.,NEW HAVEN,2018,4,3,1738,EF1,1,0,0,50000,0,CST-6,0,0,2.25,225,5,NE,7,4/3/2018,1742,37.9512,-88.0651,37.9742,-88.0359
750132,CHRISTIAN CO.,CLARKSDALE,2018,5,15,1537,EF0,0,0,0,0,0,CST-6,0,0,1.84,25,2,SE,1,5/15/2018,1544,39.4581,-89.3357,39.4404,-89.3099
758281,GREENE CO.,HILLVIEW,2018,5,15,1721,EF0,0,0,0,0,0,CST-6,0,0,0.69,50,4,SW,4,5/15/2018,1722,39.4191,-90.603,39.416,-90.6153
758282,PIKE CO.,BEECREEK,2018,5,15,1722,EF0,0,0,0,0,0,CST-6,0,0,0.17,50,1,NE,1,5/15/2018,1723,39.416,-90.6153,39.4152,-90.6182
750153,CUMBERLAND CO.,NEOGA,2018,5,27,1530,EF0,0,0,0,0,0,CST-6,0,0,0.81,25,3,ENE,2,5/27/2018,1536,39.3302,-88.395,39.3217,-88.4055
757169,LA SALLE CO.,(MMO)MARSEILLES,2018,5,30,1830,EF0,0,0,0,0,0,CST-6,0,0,0.9,30,1,NNW,0,5/30/2018,1850,41.3802,-88.6832,41.3706,-88.6714
751230,UNION CO.,WOLF LAKE,2018,5,31,1854,EF1,1,0,0,70000,0,CST-6,0,0,3.11,150,3,WSW,1,5/31/2018,1902,37.481,-89.4697,37.504,-89.4211
751231,UNION CO.,WOLF LAKE,2018,5,31,1855,EF0,0,0,0,7000,0,CST-6,0,0,1.12,50,3,SSW,2,5/31/2018,1859,37.4662,-89.456,37.4756,-89.4394
757348,CHAMPAIGN CO.,STALEY,2018,6,10,1316,EF0,0,0,0,80000,0,CST-6,0,0,0.06,30,2,S,2,6/10/2018,1317,40.0844,-88.3192,40.0842,-88.3181
757350,CHAMPAIGN CO.,SAVOY,2018,6,10,1319,EF0,0,0,0,20000,0,CST-6,0,0,0.06,20,3,WNW,3,6/10/2018,1320,40.0677,-88.2952,40.067,-88.2944
757748,MCLEAN CO.,CLARKSVILLE,2018,6,21,1402,EF0,0,0,0,0,0,CST-6,0,0,0.17,20,4,WNW,4,6/21/2018,1403,40.67,-88.93,40.668,-88.928
756879,WHITE CO.,GOSSETT,2018,6,26,841,EF0,0,0,0,20000,0,CST-6,0,0,0.71,100,1,N,1,6/26/2018,842,37.9334,-88.3673,37.9318,-88.3544
764054,KANE CO.,TROXEL,2018,6,26,1628,EF0,0,0,0,0,0,CST-6,0,0,0.01,20,2,NE,2,6/26/2018,1628,41.8497,-88.5735,41.8497,-88.5735
764318,WILL CO.,MANHATTAN,2018,6,26,1753,EF0,0,0,0,0,0,CST-6,0,0,0.1,25,3,SSE,1,6/26/2018,1754,41.3799,-87.9579,41.3811,-87.9569
764043,WILL CO.,MANHATTAN,2018,6,26,1754,EF1,1,0,0,30000,0,CST-6,0,0,1.12,100,1,SSW,1,6/26/2018,1759,41.4102,-87.9857,41.4262,-87.9893
758464,HENRY CO.,GERMAN CORNER,2018,6,26,1923,EF0,0,0,0,0,0,CST-6,0,0,0.01,10,2,NE,2,6/26/2018,1924,41.3169,-90.011,41.3169,-90.0107
757754,CHAMPAIGN CO.,CHANUTE AFB,2018,6,26,1927,EF1,1,0,0,37000,0,CST-6,0,0,3.88,75,3,SE,1,6/26/2018,1935,40.2725,-88.1022,40.3145,-88.0533
768766,JERSEY CO.,CHAUTAUQUA,2018,6,28,1611,EF0,0,0,0,0,0,CST-6,0,0,1.4,50,1,NNE,1,6/28/2018,1613,38.9829,-90.373,38.9644,-90.3625
757697,WILLIAMSON CO.,JOHNSTON CITY,2018,6,28,1812,EF0,0,0,0,35000,0,CST-6,0,0,0.3,75,1,E,1,6/28/2018,1813,37.82,-88.9117,37.82,-88.9062
780905,FULTON CO.,SMITHFIELD,2018,8,16,1538,EF0,0,0,0,30000,0,CST-6,0,0,3.15,100,1,E,3,8/16/2018,1548,40.4679,-90.2645,40.4514,-90.2087
778969,WILL CO.,MANHATTAN,2018,8,20,1731,EF0,0,0,0,0,0,CST-6,0,0,0.27,100,1,WNW,1,8/20/2018,1734,41.4267,-88.0027,41.4306,-88.0021
785033,COOK CO.,BERWYN,2018,9,3,1314,EF0,0,0,0,10000,0,CST-6,0,0,1.71,75,1,N,2,9/3/2018,1318,41.8693,-87.7457,41.877,-87.7141
788452,PIKE CO.,PLEASANT HILL,2018,12,1,1354,EF1,1,0,0,0,0,CST-6,0,0,1.65,25,1,ESE,2,12/1/2018,1358,39.4439,-90.851,39.4664,-90.8406
788453,PIKE CO.,DETROIT,2018,12,1,1429,EF0,0,0,0,0,0,CST-6,0,0,0.11,25,2,WNW,2,12/1/2018,1430,39.6319,-90.7143,39.6332,-90.713
788454,PIKE CO.,VALLEY CITY,2018,12,1,1440,EF1,1,0,0,0,0,CST-6,0,0,0.6,110,2,N,1,12/1/2018,1442,39.7272,-90.6537,39.7186,-90.6555
794977,SCHUYLER CO.,BROOKLYN,2018,12,1,1500,EF1,1,0,0,12000,0,CST-6,0,0,1.4,100,1,SSW,1,12/1/2018,1502,40.2219,-90.7732,40.2415,-90.7663
794980,MORGAN CO.,MEREDOSIA,2018,12,1,1501,EF0,0,0,0,0,0,CST-6,0,0,1.71,50,3,ENE,5,12/1/2018,1503,39.8559,-90.5192,39.8754,-90.4992
794982,CASS CO.,HAGENER,2018,12,1,1509,EF0,0,0,0,35000,0,CST-6,0,0,0.64,50,4,W,3,12/1/2018,1510,39.9115,-90.4667,39.9191,-90.4599
798889,MCDONOUGH CO.,INDUSTRY,2018,12,1,1518,EF0,0,0,0,0,0,CST-6,0,0,0.1,15,3,NW,3,12/1/2018,1519,40.36,-90.65,40.36,-90.65
794983,CASS CO.,BEARDSTOWN,2018,12,1,1525,EF1,1,0,0,200000,0,CST-6,0,0,4.23,200,1,SSE,4,12/1/2018,1533,40.0005,-90.4201,40.0529,-90.3788
798890,MCDONOUGH CO.,BARDOLPH,2018,12,1,1541,EF0,0,0,0,0,0,CST-6,0,0,0.1,15,2,SW,2,12/1/2018,1542,40.48,-90.59,40.48,-90.59
794985,MASON CO.,SNICARTE,2018,12,1,1544,EF0,0,0,0,0,0,CST-6,0,0,1.67,25,5,W,4,12/1/2018,1546,40.1203,-90.3157,40.139,-90.2956
794991,SCHUYLER CO.,BLUFF CITY,2018,12,1,1551,EF1,1,0,0,260000,0,CST-6,0,0,2.13,200,2,SW,0,12/1/2018,1555,40.1622,-90.2581,40.1844,-90.2302
794995,FULTON CO.,MARBLETOWN,2018,12,1,1555,EF1,1,0,0,350000,0,CST-6,0,0,13.48,450,4,SSW,1,12/1/2018,1618,40.1844,-90.2302,40.3652,-90.1343
788455,MACOUPIN CO.,STAUNTON,2018,12,1,1559,EF1,1,0,0,0,0,CST-6,0,0,1.39,50,2,ENE,2,12/1/2018,1601,39.031,-89.7523,39.0465,-89.7359
788456,MONTGOMERY CO.,LAKE LOU YAEGER,2018,12,1,1609,EF1,1,0,0,0,0,CST-6,0,0,8.03,75,3,W,3,12/1/2018,1629,39.2315,-89.6819,39.3352,-89.6143
788457,MONTGOMERY CO.,LITCHFIELD,2018,12,1,1616,EF2,2,0,0,0,0,CST-6,0,0,6.79,100,2,SSE,3,12/1/2018,1629,39.1522,-89.6324,39.2361,-89.5663
788458,MONTGOMERY CO.,BUTLER,2018,12,1,1632,EF1,1,0,0,0,0,CST-6,0,0,1.97,50,4,NNW,3,12/1/2018,1636,39.2584,-89.5486,39.2832,-89.5304
795004,FULTON CO.,MAPLES MILL,2018,12,1,1645,EF0,0,0,0,20000,0,CST-6,0,0,5.54,25,2,NNE,2,12/1/2018,1656,40.4543,-90.0113,40.5286,-89.9716
788459,MONTGOMERY CO.,HARVEL,2018,12,1,1647,EF0,0,0,0,0,0,CST-6,0,0,0.06,25,4,E,4,12/1/2018,1648,39.348,-89.4577,39.3488,-89.4571
795006,CHRISTIAN CO.,HARVEL,2018,12,1,1648,EF0,0,0,0,140000,0,CST-6,0,0,3.05,200,4,E,3,12/1/2018,1654,39.3488,-89.4572,39.3866,-89.4278
795007,MASON CO.,POPLAR CITY,2018,12,1,1653,EF1,1,0,0,65000,0,CST-6,0,0,11.68,250,1,S,2,12/1/2018,1717,40.2325,-89.9335,40.3626,-89.792
795053,CHRISTIAN CO.,PALMER,2018,12,1,1701,EF3,3,0,22,118900000,0,CST-6,0,0,12.49,900,3,SSE,2,12/1/2018,1725,39.414,-89.395,39.5784,-89.2976
795037,TAZEWELL CO.,PARKLAND,2018,12,1,1734,EF0,0,0,0,80000,0,CST-6,0,0,0.12,50,1,NE,2,12/1/2018,1735,40.4673,-89.7347,40.4685,-89.7331
795038,CHRISTIAN CO.,STONINGTON,2018,12,1,1734,EF2,2,0,0,3300000,0,CST-6,0,0,8.39,400,0,W,1,12/1/2018,1752,39.6301,-89.2008,39.746,-89.1535
795039,MACON CO.,BLACKLAND,2018,12,1,1753,EF1,1,0,0,325000,0,CST-6,0,0,4.27,250,3,SW,2,12/1/2018,1759,39.7469,-89.1378,39.8033,-89.1047
795040,MACON CO.,HARRISTOWN,2018,12,1,1803,EF0,0,0,0,25000,0,CST-6,0,0,0.41,50,1,SSW,1,12/1/2018,1804,39.837,-89.0869,39.8419,-89.0825
795041,SANGAMON CO.,DERRY FARM,2018,12,1,1816,EF1,1,0,0,225000,0,CST-6,0,0,4.57,100,1,S,3,12/1/2018,1833,39.7488,-89.4999,39.798,-89.4424
795044,MACON CO.,MAROA,2018,12,1,1831,EF1,1,0,0,150000,0,CST-6,0,0,1.13,320,2,SSE,1,12/1/2018,1833,40.0074,-88.9441,40.0229,-88.9374
795048,MCLEAN CO.,EMPIRE,2018,12,1,1906,EF1,1,0,0,75000,0,CST-6,0,0,0.21,50,3,WSW,3,12/1/2018,1907,40.2894,-88.7791,40.2924,-88.7793
795049,MCLEAN CO.,LE ROY,2018,12,1,1918,EF2,2,0,0,75000,0,CST-6,0,0,2.44,100,3,NE,2,12/1/2018,1920,40.3839,-88.7228,40.4162,-88.7042
795051,MCLEAN CO.,PADUA,2018,12,1,1921,EF0,0,0,0,30000,0,CST-6,0,0,0.12,25,3,S,3,12/1/2018,1922,40.4102,-88.7671,40.4119,-88.7678
795052,MCLEAN CO.,COLFAX,2018,12,1,1942,EF1,1,0,0,110000,0,CST-6,0,0,0.49,75,3,W,3,12/1/2018,1944,40.5655,-88.6713,40.5726,-88.6725
802646,WILL CO.,LORENZO,2019,1,18,1605,EFU,NaN,0,0,0,0,CST-6,0,0,0.06,25,1,W,1,1/18/2019,1606,41.3494,-88.2408,41.3493,-88.2419
812377,PULASKI CO.,PULASKI,2019,4,24,1459,EF0,0,0,0,1000,0,CST-6,0,0,0.23,30,1,S,1,4/24/2019,1500,37.202,-89.198,37.2035,-89.1942
827433,MONTGOMERY CO.,DONNELLSON,2019,4,30,1452,EF0,0,0,0,0,0,CST-6,0,0,1.17,25,1,N,2,4/30/2019,1454,39.0456,-89.4682,39.0517,-89.4478
827859,MONROE CO.,WATERLOO,2019,5,21,1801,EF0,0,0,0,0,0,CST-6,0,0,0.34,50,2,NNW,2,5/21/2019,1802,38.3638,-90.1609,38.3657,-90.1551
825650,HANCOCK CO.,SUTTER,2019,5,22,1917,EF1,1,0,0,0,0,CST-6,0,0,0.53,30,4,N,4,5/22/2019,1918,40.3319,-91.3222,40.3349,-91.3129
819609,SCHUYLER CO.,PLEASANT VIEW,2019,5,22,2056,EF0,0,0,0,0,0,CST-6,0,0,1.75,50,2,NNW,3,5/22/2019,2059,40.1273,-90.4811,40.1196,-90.5126
819610,SANGAMON CO.,CANTRALL,2019,5,22,2315,EF1,1,0,0,0,0,CST-6,0,0,6.53,150,1,SW,3,5/22/2019,2320,39.9199,-89.6909,39.9761,-89.5919
819611,MENARD CO.,FANCY PRAIRIE,2019,5,22,2320,EF1,1,0,0,0,0,CST-6,0,0,0.95,150,2,SSE,2,5/22/2019,2321,39.9761,-89.5919,39.9851,-89.5784
819613,LOGAN CO.,ELKHART,2019,5,22,2321,EF1,1,0,0,0,0,CST-6,0,0,7.77,150,6,WSW,1,5/22/2019,2327,39.9851,-89.5784,40.0667,-89.4773
819618,LOGAN CO.,LINCOLN,2019,5,22,2333,EF1,1,0,0,0,0,CST-6,0,0,2.7,100,2,NW,4,5/22/2019,2337,40.1719,-89.3926,40.2105,-89.385
819622,PIATT CO.,CISCO,2019,5,23,10,EF1,1,0,0,0,0,CST-6,0,0,1.34,200,1,SSW,1,5/23/2019,12,40.0116,-88.7367,40.016,-88.712
819625,VERMILION CO.,MUNCIE,2019,5,23,106,EF1,1,0,0,0,0,CST-6,0,0,1.56,200,1,SSW,1,5/23/2019,108,40.1133,-87.8552,40.1253,-87.8303
820942,CLAY CO.,XENIA,2019,5,23,715,EF0,0,0,0,0,0,CST-6,0,0,0.73,20,4,WSW,3,5/23/2019,716,38.6161,-88.693,38.6176,-88.6796
825679,MCDONOUGH CO.,FANDON,2019,5,24,1133,EF1,1,0,0,0,0,CST-6,0,0,7.75,50,2,ESE,3,5/24/2019,1138,40.3624,-90.7368,40.374,-90.5904
825662,MCDONOUGH CO.,PENNINGTON PT,2019,5,24,1141,EF1,1,0,0,0,0,CST-6,0,0,1.85,30,2,SSW,3,5/24/2019,1145,40.3674,-90.5595,40.36,-90.5258
832909,FULTON CO.,BERNADOTTE,2019,5,24,1210,EF0,0,0,0,10000,0,CST-6,0,0,1.17,20,3,ESE,4,5/24/2019,1212,40.3799,-90.2619,40.3825,-90.2399
820994,TAZEWELL CO.,PARKLAND,2019,5,25,2214,EF1,1,0,0,0,0,CST-6,0,0,1.15,200,3,SE,3,5/25/2019,2216,40.4188,-89.7073,40.4251,-89.687
821001,TAZEWELL CO.,GREEN VLY,2019,5,25,2219,EF1,1,0,0,0,0,CST-6,0,0,0.72,150,1,NNW,2,5/25/2019,2220,40.4198,-89.6378,40.424,-89.6253
821008,CHAMPAIGN CO.,CHAMPAIGN,2019,5,26,23,EF1,1,0,0,0,0,CST-6,0,0,0.9,250,2,SSW,2,5/26/2019,25,40.0948,-88.2679,40.0931,-88.251
821014,CHAMPAIGN CO.,URBANA,2019,5,26,27,EF1,1,0,0,0,0,CST-6,0,0,0.85,250,1,SSW,1,5/26/2019,29,40.0866,-88.2083,40.0859,-88.1922
821018,CHAMPAIGN CO.,TIPTON,2019,5,26,35,EF1,1,0,0,0,0,CST-6,0,0,1.01,250,2,NW,1,5/26/2019,37,40.0986,-88.0571,40.0967,-88.0381
819553,KENDALL CO.,KENTLAND,2019,5,27,1247,EF0,0,0,0,0,0,CST-6,0,0,0.97,30,2,NNE,2,5/27/2019,1248,41.5732,-88.4136,41.573,-88.3948
819554,WILL CO.,LOCKPORT LEWIS ARPT,2019,5,27,1304,EF0,0,0,0,0,0,CST-6,0,0,3.23,300,3,WNW,1,5/27/2019,1314,41.6174,-88.1374,41.6123,-88.0752
821095,KNOX CO.,DAHINDA,2019,5,27,1415,EF0,0,0,0,0,0,CST-6,0,0,0.08,10,2,SSE,2,5/27/2019,1416,40.9093,-90.1087,40.9102,-90.1077
819555,LEE CO.,ROXBURY,2019,5,27,1527,EF0,0,0,0,0,0,CST-6,0,0,0.69,30,3,S,3,5/27/2019,1528,41.6579,-89.0466,41.6579,-89.0332
819556,COOK CO.,SAUK VLG,2019,5,27,1527,EF0,0,0,0,0,0,CST-6,0,0,0.84,50,2,E,2,5/27/2019,1530,41.4825,-87.5464,41.4903,-87.5339
821098,WOODFORD CO.,BENSON,2019,5,27,1538,EF0,0,0,0,0,0,CST-6,0,0,0.13,10,3,NW,3,5/27/2019,1539,40.8873,-89.1621,40.8885,-89.1602
821109,VERMILION CO.,JAMESBURG,2019,5,28,1506,EF0,0,0,0,0,0,CST-6,0,0,0.16,10,3,SE,3,5/28/2019,1507,40.234,-87.7104,40.2326,-87.7079
824458,CHRISTIAN CO.,OSBERNVILLE,2019,5,29,1528,EF0,0,0,0,0,0,CST-6,0,0,0.23,20,4,SSW,4,5/29/2019,1530,39.6928,-89.2137,39.6935,-89.2094
824461,CHRISTIAN CO.,ROBY,2019,5,29,1530,EF0,0,0,0,0,0,CST-6,0,0,0.23,20,1,NE,1,5/29/2019,1532,39.7369,-89.3935,39.7372,-89.3907
824470,CHRISTIAN CO.,OSBERNVILLE,2019,5,29,1535,EF0,0,0,0,0,0,CST-6,0,0,0.29,20,5,SSE,5,5/29/2019,1538,39.6887,-89.1509,39.6893,-89.1455
824473,MACON CO.,BLUE MOUND,2019,5,29,1550,EF0,0,0,0,0,0,CST-6,0,0,0.46,20,2,E,2,5/29/2019,1556,39.7001,-89.0824,39.7007,-89.0738
840605,ST. CLAIR CO.,SUGARLOAF HGTS,2019,6,12,1714,EF0,0,0,0,10000,0,CST-6,0,0,0.53,10,3,ESE,4,6/12/2019,1717,38.4765,-90.1512,38.4707,-90.1448
842178,MACOUPIN CO.,MT CLARE,2019,6,15,1343,EF0,0,0,0,0,0,CST-6,0,0,1.82,30,0,SSE,1,6/15/2019,1347,39.0977,-89.8282,39.0974,-89.7942
834405,MERCER CO.,OGLE,2019,6,15,1938,EF1,1,0,0,0,0,CST-6,0,0,0.68,40,2,NW,1,6/15/2019,1939,41.1133,-90.9042,41.1147,-90.8912
827240,TAZEWELL CO.,PEKIN MUNI ARPT,2019,6,15,2119,EF1,1,0,0,60000,0,CST-6,0,0,2.43,200,2,ESE,1,6/15/2019,2122,40.4648,-89.6351,40.4698,-89.6808
827241,MCLEAN CO.,LAURETTE,2019,6,15,2236,EF1,1,0,0,40000,0,CST-6,0,0,1.94,50,2,N,1,6/15/2019,2239,40.3591,-88.5289,40.3741,-88.4978
839408,CHRISTIAN CO.,MOWEAQUA,2019,6,19,1740,EF0,0,0,0,0,0,CST-6,0,0,0.1,10,2,W,2,6/19/2019,1741,39.6214,-89.0559,39.6221,-89.0542
842225,MARION CO.,CARTTER,2019,6,19,1822,EF0,0,0,0,0,0,CST-6,0,0,0.08,25,3,NNW,3,6/19/2019,1823,38.574,-88.938,38.574,-88.9365
837211,MOULTRIE CO.,DUNN,2019,6,19,1822,EF0,0,0,0,0,0,CST-6,0,0,0.11,10,2,N,2,6/19/2019,1823,39.6451,-88.6948,39.6452,-88.6927
826696,POPE CO.,WALTERSBURG,2019,6,23,1610,EF1,1,0,0,40000,0,CST-6,0,0,2.8,120,3,ENE,2,6/23/2019,1615,37.402,-88.523,37.421,-88.478
838296,IROQUOIS CO.,GILMAN,2019,6,30,1339,EFU,NaN,0,0,0,0,CST-6,0,0,0.15,25,1,SE,2,6/30/2019,1341,40.7549,-87.9614,40.7527,-87.9613
845913,IROQUOIS CO.,FREEDVILLE,2019,7,21,1231,EFU,NaN,0,0,0,0,CST-6,0,0,0.4,25,3,WSW,3,7/21/2019,1234,40.8531,-87.8112,40.8583,-87.8077
847006,CHRISTIAN CO.,SHARPSBURG,2019,8,12,2008,EF1,1,0,0,75000,630000,CST-6,0,0,6.25,200,2,NNE,1,8/12/2019,2021,39.6475,-89.3382,39.5978,-89.2401
847007,CHRISTIAN CO.,ASSUMPTION,2019,8,12,2040,EF0,0,0,0,20000,0,CST-6,0,0,1.5,75,1,N,2,8/12/2019,2043,39.5356,-89.0517,39.5316,-89.0241
847010,SHELBY CO.,MOWEAQUA,2019,8,12,2043,EF0,0,0,0,0,100000,CST-6,0,0,0.41,50,6,S,6,8/12/2019,2044,39.5316,-89.0241,39.5304,-89.0166
853726,MACON CO.,KNIGHTS,2019,8,21,1859,EF0,0,0,0,0,0,CST-6,0,0,0.13,10,2,NW,2,8/21/2019,1900,39.8181,-89.0091,39.8182,-89.0067
857097,CUMBERLAND CO.,NEOGA,2019,9,1,1331,EF0,0,0,0,0,0,CST-6,0,0,0.31,20,8,S,8,9/1/2019,1333,39.2051,-88.4484,39.2088,-88.445
855389,LAKE CO.,WAUKEGAN MEM ARPT,2019,9,3,1739,EF1,1,0,1,0,0,CST-6,0,0,3.1,200,1,SSE,1,9/3/2019,1743,42.4113,-87.8624,42.403,-87.8029
857222,FULTON CO.,BREEDS,2019,9,27,1922,EF0,0,0,0,85000,0,CST-6,0,0,1.88,100,2,NNW,2,9/27/2019,1927,40.5804,-89.9402,40.5716,-89.9064
857115,LOGAN CO.,EMDEN,2019,9,29,1518,EF0,0,0,0,0,20000,CST-6,0,0,2.73,50,2,WNW,1,9/29/2019,1526,40.3071,-89.5167,40.3023,-89.4652
866155,UNION CO.,WARE,2020,1,11,202,EF1,1,0,0,80000,0,CST-6,0,0,0.86,50,0,SSW,1,1/11/2020,203,37.446,-89.4021,37.45,-89.3872
875714,PERRY CO.,SUNFIELD,2020,3,19,1444,EF1,1,0,1,300000,0,CST-6,0,0,3.17,125,1,WSW,2,3/19/2020,1446,38.0649,-89.2442,38.0826,-89.1904
875715,JEFFERSON CO.,BELLE RIVE,2020,3,19,1522,EF0,0,0,0,3000,0,CST-6,0,0,0.58,75,3,SSE,3,3/19/2020,1523,38.191,-88.712,38.1959,-88.7033
875716,HAMILTON CO.,DAHLGREN,2020,3,19,1523,EF1,1,0,0,125000,0,CST-6,0,0,2.32,300,1,WSW,1,3/19/2020,1526,38.1959,-88.7033,38.2124,-88.6661
879409,KNOX CO.,ONEIDA,2020,3,28,1639,EFU,NaN,0,0,0,0,CST-6,0,0,0.12,10,2,SW,1,3/28/2020,1640,41.0624,-90.238,41.0636,-90.2364
880149,HENRY CO.,CAMBRIDGE,2020,3,28,1843,EFU,NaN,0,0,0,0,CST-6,0,0,1.07,10,2,WSW,2,3/28/2020,1844,41.28,-90.24,41.296,-90.2313
879410,FULTON CO.,IPAVA,2020,3,28,1901,EF1,1,0,0,100000,0,CST-6,0,0,2.06,100,1,S,2,3/28/2020,1904,40.3361,-90.319,40.3567,-90.2908
880152,WHITESIDE CO.,LEON CORNERS,2020,3,28,1920,EF1,1,0,0,0,0,CST-6,0,0,2.17,20,2,E,4,3/28/2020,1922,41.6003,-89.8725,41.6313,-89.8658
879411,PEORIA CO.,BARTONVILLE,2020,3,28,1958,EF1,1,0,0,300000,0,CST-6,0,0,3.27,50,1,NNW,1,3/28/2020,2003,40.6571,-89.6754,40.6922,-89.6334
878324,OGLE CO.,HONEY CREEK,2020,3,28,2013,EF1,1,0,0,0,0,CST-6,0,0,7.03,400,1,NW,1,3/28/2020,2024,42.0178,-89.2964,42.0954,-89.2079
884843,SANGAMON CO.,DAWSON,2020,4,28,1756,EF0,0,0,0,100000,0,CST-6,0,0,2.1,100,1,WNW,1,4/28/2020,1801,39.8569,-89.4962,39.8527,-89.457
892847,HENRY CO.,GERMAN CORNER,2020,5,14,2116,EF1,1,0,0,0,0,CST-6,0,0,4.26,100,3,WNW,4,5/14/2020,2120,41.3179,-90.0762,41.3668,-90.0262
884749,KENDALL CO.,MILLBROOK,2020,5,17,1415,EFU,NaN,0,0,0,0,CST-6,0,0,0.69,25,2,WNW,2,5/17/2020,1416,41.61,-88.59,41.62,-88.59
891187,MACON CO.,MACON,2020,5,17,1506,EF0,0,0,0,10000,0,CST-6,0,0,4.04,75,2,NNE,1,5/17/2020,1514,39.7295,-88.9909,39.7834,-88.9616
884750,GRUNDY CO.,PEQUOT,2020,5,17,1626,EFU,NaN,0,0,0,0,CST-6,0,0,0.52,25,1,S,1,5/17/2020,1627,41.26,-88.28,41.26,-88.27
891312,PIATT CO.,LINTNER,2020,5,19,1707,EFU,NaN,0,0,0,0,CST-6,0,0,0.88,25,2,NNE,2,5/19/2020,1715,39.8278,-88.6535,39.8229,-88.6689
891319,WOODFORD CO.,PANOLA,2020,5,23,1254,EF0,0,0,0,20000,0,CST-6,0,0,3.46,75,1,WSW,3,5/23/2020,1259,40.7742,-89.0324,40.8113,-88.9879
892886,WHITESIDE CO.,MALVERN,2020,5,23,1329,EF1,1,0,0,0,0,CST-6,0,0,9.91,30,1,S,4,5/23/2020,1349,41.8314,-89.8794,41.9309,-89.7407
892887,CARROLL CO.,MILLEDGEVILLE,2020,5,23,1349,EF1,1,0,0,0,0,CST-6,0,0,2.34,30,3,SE,2,5/23/2020,1353,41.9309,-89.7407,41.9557,-89.7096
892438,GRUNDY CO.,SANK RIDGE,2020,5,23,1353,EF0,0,0,1,0,0,CST-6,0,0,1.97,100,2,N,1,5/23/2020,1357,41.4535,-88.3269,41.4618,-88.2906
892439,KENDALL CO.,WHITE WILLOW,2020,5,23,1357,EF0,0,0,0,0,0,CST-6,0,0,2.07,100,5,E,7,5/23/2020,1402,41.4618,-88.2906,41.4709,-88.2525
892441,WILL CO.,BIRDS,2020,5,23,1402,EF0,0,0,0,0,0,CST-6,0,0,2.26,100,3,W,1,5/23/2020,1407,41.4709,-88.2525,41.48,-88.2105
892888,JO DAVIESS CO.,WARREN,2020,5,23,1518,EFU,NaN,0,0,0,0,CST-6,0,0,0.53,20,0,SE,1,5/23/2020,1520,42.4988,-89.9785,42.5047,-89.9718
888921,OGLE CO.,CHANA,2020,5,23,1530,EF1,1,0,0,0,0,CST-6,0,0,0.3,100,1,SW,1,5/23/2020,1532,41.9673,-89.2434,41.9699,-89.2386
888922,DE KALB CO.,NEW LEBANON,2020,5,23,1706,EF0,0,0,0,0,0,CST-6,0,0,2.2,50,3,NNW,3,5/23/2020,1713,42.1393,-88.63,42.1475,-88.5886
892434,KANE CO.,HAMPSHIRE,2020,5,23,1713,EF0,0,0,0,0,0,CST-6,0,0,1,50,4,NW,4,5/23/2020,1716,42.1475,-88.5886,42.1513,-88.5698
887462,CLINTON CO.,POSEY,2020,5,27,1834,EFU,NaN,0,0,0,0,CST-6,0,0,0.07,10,2,WSW,2,5/27/2020,1835,38.519,-89.3876,38.5194,-89.3865
891348,PEORIA CO.,EDELSTEIN,2020,5,28,1510,EFU,NaN,0,0,0,0,CST-6,0,0,1.69,25,0,SW,1,5/28/2020,1515,40.9275,-89.6348,40.9474,-89.616
887466,MONTGOMERY CO.,BARNETT,2020,5,28,1650,EFU,NaN,0,0,0,0,CST-6,0,0,2.88,100,3,NNE,2,5/28/2020,1655,39.3127,-89.6706,39.3512,-89.6499
891349,MOULTRIE CO.,BETHANY,2020,5,28,1825,EFU,NaN,0,0,0,0,CST-6,0,0,0.36,20,2,NNE,2,5/28/2020,1826,39.6828,-88.7211,39.6833,-88.7143
891350,MOULTRIE CO.,ULLRICH,2020,5,28,1834,EFU,NaN,0,0,0,0,CST-6,0,0,0.31,20,1,E,1,5/28/2020,1835,39.7314,-88.6628,39.7322,-88.6571
904020,FORD CO.,PIPER CITY,2020,6,9,1724,EFU,NaN,0,0,0,0,CST-6,0,0,1.7,75,4,SSE,4,6/9/2020,1726,40.6997,-88.1472,40.7168,-88.1239
904021,IROQUOIS CO.,RIDGEVILLE,2020,6,9,1726,EFU,NaN,0,0,0,0,CST-6,0,0,2.66,75,3,W,2,6/9/2020,1728,40.7168,-88.1239,40.7435,-88.0872
908262,LEE CO.,VAN PETTEN,2020,7,4,1802,EFU,NaN,0,0,0,0,CST-6,0,0,0.1,25,6,S,6,7/4/2020,1803,41.6103,-89.6091,41.6098,-89.611
903589,WHITESIDE CO.,STERLING,2020,7,8,1504,EFU,NaN,0,0,0,0,CST-6,0,0,0.31,10,3,NE,3,7/8/2020,1505,41.8236,-89.6574,41.8253,-89.6519
914257,TAZEWELL CO.,GREEN VLY,2020,7,15,1237,EFU,NaN,0,0,0,0,CST-6,0,0,0.12,10,3,NW,3,7/15/2020,1238,40.4312,-89.6766,40.4328,-89.6755
914258,TAZEWELL CO.,SOUTH PEKIN,2020,7,15,1245,EFU,NaN,0,0,0,0,CST-6,0,0,0.13,10,1,N,1,7/15/2020,1246,40.5094,-89.65,40.5112,-89.6492
914259,MCLEAN CO.,GRIDLEY,2020,7,15,1504,EFU,NaN,0,0,0,0,CST-6,0,0,0.21,10,2,SE,2,7/15/2020,1505,40.7306,-88.8566,40.7335,-88.8554
914260,MORGAN CO.,ROHRER,2020,7,15,1528,EF0,0,0,0,10000,20000,CST-6,0,0,0.98,50,1,WSW,1,7/15/2020,1530,39.6426,-89.9681,39.6557,-89.9609
914261,SANGAMON CO.,PROUTY,2020,7,15,1530,EF0,0,0,0,10000,50000,CST-6,0,0,3.16,50,2,WSW,2,7/15/2020,1537,39.6557,-89.9609,39.6992,-89.9428
905890,MACOUPIN CO.,PALMYRA ZELMER ARPT,2020,7,15,1547,EFU,NaN,0,0,0,0,CST-6,0,0,0.15,15,3,ESE,3,7/15/2020,1548,39.4062,-89.9277,39.4077,-89.9258
905891,MONTGOMERY CO.,WALSHVILLE,2020,7,15,1558,EF0,0,0,0,0,0,CST-6,0,0,3.21,75,5,WSW,3,7/15/2020,1602,39.0338,-89.6904,39.0767,-89.6673
905910,MONTGOMERY CO.,WALSHVILLE,2020,7,15,1605,EF0,0,0,0,0,0,CST-6,0,0,0.57,50,2,NE,2,7/15/2020,1606,39.0907,-89.5977,39.0987,-89.5953
905911,MONTGOMERY CO.,FARMERSVILLE,2020,7,15,1618,EF0,0,0,0,0,0,CST-6,0,0,3.89,300,4,NW,5,7/15/2020,1625,39.4725,-89.6871,39.5239,-89.6576
914262,SANGAMON CO.,DIVERNON,2020,7,15,1625,EF0,0,0,0,0,5000,CST-6,0,0,0.64,100,3,SSE,3,7/15/2020,1626,39.5239,-89.6576,39.529,-89.6676
909540,MASSAC CO.,METROPOLIS MUNI ARPT,2020,7,20,1401,EF0,0,0,0,15000,0,CST-6,0,0,0.26,30,3,ENE,3,7/20/2020,1402,37.1898,-88.6992,37.1905,-88.6946
914562,SANGAMON CO.,COMPRO,2020,7,21,1505,EF1,1,0,0,300000,50000,CST-6,0,0,4.36,100,3,NW,2,7/21/2020,1509,39.5972,-89.813,39.6117,-89.7332
909308,MONTGOMERY CO.,WHITE OAK,2020,7,21,1518,EFU,NaN,0,0,0,0,CST-6,0,0,0.2,10,1,N,1,7/21/2020,1519,39.5135,-89.5666,39.5151,-89.5634
916000,STEPHENSON CO.,FLORENCE,2020,8,10,1312,EF0,0,0,0,0,0,CST-6,0,0,4.59,50,2,WSW,1,8/10/2020,1317,42.2119,-89.6884,42.2697,-89.6446
913059,WINNEBAGO CO.,RCKFRD COTTONWOOD AR,2020,8,10,1337,EF0,0,0,0,0,0,CST-6,0,0,1.58,50,2,S,2,8/10/2020,1338,42.2495,-89.1332,42.262,-89.1073
913065,WINNEBAGO CO.,SAMUELSON CORNERS,2020,8,10,1347,EF1,1,0,0,0,0,CST-6,0,0,6.03,300,1,SSE,2,8/10/2020,1359,42.2806,-89.022,42.3436,-88.9403
914396,DE KALB CO.,FAIRDALE,2020,8,10,1350,EF0,0,0,0,0,0,CST-6,0,0,6.28,40,0,SSE,3,8/10/2020,1357,42.0962,-88.9266,42.1244,-88.8101
913081,BOONE CO.,CALEDONIA,2020,8,10,1359,EF1,1,0,0,0,0,CST-6,0,0,3.15,300,3,SW,1,8/10/2020,1405,42.3436,-88.9403,42.3692,-88.8891
913261,LA SALLE CO.,OTTAWA,2020,8,10,1359,EF1,1,0,0,0,0,CST-6,0,0,0.9,150,0,NE,1,8/10/2020,1400,41.3534,-88.8448,41.3523,-88.8275
914488,MCHENRY CO.,CORAL,2020,8,10,1405,EF1,1,0,0,0,0,CST-6,0,0,5.73,200,5,WSW,1,8/10/2020,1411,42.1808,-88.6548,42.2233,-88.5587
913262,KANE CO.,MAPLE PARK,2020,8,10,1412,EF1,1,0,0,0,0,CST-6,0,0,1.21,40,2,ENE,2,8/10/2020,1414,41.9173,-88.5605,41.9179,-88.537
914771,KENDALL CO.,YORKVILLE,2020,8,10,1415,EF1,1,0,0,0,0,CST-6,0,0,10.47,250,1,SSW,8,8/10/2020,1426,41.6212,-88.455,41.5888,-88.2571
914777,WILL CO.,CATON FARM,2020,8,10,1426,EF1,1,0,0,0,0,CST-6,0,0,3.98,250,1,NNW,2,8/10/2020,1430,41.5888,-88.2571,41.5658,-88.1865
914492,DU PAGE CO.,WHEATON,2020,8,10,1435,EF1,1,0,0,0,0,CST-6,0,0,0.36,100,1,ESE,1,8/10/2020,1436,41.8673,-88.1038,41.8685,-88.097
914531,DU PAGE CO.,LOMBARD,2020,8,10,1439,EF1,1,0,0,0,0,CST-6,0,0,2.15,200,0,NNE,0,8/10/2020,1442,41.8851,-88.0166,41.9004,-87.9803
914180,LAKE CO.,CHANNEL LAKE,2020,8,10,1441,EF1,1,0,0,0,0,CST-6,0,0,1.75,150,2,W,2,8/10/2020,1445,42.475,-88.1895,42.4954,-88.1691
915476,COOK CO.,GOESELVILLE,2020,8,10,1454,EF1,1,0,0,0,0,CST-6,0,0,4.84,300,0,WSW,1,8/10/2020,1459,41.618,-87.7868,41.6182,-87.6931
914788,COOK CO.,PARK FOREST SOUTH,2020,8,10,1457,EF0,0,0,0,0,0,CST-6,0,0,1.97,350,1,E,1,8/10/2020,1459,41.4693,-87.7017,41.4801,-87.6665
917002,COOK CO.,LINCOLNWOOD,2020,8,10,1459,EF1,1,0,0,0,0,CST-6,0,0,3.19,300,1,NNE,1,8/10/2020,1504,42.0087,-87.724,42.0168,-87.6628
914862,KANKAKEE CO.,GRANT PARK,2020,8,10,1504,EF0,0,0,0,0,0,CST-6,0,0,1.47,150,1,NW,1,8/10/2020,1506,41.2431,-87.6638,41.2369,-87.6368
924595,MERCER CO.,JOY,2020,11,10,1345,EF1,1,0,0,0,0,CST-6,0,0,14.03,50,2,SSW,1,11/10/2020,1403,41.1699,-90.8965,41.3288,-90.7283
924589,MERCER CO.,BURGESS,2020,11,10,1402,EF1,1,0,0,0,0,CST-6,0,0,0.54,30,2,WSW,2,11/10/2020,1403,41.1233,-90.6691,41.1296,-90.6631
924596,ROCK ISLAND CO.,REYNOLDS,2020,11,10,1403,EF1,1,0,0,0,0,CST-6,0,0,6.31,50,3,W,2,11/10/2020,1407,41.3288,-90.7283,41.3974,-90.6479
924594,WHITESIDE CO.,ALBANY,2020,11,10,1438,EF1,1,0,0,0,0,CST-6,0,0,0.26,100,2,SSE,2,11/10/2020,1439,41.7506,-90.2019,41.7533,-90.1984
924590,HENRY CO.,ATKINSON,2020,11,10,1442,EF1,1,0,0,0,0,CST-6,0,0,0.32,30,2,WSW,2,11/10/2020,1443,41.4094,-90.0609,41.4128,-90.0569
924592,WHITESIDE CO.,ROUND GROVE,2020,11,10,1450,EF1,1,0,0,0,0,CST-6,0,0,3.47,100,2,SSW,2,11/10/2020,1453,41.7479,-89.8849,41.7801,-89.8342
924593,WHITESIDE CO.,MORRISON-ROCKWOOD SP,2020,11,10,1500,EF1,1,0,0,0,0,CST-6,0,0,4.28,100,2,E,1,11/10/2020,1507,41.8512,-89.9391,41.9094,-89.9101
929632,DE KALB CO.,SOMONAUK,2020,11,10,1619,EF0,0,0,0,0,0,CST-6,0,0,9.99,50,5,NW,2,11/10/2020,1631,41.67,-88.75,41.77,-88.61
929633,KANE CO.,VIRGIL,2020,11,10,1639,EF0,0,0,0,0,0,CST-6,0,0,3.72,50,3,S,1,11/10/2020,1642,41.91,-88.53,41.94,-88.47
948777,PIKE CO.,ROCKPORT,2021,3,23,1819,EFU,0,0,0,0,0,CST-6,0,0,1.48,10,2,WNW,2,3/23/2021,1822,39.54,-91.05,39.56,-91.04
950586,MASON CO.,MASON CITY,2021,3,23,2128,EF0,0,0,0,25000,0,CST-6,0,0,2.1,30,3,NW,4,3/23/2021,2134,40.2375,-89.7394,40.2617,-89.7154
950783,MADISON CO.,ST JACOB,2021,3,27,1808,EF1,1,0,0,0,0,CST-6,0,0,5.29,700,1,N,0,3/27/2021,1815,38.7323,-89.7697,38.7347,-89.6716
950815,COLES CO.,HUMBOLDT,2021,4,28,1836,EFU,0,0,0,0,0,CST-6,0,0,0.11,25,3,NW,3,4/28/2021,1837,39.633,-88.3524,39.6343,-88.3513
950851,CASS CO.,ARENZVILLE,2021,5,3,1557,EFU,0,0,0,0,0,CST-6,0,0,0.5,50,3,ENE,3,5/3/2021,1559,39.8849,-90.3244,39.8821,-90.3157
950852,CASS CO.,VIRGINIA,2021,5,3,1605,EFU,0,0,0,0,0,CST-6,0,0,1.48,100,3,S,4,5/3/2021,1608,39.9074,-90.2119,39.9008,-90.1854
950853,SANGAMON CO.,PLEASANT PLAINS,2021,5,3,1627,EFU,0,0,0,0,0,CST-6,0,0,0.29,50,2,WNW,1,5/3/2021,1628,39.8799,-89.9497,39.8788,-89.9445
950855,SANGAMON CO.,DAWSON,2021,5,3,1710,EFU,0,0,0,0,0,CST-6,0,0,0.43,50,1,E,1,5/3/2021,1711,39.8478,-89.4508,39.8458,-89.4432
950856,SANGAMON CO.,MECHANICSBURG,2021,5,3,1714,EFU,0,0,0,0,0,CST-6,0,0,0.63,50,2,WNW,1,5/3/2021,1715,39.8267,-89.4282,39.8248,-89.4166
952532,CHRISTIAN CO.,DUNKEL,2021,5,6,1311,EF0,0,0,0,25000,0,CST-6,0,0,0.18,20,1,NNE,1,5/6/2021,1312,39.4865,-89.0643,39.4881,-89.067
952534,EFFINGHAM CO.,ALTAMONT,2021,5,6,1410,EFU,0,0,0,0,0,CST-6,0,0,0.06,10,3,S,3,5/6/2021,1411,39.0294,-88.7493,39.0287,-88.7485
952535,EFFINGHAM CO.,EDGEWOOD,2021,5,6,1430,EFU,0,0,0,0,0,CST-6,0,0,0.06,10,1,NNW,1,5/6/2021,1431,38.9375,-88.6597,38.9368,-88.6591
951713,WAYNE CO.,RINARD,2021,5,6,1600,EF0,0,0,0,0,0,CST-6,0,0,0.52,30,2,E,2,5/6/2021,1601,38.57,-88.433,38.5657,-88.4251
952536,RICHLAND CO.,SCHNELL,2021,5,6,1601,EFU,0,0,0,0,0,CST-6,0,0,0.12,10,2,ENE,2,5/6/2021,1602,38.6613,-88.2225,38.6598,-88.2215
958051,CLAY CO.,LOUISVILLE,2021,5,27,1429,EFU,0,0,0,0,0,CST-6,0,0,0.22,10,3,ESE,3,5/27/2021,1431,38.7593,-88.4532,38.7581,-88.4494
958052,CLAY CO.,SAILOR SPGS,2021,5,27,1443,EF0,0,0,0,45000,0,CST-6,0,0,2.76,50,2,SSE,4,5/27/2021,1449,38.7438,-88.3368,38.7201,-88.2955
958086,KNOX CO.,HERMON,2021,6,18,1050,EF1,1,0,0,150000,100000,CST-6,0,0,10.26,250,3,NNW,1,6/18/2021,1105,40.7871,-90.3382,40.7145,-90.1673
960421,DU PAGE CO.,ADDISON,2021,6,20,2154,EF0,0,0,0,0,0,CST-6,0,0,0.4,75,1,E,1,6/20/2021,2155,41.9291,-87.9783,41.9252,-87.9717
960280,DU PAGE CO.,NAPERVILLE,2021,6,20,2202,EF3,3,0,11,0,0,CST-6,0,0,14.8,600,3,SW,1,6/20/2021,2221,41.7451,-88.1947,41.7374,-87.9151
960214,WILL CO.,PLAINFIELD,2021,6,20,2208,EF0,0,0,0,0,0,CST-6,0,0,4.8,200,1,S,1,6/20/2021,2214,41.6134,-88.2032,41.5862,-88.1183
960282,COOK CO.,BURR RIDGE,2021,6,20,2221,EF3,3,0,0,0,0,CST-6,0,0,2.8,600,1,SSW,0,6/20/2021,2225,41.7374,-87.9151,41.7368,-87.8612
970271,MACOUPIN CO.,MODESTO WEBER ARPT,2021,6,24,1918,EFU,0,0,0,0,0,CST-6,0,0,0.23,10,3,NE,3,6/24/2021,1919,39.5153,-89.9178,39.5158,-89.9136
960085,CHAMPAIGN CO.,FISHER,2021,6,25,1627,EFU,0,0,0,0,0,CST-6,0,0,0.12,25,3,SSE,3,6/25/2021,1628,40.2782,-88.3316,40.2794,-88.3299
960100,MACON CO.,NEWBURG,2021,6,25,1701,EFU,0,0,0,0,0,CST-6,0,0,0.09,50,4,NNE,4,6/25/2021,1702,40.028,-88.7761,40.0292,-88.7767
960104,PIATT CO.,CISCO,2021,6,25,1708,EF0,0,0,0,0,0,CST-6,0,0,1.49,50,2,NNW,2,6/25/2021,1710,40.0423,-88.7408,40.0477,-88.7135
960113,PIATT CO.,DE LAND,2021,6,25,1720,EFU,0,0,0,0,0,CST-6,0,0,0.93,25,2,SW,2,6/25/2021,1722,40.0766,-88.6983,40.09,-88.6966
960458,IROQUOIS CO.,CLASSEN FIELD AIRPORT,2021,6,25,1906,EF1,1,0,0,0,0,CST-6,0,0,1.5,250,1,WSW,0,6/25/2021,1911,40.808,-88.0024,40.8207,-87.981
960114,MCLEAN CO.,GILLUM,2021,6,25,1926,EF0,0,0,0,0,0,CST-6,0,0,0.21,75,2,W,2,6/25/2021,1927,40.4025,-88.9336,40.4023,-88.9297
970656,GREENE CO.,BARROW,2021,6,26,1226,EFU,0,0,0,0,0,CST-6,0,0,0.15,25,1,NNE,1,6/26/2021,1228,39.5123,-90.3957,39.5128,-90.393
960591,WILL CO.,CRETE,2021,6,26,1306,EF0,0,0,0,0,0,CST-6,0,0,4.1,100,2,SSW,2,6/26/2021,1312,41.4273,-87.6465,41.4639,-87.5859
960136,LOGAN CO.,CORNLAND,2021,6,26,1435,EF0,0,0,0,0,0,CST-6,0,0,0.21,75,1,WNW,1,6/26/2021,1436,39.9347,-89.4093,39.9359,-89.4057
960603,LIVINGSTON CO.,CHATSWORTH,2021,6,26,1536,EF0,0,0,0,0,0,CST-6,0,0,0.7,75,0,SW,0,6/26/2021,1537,40.7473,-88.293,40.7551,-88.2853
966013,MORGAN CO.,CONCORD,2021,7,10,1255,EF1,1,0,0,0,0,CST-6,0,0,0.9,75,5,NW,5,7/10/2021,1258,39.8658,-90.4488,39.8716,-90.4336
966014,SCHUYLER CO.,DODDSVILLE,2021,7,10,1300,EF0,0,0,0,0,0,CST-6,0,0,0.11,50,3,ESE,3,7/10/2021,1302,40.27,-90.5988,40.2714,-90.598
966017,CASS CO.,VIRGINIA,2021,7,10,1322,EF0,0,0,0,0,0,CST-6,0,0,3.2,75,2,WSW,1,7/10/2021,1335,39.9355,-90.2493,39.9622,-90.2
966019,CASS CO.,CHANDLERVILLE,2021,7,10,1344,EF1,1,0,0,0,0,CST-6,0,0,2.42,75,3,SSW,1,7/10/2021,1351,40.0071,-90.1816,40.0341,-90.1526
966022,CASS CO.,NEWMANSVILLE,2021,7,10,1416,EFU,0,0,0,0,0,CST-6,0,0,0.07,10,3,SSE,3,7/10/2021,1417,39.9734,-90.0451,39.9742,-90.046
966267,CHAMPAIGN CO.,FISHER,2021,7,12,1130,EF0,0,0,0,12000,0,CST-6,0,0,0.72,50,2,WNW,3,7/12/2021,1135,40.3391,-88.3892,40.3479,-88.3818
966959,CUMBERLAND CO.,GREENUP,2021,7,29,1640,EF0,0,0,0,0,0,CST-6,0,0,0.52,50,4,ENE,4,7/29/2021,1643,39.2687,-88.1056,39.2613,-88.1043
966960,CRAWFORD CO.,MOREA,2021,7,29,1820,EF1,1,0,0,0,0,CST-6,0,0,0.39,75,1,NE,1,7/29/2021,1822,38.9471,-87.6053,38.9416,-87.6037
980583,DE KALB CO.,ESMOND,2021,8,9,1535,EF0,0,0,0,0,0,CST-6,0,0,0.1,20,2,NNW,2,8/9/2021,1536,42.0538,-88.9383,42.0538,-88.9359
980584,DE KALB CO.,KIRKLAND,2021,8,9,1544,EF1,1,0,0,0,0,CST-6,0,0,1.8,80,2,SSW,2,8/9/2021,1547,42.0628,-88.8742,42.0645,-88.8392
980587,MCHENRY CO.,MCCULLOM LAKE,2021,8,9,1545,EF1,1,0,0,0,0,CST-6,0,0,0.4,70,1,E,1,8/9/2021,1546,42.3622,-88.2786,42.3622,-88.2716
980593,KANE CO.,BURLINGTON,2021,8,9,1624,EF1,1,0,0,0,0,CST-6,0,0,3.8,100,3,W,1,8/9/2021,1639,42.0472,-88.5905,42.0382,-88.5185
980736,OGLE CO.,LINDENWOOD,2021,8,9,1628,EF0,0,0,0,0,0,CST-6,0,0,3.1,50,4,SSE,5,8/9/2021,1637,42.0024,-89.0029,42.0006,-88.9419
980738,DE KALB CO.,ESMOND,2021,8,9,1637,EF0,0,0,0,0,0,CST-6,0,0,3.7,50,2,SSW,2,8/9/2021,1647,42.0006,-88.9419,42.0001,-88.8703
980594,LEE CO.,PAW PAW AIRPORT,2021,8,9,1703,EFU,0,0,0,0,0,CST-6,0,0,1.3,75,2,SE,2,8/9/2021,1708,41.7068,-89.005,41.7163,-88.9825
973340,BUREAU CO.,VAN ORIN,2021,8,9,1713,EFU,0,0,0,0,0,CST-6,0,0,0.01,5,1,SSE,1,8/9/2021,1714,41.53,-89.34,41.53,-89.34
980731,DE KALB CO.,SYCAMORE,2021,8,9,1713,EF1,1,0,0,0,0,CST-6,0,0,1.5,150,1,SSE,2,8/9/2021,1718,41.9623,-88.6706,41.9574,-88.6423
980728,DE KALB CO.,MAPLE PARK,2021,8,9,1726,EF0,0,0,0,0,0,CST-6,0,0,0.2,20,4,N,4,8/9/2021,1727,41.9526,-88.6043,41.9519,-88.6014
980727,KANE CO.,RICHARDSON,2021,8,9,1728,EF0,0,0,0,0,0,CST-6,0,0,3.9,400,2,SSW,1,8/9/2021,1737,41.9507,-88.5961,41.9414,-88.5226
980726,KANE CO.,VIRGIL,2021,8,9,1738,EFU,0,0,0,0,0,CST-6,0,0,0.1,10,1,ESE,1,8/9/2021,1739,41.9444,-88.5059,41.9446,-88.5049
973341,BUREAU CO.,ZEARING,2021,8,9,1757,EF1,1,0,0,0,0,CST-6,0,0,3,525,2,NE,0,8/9/2021,1815,41.47,-89.3,41.47,-89.25
973342,BUREAU CO.,WYANET,2021,8,9,1824,EFU,0,0,0,0,0,CST-6,0,0,1.11,100,3,NNE,4,8/9/2021,1826,41.41,-89.55,41.41,-89.52
974624,DE KALB CO.,ESMOND,2021,8,10,1733,EFU,0,0,0,0,0,CST-6,0,0,0.6,20,1,NNW,1,8/10/2021,1734,42.0394,-88.9328,42.0415,-88.9219
975955,HENRY CO.,GENESEO,2021,8,25,1439,EFU,0,0,0,0,0,CST-6,0,0,0.01,10,5,SW,5,8/25/2021,1440,41.4,-90.21,41.4,-90.2101
976091,WARREN CO.,BERWICK,2021,8,25,1548,EFU,0,0,0,0,0,CST-6,0,0,0.11,30,4,ESE,4,8/25/2021,1549,40.77,-90.47,40.771,-90.469
986944,IROQUOIS CO.,ASHKUM,2021,10,3,1426,EFU,0,0,0,0,0,CST-6,0,0,0.1,30,5,NW,5,10/3/2021,1427,40.9199,-88.028,40.9184,-88.0272
984763,GREENE CO.,WRIGHTS,2021,10,11,1337,EF2,2,0,0,100000,0,CST-6,0,0,5.83,75,2,S,4,10/11/2021,1345,39.3547,-90.3002,39.4335,-90.2609
988064,MORGAN CO.,ALEXANDER,2021,10,11,1426,EF0,0,0,0,0,0,CST-6,0,0,1.37,50,1,WNW,2,10/11/2021,1428,39.729,-90.053,39.747,-90.042
988065,WOODFORD CO.,ROANOKE,2021,10,11,1528,EFU,0,0,0,0,0,CST-6,0,0,0.26,30,2,N,3,10/11/2021,1530,40.835,-89.203,40.838,-89.2
988066,WOODFORD CO.,WASHBURN,2021,10,11,1545,EF0,0,0,0,0,0,CST-6,0,0,2.47,75,3,SE,2,10/11/2021,1551,40.894,-89.23,40.927,-89.248
986949,WILL CO.,EAGLE LAKE,2021,10,11,1610,EF0,0,0,0,0,0,CST-6,0,0,0.26,70,3,NNE,3,10/11/2021,1611,41.4045,-87.5291,41.4072,-87.5255
988067,WOODFORD CO.,EL PASO,2021,10,11,1639,EFU,0,0,0,0,0,CST-6,0,0,2.51,50,2,SW,2,10/11/2021,1644,40.712,-89.046,40.748,-89.052
991577,PUTNAM CO.,FLORID,2021,10,11,1647,EFU,0,0,0,0,0,CST-6,0,0,0.02,10,4,SSW,4,10/11/2021,1648,41.18,-89.31,41.18,-89.31
986952,LA SALLE CO.,TRIUMPH,2021,10,11,1730,EFU,0,0,0,0,0,CST-6,0,0,0.4,40,1,SSW,1,10/11/2021,1731,41.4873,-89.0287,41.4921,-89.0325
988881,RANDOLPH CO.,PUJOL,2021,10,24,2006,EF2,2,0,0,3040000,0,CST-6,0,0,14.03,100,2,SSE,2,10/24/2021,2028,37.8773,-89.9425,37.9858,-89.7248
988887,WASHINGTON CO.,RICHVIEW,2021,10,24,2054,EF0,0,0,0,0,0,CST-6,0,0,2.05,180,2,NW,1,10/24/2021,2055,38.393,-89.204,38.412,-89.175
989559,FRANKLIN CO.,EZRA,2021,12,5,2221,EF1,1,0,0,80000,0,CST-6,0,0,3.88,175,1,N,1,12/5/2021,2228,37.9,-88.97,37.91,-88.9
999835,CASS CO.,VIRGINIA,2021,12,10,1947,EF2,2,0,0,0,0,CST-6,0,0,12.75,200,4,SSW,1,12/10/2021,1959,39.8954,-90.2398,40.0096,-90.0506
999838,MENARD CO.,ATTERBERRY,2021,12,10,2007,EF2,2,0,0,0,0,CST-6,0,0,4.56,250,1,NW,4,12/10/2021,2016,40.0607,-89.9153,40.0919,-89.8393
996712,MADISON CO.,MITCHELL,2021,12,10,2027,EF3,3,6,1,5000000,0,CST-6,0,0,4.22,300,1,SE,2,12/10/2021,2035,38.757,-90.058,38.781,-89.986
996914,BOND CO.,SORENTO,2021,12,10,2053,EF1,1,0,0,10000,0,CST-6,0,0,8.94,150,1,S,4,12/10/2021,2103,38.985,-89.57,39.028,-89.413
996916,MONTGOMERY CO.,DONNELLSON,2021,12,10,2103,EF1,1,0,0,0,0,CST-6,0,0,10.11,300,3,E,2,12/10/2021,2112,39.0277,-89.413,39.102,-89.2506
996919,FAYETTE CO.,BINGHAM,2021,12,10,2112,EF1,1,0,0,0,0,CST-6,0,0,14.8,690,2,SW,4,12/10/2021,2127,39.102,-89.2506,39.22,-89.02
999848,SHELBY CO.,HERRICK,2021,12,10,2126,EF2,2,0,1,0,0,CST-6,0,0,7.69,200,2,W,2,12/10/2021,2136,39.2159,-89.0236,39.2704,-88.8982
999861,SHELBY CO.,WINDSOR,2021,12,10,2150,EF2,2,0,0,0,0,CST-6,0,0,3.9,200,1,SE,3,12/10/2021,2154,39.419,-88.59,39.4474,-88.5269
999862,MOULTRIE CO.,GAYS,2021,12,10,2154,EF2,2,0,0,0,0,CST-6,0,0,3.77,200,1,W,3,12/10/2021,2158,39.4474,-88.5269,39.4805,-88.4708
999899,COLES CO.,MAGNET,2021,12,10,2158,EF2,2,0,0,0,0,CST-6,0,0,8.19,200,4,NW,1,12/10/2021,2204,39.4805,-88.4708,39.536,-88.335
999865,COLES CO.,RARDIN,2021,12,10,2218,EF1,1,0,0,0,0,CST-6,0,0,6.33,100,0,N,1,12/10/2021,2222,39.6,-88.1,39.66,-88.01
999867,EDGAR CO.,CHRISMAN,2021,12,10,2241,EF2,2,0,0,0,0,CST-6,0,0,3.45,200,3,N,5,12/10/2021,2243,39.8494,-87.6693,39.882,-87.62
999869,VERMILION CO.,RIDGE FARM,2021,12,10,2243,EF1,1,0,0,0,0,CST-6,0,0,0.2,200,2,SE,2,12/10/2021,2244,39.882,-87.62,39.8843,-87.6177
1016860,WHITESIDE CO.,ERIE,2022,3,5,2113,EF1,1,0,0,0,0,CST-6,0,0,3.98,50,2,NE,0,3/5/2022,2118,41.6757,-90.0558,41.6984,-89.985
1015350,MASON CO.,BIGGS,2022,3,5,2211,EF0,0,0,0,0,0,CST-6,0,0,6.93,50,4,SW,0,3/5/2022,2219,40.1971,-89.9508,40.2292,-89.8263
1014512,MONTGOMERY CO.,WAGGONER,2022,3,5,2257,EF1,1,0,0,50000,0,CST-6,0,0,3.89,40,2,NNW,2,3/5/2022,2300,39.403,-89.664,39.436,-89.605
1008216,FRANKLIN CO.,THOMPSONVILLE,2022,3,30,1623,EF0,0,0,0,62000,0,CST-6,0,0,4.05,100,3,NW,0,3/30/2022,1631,37.9507,-88.8089,37.98,-88.7445
1008220,WAYNE CO.,FAIRFIELD,2022,3,30,1701,EF0,0,0,0,30000,0,CST-6,0,0,0.3,50,2,SSW,1,3/30/2022,1702,38.3586,-88.3813,38.3626,-88.3792
1008219,WHITE CO.,NORRIS CITY,2022,3,30,1711,EF1,1,0,0,200000,0,CST-6,0,0,6.62,400,5,ENE,1,3/30/2022,1718,38.0077,-88.2352,38.0867,-88.1665
1020525,CHRISTIAN CO.,SHARPSBURG,2022,4,24,1649,EF1,1,0,0,0,0,CST-6,0,0,0.89,50,3,E,3,4/24/2022,1650,39.6236,-89.2993,39.6283,-89.2837
1015443,DU PAGE CO.,OAK BROOK,2022,4,30,1544,EF0,0,0,0,0,0,CST-6,0,0,1.9,60,0,SE,2,4/30/2022,1547,41.837,-87.9453,41.8215,-87.9751
1015445,BOONE CO.,CANDLEWICK LAKE,2022,4,30,1654,EF0,0,0,0,0,0,CST-6,0,0,0.5,60,1,W,0,4/30/2022,1655,42.3516,-88.8716,42.3555,-88.8642
1017792,BOONE CO.,BLAINE,2022,4,30,1707,EFU,0,0,0,0,0,CST-6,0,0,0.12,30,3,ENE,3,4/30/2022,1708,42.4758,-88.7416,42.4745,-88.7432
1020545,MCLEAN CO.,COLFAX,2022,4,30,1746,EFU,0,0,0,0,0,CST-6,0,0,0.31,30,3,SW,3,4/30/2022,1747,40.5399,-88.6605,40.544,-88.6583
1020621,MCDONOUGH CO.,GOOD HOPE,2022,5,13,1549,EFU,0,0,0,0,0,CST-6,0,0,0.15,10,2,N,2,5/13/2022,1559,40.5798,-90.6815,40.5802,-90.6787
1020625,WARREN CO.,MONMOUTH,2022,5,13,1608,EFU,0,0,0,0,0,CST-6,0,0,0.12,10,3,SSW,3,5/13/2022,1610,40.884,-90.6606,40.8849,-90.6587
1020626,WARREN CO.,MONMOUTH,2022,5,13,1620,EFU,0,0,0,0,0,CST-6,0,0,0.11,10,3,SW,3,5/13/2022,1622,40.8897,-90.661,40.8903,-90.659
1024214,MARION CO.,TEXAS CORNER,2022,5,15,1454,EFU,0,0,0,0,0,CST-6,0,0,0.11,30,2,NNW,1,5/15/2022,1455,38.64,-89.012,38.64,-89.01
1024267,ST. CLAIR CO.,SUMMERFIELD,2022,5,19,1644,EF0,0,0,0,10000,0,CST-6,0,0,0.23,50,1,N,1,5/19/2022,1645,38.614,-89.751,38.617,-89.749
1024268,CLINTON CO.,BARTELSO,2022,5,19,1653,EF0,0,0,0,30000,0,CST-6,0,0,1.65,50,8,SSW,6,5/19/2022,1654,38.424,-89.5,38.442,-89.48
1024271,CLINTON CO.,ST ROSE,2022,5,19,1657,EF1,1,0,0,50000,0,CST-6,0,0,5.75,250,2,SE,2,5/19/2022,1704,38.663,-89.519,38.741,-89.482
1024276,BOND CO.,BADEN BADEN,2022,5,19,1704,EF1,1,0,0,20000,0,CST-6,0,0,10.9,250,3,SE,1,5/19/2022,1716,38.741,-89.482,38.882,-89.391
1018159,WABASH CO.,KEENSBURG,2022,5,19,2031,EF2,2,0,0,500000,0,CST-6,0,0,8.52,300,1,SW,2,5/19/2022,2039,38.3439,-87.8778,38.41,-87.745
1021864,STEPHENSON CO.,OAKDALE NATURE PRSRVE,2022,5,25,1406,EF1,1,0,0,0,0,CST-6,0,0,1.83,30,1,E,1,5/25/2022,1409,42.23,-89.584,42.254,-89.569
1021358,OGLE CO.,BAILEYVILLE,2022,5,26,1320,EFU,0,0,0,0,0,CST-6,0,0,0.1,20,2,S,2,5/26/2022,1321,42.1709,-89.6011,42.1702,-89.6024
1020635,MCDONOUGH CO.,INDUSTRY,2022,5,31,2134,EF1,1,0,0,0,0,CST-6,0,0,1.6,60,4,NW,4,5/31/2022,2138,40.3714,-90.6477,40.3788,-90.619
1025269,COOK CO.,STREAMWOOD,2022,6,13,1713,EF0,0,0,0,0,0,CST-6,0,0,0.2,30,1,NNW,1,6/13/2022,1714,42.0459,-88.1784,42.0432,-88.1774
1025274,COOK CO.,(O6C) SCHAUMBURG REGIONAL AIRPORT,2022,6,13,1727,EF0,0,0,0,0,0,CST-6,0,0,0.8,25,1,NE,1,6/13/2022,1729,42.0016,-88.0813,41.9909,-88.0744
1025276,DU PAGE CO.,ROSELLE,2022,6,13,1729,EF0,0,0,0,0,0,CST-6,0,0,1.4,25,1,NNE,1,6/13/2022,1732,41.9909,-88.0744,41.9747,-88.0606
1035610,RICHLAND CO.,PASSPORT,2022,6,17,536,EF1,1,0,0,0,0,CST-6,0,0,3.31,60,0,SSE,2,6/17/2022,544,38.7746,-88.2455,38.76,-88.17
1046841,MCDONOUGH CO.,MACOMB MUNI ARPT,2022,7,8,1417,EFU,0,0,0,0,0,CST-6,0,0,0.79,20,2,WSW,2,7/8/2022,1418,40.5127,-90.6922,40.5124,-90.6771
1041750,DU PAGE CO.,AURORA,2022,7,23,440,EF0,0,0,0,0,0,CST-6,0,0,0.1,150,4,SSE,4,7/23/2022,441,41.726,-88.2207,41.7251,-88.2195
1041752,WILL CO.,NAPERVILLE,2022,7,23,441,EF0,0,0,0,0,0,CST-6,0,0,4.4,150,4,W,3,7/23/2022,446,41.7251,-88.2195,41.6679,-88.1862
1041749,WILL CO.,(LOT) LEWIS UNIVERSITY AIRPORT,2022,7,23,452,EF0,0,0,0,0,0,CST-6,0,0,4.1,200,1,WSW,1,7/23/2022,458,41.6027,-88.1133,41.5468,-88.0968
1041748,WILL CO.,MANHATTAN,2022,7,23,505,EF0,0,0,0,0,0,CST-6,0,0,0.7,150,3,NNW,2,7/23/2022,506,41.4563,-88.0035,41.4463,-88.002
1057767,MASON CO.,NATRONA,2022,8,1,346,EF0,0,0,0,0,0,CST-6,0,0,0.41,60,3,WSW,3,8/1/2022,348,40.2497,-89.6847,40.2462,-89.6785
1050591,LOGAN CO.,BEASON,2022,8,1,412,EF1,1,0,0,0,0,CST-6,0,0,1.88,60,0,SSE,2,8/1/2022,415,40.1441,-89.1966,40.1247,-89.1718
1052923,MERCER CO.,MANNON,2022,8,20,1217,EFU,0,0,0,0,0,CST-6,0,0,0.27,10,2,SSE,2,8/20/2022,1218,41.1993,-90.939,41.2004,-90.9341
1052918,MERCER CO.,ALEDO,2022,8,20,1255,EFU,0,0,0,0,0,CST-6,0,0,2.83,10,1,NE,2,8/20/2022,1305,41.21,-90.74,41.23,-90.69
1056652,MCLEAN CO.,LE ROY,2022,9,18,2328,EF0,0,0,0,0,0,CST-6,0,0,2.97,30,1,S,1,9/18/2022,2334,40.34,-88.77,40.32,-88.72
