EVENT_ID,CZ_NAME_STR,BEGIN_LOCATION,BEGIN_DATE,BEGIN_TIME,EVENT_TYPE,MAGNITUDE,TOR_F_SCALE,DEATHS_DIRECT,INJURIES_DIRECT,DAMAGE_PROPERTY_NUM,DAMAGE_CROPS_NUM,STATE_ABBR,CZ_TIMEZONE,MAGNITUDE_TYPE,EPISODE_ID,CZ_TYPE,CZ_FIPS,WFO,INJURIES_INDIRECT,DEATHS_INDIRECT,SOURCE,FLOOD_CAUSE,TOR_LENGTH,TOR_WIDTH,BEGIN_RANGE,BEGIN_AZIMUTH,END_RANGE,END_AZIMUTH,END_LOCATION,END_DATE,END_TIME,BEGIN_LAT,BEGIN_LON,END_LAT,END_LON,EVENT_NARRATIVE,EPISODE_NARRATIVE,ABSOLUTE_ROWNUMBER
571753,PEORIA CO.,AKRON,04/09/2015,1232,Tornado, ,EF0,0,0,0,0,IL,CST-6, ,95161,C,143,ILX,0,0,Emergency Manager, ,0.15,10,3,SE,3,SE,AKRON,04/09/2015,1233,40.8716,-89.6204,40.8724,-89.6177,"A tornado briefly touched down in an open field about 3.1 miles east-northeast of Dunlap at 1:32 PM CDT.  No damage was reported before the tornado quickly lifted at 1:33 PM CDT.","A strong cold front interacting with a moderately unstable and sheared environment triggered widespread strong to severe thunderstorms across central Illinois during the late afternoon and evening of April 9th.  Many of the storms produced large hail and damaging wind gusts, with the largest hailstones of around 3 inches in diameter being reported near Mahomet in Champaign County.  In addition, two weak tornadoes briefly touched down...one near Dunlap in Peoria County and the other near Tovey in Christian County.  No damage was reported with either tornado.",1
565402,WHITESIDE CO.,FULTON,04/09/2015,1654,Tornado, ,EF1,0,0,0,0,IL,CST-6, ,94015,C,195,DVN,0,0,NWS Storm Survey, ,3.91,75,0,N,4,ENE,FULTON,04/09/2015,1700,41.8732,-90.1704,41.9008,-90.1041,"A NWS Storm Survey found that a tornado touched downed 1 mile southeast of the Clinton County Airport, tracked through the north side of Clinton, IA moved into Whiteside County.  It was on the ground for 3.91 miles in Whiteside County before it lifted about 5 miles northeast of Fulton.  The primary damage was to farm outbuildings, a storage shed and damage to trees.","A powerful storm system lifted from Central Iowa into northern Illinois and southern Wisconsin during the day on April 9th. Strong to severe thunderstorms developed in eastern Iowa during the afternoon and moved into northwest Illinois during the evening hours. These storms produced hail as large as golf balls, damaging winds of 60 to 70 mph, and two tornadoes. The tornadoes touched down near Fulton and Thomson Illinois. Both tornadoes produced EF-1 damage to mainly trees and farm outbuildings.",2
565407,WHITESIDE CO.,USTICK,04/09/2015,1702,Tornado, ,EF1,0,0,0,0,IL,CST-6, ,94015,C,195,DVN,0,0,NWS Storm Survey, ,1.08,50,5,NW,5,NW,USTICK,04/09/2015,1704,41.9233,-90.0757,41.9302,-90.0568,"A NWS Storm Survey found that a tornado touched down 5 miles northeast of Fulton Illinois and lifted 8 miles east of Thomson Illinois. The tornado was on the ground for 1.08 miles in Whiteside Counties. The damage was primarily to trees and farm outbuildings.","A powerful storm system lifted from Central Iowa into northern Illinois and southern Wisconsin during the day on April 9th. Strong to severe thunderstorms developed in eastern Iowa during the afternoon and moved into northwest Illinois during the evening hours. These storms produced hail as large as golf balls, damaging winds of 60 to 70 mph, and two tornadoes. The tornadoes touched down near Fulton and Thomson Illinois. Both tornadoes produced EF-1 damage to mainly trees and farm outbuildings.",3
565411,CARROLL CO.,THOMSON,04/09/2015,1704,Tornado, ,EF1,0,0,0,0,IL,CST-6, ,94015,C,15,DVN,0,0,NWS Storm Survey, ,7.22,50,4,SE,2,N,FAIRHAVEN,04/09/2015,1715,41.9302,-90.0568,41.9764,-89.9308,"A NWS Storm Survey found that a tornado touched down 5 miles northeast of Fulton Illinois and lifted 8 miles east of Thomson Illinois. The tornado was on the ground for 7.22 miles in Carroll County caused damage primarily to trees and farm outbuildings.","A powerful storm system lifted from Central Iowa into northern Illinois and southern Wisconsin during the day on April 9th. Strong to severe thunderstorms developed in eastern Iowa during the afternoon and moved into northwest Illinois during the evening hours. These storms produced hail as large as golf balls, damaging winds of 60 to 70 mph, and two tornadoes. The tornadoes touched down near Fulton and Thomson Illinois. Both tornadoes produced EF-1 damage to mainly trees and farm outbuildings.",4
574249,WINNEBAGO CO.,CHERRY VLY,04/09/2015,1737,Tornado, ,EF0,0,0,0,0,IL,CST-6, ,95584,C,201,LOT,0,0,Emergency Manager, ,0.87,25,3,S,2,SSE,CHERRY VLY,04/09/2015,1738,42.1926,-88.9548,42.199,-88.9401,"An emergency manager and trained spotters photographed a tornado that touched down south of Cherry Valley.  The tornado did not produce any damage.  The tornado continued into Boone County. (Tornado 1a of 7).","Seven tornadoes were confirmed in north central Illinois in the NWS Chicago CWA.  Six of the tornadoes formed from a single supercell. The atmosphere was ripe for severe weather due to highly anomalous moisture and instability for early April across the region.  A strong low pressure system advanced into this favorable air mass. Combined with robust wind shear, this helped to trigger these potent storms.  A long tracked violent tornado destroyed numerous homes and farmsteads along its path across north central Lee, eastern Ogle, northwest Dekalb, and southern Boone counties.  This path included the far northwest side of Rochelle, Interstate-39, and a direct hit in the community of Fairdale where two fatalities occurred.  This was the strongest tornado in the NWS Chicago CWA since the F5 tornado that struck Plainfield, IL on August 28th, 1990.",5
574247,BOONE CO.,CHERRY VLY,04/09/2015,1738,Tornado, ,EF0,0,0,0,0,IL,CST-6, ,95584,C,7,LOT,0,0,Emergency Manager, ,1.97,25,2,SSE,2,ESE,CHERRY VLY,04/09/2015,1740,42.199,-88.9401,42.2174,-88.9106,"This is a continuation of a tornado that began in Winnebago County.  An emergency manager and trained spotters photographed a tornado that touched down south of Cherry Valley.  The tornado did not produce any damage. (Tornado 1b of 7).","Seven tornadoes were confirmed in north central Illinois in the NWS Chicago CWA.  Six of the tornadoes formed from a single supercell. The atmosphere was ripe for severe weather due to highly anomalous moisture and instability for early April across the region.  A strong low pressure system advanced into this favorable air mass. Combined with robust wind shear, this helped to trigger these potent storms.  A long tracked violent tornado destroyed numerous homes and farmsteads along its path across north central Lee, eastern Ogle, northwest Dekalb, and southern Boone counties.  This path included the far northwest side of Rochelle, Interstate-39, and a direct hit in the community of Fairdale where two fatalities occurred.  This was the strongest tornado in the NWS Chicago CWA since the F5 tornado that struck Plainfield, IL on August 28th, 1990.",6
574336,LEE CO.,FRANKLIN GROVE,04/09/2015,1739,Tornado, ,EF1,0,0,1000000,0,IL,CST-6, ,95584,C,103,LOT,0,0,NWS Storm Survey, ,3.62,100,2,NNE,2,NW,ASHTON,04/09/2015,1743,41.853,-89.2896,41.8886,-89.2381,"This is the beginning of the Rochelle-Fairdale EF-4 tornado.  At its strongest, peak winds were estimated to be 200 mph.  The tornado touched down just northeast of Franklin Grove.  A large sheet metal building on IL-38 collapsed with failure of column anchorage.  Several smaller sheet metal buildings were destroyed along E Gurler Road. Peak winds in Lee County were estimated to 110 mph.  The tornado continued into Ogle County.  (Tornado 2a of 7).","Seven tornadoes were confirmed in north central Illinois in the NWS Chicago CWA.  Six of the tornadoes formed from a single supercell. The atmosphere was ripe for severe weather due to highly anomalous moisture and instability for early April across the region.  A strong low pressure system advanced into this favorable air mass. Combined with robust wind shear, this helped to trigger these potent storms.  A long tracked violent tornado destroyed numerous homes and farmsteads along its path across north central Lee, eastern Ogle, northwest Dekalb, and southern Boone counties.  This path included the far northwest side of Rochelle, Interstate-39, and a direct hit in the community of Fairdale where two fatalities occurred.  This was the strongest tornado in the NWS Chicago CWA since the F5 tornado that struck Plainfield, IL on August 28th, 1990.",7
574337,OGLE CO.,CARTHAGE,04/09/2015,1743,Tornado, ,EF4,0,0,10000000,0,IL,CST-6, ,95584,C,141,LOT,0,0,NWS Storm Survey, ,20.94,700,5,ESE,3,E,MONROE CENTER,04/09/2015,1812,41.8886,-89.2381,42.0947,-88.9392,"This is the second segment of the Rochelle-Fairdale EF-4 tornado.  At its strongest, peak winds were estimated to be 200 mph which occurred during this segment of the storm.  The tornado entered Ogle County just west of IL-38 and moved northeast where it ripped the roof off of a small barn.  A neighborhood was hit on S Skare Court where damage was consistent with EF-3.  Some of the homes had large sections of the roofs ripped off while some less well constructed homes (nails instead of bolts) had collapsed walls.  The tornado continued northeast and intensified to EF-4 where several well constructed homes along South Richard Road and East Kuehl Court were completely destroyed with the slab swept clean.  Several outbuildings were destroyed along East Hemstock Road and South Center Road.  A residence on East Bethal Road received heavy damage with most of the outer walls collapsing.  The tornado once again intensified to EF-4  near IL-251 and IL-64 where well constructed homes were swept clean off their foundation.  A farmstead just northeast of the aforementioned intersection was also swept clean to the foundation.  A heavy barn was thrown and rolled on East Lindenwood Road.  In total, around 30 homes were damaged or destroyed around Rochelle.  The tornado continued into Dekalb County just north of East Quarry Road.  (Tornado 2b of 7).","Seven tornadoes were confirmed in north central Illinois in the NWS Chicago CWA.  Six of the tornadoes formed from a single supercell. The atmosphere was ripe for severe weather due to highly anomalous moisture and instability for early April across the region.  A strong low pressure system advanced into this favorable air mass. Combined with robust wind shear, this helped to trigger these potent storms.  A long tracked violent tornado destroyed numerous homes and farmsteads along its path across north central Lee, eastern Ogle, northwest Dekalb, and southern Boone counties.  This path included the far northwest side of Rochelle, Interstate-39, and a direct hit in the community of Fairdale where two fatalities occurred.  This was the strongest tornado in the NWS Chicago CWA since the F5 tornado that struck Plainfield, IL on August 28th, 1990.",8
574248,OGLE CO.,LINDENWOOD,04/09/2015,1805,Tornado, ,EF0,0,0,0,0,IL,CST-6, ,95584,C,141,LOT,0,0,NWS Storm Survey, ,1.86,100,3,ENE,3,ESE,MONROE CENTER,04/09/2015,1808,42.0583,-88.9752,42.0739,-88.9457,"A brief satellite tornado formed over far eastern Ogle County.  The tornado was confirmed during an aerial survey. (Tornado 3 of 7).","Seven tornadoes were confirmed in north central Illinois in the NWS Chicago CWA.  Six of the tornadoes formed from a single supercell. The atmosphere was ripe for severe weather due to highly anomalous moisture and instability for early April across the region.  A strong low pressure system advanced into this favorable air mass. Combined with robust wind shear, this helped to trigger these potent storms.  A long tracked violent tornado destroyed numerous homes and farmsteads along its path across north central Lee, eastern Ogle, northwest Dekalb, and southern Boone counties.  This path included the far northwest side of Rochelle, Interstate-39, and a direct hit in the community of Fairdale where two fatalities occurred.  This was the strongest tornado in the NWS Chicago CWA since the F5 tornado that struck Plainfield, IL on August 28th, 1990.",9
574338,DE KALB CO.,FAIRDALE,04/09/2015,1812,Tornado, ,EF3,2,11,8000000,0,IL,CST-6, ,95584,C,37,LOT,0,0,NWS Storm Survey, ,4.83,700,1,SW,4,NNE,FAIRDALE,04/09/2015,1819,42.0947,-88.9392,42.1529,-88.8869,"This is the third segment of the Rochelle-Fairdale EF-4 tornado.  At its strongest, peak winds were estimated to be 200 mph.  The tornado entered the county just southwest of Fairdale before directly hitting the small community.  Peak winds were estimated at 165 mph in Dekalb County, rating this section of the tornado a high end EF-3.  Approximately 71 homes in the community had been damaged, 17 of which had been completely destroyed with all walls collapsed or removed from the buildings.  Some homes that were only nailed to the foundation were swept clean.  Two fatalities and 11 injuries occurred in Fairdale.  A 67-year-old woman and her neighbor, a 69-year-old woman, were both killed in their homes.  The tornado began to shift north (left) at this point during its lifecycle as it left Fairdale.  Several homes were heavily damaged with large sections of the roofs removed along Wheeler road and dozens of trees were snapped and uprooted.  A few trees were debarked.  The second story was ripped off of a home near the intersection of McNeal Road and Irene Road.  A two-story rebar reinforced cinder block silo was destroyed.  The tornado continued into Boone County just east of Irene Road.  (Tornado 2c of 7).","Seven tornadoes were confirmed in north central Illinois in the NWS Chicago CWA.  Six of the tornadoes formed from a single supercell. The atmosphere was ripe for severe weather due to highly anomalous moisture and instability for early April across the region.  A strong low pressure system advanced into this favorable air mass. Combined with robust wind shear, this helped to trigger these potent storms.  A long tracked violent tornado destroyed numerous homes and farmsteads along its path across north central Lee, eastern Ogle, northwest Dekalb, and southern Boone counties.  This path included the far northwest side of Rochelle, Interstate-39, and a direct hit in the community of Fairdale where two fatalities occurred.  This was the strongest tornado in the NWS Chicago CWA since the F5 tornado that struck Plainfield, IL on August 28th, 1990.",10
574250,DE KALB CO.,FAIRDALE,04/09/2015,1815,Tornado, ,EF1,0,0,5000,0,IL,CST-6, ,95584,C,37,LOT,0,0,NWS Storm Survey, ,1.8,100,4,NE,5,N,KIRKLAND,04/09/2015,1817,42.1334,-88.8776,42.153,-88.8546,"This tornado was identified from a storm chaser video and survey.  Heavy damage to two small outbuildings occurred on Paulson Road.  Maximum winds speeds were estimated to be 110 mph.  The tornado continued into Boone County. (Tornado 4a of 7).","Seven tornadoes were confirmed in north central Illinois in the NWS Chicago CWA.  Six of the tornadoes formed from a single supercell. The atmosphere was ripe for severe weather due to highly anomalous moisture and instability for early April across the region.  A strong low pressure system advanced into this favorable air mass. Combined with robust wind shear, this helped to trigger these potent storms.  A long tracked violent tornado destroyed numerous homes and farmsteads along its path across north central Lee, eastern Ogle, northwest Dekalb, and southern Boone counties.  This path included the far northwest side of Rochelle, Interstate-39, and a direct hit in the community of Fairdale where two fatalities occurred.  This was the strongest tornado in the NWS Chicago CWA since the F5 tornado that struck Plainfield, IL on August 28th, 1990.",11
574251,BOONE CO.,IRENE,04/09/2015,1817,Tornado, ,EF1,0,0,75000,0,IL,CST-6, ,95584,C,7,LOT,0,0,NWS Storm Survey, ,2.21,100,3,ESE,4,E,IRENE,04/09/2015,1821,42.153,-88.8546,42.1786,-88.8287,"This is a continuation of a tornado that began in Dekalb County.  This tornado was identified from a storm chaser video and survey.  Three barns were destroyed on Pearl Street Road.  Maximum winds speeds were estimated to be 110 mph. (Tornado 4b of 7).","Seven tornadoes were confirmed in north central Illinois in the NWS Chicago CWA.  Six of the tornadoes formed from a single supercell. The atmosphere was ripe for severe weather due to highly anomalous moisture and instability for early April across the region.  A strong low pressure system advanced into this favorable air mass. Combined with robust wind shear, this helped to trigger these potent storms.  A long tracked violent tornado destroyed numerous homes and farmsteads along its path across north central Lee, eastern Ogle, northwest Dekalb, and southern Boone counties.  This path included the far northwest side of Rochelle, Interstate-39, and a direct hit in the community of Fairdale where two fatalities occurred.  This was the strongest tornado in the NWS Chicago CWA since the F5 tornado that struck Plainfield, IL on August 28th, 1990.",12
574339,BOONE CO.,IRENE,04/09/2015,1819,Tornado, ,EF0,0,0,0,0,IL,CST-6, ,95584,C,7,LOT,0,0,NWS Storm Survey, ,0.75,25,1,SSE,1,ESE,IRENE,04/09/2015,1820,42.1529,-88.8869,42.1623,-88.8796,"This is the fourth segment of the Rochelle-Fairdale EF-4 tornado.  At its strongest, peak winds were estimated to be 200 mph.  The tornado entered Boone County just east of Irene Road.  No damage occurred and the tornado lifted shortly after entering the county.  (Tornado 2d of 7).","Seven tornadoes were confirmed in north central Illinois in the NWS Chicago CWA.  Six of the tornadoes formed from a single supercell. The atmosphere was ripe for severe weather due to highly anomalous moisture and instability for early April across the region.  A strong low pressure system advanced into this favorable air mass. Combined with robust wind shear, this helped to trigger these potent storms.  A long tracked violent tornado destroyed numerous homes and farmsteads along its path across north central Lee, eastern Ogle, northwest Dekalb, and southern Boone counties.  This path included the far northwest side of Rochelle, Interstate-39, and a direct hit in the community of Fairdale where two fatalities occurred.  This was the strongest tornado in the NWS Chicago CWA since the F5 tornado that struck Plainfield, IL on August 28th, 1990.",13
574333,BOONE CO.,BELVIDERE,04/09/2015,1824,Tornado, ,EF0,0,0,20000,0,IL,CST-6, ,95584,C,7,LOT,0,0,NWS Storm Survey, ,0.42,30,3,S,3,S,BELVIDERE,04/09/2015,1825,42.202,-88.8465,42.2073,-88.8425,"This was a satellite tornado that formed from the same storm that formed the long tracked EF-4 tornado.  A small zoo was heavily damaged with walls collapsed on several outbuildings and small barns.  Three animals were killed.  Softwood trees 4 to 6 inches in diameter were snapped.  The estimated peak wind was 85 mph.  (Tornado 5 of 7).","Seven tornadoes were confirmed in north central Illinois in the NWS Chicago CWA.  Six of the tornadoes formed from a single supercell. The atmosphere was ripe for severe weather due to highly anomalous moisture and instability for early April across the region.  A strong low pressure system advanced into this favorable air mass. Combined with robust wind shear, this helped to trigger these potent storms.  A long tracked violent tornado destroyed numerous homes and farmsteads along its path across north central Lee, eastern Ogle, northwest Dekalb, and southern Boone counties.  This path included the far northwest side of Rochelle, Interstate-39, and a direct hit in the community of Fairdale where two fatalities occurred.  This was the strongest tornado in the NWS Chicago CWA since the F5 tornado that struck Plainfield, IL on August 28th, 1990.",14
574334,BOONE CO.,HERBERT,04/09/2015,1825,Tornado, ,EF1,0,0,150000,0,IL,CST-6, ,95584,C,7,LOT,0,0,NWS Storm Survey, ,3.92,50,2,NW,1,SW,GARDEN PRAIRIE,04/09/2015,1831,42.1942,-88.7748,42.2442,-88.7386,"Witnesses said the tornado touched down in a field then moved northeast destroying a detached garage.  The tornado ripped the roof off of a home though the walls mainly remained intact.  Several hardwood trees were snapped.  Maximum wind speeds were estimated to be 110 mph.  (Tornado 6 of 7).","Seven tornadoes were confirmed in north central Illinois in the NWS Chicago CWA.  Six of the tornadoes formed from a single supercell. The atmosphere was ripe for severe weather due to highly anomalous moisture and instability for early April across the region.  A strong low pressure system advanced into this favorable air mass. Combined with robust wind shear, this helped to trigger these potent storms.  A long tracked violent tornado destroyed numerous homes and farmsteads along its path across north central Lee, eastern Ogle, northwest Dekalb, and southern Boone counties.  This path included the far northwest side of Rochelle, Interstate-39, and a direct hit in the community of Fairdale where two fatalities occurred.  This was the strongest tornado in the NWS Chicago CWA since the F5 tornado that struck Plainfield, IL on August 28th, 1990.",15
571755,CHRISTIAN CO.,JEISYVILLE,04/09/2015,1847,Tornado, ,EF0,0,0,0,0,IL,CST-6, ,95161,C,21,ILX,0,0,Emergency Manager, ,0.14,10,1,SW,1,SW,JEISYVILLE,04/09/2015,1848,39.5539,-89.4361,39.5557,-89.4348,"A tornado briefly touched down in an open field about 2.6 miles south-southeast of Tovey at 7:47 PM CDT.  No damage was reported before the tornado quickly lifted at 7:48 PM CDT.","A strong cold front interacting with a moderately unstable and sheared environment triggered widespread strong to severe thunderstorms across central Illinois during the late afternoon and evening of April 9th.  Many of the storms produced large hail and damaging wind gusts, with the largest hailstones of around 3 inches in diameter being reported near Mahomet in Champaign County.  In addition, two weak tornadoes briefly touched down...one near Dunlap in Peoria County and the other near Tovey in Christian County.  No damage was reported with either tornado.",16
574335,MCHENRY CO.,HARTLAND,04/09/2015,1850,Tornado, ,EF1,0,0,0,0,IL,CST-6, ,95584,C,111,LOT,0,0,NWS Storm Survey, ,0.32,30,3,NW,3,NNW,HARTLAND,04/09/2015,1851,42.3982,-88.5309,42.4019,-88.5272,"A brief tornado snapped and uprooted 6 to 7 trees at a property on McGuire Road southeast of Harvard.  Minor tree damage occurred on the north side of the road before ending.  Maximum winds were estimated to 90 mph.  (Tornado 7 of 7).","Seven tornadoes were confirmed in north central Illinois in the NWS Chicago CWA.  Six of the tornadoes formed from a single supercell. The atmosphere was ripe for severe weather due to highly anomalous moisture and instability for early April across the region.  A strong low pressure system advanced into this favorable air mass. Combined with robust wind shear, this helped to trigger these potent storms.  A long tracked violent tornado destroyed numerous homes and farmsteads along its path across north central Lee, eastern Ogle, northwest Dekalb, and southern Boone counties.  This path included the far northwest side of Rochelle, Interstate-39, and a direct hit in the community of Fairdale where two fatalities occurred.  This was the strongest tornado in the NWS Chicago CWA since the F5 tornado that struck Plainfield, IL on August 28th, 1990.",17
571440,MERCER CO.,MANNON,05/24/2015,1750,Tornado, ,EF2,0,0,30000,0,IL,CST-6, ,95093,C,131,DVN,0,0,NWS Storm Survey, ,6.75,50,2,NW,4,NNE,PETERSVILLE,05/24/2015,1800,41.2527,-90.9854,41.331,-90.9085,"Official NWS storm survey team found that the tornado moved northeast with peak winds around 115 mph.  It damaged mainly trees and outbuildings along its path.  The worst damage was near the beginning of the path, where a large machine shed was completely destroyed, 2 garages were destroyed, and a house partially un-roofed.  Witnesses described a blinding rain accompanied the tornado.","A weak warm front produced scattered showers and isolated thunderstorms.  As the thunderstorms crossed north over the front, it spawned isolated tornadoes and funnel clouds in Mercer County.",18
582903,HENRY CO.,GERMAN CORNER,05/26/2015,859,Tornado, ,EF1,0,0,10000,0,IL,CST-6, ,96065,C,73,DVN,0,0,NWS Storm Survey, ,4,50,2,NW,3,S,ATKINSON,05/26/2015,904,41.3229,-90.0515,41.376,-90.0206,"An EF1 tornado with winds of 100 mph tracked from 6.75 miles south-southwest of Atkinson to 3 miles south of Atkinson. Tornado began at 959 am and ended at 1004 am CDT, causing damage mainly to trees and farm outbuildings.","A upper disturbance interacted with a diffuse warm front to spawn two isolated, brief  tornadoes in Illinois.",19
582904,BUREAU CO.,KASBEER,05/26/2015,946,Tornado, ,EF1,0,0,15000,0,IL,CST-6, ,96065,C,11,DVN,0,0,NWS Storm Survey, ,2.4,50,2,NE,2,ENE,OHIO,05/26/2015,949,41.5204,-89.4423,41.5589,-89.428,"A survey completed with assistance from Bureau County Emergency Management showed a short tornado damage path with damage mainly to trees and a machine shed.  Tornado winds were estimated at 90 mph.","A upper disturbance interacted with a diffuse warm front to spawn two isolated, brief  tornadoes in Illinois.",20
580352,COOK CO.,MC COOK,05/26/2015,1208,Tornado, ,EF0,0,0,10000,0,IL,CST-6, ,96508,C,31,LOT,0,0,NWS Storm Survey, ,0.4,50,1,ESE,1,ENE,MC COOK,05/26/2015,1209,41.7773,-87.8038,41.7829,-87.8016,"A brief EF-0 tornado touched down in Summit.  The tornado mainly damaged trees with several large branches down and a couple of weaker hard wood trees snapped.  There was also minor roof damage and a wooden fence partially blown down.  An electrical pole was cracked at the base.  Peak winds were estimated at 75 mph.","A line of thunderstorms moved across the Chicago metro area producing a brief EF-0 tornado in Summit.",21
589189,GREENE CO.,WOODY,05/29/2015,2220,Tornado, ,EF1,0,0,0,0,IL,CST-6, ,97997,C,61,LSX,0,0,NWS Storm Survey, ,4.68,200,2,E,2,NE,CARROLLTON,05/29/2015,2234,39.269,-90.4506,39.3199,-90.3928,"A tornado touched down about four tenths of a mile north of the intersection of County Roads 1000N and 875E, just east of County Road 875E.  In this location, it snapped a large tree off and took the roof off of a barn. The barn was shifted on its foundation. Also, an empty grain bin was destroyed and thrown a quarter of a mile to the northeast. It moved to the northeast and after it crossed County Road 950E, it broke off a number of large tree limbs from a stand of trees. As the tornado moved into the west side of Carrollton, it destroyed a small shed with 2x4s from it impaled into the house across the street. Numerous trees were either snapped or uprooted on the west and north sides of town. On 10th Street just south of South Main Street, a manufactured home lost its entire roof. Just a block northeast, a quarter of the roof of a metal Farm Services building was blown off. Also, the southeast corner of the building had the wall blown inward. A resale shop on the northside of Illinois Route 108 lost part of its metal roof. Further northeast, a number of trees were either snapped off or uprooted. Then the tornado crossed U.S. Highway 67 north of intersection with Parkview Drive. More tree damage occurred on County Road 1400N about seven tenths of a mile west of County Road 1250E. The tornado lifted and dissipated just north of County Road 1400N.  Overall, the tornado was rated EF1 with top wind speeds of 104 MPH. Max path width was 200 yards and the length was 4.68 miles.","As storms moved through the region, an isolated tornado developed southwest of Carrollton, IL and tracked to the northeast, lifting and dissipating northeast of town.",22
578696,MENARD CO.,CULVER,06/07/2015,1922,Tornado, ,EF0,0,0,15000,0,IL,CST-6, ,96263,C,129,ILX,0,0,Emergency Manager, ,0.04,10,2,NW,1,NW,CULVER,06/07/2015,1923,40.0169,-89.6978,40.017,-89.697,"A tornado briefly touched down 8 miles east of Petersburg at 8:22 PM CDT.  The tornado knocked down several trees and damaged an old barn.  An anemometer at the residence where the damage occurred measured a peak wind of 77 mph.  The tornado quickly dissipated by 8:23 PM CDT.","A cold front interacting with a warm and very humid airmass triggered several lines of strong to severe thunderstorms during the afternoon and evening of June 7th.  Two brief tornadoes touched down...one in Menard County about 8 miles east of Petersburg and another in Piatt County 4 miles east of Monticello.  Numerous reports of wind damage were received, with the city of Peoria being particularly hard hit.  70 to 80 mph winds caused widespread tree and power line damage from Peoria eastward into Pekin.  Large hail also occurred with many of the storms, with the largest stones up to the size of golf balls.  In addition, heavy rainfall of 3 to 8 inches resulted in extensive flash flooding and numerous road closures in parts of central and southeast Illinois.",23
578698,PIATT CO.,MONTICELLO ARPT,06/07/2015,2003,Tornado, ,EF0,0,0,0,4000,IL,CST-6, ,96263,C,147,ILX,0,0,Emergency Manager, ,1.52,10,4,ENE,4,SE,WHITE HEATH,06/07/2015,2005,40.0259,-88.4903,40.0326,-88.463,"A tornado touched down in a field 4.4 miles east of Monticello in Piatt County at 9:03 PM CDT.  It then tracked eastward through open farmland before crossing into Champaign County 5.9 miles east of Monticello at 9:05 PM CDT.  Minor crop damage was reported.","A cold front interacting with a warm and very humid airmass triggered several lines of strong to severe thunderstorms during the afternoon and evening of June 7th.  Two brief tornadoes touched down...one in Menard County about 8 miles east of Petersburg and another in Piatt County 4 miles east of Monticello.  Numerous reports of wind damage were received, with the city of Peoria being particularly hard hit.  70 to 80 mph winds caused widespread tree and power line damage from Peoria eastward into Pekin.  Large hail also occurred with many of the storms, with the largest stones up to the size of golf balls.  In addition, heavy rainfall of 3 to 8 inches resulted in extensive flash flooding and numerous road closures in parts of central and southeast Illinois.",24
578699,CHAMPAIGN CO.,SEYMOUR,06/07/2015,2005,Tornado, ,EF0,0,0,85000,3000,IL,CST-6, ,96263,C,19,ILX,0,0,Emergency Manager, ,1.18,25,5,SSW,5,SSW,SEYMOUR,06/07/2015,2007,40.0326,-88.463,40.0338,-88.4408,"This tornado crossed from Piatt County into Champaign County 5.5 miles southwest of Seymour at 9:05 PM CDT.  It then tracked eastward and hit a farmstead, destroying a barn and a machine shed.  Several large trees were also knocked down or damaged at the residence.  The tornado then dissipated 5.1 miles south of Seymour at 9:07 PM CDT.","A cold front interacting with a warm and very humid airmass triggered several lines of strong to severe thunderstorms during the afternoon and evening of June 7th.  Two brief tornadoes touched down...one in Menard County about 8 miles east of Petersburg and another in Piatt County 4 miles east of Monticello.  Numerous reports of wind damage were received, with the city of Peoria being particularly hard hit.  70 to 80 mph winds caused widespread tree and power line damage from Peoria eastward into Pekin.  Large hail also occurred with many of the storms, with the largest stones up to the size of golf balls.  In addition, heavy rainfall of 3 to 8 inches resulted in extensive flash flooding and numerous road closures in parts of central and southeast Illinois.",25
577016,MERCER CO.,GINGLE CORNERS,06/11/2015,1625,Tornado, ,EF1,0,0,0,10000,IL,CST-6, ,96017,C,131,DVN,0,0,NWS Storm Survey, ,5.94,50,1,ESE,2,WSW,PREEMPTION,06/11/2015,1637,41.266,-90.7081,41.3137,-90.6128,"A tornado touched down 5.3 miles west of Matherville in Mercer County, and damaged mainly trees and some crops before lifting 3.5 miles north of Matherville.  The tornado was on the ground for approximately 6 miles and produced EF1 damage from 100 mph winds, evidenced by snapping of hardwood tree trunks.","Low pressure moved east over Iowa and Illinois the afternoon of June 11th, which brought widespread thunderstorms with heavy rain and flash flooding to Iowa, Illinois, and northern Missouri. A tornado occurred in northwest Illinois during the evening hours June 11, 2015. A rotating storm brought a tornado to portion of Mercer County Illinois.",26
588485,WILL CO.,SYMERTON,06/15/2015,1832,Tornado, ,EF1,0,0,100000,0,IL,CST-6, ,97362,C,197,LOT,0,0,NWS Storm Survey, ,4.11,150,1,ESE,3,SSE,WILTON CENTER,06/15/2015,1839,41.3215,-88.0269,41.3055,-87.9506,"The tornado touched down approximately 1.4 miles east of Symerton snapping large tree limbs west of Warner Bridge Road.  The tornado moved east and downed trees and a power pole along Peotone-Wilmington Road just west of Gougar Road.  The tornado turned southeast and impacted a Kennel and an adjacent residence where EF-1 damage was noted due to roof and tree damage.  This included multiple snapped or uprooted trees.   The tornado moved toward Tully Road and flipped multiple 320 lb grain bins over a garage and into a field across Tully Road.  Damage was noted to metal outbuildings.  The tornado continued southeast and impacted two farmsteads near Kennedy and Cedar Roads  where EF-1 damage occurred to trees and a machine shed.  Metal siding and additional debris from the shed was thrown a half mile downstream where the tornado dissipated in a field.","Multiple rounds of heavy rain producing storms moved across the region during the day and evening of June 15th, with an especially intense area of extreme rainfall rates during the mid-afternoon through early evening centered on the I-88 and I-290 corridors from the IL/IA state line through Chicago.  This rain resulted in widespread flash flooding, including the closure of a portion of I-290 (Eisenhower Expressway).  Across the metro area, there were reports and photos of cars stranded, though no injuries were reported to the NWS.  The heavy rainfall and widespread storm coverage resulted in the cancellation or delays of hundreds of commercial flights in and out of Chicago.  A downburst occurred in Mendota, Illinois with winds estimated to be around 80 mph resulting in mainly tree damage.  While the environment was not conducive for long-lived or powerful tornadoes, a tornado threat existed with a few supercells. This included two storms in central Cook County, primarily west of downtown Chicago. Each of these had funnel cloud reports.  There was also a tornado reported near the Will/Kanakakee County border, not far from I-57.  An EF-1 tornado was confirmed near Symerton Illinois.  The highest rainfall amounts reported were two and a half to five inches in parts of Cook, DuPage, Kane, and Will Counties, which include a large majority of Chicago and the metropolitan area.",27
595693,MARION CO.,GREENDALE,06/19/2015,1130,Tornado, ,EF1,0,0,0,0,IL,CST-6, ,99022,C,121,LSX,0,0,NWS Storm Survey, ,1.67,50,4,SW,2,WSW,GREENDALE,06/19/2015,1134,38.5691,-88.8535,38.5912,-88.841,"A weak tornado touched down near a farm just south of Briarcroft Road (west of intersection with Bannister Road), where it destroyed a large barn and heavily damaged another. Debris from the barn was thrown up to half a mile into a corn field. The damaged corn crop showed very distinct convergent and rotational pattern. A wooden utility pole nearby was snapped off at ground level. The tornado continued to the northeast where scattered tree damage occurred, including an area of several large uprooted trees in a chaotic pattern. The tornado dissipated near the old Bethel Church where relatively minor tree damage was noted. Overall, the tornado was rated EF1 with a max path width of 50 yards and a path length of 1.67 miles.","Numerous storms developed over Missouri and Illinois. A number of the storms produced very heavy rainfall causing flash flooding.  One storm produced an EF1 tornado in Marion County Illinois.",28
578889,LAWRENCE CO.,BEMAN,06/19/2015,1326,Tornado, ,EF0,0,0,25000,0,IL,CST-6, ,96308,C,101,ILX,0,0,Emergency Manager, ,0.09,25,3,E,3,E,BEMAN,06/19/2015,1327,38.7131,-87.5516,38.7141,-87.5526,"A tornado briefly touched down at 2:26 PM CDT 7.1 miles east-southeast of Lawrenceville.  The tornado caused damage to trees and a camper near the Sun and Sand subdivision before dissipating at 2:27 PM CDT.","Rain with a few embedded thunderstorms overspread southeast Illinois on June 19th as the remnants of Tropical Storm Bill tracked into the Ohio River Valley.  Due to strong low-level wind shear near the track of the system, many of the storms exhibited rotation.  Three tornadoes touched down during the afternoon of the 19th...one in Lawrence County and two in Richland County.  The tornadoes were all rated EF0 and caused only minor damage and no injuries.",29
578506,WHITE CO.,NORRIS CITY,06/19/2015,1413,Tornado, ,EF0,0,0,5000,50000,IL,CST-6, ,96221,C,193,PAH,0,0,NWS Storm Survey, ,4.92,200,3,W,2,NW,SACRAMENTO,06/19/2015,1423,37.9801,-88.3744,38.0503,-88.3591,"The tornado began due west of Norris City along the Hamilton County line, then tracked almost due north. The track was through corn fields of extreme western White County. At least dozens of acres of corn were flattened or blown over. Several large tree limbs were broken. A small shed was blown over. A small section of vinyl fence was broken. A tree was uprooted. The tornado was videotaped by a storm chaser. Peak winds were estimated near 85 mph.","Rain bands associated with the remnants of Tropical Storm Bill produced isolated tornadoes and locally very heavy rainfall. The convective character of the bands increased during the afternoon due to short intervals of sunshine that destabilized the atmosphere. The surface low pressure center that constituted the remnants of Bill was located over the extreme southeast corner of Missouri during the afternoon. Rain bands rotated northwest and westward across southern Illinois ahead of the low pressure center. The very heavy rainfall produced localized flash flooding of roads, and the Skillet Fork River crested almost 9 feet above flood stage.",30
578500,JOHNSON CO.,GOREVILLE,06/19/2015,1457,Tornado, ,EF1,0,0,5000,0,IL,CST-6, ,96221,C,87,PAH,0,0,NWS Storm Survey, ,0.4,50,2,ESE,2,ESE,GOREVILLE,06/19/2015,1458,37.5354,-88.9318,37.5409,-88.9299,"Several trees and limbs were blown down, including at least one tree that was uprooted. This brief tornado touched down just west of the Goreville exit off Interstate 24, then tracked almost due north across the interstate. Peak winds were estimated near 90 mph.","Rain bands associated with the remnants of Tropical Storm Bill produced isolated tornadoes and locally very heavy rainfall. The convective character of the bands increased during the afternoon due to short intervals of sunshine that destabilized the atmosphere. The surface low pressure center that constituted the remnants of Bill was located over the extreme southeast corner of Missouri during the afternoon. Rain bands rotated northwest and westward across southern Illinois ahead of the low pressure center. The very heavy rainfall produced localized flash flooding of roads, and the Skillet Fork River crested almost 9 feet above flood stage.",31
578890,RICHLAND CO.,OLNEY,06/19/2015,1545,Tornado, ,EF0,0,0,10000,0,IL,CST-6, ,96308,C,159,ILX,0,0,Emergency Manager, ,0.13,30,2,NW,2,NW,OLNEY,06/19/2015,1546,38.7491,-88.0969,38.7507,-88.0983,"A tornado briefly touched down 1.4 miles northwest of Olney at 4:45 PM CDT.  It caused minor damage to a retail store before dissipating at 4:46 PM CDT.","Rain with a few embedded thunderstorms overspread southeast Illinois on June 19th as the remnants of Tropical Storm Bill tracked into the Ohio River Valley.  Due to strong low-level wind shear near the track of the system, many of the storms exhibited rotation.  Three tornadoes touched down during the afternoon of the 19th...one in Lawrence County and two in Richland County.  The tornadoes were all rated EF0 and caused only minor damage and no injuries.",32
578892,RICHLAND CO.,OLNEY,06/19/2015,1550,Tornado, ,EF0,0,0,20000,0,IL,CST-6, ,96308,C,159,ILX,0,0,Emergency Manager, ,0.52,50,2,NNW,3,NNW,OLNEY,06/19/2015,1553,38.7628,-88.0979,38.7699,-88.1013,"A tornado touched down 2.3 miles north-northwest of Olney at 4:50 PM CDT.  The tornado uprooted a few trees and knocked numerous 6 to 10-inch diameter tree branches down as it tracked northwestward through a mobile home park and a golf course off Route 130.  It dissipated 2.8 miles north-northwest of Olney at 4:53 PM CDT.","Rain with a few embedded thunderstorms overspread southeast Illinois on June 19th as the remnants of Tropical Storm Bill tracked into the Ohio River Valley.  Due to strong low-level wind shear near the track of the system, many of the storms exhibited rotation.  Three tornadoes touched down during the afternoon of the 19th...one in Lawrence County and two in Richland County.  The tornadoes were all rated EF0 and caused only minor damage and no injuries.",33
578502,FRANKLIN CO.,EZRA,06/19/2015,1551,Tornado, ,EF1,0,0,500000,0,IL,CST-6, ,96221,C,55,PAH,0,0,NWS Storm Survey, ,0.92,150,1,E,1,N,EZRA,06/19/2015,1553,37.8798,-88.9586,37.8885,-88.9714,"A large two-story house sustained major damage, losing large portions of its roof and the front porch. A small storage shed and fencing was damaged. Near the beginning of the damage path, a garage lost most of its roof. Dozens of trees and tree limbs were broken or uprooted. At least one eyewitness saw the tornado, which began in a subdivision just west of Interstate 57 near West Frankfort. The tornado moved northwest before ending on the west side of County Road 6 near the Green River. The most intense winds were at the damaged large two-story house on County Road 6. Peak winds were estimated near 110 mph there.","Rain bands associated with the remnants of Tropical Storm Bill produced isolated tornadoes and locally very heavy rainfall. The convective character of the bands increased during the afternoon due to short intervals of sunshine that destabilized the atmosphere. The surface low pressure center that constituted the remnants of Bill was located over the extreme southeast corner of Missouri during the afternoon. Rain bands rotated northwest and westward across southern Illinois ahead of the low pressure center. The very heavy rainfall produced localized flash flooding of roads, and the Skillet Fork River crested almost 9 feet above flood stage.",34
578497,JACKSON CO.,MURPHYSBORO,06/19/2015,1553,Tornado, ,EF1,0,0,25000,0,IL,CST-6, ,96221,C,77,PAH,0,0,NWS Storm Survey, ,0.2,75,1,ESE,1,E,MURPHYSBORO,06/19/2015,1554,37.7664,-89.3171,37.769,-89.3186,"This brief tornado occurred on the eastern outskirts of Murphysboro along and east of the Big Muddy River, just north of Illinois Route 13. A large section of roof, including the rafters, of a commercial wooden building was blown up to 300 yards. A pontoon boat was flipped over, and a second pontoon boat was lofted about 200 yards. Two wooden power poles were snapped. Several tree limbs and one tree was blown down. An eyewitness had video of the tornado. The peak winds were estimated near 95 mph.","Rain bands associated with the remnants of Tropical Storm Bill produced isolated tornadoes and locally very heavy rainfall. The convective character of the bands increased during the afternoon due to short intervals of sunshine that destabilized the atmosphere. The surface low pressure center that constituted the remnants of Bill was located over the extreme southeast corner of Missouri during the afternoon. Rain bands rotated northwest and westward across southern Illinois ahead of the low pressure center. The very heavy rainfall produced localized flash flooding of roads, and the Skillet Fork River crested almost 9 feet above flood stage.",35
578504,HAMILTON CO.,FLINT,06/19/2015,1630,Tornado, ,EF0,0,0,2000,10000,IL,CST-6, ,96221,C,65,PAH,0,0,NWS Storm Survey, ,0.49,50,2,W,3,WNW,FLINT,06/19/2015,1631,38.0737,-88.6727,38.0791,-88.6785,"A brief tornado occurred just south of Illinois Highway 14 along County Road 7. Several tree limbs were broken. Corn stalks were flattened. A play set was blown over. The tornado moved northwest across County Road 7. Peak winds were estimated near 75 mph.","Rain bands associated with the remnants of Tropical Storm Bill produced isolated tornadoes and locally very heavy rainfall. The convective character of the bands increased during the afternoon due to short intervals of sunshine that destabilized the atmosphere. The surface low pressure center that constituted the remnants of Bill was located over the extreme southeast corner of Missouri during the afternoon. Rain bands rotated northwest and westward across southern Illinois ahead of the low pressure center. The very heavy rainfall produced localized flash flooding of roads, and the Skillet Fork River crested almost 9 feet above flood stage.",36
578690,PERRY CO.,SUNFIELD,06/19/2015,1701,Tornado, ,EF0,0,0,0,0,IL,CST-6, ,96221,C,145,PAH,0,0,Trained Spotter, ,0.1,30,4,ENE,4,ENE,SUNFIELD,06/19/2015,1701,38.0842,-89.1512,38.0842,-89.1512,"A trained spotter reported a brief tornado touchdown. No damage was reported. This tornado was likely associated with the westward-moving funnel cloud that passed near Sesser in Franklin County.","Rain bands associated with the remnants of Tropical Storm Bill produced isolated tornadoes and locally very heavy rainfall. The convective character of the bands increased during the afternoon due to short intervals of sunshine that destabilized the atmosphere. The surface low pressure center that constituted the remnants of Bill was located over the extreme southeast corner of Missouri during the afternoon. Rain bands rotated northwest and westward across southern Illinois ahead of the low pressure center. The very heavy rainfall produced localized flash flooding of roads, and the Skillet Fork River crested almost 9 feet above flood stage.",37
590445,WHITESIDE CO.,STERLING,06/22/2015,1814,Tornado, ,EF1,0,0,0,0,IL,CST-6, ,96019,C,195,DVN,0,0,NWS Storm Survey, ,2.18,75,2,ESE,2,NE,YEOWARD ADDITION,06/22/2015,1818,41.7909,-89.6702,41.7686,-89.6402,"Hardwood trees and trunks were snapped, with peak wind speed of 100 mph on this short tornado spin up.","Severe thunderstorms produced both significant straight line winds and tornadoes as they moved east through Whiteside County the evening of June 22nd.",38
590446,ROCK ISLAND CO.,EDGINGTON,06/22/2015,1815,Tornado, ,EF2,0,0,0,0,IL,CST-6, ,96019,C,161,DVN,0,0,NWS Storm Survey, ,4.22,440,1,WNW,2,W,TAYLOR RIDGE,06/22/2015,1823,41.3839,-90.7945,41.3779,-90.7135,"Several homes were heavily damaged with roofs torn off along with several detached garages destroyed. Large tree trunks were snapped and trees uprooted.  Peak winds of 120 mph were associated with this tornado.","Severe thunderstorms produced both significant straight line winds and tornadoes as they moved east through Whiteside County the evening of June 22nd.",39
577066,WHITESIDE CO.,YEOWARD ADDITION,06/22/2015,1816,Tornado, ,EF1,0,0,0,0,IL,CST-6, ,96019,C,195,DVN,0,0,NWS Storm Survey, ,1.67,50,1,SE,3,SE,YEOWARD ADDITION,06/22/2015,1820,41.736,-89.6509,41.7158,-89.6331,"A large supercell thunderstorm produced significant wind damage as well as two tornadoes in eastern Whiteside counties. This EF1 tornado caused damage to trees, with winds of estimated 105 mph, rated on hardwood tree trunks snapped.  This tornado continued in a short path into Lee County.","Severe thunderstorms produced both significant straight line winds and tornadoes as they moved east through Whiteside County the evening of June 22nd.",40
590660,LEE CO.,VAN PETTEN,06/22/2015,1820,Tornado, ,EF0,0,0,0,0,IL,CST-6, ,98155,C,103,LOT,0,0,NWS Storm Survey, ,0.84,50,1,NNW,1,N,VAN PETTEN,06/22/2015,1821,41.7152,-89.632,41.7099,-89.6174,"This is a continuation of a tornado that began in Whiteside County (NWS Quad Cities).  The tornado crossed the county line and did no additional damage. (Tornado 1 of 10).","During the evening of June 22, twelve tornadoes occurred across northern Illinois, including ten in the WFO Chicago forecast area.  Ten of the twelve were spawned from a single long-lived cyclic supercell, which tracked across Whiteside, Lee, LaSalle, Grundy, Will, and Kankakee Counties.  The heaviest damage was in Coal City (Grundy County) and Braidwood (Will County) which was caused by an EF-3 tornado with maximum winds of 160 mph, and the Woodhaven Campground in Sublette (Lee County) caused by an EF-2 tornado with maximum winds of 130 mph.  There were 14 injuries reported.  There were no fatalities.  The EF-3 Coal City to Braidwood tornado was the strongest tornado in Grundy County since an F3 tornado struck on July 17, 1972.  The atmosphere was primed for severe weather, with very warm, humid conditions, low pressure moving north of the region, and a strong jet stream aloft.  An outflow boundary from earlier storms during the late morning and early afternoon may have been key to where the long-lived tornado-producing storm tracked.  In addition to tornado and wind damage, slow moving storms brought torrential rainfall of locally up to 3 to 5 inches to portions of Lee, Grundy, Will, and Kankakee counties, resulting in widespread flash flooding.  This rain fell on top of soil already saturated from repeated heavy rains over the past few weeks.",41
590629,LEE CO.,HARMON,06/22/2015,1828,Tornado, ,EF1,0,0,0,0,IL,CST-6, ,98155,C,103,LOT,0,0,NWS Storm Survey, ,7.44,50,3,NW,2,SW,WALTON,06/22/2015,1840,41.7436,-89.5917,41.6971,-89.4615,"The tornado touched down near Howland Road where hardwood trees were snapped.  The tornado moved southeast just north of Harmon where additional trees were snapped.  The tornado snapped trees as it cross Hoyle Road.  The tornado lifted before reaching IL-26.  Peak winds were estimated to be 105 mph.  (Tornado 2 of 10).","During the evening of June 22, twelve tornadoes occurred across northern Illinois, including ten in the WFO Chicago forecast area.  Ten of the twelve were spawned from a single long-lived cyclic supercell, which tracked across Whiteside, Lee, LaSalle, Grundy, Will, and Kankakee Counties.  The heaviest damage was in Coal City (Grundy County) and Braidwood (Will County) which was caused by an EF-3 tornado with maximum winds of 160 mph, and the Woodhaven Campground in Sublette (Lee County) caused by an EF-2 tornado with maximum winds of 130 mph.  There were 14 injuries reported.  There were no fatalities.  The EF-3 Coal City to Braidwood tornado was the strongest tornado in Grundy County since an F3 tornado struck on July 17, 1972.  The atmosphere was primed for severe weather, with very warm, humid conditions, low pressure moving north of the region, and a strong jet stream aloft.  An outflow boundary from earlier storms during the late morning and early afternoon may have been key to where the long-lived tornado-producing storm tracked.  In addition to tornado and wind damage, slow moving storms brought torrential rainfall of locally up to 3 to 5 inches to portions of Lee, Grundy, Will, and Kankakee counties, resulting in widespread flash flooding.  This rain fell on top of soil already saturated from repeated heavy rains over the past few weeks.",42
590631,LEE CO.,MAYTOWN,06/22/2015,1853,Tornado, ,EF2,0,7,1000000,0,IL,CST-6, ,98155,C,103,LOT,0,0,NWS Storm Survey, ,7.8,880,4,ENE,1,WNW,HENKEL,06/22/2015,1911,41.6565,-89.3213,41.6044,-89.1874,"Very significant tree damage occurred with many large trees snapped or uprooted in Woodhaven Lakes Camping Resort.  At least one house was pushed off of its foundation.  Several trees fell onto recreational vehicles and it was estimated that around 100 of the 300 homes in the area received some degree of damage.  One person was taken to the hospital in serious condition, and six others were injured.  Peak winds were estimated to be 130 mph. (Tornado 3 of 10).","During the evening of June 22, twelve tornadoes occurred across northern Illinois, including ten in the WFO Chicago forecast area.  Ten of the twelve were spawned from a single long-lived cyclic supercell, which tracked across Whiteside, Lee, LaSalle, Grundy, Will, and Kankakee Counties.  The heaviest damage was in Coal City (Grundy County) and Braidwood (Will County) which was caused by an EF-3 tornado with maximum winds of 160 mph, and the Woodhaven Campground in Sublette (Lee County) caused by an EF-2 tornado with maximum winds of 130 mph.  There were 14 injuries reported.  There were no fatalities.  The EF-3 Coal City to Braidwood tornado was the strongest tornado in Grundy County since an F3 tornado struck on July 17, 1972.  The atmosphere was primed for severe weather, with very warm, humid conditions, low pressure moving north of the region, and a strong jet stream aloft.  An outflow boundary from earlier storms during the late morning and early afternoon may have been key to where the long-lived tornado-producing storm tracked.  In addition to tornado and wind damage, slow moving storms brought torrential rainfall of locally up to 3 to 5 inches to portions of Lee, Grundy, Will, and Kankakee counties, resulting in widespread flash flooding.  This rain fell on top of soil already saturated from repeated heavy rains over the past few weeks.",43
590633,LA SALLE CO.,MENDOTA,06/22/2015,1919,Tornado, ,EF1,0,0,100000,0,IL,CST-6, ,98155,C,99,LOT,0,0,NWS Storm Survey, ,1.48,150,1,WNW,1,ESE,MENDOTA,06/22/2015,1924,41.5536,-89.1334,41.5454,-89.107,"A tornado crossed through the center of Mendota resulting in significant tree damage.  Some trees were blown down onto structures and at least one fell onto a vehicle.  The tornado touched down near the intersection of Knoll Crest Drive and S Park Avenue where numerous hardwood trees were snapped.  One to three inch branches were broken as the tornado crossed 13th Avenue. A large trunk was split on Washington Street.  Trees were uprooted on 5th Street near 5th Avenue.  Hardwood trees were snapped on N 1st Avenue, including one that fell onto a pickup truck. Maximum winds were estimated to be 105 mph. (Tornado 4 of 10).","During the evening of June 22, twelve tornadoes occurred across northern Illinois, including ten in the WFO Chicago forecast area.  Ten of the twelve were spawned from a single long-lived cyclic supercell, which tracked across Whiteside, Lee, LaSalle, Grundy, Will, and Kankakee Counties.  The heaviest damage was in Coal City (Grundy County) and Braidwood (Will County) which was caused by an EF-3 tornado with maximum winds of 160 mph, and the Woodhaven Campground in Sublette (Lee County) caused by an EF-2 tornado with maximum winds of 130 mph.  There were 14 injuries reported.  There were no fatalities.  The EF-3 Coal City to Braidwood tornado was the strongest tornado in Grundy County since an F3 tornado struck on July 17, 1972.  The atmosphere was primed for severe weather, with very warm, humid conditions, low pressure moving north of the region, and a strong jet stream aloft.  An outflow boundary from earlier storms during the late morning and early afternoon may have been key to where the long-lived tornado-producing storm tracked.  In addition to tornado and wind damage, slow moving storms brought torrential rainfall of locally up to 3 to 5 inches to portions of Lee, Grundy, Will, and Kankakee counties, resulting in widespread flash flooding.  This rain fell on top of soil already saturated from repeated heavy rains over the past few weeks.",44
590635,LA SALLE CO.,PRAIRIE CENTER,06/22/2015,1950,Tornado, ,EF1,0,0,100000,0,IL,CST-6, ,98155,C,99,LOT,0,0,NWS Storm Survey, ,6.04,150,3,E,1,NE,WEDRON,06/22/2015,2002,41.4701,-88.8719,41.4407,-88.762,"Several trees were snapped or uprooted, including one tree that fell onto a house.  Peak winds were estimated to be 90 mph.  (Tornado 5 of 10).","During the evening of June 22, twelve tornadoes occurred across northern Illinois, including ten in the WFO Chicago forecast area.  Ten of the twelve were spawned from a single long-lived cyclic supercell, which tracked across Whiteside, Lee, LaSalle, Grundy, Will, and Kankakee Counties.  The heaviest damage was in Coal City (Grundy County) and Braidwood (Will County) which was caused by an EF-3 tornado with maximum winds of 160 mph, and the Woodhaven Campground in Sublette (Lee County) caused by an EF-2 tornado with maximum winds of 130 mph.  There were 14 injuries reported.  There were no fatalities.  The EF-3 Coal City to Braidwood tornado was the strongest tornado in Grundy County since an F3 tornado struck on July 17, 1972.  The atmosphere was primed for severe weather, with very warm, humid conditions, low pressure moving north of the region, and a strong jet stream aloft.  An outflow boundary from earlier storms during the late morning and early afternoon may have been key to where the long-lived tornado-producing storm tracked.  In addition to tornado and wind damage, slow moving storms brought torrential rainfall of locally up to 3 to 5 inches to portions of Lee, Grundy, Will, and Kankakee counties, resulting in widespread flash flooding.  This rain fell on top of soil already saturated from repeated heavy rains over the past few weeks.",45
590637,LA SALLE CO.,STAVANGER,06/22/2015,2017,Tornado, ,EF1,0,0,0,0,IL,CST-6, ,98155,C,99,LOT,0,0,NWS Storm Survey, ,1.12,150,0,E,1,ESE,STAVANGER,06/22/2015,2019,41.3996,-88.6139,41.3925,-88.5944,"This tornado was determined based on reports from trained spotters and photos of the damage.  Large trees were snapped and there was minor structural damage to outbuildings.  The tornado had peak winds estimated to 90 mph.  The tornado continued into Grundy County.  (Tornado 6a of 10).","During the evening of June 22, twelve tornadoes occurred across northern Illinois, including ten in the WFO Chicago forecast area.  Ten of the twelve were spawned from a single long-lived cyclic supercell, which tracked across Whiteside, Lee, LaSalle, Grundy, Will, and Kankakee Counties.  The heaviest damage was in Coal City (Grundy County) and Braidwood (Will County) which was caused by an EF-3 tornado with maximum winds of 160 mph, and the Woodhaven Campground in Sublette (Lee County) caused by an EF-2 tornado with maximum winds of 130 mph.  There were 14 injuries reported.  There were no fatalities.  The EF-3 Coal City to Braidwood tornado was the strongest tornado in Grundy County since an F3 tornado struck on July 17, 1972.  The atmosphere was primed for severe weather, with very warm, humid conditions, low pressure moving north of the region, and a strong jet stream aloft.  An outflow boundary from earlier storms during the late morning and early afternoon may have been key to where the long-lived tornado-producing storm tracked.  In addition to tornado and wind damage, slow moving storms brought torrential rainfall of locally up to 3 to 5 inches to portions of Lee, Grundy, Will, and Kankakee counties, resulting in widespread flash flooding.  This rain fell on top of soil already saturated from repeated heavy rains over the past few weeks.",46
590638,GRUNDY CO.,NETTLECREEK,06/22/2015,2019,Tornado, ,EF1,0,0,50000,0,IL,CST-6, ,98155,C,63,LOT,0,0,NWS Storm Survey, ,5.93,150,4,S,1,NE,STOCKDALE,06/22/2015,2029,41.3925,-88.5944,41.3552,-88.4915,"This is a continuation of a tornado that began in Lasalle County.  This tornado was determined based on reports from trained spotters and photos of the damage.  Large trees were snapped and there was minor structural damage to outbuildings.  The tornado crossed Interstate-80 near the Seneca Exit.  The tornado had peak winds estimated to 90 mph.  (Tornado 6b of 10).","During the evening of June 22, twelve tornadoes occurred across northern Illinois, including ten in the WFO Chicago forecast area.  Ten of the twelve were spawned from a single long-lived cyclic supercell, which tracked across Whiteside, Lee, LaSalle, Grundy, Will, and Kankakee Counties.  The heaviest damage was in Coal City (Grundy County) and Braidwood (Will County) which was caused by an EF-3 tornado with maximum winds of 160 mph, and the Woodhaven Campground in Sublette (Lee County) caused by an EF-2 tornado with maximum winds of 130 mph.  There were 14 injuries reported.  There were no fatalities.  The EF-3 Coal City to Braidwood tornado was the strongest tornado in Grundy County since an F3 tornado struck on July 17, 1972.  The atmosphere was primed for severe weather, with very warm, humid conditions, low pressure moving north of the region, and a strong jet stream aloft.  An outflow boundary from earlier storms during the late morning and early afternoon may have been key to where the long-lived tornado-producing storm tracked.  In addition to tornado and wind damage, slow moving storms brought torrential rainfall of locally up to 3 to 5 inches to portions of Lee, Grundy, Will, and Kankakee counties, resulting in widespread flash flooding.  This rain fell on top of soil already saturated from repeated heavy rains over the past few weeks.",47
590639,GRUNDY CO.,GORMAN,06/22/2015,2043,Tornado, ,EF1,0,0,50000,0,IL,CST-6, ,98155,C,63,LOT,0,0,NWS Storm Survey, ,0.77,100,2,WNW,1,NW,GORMAN,06/22/2015,2046,41.2802,-88.3818,41.2806,-88.3669,"The tornado blew off a portion of the roof of a house and snapped a large tree.  Peak winds were estimated at 95 mph. (Tornado 7 of 10).","During the evening of June 22, twelve tornadoes occurred across northern Illinois, including ten in the WFO Chicago forecast area.  Ten of the twelve were spawned from a single long-lived cyclic supercell, which tracked across Whiteside, Lee, LaSalle, Grundy, Will, and Kankakee Counties.  The heaviest damage was in Coal City (Grundy County) and Braidwood (Will County) which was caused by an EF-3 tornado with maximum winds of 160 mph, and the Woodhaven Campground in Sublette (Lee County) caused by an EF-2 tornado with maximum winds of 130 mph.  There were 14 injuries reported.  There were no fatalities.  The EF-3 Coal City to Braidwood tornado was the strongest tornado in Grundy County since an F3 tornado struck on July 17, 1972.  The atmosphere was primed for severe weather, with very warm, humid conditions, low pressure moving north of the region, and a strong jet stream aloft.  An outflow boundary from earlier storms during the late morning and early afternoon may have been key to where the long-lived tornado-producing storm tracked.  In addition to tornado and wind damage, slow moving storms brought torrential rainfall of locally up to 3 to 5 inches to portions of Lee, Grundy, Will, and Kankakee counties, resulting in widespread flash flooding.  This rain fell on top of soil already saturated from repeated heavy rains over the past few weeks.",48
590644,GRUNDY CO.,PAYTONVILLE,06/22/2015,2045,Tornado, ,EF3,0,7,25000000,0,IL,CST-6, ,98155,C,63,LOT,0,0,NWS Storm Survey, ,7.7,1320,3,ESE,1,S,DIAMOND,06/22/2015,2058,41.3082,-88.3823,41.2641,-88.2462,"The tornado touched down near Higgins Road and Dupont Road where softwood trees were snapped. The tornado moved east-southeast where trees and power poles were snapped along N Gorman Road.  The most significant damage was noted as the tornado crossed S Carbon Hill Road just south of Division Street, entering Coal City. Dozens of homes were heavily damaged in Coal City with three completely destroyed.  Two of these homes were well built and had at least part of their structure bolted down to the foundation with bolts secured by nuts.  Two high tension metal trusses were downed including one that was crumpled along Hunters Run.  Hundreds of trees were snapped or uprooted.  Numerous utility poles were downed.  Peak winds were estimated to be 160 mph with a max width of three quarters of a mile.  The tornado continued into Will County.  (Tornado 8a of 10).","During the evening of June 22, twelve tornadoes occurred across northern Illinois, including ten in the WFO Chicago forecast area.  Ten of the twelve were spawned from a single long-lived cyclic supercell, which tracked across Whiteside, Lee, LaSalle, Grundy, Will, and Kankakee Counties.  The heaviest damage was in Coal City (Grundy County) and Braidwood (Will County) which was caused by an EF-3 tornado with maximum winds of 160 mph, and the Woodhaven Campground in Sublette (Lee County) caused by an EF-2 tornado with maximum winds of 130 mph.  There were 14 injuries reported.  There were no fatalities.  The EF-3 Coal City to Braidwood tornado was the strongest tornado in Grundy County since an F3 tornado struck on July 17, 1972.  The atmosphere was primed for severe weather, with very warm, humid conditions, low pressure moving north of the region, and a strong jet stream aloft.  An outflow boundary from earlier storms during the late morning and early afternoon may have been key to where the long-lived tornado-producing storm tracked.  In addition to tornado and wind damage, slow moving storms brought torrential rainfall of locally up to 3 to 5 inches to portions of Lee, Grundy, Will, and Kankakee counties, resulting in widespread flash flooding.  This rain fell on top of soil already saturated from repeated heavy rains over the past few weeks.",49
590649,WILL CO.,BRAIDWOOD,06/22/2015,2058,Tornado, ,EF2,0,0,250000,0,IL,CST-6, ,98155,C,197,LOT,0,0,NWS Storm Survey, ,8.56,1320,1,WSW,2,SSE,RITCHIE,06/22/2015,2112,41.2641,-88.2462,41.2255,-88.0897,"This is a continuation of a tornado that begin in Grundy County.  The tornado crossed into Will County near E Reed Road. The tornado crossed part of the property of the Braidwood Nuclear Generating Station producing tree damage.  Wooden power poles were broken along Route 53, and again along Zilm Road.  A garage was nearly completely destroyed along Ohlhues Road.    (Tornado 8b of 10).","During the evening of June 22, twelve tornadoes occurred across northern Illinois, including ten in the WFO Chicago forecast area.  Ten of the twelve were spawned from a single long-lived cyclic supercell, which tracked across Whiteside, Lee, LaSalle, Grundy, Will, and Kankakee Counties.  The heaviest damage was in Coal City (Grundy County) and Braidwood (Will County) which was caused by an EF-3 tornado with maximum winds of 160 mph, and the Woodhaven Campground in Sublette (Lee County) caused by an EF-2 tornado with maximum winds of 130 mph.  There were 14 injuries reported.  There were no fatalities.  The EF-3 Coal City to Braidwood tornado was the strongest tornado in Grundy County since an F3 tornado struck on July 17, 1972.  The atmosphere was primed for severe weather, with very warm, humid conditions, low pressure moving north of the region, and a strong jet stream aloft.  An outflow boundary from earlier storms during the late morning and early afternoon may have been key to where the long-lived tornado-producing storm tracked.  In addition to tornado and wind damage, slow moving storms brought torrential rainfall of locally up to 3 to 5 inches to portions of Lee, Grundy, Will, and Kankakee counties, resulting in widespread flash flooding.  This rain fell on top of soil already saturated from repeated heavy rains over the past few weeks.",50
590653,KANKAKEE CO.,ALTORF,06/22/2015,2108,Tornado, ,EF1,0,0,0,0,IL,CST-6, ,98155,C,91,LOT,0,0,NWS Storm Survey, ,2.24,300,1,W,1,SE,ALTORF,06/22/2015,2112,41.1785,-87.8896,41.1647,-87.8507,"The tornado primarily produced damage to trees including a few that were uprooted and snapped near the base.  Peak winds were estimated to be 90 mph.  (Tornado 9 of 10).","During the evening of June 22, twelve tornadoes occurred across northern Illinois, including ten in the WFO Chicago forecast area.  Ten of the twelve were spawned from a single long-lived cyclic supercell, which tracked across Whiteside, Lee, LaSalle, Grundy, Will, and Kankakee Counties.  The heaviest damage was in Coal City (Grundy County) and Braidwood (Will County) which was caused by an EF-3 tornado with maximum winds of 160 mph, and the Woodhaven Campground in Sublette (Lee County) caused by an EF-2 tornado with maximum winds of 130 mph.  There were 14 injuries reported.  There were no fatalities.  The EF-3 Coal City to Braidwood tornado was the strongest tornado in Grundy County since an F3 tornado struck on July 17, 1972.  The atmosphere was primed for severe weather, with very warm, humid conditions, low pressure moving north of the region, and a strong jet stream aloft.  An outflow boundary from earlier storms during the late morning and early afternoon may have been key to where the long-lived tornado-producing storm tracked.  In addition to tornado and wind damage, slow moving storms brought torrential rainfall of locally up to 3 to 5 inches to portions of Lee, Grundy, Will, and Kankakee counties, resulting in widespread flash flooding.  This rain fell on top of soil already saturated from repeated heavy rains over the past few weeks.",51
590657,KANKAKEE CO.,DICKEYS,06/22/2015,2246,Tornado, ,EF0,0,0,0,0,IL,CST-6, ,98155,C,91,LOT,0,0,Law Enforcement, ,1.02,50,3,SSE,3,SSW,IRWIN,06/22/2015,2248,41.0155,-88.0138,41.0124,-87.9947,"A tornado briefly touched down but no damage occurred.  The tornado was reported by a trained spotter and law enforcement.  (Tornado 10 of 10).","During the evening of June 22, twelve tornadoes occurred across northern Illinois, including ten in the WFO Chicago forecast area.  Ten of the twelve were spawned from a single long-lived cyclic supercell, which tracked across Whiteside, Lee, LaSalle, Grundy, Will, and Kankakee Counties.  The heaviest damage was in Coal City (Grundy County) and Braidwood (Will County) which was caused by an EF-3 tornado with maximum winds of 160 mph, and the Woodhaven Campground in Sublette (Lee County) caused by an EF-2 tornado with maximum winds of 130 mph.  There were 14 injuries reported.  There were no fatalities.  The EF-3 Coal City to Braidwood tornado was the strongest tornado in Grundy County since an F3 tornado struck on July 17, 1972.  The atmosphere was primed for severe weather, with very warm, humid conditions, low pressure moving north of the region, and a strong jet stream aloft.  An outflow boundary from earlier storms during the late morning and early afternoon may have been key to where the long-lived tornado-producing storm tracked.  In addition to tornado and wind damage, slow moving storms brought torrential rainfall of locally up to 3 to 5 inches to portions of Lee, Grundy, Will, and Kankakee counties, resulting in widespread flash flooding.  This rain fell on top of soil already saturated from repeated heavy rains over the past few weeks.",52
586765,ALEXANDER CO.,THEBES JCT,07/08/2015,1944,Tornado, ,EF1,0,0,6000,0,IL,CST-6, ,97517,C,3,PAH,0,0,NWS Storm Survey, ,2.09,50,1,NW,2,NE,THEBES JCT,07/08/2015,1947,37.2075,-89.4639,37.2197,-89.4291,"The tornado crossed the Mississippi River from Scott County, Missouri. The tornado was in its weakening stage as it crossed the river. A path of tree damage was visible on the Illinois side of the river, ending just inside the Shawnee National Forest. No structural damage was reported. Peak winds were estimated to be around 95 mph on the Missouri side of the track.","Isolated severe thunderstorms developed ahead of a migratory surface low over central Missouri. In the wake of early-day showers departing the Lower Ohio Valley, pockets of sunshine resulted in modest air mass destabilization. Boundary layer dew points in the 70's contributed to storm development. Notable strengthening of the 850 to 700 mb wind field was sufficient for isolated supercells, including a tornadic supercell that crossed the Mississippi River into Alexander County.",53
584608,MACON CO.,FORSYTH,07/11/2015,2025,Tornado, ,EF0,0,0,15000,0,IL,CST-6, ,97215,C,115,ILX,0,0,Emergency Manager, ,0.09,50,0,SW,0,S,FORSYTH,07/11/2015,2026,39.9285,-88.9514,39.9294,-88.9501,"A tornado touched down about 0.3 miles south of Forsyth at 9:25 PM CDT.  The tornado snapped several trees at their tops, damaged a shed, destroyed a dog kennel, blew a garage door partially in, and created minor roof damage to two homes before quickly dissipating at 9:26 PM CDT.","Several clusters of thunderstorms developed along and north of a warm front extending from northern Missouri into southern Illinois during the afternoon and evening of July 11th.  One of the storms produced a brief tornado near Forsyth and some wind damage in Long Creek in Macon County.  Elsewhere around central Illinois, torrential rainfall created localized flash flooding, across portions of west central Illinois where numerous roads were closed through the morning hours of July 12th due to high water.",54
597117,HENDERSON CO.,LONE TREE,07/16/2015,1709,Tornado, ,EF1,0,0,25000,0,IL,CST-6, ,99289,C,71,DVN,0,0,NWS Storm Survey, ,0.84,100,1,E,2,ENE,LONE TREE,07/16/2015,1712,40.8328,-90.9995,40.8414,-90.9882,"An EF1 tornado with maximum winds estimated at 95 mph touched down  1.1 miles east of Lone Tree, IL.  The tornado traveled 0.84 miles and lifted 1.8 miles east northeast of Lone Tree.  The maximum path width was about 100 yards.  Along the path, trees and outbuildings were destroyed.","A wave on a northward moving warm front produced scattered thunderstorms along the boundary.  Low level shear was favorable for severe weather and tornadoes.",55
597132,WARREN CO.,SMITHSHIRE,07/16/2015,1749,Tornado, ,EF1,0,0,2000,0,IL,CST-6, ,99289,C,187,DVN,0,0,NWS Storm Survey, ,1.41,50,2,N,2,S,KIRKWOOD,07/16/2015,1751,40.8338,-90.772,40.8422,-90.7465,"Tornado strength rating of EF-1.  Maximum estimated wind of 90 MPH.  Tornado path length of 1.41 miles.  Tornado path maximum width of 50 yards.  Tornado start time roughly 649 PM CDT.  Tornado path start location roughly 2.4 MILES north of Smithshire IL. Tornado end time of roughly 651 PM CDT.  Tornado path end location of 1.9 miles South of Kirkwood IL.  Trees and outbuildings damaged and a semi blown over on Highway 34.","A wave on a northward moving warm front produced scattered thunderstorms along the boundary.  Low level shear was favorable for severe weather and tornadoes.",56
597150,ROCK ISLAND CO.,PORT BYRON,07/16/2015,1800,Tornado, ,EF1,0,0,2000,0,IL,CST-6, ,99289,C,161,DVN,0,0,NWS Storm Survey, ,1.11,200,1,SE,1,ENE,PORT BYRON,07/16/2015,1803,41.615,-90.3226,41.6252,-90.3061,"An EF1 tornado with estimated peak wind of 105 mph damaged trees and some homes along 94th Ave.  Path length, 1.2 miles.Path width about 200 yards.  The tornado began at 7 pm 0.5 miles southeast of Port Byron and lifted around 703 pm 1.3 miles east northeast of Port Byron.","A wave on a northward moving warm front produced scattered thunderstorms along the boundary.  Low level shear was favorable for severe weather and tornadoes.",57
597146,WARREN CO.,KIRKWOOD,07/16/2015,1809,Tornado, ,EF2,0,0,150000,0,IL,CST-6, ,99289,C,187,DVN,0,0,NWS Storm Survey, ,1.72,300,3,E,3,SW,MONMOUTH,07/16/2015,1813,40.8741,-90.7009,40.8862,-90.6722,"An EF2 tornado with maximum wind estimated at 120 MPH touched down 2.6 miles east of Kirkwood, IL.  The tornado traveled approximately 1.7 miles and lifted 3.2 miles southwest of Monmouth, IL. The maximum path width was about 300 yards. Along the path, the tornado destroyed a grain bin and a cattle barn at Shauman's Corner about 6.4 miles southwest of Monmouth on US 34.  Power poles were also snapped.","A wave on a northward moving warm front produced scattered thunderstorms along the boundary.  Low level shear was favorable for severe weather and tornadoes.",58
597164,WARREN CO.,NEMO,07/16/2015,1813,Tornado, ,EF2,0,1,1500000,0,IL,CST-6, ,99289,C,187,DVN,0,0,NWS Storm Survey, ,5.95,700,2,NNW,2,SSW,SURREY,07/16/2015,1834,40.8892,-90.5936,40.8918,-90.4797,"An EF-2 tornado with winds estimated at 125 mph tracked about 6 miles from east of Monmouth through the town of Cameron before lifting. A maximum path width of 700 yards was estimated in Cameron.  The tornado began at 713 pm CDT 1 mile southeast of Monmouth and lifted at 734 pm 2.2 miles east of Cameron.  The most intense damage occurred in Cameron where at least 3 homes were unroofed, numerous garages and outbuildings were destroyed, and a large grain bin at the elevator was destroyed.","A wave on a northward moving warm front produced scattered thunderstorms along the boundary.  Low level shear was favorable for severe weather and tornadoes.",59
597152,WHITESIDE CO.,STERLING ARPT,07/16/2015,1948,Tornado, ,EF0,0,0,0,0,IL,CST-6, ,99289,C,195,DVN,0,0,Trained Spotter, ,0.55,10,2,SSW,2,SSW,STERLING ARPT,07/16/2015,1949,41.72,-89.7,41.728,-89.6912,"An EF0 tornado with peak winds estimated at 80 mph touched down 4 miles south of Rock Falls. It traveled about 0.55 miles in open country.  According to spotter account and video, it was on the ground for about 1 minute 20 seconds.  No damage was reported.","A wave on a northward moving warm front produced scattered thunderstorms along the boundary.  Low level shear was favorable for severe weather and tornadoes.",60
593136,TAZEWELL CO.,DELAVAN,07/16/2015,2239,Tornado, ,EF2,0,1,1200000,10000,IL,CST-6, ,98680,C,179,ILX,1,0,NWS Storm Survey, ,2.39,250,1,S,2,ENE,DELAVAN,07/16/2015,2246,40.3618,-89.5496,40.379,-89.5103,"A tornado touched down 0.6 miles south of Delavan at 11:39 PM CDT.  The tornado then moved east-northeast across the south side of Delavan, damaging 51 homes.  15 of the homes sustained severe damage, including either the roofs being completely torn off or the majority of the roof deck being lifted off.  Numerous garages, outbuildings, and trees were damaged.  The tornado also crossed through the Prairie Rest Cemetery, damaging grave markers and several trees before dissipating in a cornfield 2.2 miles east-northeast of Delavan at 11:46 PM CDT.","A strong cold front interacting with a highly unstable airmass triggered strong to severe thunderstorms across west-central Illinois during the evening of July 16th.  Scattered wind damage and flash flooding occurred mainly west of the I-55 corridor.  One of the storms produced a short-lived EF-2 tornado that impacted the town of Delavan in Tazewell County, resulting in numerous homes being damaged and two minor injuries.",61
596206,MCHENRY CO.,LAWRENCE,07/18/2015,1319,Tornado, ,EF0,0,0,0,0,IL,CST-6, ,98363,C,111,LOT,0,0,Emergency Manager, ,0.1,50,2,NE,2,S,BIG FOOT,07/18/2015,1320,42.45,-88.6,42.45,-88.598,"An emergency manager spotted a brief tornado that caused minor tree damage near Route 14 and Oak Grove Road.  Maximum winds were estimated to 70 mph.","Thunderstorms developed over portions of northeastern Illinois producing heavy rain and sporadic wind damage.  An observer in Gurnee measured 1.86 inches of rain in 72 minutes while an observer in Wonder Lake measured 2.57 inches in two hours.",62
596207,MCHENRY CO.,ALDEN,07/18/2015,1338,Tornado, ,EF0,0,0,0,0,IL,CST-6, ,98363,C,111,LOT,0,0,Trained Spotter, ,0.1,50,2,ESE,2,ESE,ALDEN,07/18/2015,1339,42.46,-88.48,42.46,-88.478,"Spotters reported a brief tornado.  No damage occurred.","Thunderstorms developed over portions of northeastern Illinois producing heavy rain and sporadic wind damage.  An observer in Gurnee measured 1.86 inches of rain in 72 minutes while an observer in Wonder Lake measured 2.57 inches in two hours.",63
599437,LAKE CO.,ROUND LAKE,08/02/2015,1938,Tornado, ,EF1,0,0,1000000,0,IL,CST-6, ,99528,C,97,LOT,0,0,NWS Storm Survey, ,7.51,300,0,E,2,ESE,GAGES LAKE,08/02/2015,1953,42.3503,-88.0972,42.3428,-87.9505,"The tornado touched down near Cedar Lake Road in Round Lake where tree damage occurred.  The tornado moved east and damaged hundreds of trees along the 7.5 mile long path, including dozens that were snapped at the base or uprooted.  The most significant tree damage was noted in the subdivisions of Grayslake and Wildwood.  A roof was blown off of a restaurant along Illinois Route 134 with a sign from the restaurant ending up over two miles away in Grayslake.  Several homes and businesses suffered roof damage from either falling trees or loss of shingles.  A large part of the roof of the Grayslake Central High School was blown across the street.  A nearby skatepark was heavily damaged.  The last points of damage were noted along Illinois Route 120 just west of I-94 in unincorporated Wildwood.","An isolated supercell developed over north central Illinois and moved across portions of the Chicago metropolitan area during the afternoon producing strong large hail and severe winds.  A man was killed at an outdoor event in Wooddale when a large tent collapsed causing a beam to strike the man.  An estimated 20 others were injured, including three seriously.  Additional thunderstorms formed later in the evening producing severe weather, including a tornado near Grayslake.",64
598191,LIVINGSTON CO.,CORNELL,08/18/2015,1532,Tornado, ,EF0,0,0,0,0,IL,CST-6, ,99627,C,105,LOT,0,0,Law Enforcement, ,0.03,25,1,E,1,E,CORNELL,08/18/2015,1533,40.98,-88.72,40.9803,-88.7196,"A brief touchdown was reported by law enforcement.  No damage occurred.","Isolated supercell thunderstorms developed during the late afternoon over Livingston and McLean counties and tracked northeast toward the Chicago metro through the early evening.  There were two separate and brief EF-0 tornado touchdowns in Livingston County:  one near Cornell and the other north of Chenoa. No damage was observed with these brief touchdowns.  The supercell thunderstorm that produced a brief EF-0 tornado near Cornell maintained persistent rotation as it tracked across Grundy County, with numerous photos of a very low wall cloud, and reports of possible brief funnel clouds at times near Kinsman and Mazon.||A line of strong to severe storms producing torrential rainfall moved in behind the supercell thunderstorms, producing sporadic wind damage in portions of northern Illinois and also flash flooding in portions of Rockford.  Two additional EF-0 tornadoes associated with rotation embedded within the line of storms were confirmed:  the first from extreme southeast Naperville to far eastern Woodridge, and the second a brief path through Downers Grove.||The 2.87 of rain that fell at Rockford Airport on August 18th set a new record for the date, breaking the previous record set in 2005.",65
598192,LIVINGSTON CO.,OCOYA,08/18/2015,1605,Tornado, ,EF0,0,0,0,0,IL,CST-6, ,99627,C,105,LOT,0,0,Trained Spotter, ,0.04,25,2,E,2,E,OCOYA,08/18/2015,1606,40.8,-88.64,40.8004,-88.6394,"Trained spotter observed tornado just west of I-55. No damage occurred.","Isolated supercell thunderstorms developed during the late afternoon over Livingston and McLean counties and tracked northeast toward the Chicago metro through the early evening.  There were two separate and brief EF-0 tornado touchdowns in Livingston County:  one near Cornell and the other north of Chenoa. No damage was observed with these brief touchdowns.  The supercell thunderstorm that produced a brief EF-0 tornado near Cornell maintained persistent rotation as it tracked across Grundy County, with numerous photos of a very low wall cloud, and reports of possible brief funnel clouds at times near Kinsman and Mazon.||A line of strong to severe storms producing torrential rainfall moved in behind the supercell thunderstorms, producing sporadic wind damage in portions of northern Illinois and also flash flooding in portions of Rockford.  Two additional EF-0 tornadoes associated with rotation embedded within the line of storms were confirmed:  the first from extreme southeast Naperville to far eastern Woodridge, and the second a brief path through Downers Grove.||The 2.87 of rain that fell at Rockford Airport on August 18th set a new record for the date, breaking the previous record set in 2005.",66
598611,TAZEWELL CO.,MACKINAW,08/18/2015,1709,Tornado, ,EF0,0,0,30000,8000,IL,CST-6, ,99844,C,179,ILX,0,0,Emergency Manager, ,2.01,75,1,E,2,NW,LILLY,08/18/2015,1711,40.5264,-89.3225,40.5497,-89.2997,"A tornado touched down 1.7 miles east-southeast of Mackinaw at 6:09 PM CDT.  The tornado tracked northeastward for 2 miles, damaging several pine trees, downing tree limbs onto 3 houses, and damaging crops in a path 50 to 75 yards wide.  The tornado dissipated in a wooded area 2.7 miles east-northeast of Mackinaw at 6:11 PM CDT.","A vigorous upper-level disturbance tracking through the Upper Midwest interacted with an approaching cold front to trigger scattered strong to severe thunderstorms across central Illinois during the afternoon and evening of August 18th.  Due to increasing low-level wind shear, a number of the storms began to rotate and produce funnel clouds.  One storm produced a weak tornado in Tazewell County just east of Mackinaw.  Other cells created scattered damaging wind gusts of around 60 mph and hail as large as quarters.",67
598209,WILL CO.,PLAINFIELD CLOW ARPT,08/18/2015,1855,Tornado, ,EF0,0,0,0,0,IL,CST-6, ,99627,C,197,LOT,0,0,NWS Storm Survey, ,0.93,75,2,NE,1,WNW,BARBERS CORNERS,08/18/2015,1857,41.7166,-88.1079,41.7271,-88.0966,"A tornado touched down in extreme southeast Naperville, and several hardwood trees were snapped or damaged and a softwood tree uprooted. Maximum winds were estimated at 80 mph. This tornado continued into DuPage county.","Isolated supercell thunderstorms developed during the late afternoon over Livingston and McLean counties and tracked northeast toward the Chicago metro through the early evening.  There were two separate and brief EF-0 tornado touchdowns in Livingston County:  one near Cornell and the other north of Chenoa. No damage was observed with these brief touchdowns.  The supercell thunderstorm that produced a brief EF-0 tornado near Cornell maintained persistent rotation as it tracked across Grundy County, with numerous photos of a very low wall cloud, and reports of possible brief funnel clouds at times near Kinsman and Mazon.||A line of strong to severe storms producing torrential rainfall moved in behind the supercell thunderstorms, producing sporadic wind damage in portions of northern Illinois and also flash flooding in portions of Rockford.  Two additional EF-0 tornadoes associated with rotation embedded within the line of storms were confirmed:  the first from extreme southeast Naperville to far eastern Woodridge, and the second a brief path through Downers Grove.||The 2.87 of rain that fell at Rockford Airport on August 18th set a new record for the date, breaking the previous record set in 2005.",68
598211,DU PAGE CO.,WOODRIDGE,08/18/2015,1857,Tornado, ,EF0,0,0,0,0,IL,CST-6, ,99627,C,43,LOT,0,0,NWS Storm Survey, ,2.26,75,3,W,2,S,BELMONT,08/18/2015,1900,41.7271,-88.0966,41.7497,-88.065,"This is a continuation of a tornado that began in Will County. A tornado touched down in extreme southeast Naperville, and several hardwood trees were snapped or damaged and a softwood tree uprooted. Maximum winds were estimated at 80 mph.","Isolated supercell thunderstorms developed during the late afternoon over Livingston and McLean counties and tracked northeast toward the Chicago metro through the early evening.  There were two separate and brief EF-0 tornado touchdowns in Livingston County:  one near Cornell and the other north of Chenoa. No damage was observed with these brief touchdowns.  The supercell thunderstorm that produced a brief EF-0 tornado near Cornell maintained persistent rotation as it tracked across Grundy County, with numerous photos of a very low wall cloud, and reports of possible brief funnel clouds at times near Kinsman and Mazon.||A line of strong to severe storms producing torrential rainfall moved in behind the supercell thunderstorms, producing sporadic wind damage in portions of northern Illinois and also flash flooding in portions of Rockford.  Two additional EF-0 tornadoes associated with rotation embedded within the line of storms were confirmed:  the first from extreme southeast Naperville to far eastern Woodridge, and the second a brief path through Downers Grove.||The 2.87 of rain that fell at Rockford Airport on August 18th set a new record for the date, breaking the previous record set in 2005.",69
598223,DU PAGE CO.,DOWNERS GROVE,08/18/2015,1906,Tornado, ,EF0,0,0,50000,0,IL,CST-6, ,99627,C,43,LOT,0,0,NWS Storm Survey, ,0.24,75,1,W,1,W,DOWNERS GROVE,08/18/2015,1907,41.7981,-88.0144,41.8016,-88.0148,"A brief EF-0 tornado touched down in DuPage county in Downers Grove. Maximum winds were estimated at 70 mph, with a path length of 0.25 miles and path width of 50-75 yards.  A few hardwood trees snapped, one snapped a power pole and caused minor garage damage.  Also a car parked underneath pole was crushed.","Isolated supercell thunderstorms developed during the late afternoon over Livingston and McLean counties and tracked northeast toward the Chicago metro through the early evening.  There were two separate and brief EF-0 tornado touchdowns in Livingston County:  one near Cornell and the other north of Chenoa. No damage was observed with these brief touchdowns.  The supercell thunderstorm that produced a brief EF-0 tornado near Cornell maintained persistent rotation as it tracked across Grundy County, with numerous photos of a very low wall cloud, and reports of possible brief funnel clouds at times near Kinsman and Mazon.||A line of strong to severe storms producing torrential rainfall moved in behind the supercell thunderstorms, producing sporadic wind damage in portions of northern Illinois and also flash flooding in portions of Rockford.  Two additional EF-0 tornadoes associated with rotation embedded within the line of storms were confirmed:  the first from extreme southeast Naperville to far eastern Woodridge, and the second a brief path through Downers Grove.||The 2.87 of rain that fell at Rockford Airport on August 18th set a new record for the date, breaking the previous record set in 2005.",70
601330,MASON CO.,KILBOURNE,09/10/2015,1545,Tornado, ,EF0,0,0,20000,0,IL,CST-6, ,100404,C,125,ILX,0,0,Emergency Manager, ,0.21,75,4,SW,3,SW,KILBOURNE,09/10/2015,1546,40.1195,-90.0733,40.1179,-90.0699,"A tornado touched down 3.5 miles southwest of Kilbourne at 4:45 PM CDT.  It then tracked southeastward across East County Road 400N and quickly dissipated 3.4 miles southwest of Kilbourne at 4:46 PM CDT.  One home sustained shingle and siding damage and had tree branches blown through a few windows.  In addition, numerous power lines were knocked down in the area.","An approaching cold front triggered scattered thunderstorms across portions of central Illinois during the late afternoon of September 10th.  The storms mainly impacted locations north of a Jacksonville to Rantoul line, producing isolated wind damage and hail as large as golf balls.  One of the storms produced a brief tornado in Mason County that damaged a home and downed power lines southwest of Kilbourne.",71
602745,WILL CO.,ANDRES,09/18/2015,1544,Tornado, ,EF1,0,0,70000,0,IL,CST-6, ,99979,C,197,LOT,0,0,Emergency Manager, ,2.6,50,3,NNE,4,W,MONEE,09/18/2015,1553,41.4164,-87.86,41.4166,-87.8119,"Spotter was located near Green Garden Rd and Harlem and spotted the tornado looking southwest. Roof damage to home and to substantial wood swing set.  Four to five homes with slight roof damage. Six tall trees snapped and other trees down.","A low pressure system moved towards northern Illinois during the evening hours, causing thunderstorms to develop in the afternoon and evening hours across northern Illinois and northwest Indiana.  A moist environment helped to produce heavy rainfall across portions of northern Illinois. A brief tornado occurred across the Frankfort-Monee area.  As the storm moved over northwest Indiana hail and wind damage occurred.",72
608811,ROCK ISLAND CO.,OSBORN,11/11/2015,1837,Tornado, ,EF0,0,0,0,0,IL,CST-6, ,101553,C,161,DVN,0,0,NWS Storm Survey, ,0.1,25,1,NE,1,NE,OSBORN,11/11/2015,1838,41.5337,-90.2518,41.5352,-90.2517,"The NWS storm survey team reported an EF-0 tornado briefly developed just NNE OF OSBORN IL. The tornado path was was 0.1 miles long and 100 yards wide.  The time of the event was estimated from radar.   There were 4 houses with minor damage with outbuildings damaged.   A corn crib was moved 40 yards and destroyed.  A privacy fence and some trees were down.","A strong low pressure system lifted northeast across Iowa in the late afternoon and early evening hours.  A fast moving line of thunderstorms, some severe raced northeast at 50 mph to over 60 mph.   Numerous reports of damaging winds of 60 mph or greater were reported.  There were 4 confirmed EF-1 Tornadoes with the system.  Isolated reports of hail up to three quarters of an inch in diameter were reported.",73
608810,HENRY CO.,SHADY BEACH,11/11/2015,1839,Tornado, ,EF1,0,0,0,0,IL,CST-6, ,101553,C,73,DVN,0,0,NWS Storm Survey, ,4.23,50,3,SE,4,ENE,SHADY BEACH,11/11/2015,1845,41.5025,-90.167,41.555,-90.125,"A NWS storm survey team reported an EF-1 tornado with a path length of 4.23 miles and a maximum path width of 50 yards.  The estimated maximum peak winds are 110 mph.  Several damaged trees along the path.  One large machine shed destroyed and a house partially un-roofed when it porch was torn off.","A strong low pressure system lifted northeast across Iowa in the late afternoon and early evening hours.  A fast moving line of thunderstorms, some severe raced northeast at 50 mph to over 60 mph.   Numerous reports of damaging winds of 60 mph or greater were reported.  There were 4 confirmed EF-1 Tornadoes with the system.  Isolated reports of hail up to three quarters of an inch in diameter were reported.",74
609764,JACKSON CO.,AVA,12/23/2015,1115,Tornado, ,EF0,0,0,5000,0,IL,CST-6, ,101944,C,77,PAH,0,0,NWS Storm Survey, ,6,50,1,E,7,NE,AVA,12/23/2015,1121,37.88,-89.4817,37.9465,-89.4157,"Peak winds were estimated near 75 mph. Numerous large branches were snapped off trees. The tornado occurred over rural farm country with patches of dense woodlands.","A fast-moving line of severe storms moved east across southern Illinois, accompanied by locally damaging winds and isolated tornadoes. A few bowing segments along the line produced damaging winds. A negatively-tilted mid-level trough from the central high Plains to the Arklatex ejected northeast through the Middle Mississippi Valley. At the surface, an area of low pressure over northeast Kansas moved to central Wisconsin. A trailing cold front surged eastward through the Mid-Mississippi and Lower Ohio Valleys. The storms were fed by a broadening and strengthening southwesterly low-level jet, which destabilized the atmosphere ahead of the storms. The presence of strong low-level and deep-layer wind shear enhanced the risk of wind damage and tornadoes.",75
609767,PERRY CO.,PINCKNEYVILLE,12/23/2015,1123,Tornado, ,EF1,0,0,175000,0,IL,CST-6, ,101944,C,145,PAH,0,0,NWS Storm Survey, ,5.03,200,5,E,0,E,TAMAROA,12/23/2015,1129,38.08,-89.2973,38.13,-89.23,"Peak winds were estimated near 95 mph. Numerous trees were snapped off near the base or uprooted. A portion of Route 154 was closed due to downed trees. Several homes sustained minor to major roof damage. Most of the damaged homes were located near the start of the damage track near Route 154. Several barns received significant damage. The tornado track ended on the south end of Tamaroa, where some tree limbs were broken.","A fast-moving line of severe storms moved east across southern Illinois, accompanied by locally damaging winds and isolated tornadoes. A few bowing segments along the line produced damaging winds. A negatively-tilted mid-level trough from the central high Plains to the Arklatex ejected northeast through the Middle Mississippi Valley. At the surface, an area of low pressure over northeast Kansas moved to central Wisconsin. A trailing cold front surged eastward through the Mid-Mississippi and Lower Ohio Valleys. The storms were fed by a broadening and strengthening southwesterly low-level jet, which destabilized the atmosphere ahead of the storms. The presence of strong low-level and deep-layer wind shear enhanced the risk of wind damage and tornadoes.",76
609776,WAYNE CO.,GOLDEN GATE,12/23/2015,1230,Tornado, ,EF1,0,0,10000,0,IL,CST-6, ,101944,C,191,PAH,0,0,NWS Storm Survey, ,2.5,100,2,SSE,1,N,ELLERY,12/23/2015,1234,38.3499,-88.1894,38.3675,-88.149,"Maximum winds were estimated near 95 mph. A few trees were uprooted, and several trees or tree branches were snapped. Roofs were damaged on a home and a barn. The roof damage on the house was minor to moderate, consisting of partial loss of shingles. The track was through open farmland. The tornado path continued into Edwards County.","A fast-moving line of severe storms moved east across southern Illinois, accompanied by locally damaging winds and isolated tornadoes. A few bowing segments along the line produced damaging winds. A negatively-tilted mid-level trough from the central high Plains to the Arklatex ejected northeast through the Middle Mississippi Valley. At the surface, an area of low pressure over northeast Kansas moved to central Wisconsin. A trailing cold front surged eastward through the Mid-Mississippi and Lower Ohio Valleys. The storms were fed by a broadening and strengthening southwesterly low-level jet, which destabilized the atmosphere ahead of the storms. The presence of strong low-level and deep-layer wind shear enhanced the risk of wind damage and tornadoes.",77
609779,WHITE CO.,CARMI,12/23/2015,1232,Tornado, ,EF1,0,0,75000,0,IL,CST-6, ,101944,C,193,PAH,0,0,NWS Storm Survey, ,1.58,100,2,W,1,N,CARMI,12/23/2015,1235,38.08,-88.1976,38.0872,-88.17,"Nearly two dozen large trees were uprooted or snapped. Numerous large limbs were snapped. The tornado began near the intersection of County Roads 1500N and 850E and ended on County Road 1575. One large tree landed on a dog pound. Many of the downed trees were in a campground area on the northwest side of Carmi. A campground bath house was struck by a falling tree. Peak winds were estimated near 105 mph.","A fast-moving line of severe storms moved east across southern Illinois, accompanied by locally damaging winds and isolated tornadoes. A few bowing segments along the line produced damaging winds. A negatively-tilted mid-level trough from the central high Plains to the Arklatex ejected northeast through the Middle Mississippi Valley. At the surface, an area of low pressure over northeast Kansas moved to central Wisconsin. A trailing cold front surged eastward through the Mid-Mississippi and Lower Ohio Valleys. The storms were fed by a broadening and strengthening southwesterly low-level jet, which destabilized the atmosphere ahead of the storms. The presence of strong low-level and deep-layer wind shear enhanced the risk of wind damage and tornadoes.",78
609777,EDWARDS CO.,ELLERY,12/23/2015,1234,Tornado, ,EF1,0,0,3000,0,IL,CST-6, ,101944,C,47,PAH,0,0,NWS Storm Survey, ,1.78,100,1,N,4,W,ALBION,12/23/2015,1236,38.3675,-88.149,38.38,-88.1202,"The tornado continued from Wayne County into Edwards County. Along the Edwards County portion of the path, there were several snapped trees. No structural damage was observed. The path was through sparsely populated farm country. Peak winds were estimated near 95 mph.","A fast-moving line of severe storms moved east across southern Illinois, accompanied by locally damaging winds and isolated tornadoes. A few bowing segments along the line produced damaging winds. A negatively-tilted mid-level trough from the central high Plains to the Arklatex ejected northeast through the Middle Mississippi Valley. At the surface, an area of low pressure over northeast Kansas moved to central Wisconsin. A trailing cold front surged eastward through the Mid-Mississippi and Lower Ohio Valleys. The storms were fed by a broadening and strengthening southwesterly low-level jet, which destabilized the atmosphere ahead of the storms. The presence of strong low-level and deep-layer wind shear enhanced the risk of wind damage and tornadoes.",79
610066,MCDONOUGH CO.,SCIOTA,12/23/2015,1615,Tornado, ,EF1,0,0,0,0,IL,CST-6, ,102025,C,109,DVN,0,0,NWS Storm Survey, ,8.1,50,3,SW,5,NE,SCIOTA,12/23/2015,1626,40.5391,-90.7834,40.6319,-90.6889,"An EF-1 tornado, with estimated peak winds of 100 mph, caused damage that consisted of destroyed outbuildings and a snapped off tree along a 8.1 mile path that was 50 yards wide. This tornado traveled into Warren County for another 2.6 miles.  The tornado was on the ground for 10.7 miles.","A storm system lifting northeastward during the day on the 23rd brought a warm front into eastern Iowa and northwest Illinois. This allowed unseasonably warm, moist air to flow into northwest Illinois with scattered showers and thunderstorms developing by the late afternoon and early evening. The thunderstorms produced pea sized hail in west central Illinois along with 2 separate tornadoes that traveled from McDonough County into Warren County and another that traveled from Mercer County  into Rock Island County. In addition to the thunderstorms, there was also heavy rain and strong gusty gradient winds of 40 to 50 MPH.",80
610069,WARREN CO.,SWAN CREEK,12/23/2015,1626,Tornado, ,EF1,0,0,0,0,IL,CST-6, ,102025,C,187,DVN,0,0,NWS Storm Survey, ,2.6,50,3,SW,1,SW,SWAN CREEK,12/23/2015,1630,40.6319,-90.6889,40.6614,-90.6581,"This tornado began in McDonough County southwest of Sciota Illinois and continued for 2.60 miles in Warren County. The tornado traveled a total for 10.7 miles and was 50 yards wide. This was an EF-1 tornado with estimated peak winds of 100 MPH, that destroyed outbuildings and snapped off a tree.","A storm system lifting northeastward during the day on the 23rd brought a warm front into eastern Iowa and northwest Illinois. This allowed unseasonably warm, moist air to flow into northwest Illinois with scattered showers and thunderstorms developing by the late afternoon and early evening. The thunderstorms produced pea sized hail in west central Illinois along with 2 separate tornadoes that traveled from McDonough County into Warren County and another that traveled from Mercer County  into Rock Island County. In addition to the thunderstorms, there was also heavy rain and strong gusty gradient winds of 40 to 50 MPH.",81
610070,MERCER CO.,MARSTON,12/23/2015,1633,Tornado, ,EF0,0,0,0,0,IL,CST-6, ,102025,C,131,DVN,0,0,NWS Storm Survey, ,1.2,50,1,ESE,2,WNW,HAMLET,12/23/2015,1635,41.3153,-90.7731,41.329,-90.7588,"An EF-0 tornado with estimated peak winds of 75 mph, began in rural Mercer County Illinois and was on the ground for 1.2 miles before continuing into Rock Island County for another 9.6 miles. The tornado snapped 6 to 10 inch tree branches along its path. There was no structural damage visible along the tornado track.","A storm system lifting northeastward during the day on the 23rd brought a warm front into eastern Iowa and northwest Illinois. This allowed unseasonably warm, moist air to flow into northwest Illinois with scattered showers and thunderstorms developing by the late afternoon and early evening. The thunderstorms produced pea sized hail in west central Illinois along with 2 separate tornadoes that traveled from McDonough County into Warren County and another that traveled from Mercer County  into Rock Island County. In addition to the thunderstorms, there was also heavy rain and strong gusty gradient winds of 40 to 50 MPH.",82
610071,ROCK ISLAND CO.,EDGINGTON,12/23/2015,1635,Tornado, ,EF0,0,0,0,0,IL,CST-6, ,102025,C,161,DVN,0,0,Trained Spotter, ,9.42,50,4,S,3,ENE,ANDALUSIA,12/23/2015,1646,41.329,-90.7588,41.4441,-90.6615,"An EF-0 tornado with estimated peak winds of 75 mph, began in rural Mercer County Illinois and was on the ground for 1.2 miles before continuing into Rock Island County for another 9.4 miles. The tornado snapped 6 to 10 inch tree branches along its path. There was no structural damage visible along the tornado track.","A storm system lifting northeastward during the day on the 23rd brought a warm front into eastern Iowa and northwest Illinois. This allowed unseasonably warm, moist air to flow into northwest Illinois with scattered showers and thunderstorms developing by the late afternoon and early evening. The thunderstorms produced pea sized hail in west central Illinois along with 2 separate tornadoes that traveled from McDonough County into Warren County and another that traveled from Mercer County  into Rock Island County. In addition to the thunderstorms, there was also heavy rain and strong gusty gradient winds of 40 to 50 MPH.",83
625077,MCDONOUGH CO.,GOOD HOPE,03/15/2016,1726,Tornado, ,EF2,0,0,200000,0,IL,CST-6, ,104323,C,109,DVN,0,0,NWS Storm Survey, ,8.23,400,1,NNE,1,NNE,WALNUT GROVE,03/15/2016,1742,40.5621,-90.6736,40.6299,-90.5446,"An EF-2 tornado with winds estimated at 115 mph touched down north of Good Hope Illinois in McDonough County.  It traveled northeast, crossing into Warren County west of Prairie City and eventually into Fulton County. Several homes were severely damaged with most of the damage occurring to farm outbuildings and trees.","A strong area of low pressure and associated warm front tracked northeast from Missouri into northern Illinois late in the day.  Numerous severe thunderstorms developed over the region, bringing large hail, damaging winds, and several tornadoes to the area.  The warm front lifting north was a focus area for tornadic supercells.",84
626927,WARREN CO.,WALNUT GROVE,03/15/2016,1742,Tornado, ,EF1,0,0,200000,0,IL,CST-6, ,104323,C,187,DVN,0,0,NWS Storm Survey, ,6.4,400,1,NNE,4,N,PRAIRIE CITY,03/15/2016,1756,40.6299,-90.5446,40.6828,-90.4443,"A tornado moved from McDonough County into Warren County west of Prairie City.  It traveled northeast across Warren County, affecting mainly farm outbuildings and trees before it moved into Fulton County.","A strong area of low pressure and associated warm front tracked northeast from Missouri into northern Illinois late in the day.  Numerous severe thunderstorms developed over the region, bringing large hail, damaging winds, and several tornadoes to the area.  The warm front lifting north was a focus area for tornadic supercells.",85
624456,FULTON CO.,AVON,03/15/2016,1756,Tornado, ,EF1,0,0,15000,0,IL,CST-6, ,104287,C,57,ILX,0,0,NWS Storm Survey, ,1.87,100,1,NW,2,NNE,AVON,03/15/2016,1800,40.6828,-90.4443,40.699,-90.4165,"A tornado crossed into northwest Fulton County from southeast Warren County (NWS Quad Cities) 1.4 miles north-northwest of Avon at 6:56 PM CDT. The tornado tracked northeastward for 2 miles before lifting 2.5 miles north-northeast of Avon at 7:00 PM CDT.  The tornado damaged several trees along its path before dissipating in an open field.","An area of low pressure deepened considerably as it tracked from northeast Missouri into southern Wisconsin on March 15th.  While the airmass ahead of this system across central Illinois remained capped for much of the day, an approaching upper trough helped weaken the cap and set the stage for scattered severe thunderstorms ahead of an approaching cold front during the evening of the 15th.  Several clusters of thunderstorms moved across west-central Illinois, mainly along and west of I-55.  The first cluster tracked from just north of Quincy toward the Peoria area, while a second cluster impacted locations from Jacksonville to Springfield.  Thanks to moderate instability and strong low-level wind shear near the low track, many of the storms rotated and produced large hail and tornadoes.  A total of 4 tornadoes touched down, including an EF-2 just northwest of Trivoli in Peoria County.",86
625078,ROCK ISLAND CO.,BARSTOW,03/15/2016,1825,Tornado, ,EF2,0,10,750000,0,IL,CST-6, ,104323,C,161,DVN,0,0,NWS Storm Survey, ,4.78,200,1,NNE,1,NE,RAPIDS CITY,03/15/2016,1835,41.5342,-90.3616,41.5918,-90.3277,"An EF-2 tornado tracked north then curved to the east through upper Rock Island county.  An estimated 40 homes were damaged with the most severe damage to a neighborhood in rural East Moline where 10 homes were completely destroyed.  Ten people reported minor injuries.  The maximum wind with this tornado were estimated at  130 mph.","A strong area of low pressure and associated warm front tracked northeast from Missouri into northern Illinois late in the day.  Numerous severe thunderstorms developed over the region, bringing large hail, damaging winds, and several tornadoes to the area.  The warm front lifting north was a focus area for tornadic supercells.",87
624457,PEORIA CO.,TRIVOLI,03/15/2016,1842,Tornado, ,EF2,0,0,1000000,0,IL,CST-6, ,104287,C,143,ILX,0,0,NWS Storm Survey, ,7.55,440,2,NNW,1,NNW,KRAMM,03/15/2016,1857,40.7135,-89.9146,40.7594,-89.7838,"A tornado touched down 2 miles northwest of Trivoli just west of Quarry Road at 7:42 PM CDT.  A garage and house roofs were damaged, a car was picked up and thrown 50 yards into a field, a pickup truck was damaged, and several trees were snapped.  As the tornado approached Trivoli Road, it developed multiple vorticies and widened to about one quarter of a mile across.  Several outbuildings and grain bins were destroyed, house roofs were damaged, and numerous trees were uprooted.  Near Texas Road and Cottonwood Road, a church roof was severely damaged and several trees were snapped.  As the tornado continued tracking to the northeast, more outbuildings and trees were damaged.  The worst damage occurred at a residence on Southport Road between Cutoff Road and Kramm Road, where the roof was completely torn off a house, outbuildings were damaged, and a tree was ripped out of the ground and thrown.  The tornado then dissipated 2.7 miles southwest of Kickapoo near Kickapoo Creek at 7:57 PM CDT.","An area of low pressure deepened considerably as it tracked from northeast Missouri into southern Wisconsin on March 15th.  While the airmass ahead of this system across central Illinois remained capped for much of the day, an approaching upper trough helped weaken the cap and set the stage for scattered severe thunderstorms ahead of an approaching cold front during the evening of the 15th.  Several clusters of thunderstorms moved across west-central Illinois, mainly along and west of I-55.  The first cluster tracked from just north of Quincy toward the Peoria area, while a second cluster impacted locations from Jacksonville to Springfield.  Thanks to moderate instability and strong low-level wind shear near the low track, many of the storms rotated and produced large hail and tornadoes.  A total of 4 tornadoes touched down, including an EF-2 just northwest of Trivoli in Peoria County.",88
624459,SANGAMON CO.,KNAPP,03/15/2016,1844,Tornado, ,EF1,0,0,280000,0,IL,CST-6, ,104287,C,167,ILX,0,0,NWS Storm Survey, ,3.62,75,2,NNE,1,SE,RIDDLE HILL,03/15/2016,1850,39.7404,-89.8153,39.7738,-89.7627,"A tornado touched down 2.4 miles west of Curran along Werner Road about three quarters of a mile west of the intersection with Farmingdale Road at 7:44 PM CDT.  The roof of a home lost some shingles and a few pine trees were broken off in this area.  The tornado tracked across mainly open fields and crossed I-72 just east of Farmingdale Road at 7:45 PM CDT.  The tornado continued northeastward and damaged a house along Bunker Hill Road, blowing out windows, removing shingles, and breaking several trees.  It then caused minor shingle damage to a home along Emerson Road about a quarter mile south of Iles Avenue.  Further northeast, the tornado caused significant damage to a home along Iles Avenue about a half mile east of the intersection with Emerson Road, removing most of the roof and blowing out a wall on the west side of the structure.  Across the street, a barn lost its roof and several trees were snapped off.  The tornado then dissipated in an open field 6.6 miles west-southwest of Springfield at 7:50 PM CDT.","An area of low pressure deepened considerably as it tracked from northeast Missouri into southern Wisconsin on March 15th.  While the airmass ahead of this system across central Illinois remained capped for much of the day, an approaching upper trough helped weaken the cap and set the stage for scattered severe thunderstorms ahead of an approaching cold front during the evening of the 15th.  Several clusters of thunderstorms moved across west-central Illinois, mainly along and west of I-55.  The first cluster tracked from just north of Quincy toward the Peoria area, while a second cluster impacted locations from Jacksonville to Springfield.  Thanks to moderate instability and strong low-level wind shear near the low track, many of the storms rotated and produced large hail and tornadoes.  A total of 4 tornadoes touched down, including an EF-2 just northwest of Trivoli in Peoria County.",89
624460,PEORIA CO.,POTTSTOWN,03/15/2016,1905,Tornado, ,EF0,0,0,260000,0,IL,CST-6, ,104287,C,143,ILX,0,0,NWS Storm Survey, ,3.68,200,1,ENE,1,SE,KELLER,03/15/2016,1914,40.7304,-89.6491,40.7602,-89.5908,"A tornado touched down 4 miles northwest of Peoria just northwest of the intersection of Richwoods Boulevard and Molleck Drive at 8:05 PM CDT.  Damage was done to the roof, gutters, soffit, and ceiling tiles of the St. Francis Woods Supportive Living Center.  The tornado intermittently touched down along a path to the northeast through the city of Peoria.  Damage was done to roofs and trees near University and Christine, the Farmer's Market at the Metro Centre shopping facility, and trees at the Donovan Golf Course.  The tornado broke a pole, snapped a tree that fell into a garage, and damaged shingles and siding in Peoria Heights on Prospect and Wickwood Roads.  The tornado then dissipated 1 mile northwest of Peoria Heights before it approached Forest Park at 8:14 PM CDT.","An area of low pressure deepened considerably as it tracked from northeast Missouri into southern Wisconsin on March 15th.  While the airmass ahead of this system across central Illinois remained capped for much of the day, an approaching upper trough helped weaken the cap and set the stage for scattered severe thunderstorms ahead of an approaching cold front during the evening of the 15th.  Several clusters of thunderstorms moved across west-central Illinois, mainly along and west of I-55.  The first cluster tracked from just north of Quincy toward the Peoria area, while a second cluster impacted locations from Jacksonville to Springfield.  Thanks to moderate instability and strong low-level wind shear near the low track, many of the storms rotated and produced large hail and tornadoes.  A total of 4 tornadoes touched down, including an EF-2 just northwest of Trivoli in Peoria County.",90
625079,WHITESIDE CO.,DEER GROVE,03/15/2016,1933,Tornado, ,EF0,0,0,0,0,IL,CST-6, ,104323,C,195,DVN,0,0,NWS Storm Survey, ,1.76,50,3,N,4,S,STERLING ARPT,03/15/2016,1938,41.6636,-89.6925,41.687,-89.6788,"A tornado uprooted a tree, damaged shingles and siding on two homes, and overturned a short portion of an irrigation rig.  The damage was rated EF0 with winds estimated at 80 MPH.  The path was about 50 yards wide and roughly 1.5 miles long.","A strong area of low pressure and associated warm front tracked northeast from Missouri into northern Illinois late in the day.  Numerous severe thunderstorms developed over the region, bringing large hail, damaging winds, and several tornadoes to the area.  The warm front lifting north was a focus area for tornadic supercells.",91
640452,MONTGOMERY CO.,RAYMOND,04/27/2016,1723,Tornado, ,EF0,0,0,0,0,IL,CST-6, ,106675,C,135,LSX,0,0,Storm Chaser, ,4.94,25,2,WSW,2,SSE,HARVEL,04/27/2016,1735,39.305,-89.5999,39.3295,-89.513,"Intermittent brief touchdowns recorded by storm chasers in open fields to the west, south and southeast of Raymond.  No damage was observed. The tornado has been rated EF0 with a path length of 4.94 miles and a max path width of 25 yards.","A warm front was draped across northeast Missouri into south central Illinois. Storms developed along the boundary. Some of the storms became severe with large hail, damaging winds and 4 tornadoes.",92
626283,EFFINGHAM CO.,ALTAMONT,04/27/2016,1758,Tornado, ,EF0,0,0,0,0,IL,CST-6, ,104556,C,49,ILX,0,0,Law Enforcement, ,0.05,10,4,S,4,S,ALTAMONT,04/27/2016,1759,39.0114,-88.7644,39.0117,-88.7635,"A tornado briefly touched down in an open field about 3.2 miles south-southwest of Altamont at 6:58 PM CDT.  No damage occurred.","A warm front lifting northward into central Illinois triggered scattered severe thunderstorms from the late afternoon of April 27th into the early morning of April 28th.  Low-level wind shear was strong enough in the vicinity of the front to cause several of the storm cells to rotate.  Two brief tornado touchdowns occurred, one southwest of Altamont in Effingham County and the other north of Olney in Richland County.  No damage was reported.  Elsewhere around the area, isolated wind damage and hail as large as quarters was reported in a few spots.",93
626284,RICHLAND CO.,OLNEY,04/27/2016,1847,Tornado, ,EF0,0,0,0,0,IL,CST-6, ,104556,C,159,ILX,0,0,Law Enforcement, ,0.09,10,2,N,2,N,OLNEY,04/27/2016,1848,38.756,-88.0792,38.7572,-88.0787,"A tornado briefly touched down in an open field about 1.7 miles north of Olney at 7:47 PM CDT.  No damage occurred.","A warm front lifting northward into central Illinois triggered scattered severe thunderstorms from the late afternoon of April 27th into the early morning of April 28th.  Low-level wind shear was strong enough in the vicinity of the front to cause several of the storm cells to rotate.  Two brief tornado touchdowns occurred, one southwest of Altamont in Effingham County and the other north of Olney in Richland County.  No damage was reported.  Elsewhere around the area, isolated wind damage and hail as large as quarters was reported in a few spots.",94
636844,MCDONOUGH CO.,BUSHNELL,05/09/2016,1615,Tornado, ,EF0,0,0,0,0,IL,CST-6, ,106115,C,109,DVN,0,0,Storm Chaser, ,0.1,15,2,SE,2,SE,BUSHNELL,05/09/2016,1617,40.53,-90.48,40.5314,-90.4801,"The tornado width was 25 to 50 yards, and on the ground for about 2 minutes with no damage.","A weak disturbance ahead of a storm system in the southern plains spawned a couple of brief, weak tornadoes with an area of showers and thunderstorms in west central Illinois.",95
636845,WARREN CO.,GREENBUSH,05/09/2016,1641,Tornado, ,EF0,0,0,0,0,IL,CST-6, ,106115,C,187,DVN,0,0,Storm Chaser, ,0.09,25,1,S,1,S,GREENBUSH,05/09/2016,1642,40.7,-90.53,40.701,-90.529,"There was a brief tornado touchdown with no damage.","A weak disturbance ahead of a storm system in the southern plains spawned a couple of brief, weak tornadoes with an area of showers and thunderstorms in west central Illinois.",96
630147,POPE CO.,BRISTOL,05/10/2016,1636,Tornado, ,EF0,0,0,0,0,IL,CST-6, ,104898,C,151,PAH,0,0,Trained Spotter, ,0.05,20,2,SSE,2,SSE,BRISTOL,05/10/2016,1636,37.4214,-88.7051,37.4214,-88.7051,"A trained spotter reported an apparent tornado west of Illinois Highway 145 between Dixon Springs and Glendale. The brief occurrence was in a heavily forested area of the Shawnee National Forest. No damage was located. The parent wall cloud was videotaped from the community of Brownfield.","A few supercells with isolated tornadoes affected southern Illinois during the late afternoon and early evening. Strong westerly upper-level winds associated with an upper-level low over northern Illinois provided ample wind shear for supercells. A southwest wind flow of moist and unstable air in the lower levels of the atmosphere provided fuel for the storms. Low-level winds up to around 40 knots provided enough low-level wind shear for tornadoes.",97
628387,HARDIN CO.,LOVES STORE,05/10/2016,1656,Tornado, ,EF0,0,0,0,0,IL,CST-6, ,104898,C,69,PAH,0,0,NWS Storm Survey, ,0.05,20,1,SSW,1,SSW,LOVES STORE,05/10/2016,1656,37.573,-88.2832,37.573,-88.2832,"A brief tornado touchdown occurred near the intersection of County Roads 555E and 700E. Some tree limbs were down. Peak winds were estimated near 70 mph.","A few supercells with isolated tornadoes affected southern Illinois during the late afternoon and early evening. Strong westerly upper-level winds associated with an upper-level low over northern Illinois provided ample wind shear for supercells. A southwest wind flow of moist and unstable air in the lower levels of the atmosphere provided fuel for the storms. Low-level winds up to around 40 knots provided enough low-level wind shear for tornadoes.",98
630137,FRANKLIN CO.,CLEBURNE,05/11/2016,1734,Tornado, ,EF0,0,0,0,0,IL,CST-6, ,104959,C,55,PAH,0,0,Trained Spotter, ,0.05,30,1,ENE,1,ENE,CLEBURNE,05/11/2016,1734,37.9348,-89.0394,37.9348,-89.0394,"A trained spotter reported a very brief tornado. The rural area where this occurred was just east of Illinois 148 and a few miles west-northwest of Orient. No damage was found.","During the afternoon, multi-cell thunderstorm clusters developed along a warm front that was oriented from west to east along the Interstate 64 corridor. Surface dew points near and south of the front were in the lower 70's, which contributed to strong instability. Thunderstorm clusters moved eastward along the warm front, but they also developed southward into the strongest instability. Moderately strong deep-layer wind shear resulted in organized clusters of multi-cells with large hail and isolated wind damage. Flash flooding of streets was also reported in a few cities. A secondary line of storms arrived late in the evening and then crossed much of southern Illinois overnight. This line included a bowing line segment that produced isolated wind damage. The secondary line produced flash flooding due to saturated ground from the first round of storms.",99
655173,ST. CLAIR CO.,ROACHTOWN,06/13/2016,1630,Tornado, ,EF0,0,0,0,0,IL,CST-6, ,109480,C,163,LSX,0,0,Social Media, ,0.41,25,1,ESE,1,E,ROACHTOWN,06/13/2016,1633,38.4646,-90.0069,38.4692,-90.0118,"Short lived landspout type tornado observed in an open field south of Belleville off of Route 159.  No damage.","Isolated storms developed across the area. Some of the storms produced damaging winds. Also, a landspout type tornado briefly touched down in a field just south of Belleville, Illinois.",100
637298,STARK CO.,BRADFORD,06/14/2016,1815,Tornado, ,EF0,0,0,0,0,IL,CST-6, ,106154,C,175,ILX,0,0,Trained Spotter, ,0.07,10,3,SW,2,SW,BRADFORD,06/14/2016,1816,41.1595,-89.7102,41.1598,-89.7089,"A weak tornado briefly touched down in a field 3 miles west-southwest of Bradford at 7:15 PM CDT.  No damage was reported.","Widely scattered thunderstorms developed along a warm front across north-central Illinois during the late afternoon and evening of June 14th.  One of the storms produced a weak tornado about 3 miles west-southwest of Bradford in Stark County.",101
646368,LEE CO.,WEST BROOKLYN,06/22/2016,1819,Tornado, ,EF1,0,0,0,0,IL,CST-6, ,107879,C,103,LOT,0,0,NWS Storm Survey, ,4.1,300,1,W,0,ENE,THE BURG,06/22/2016,1835,41.6989,-89.1684,41.7012,-89.0972,"The tornado started near 787 Meridian Rd and moved northeast crossing Highway 10 (Shaw Rd).  Along the way, a house lost a portion of the roof and there were trees snapped and corn flattened.  After crossing Highway 10 and continuing northeast for another one half mile, the tornado changed direction and then started moving southeast, crossing Highway 10 again. There was a wide swatch of uprooted and snapped trees, and the tornado was confirmed by a storm chaser. Peak winds were estimated at 110 mph, and max width was 300 yards.  (Tornado 1 of 15).","The evening of Wednesday, June 22 brought a favorable setup for tornadoes across northern Illinois.  There were approximately 3 supercells which brought numerous  tornadoes to the NWS Chicago CWA.  NWS ground survey data combined with aerial photography, radar and satellite imagery, and detailed reports from trained storm spotters have helped to determine that 15 tornadoes occurred across the NWS Chicago County Warning Area.",102
646877,LEE CO.,WEST BROOKLYN,06/22/2016,1831,Tornado, ,EF0,0,0,0,0,IL,CST-6, ,107879,C,103,LOT,0,0,NWS Storm Survey, ,0.1,50,1,NE,2,NE,WEST BROOKLYN,06/22/2016,1832,41.7134,-89.1286,41.7133,-89.1261,"This tornado was determined form ground survey and video documentation.  (Tornado 2 of 15).","The evening of Wednesday, June 22 brought a favorable setup for tornadoes across northern Illinois.  There were approximately 3 supercells which brought numerous  tornadoes to the NWS Chicago CWA.  NWS ground survey data combined with aerial photography, radar and satellite imagery, and detailed reports from trained storm spotters have helped to determine that 15 tornadoes occurred across the NWS Chicago County Warning Area.",103
644591,BUREAU CO.,VAN ORIN,06/22/2016,1840,Tornado, ,EF0,0,0,0,0,IL,CST-6, ,107538,C,11,DVN,0,0,NWS Storm Survey, ,0.58,25,3,SSW,3,SSW,VAN ORIN,06/22/2016,1842,41.516,-89.3762,41.5112,-89.3671,"National Weather Service survey found a path of minor damage in fields from a weak tornado that touched down about 4 miles west of La Moille Illinois.  Storm chaser video of this tornado was seen touching down live on The Weather Channel.","The afternoon of June 22, saw strong to severe thunderstorms form over eastern Iowa, and move into northern Illinois. The storms became supercell thunderstorms as they moved into Illinois, and produced tornadoes over portions of northern Illinois, along with wind damage and hail.",104
647801,LA SALLE CO.,EARLVILLE,06/22/2016,1859,Tornado, ,EF1,0,0,0,0,IL,CST-6, ,107879,C,99,LOT,0,0,Emergency Manager, ,4.3,400,1,NNE,2,NW,BAKER,06/22/2016,1909,41.596,-88.9176,41.5692,-88.8433,"The tornado started in a field approximately a half mile northeast of Earlville.  As it headed southeast it crossed East 1351st Rd and took out numerous large branches. Approximately at intersection of N 4550th Rd and E 1369th Rd, the tornado intensified as windows were blown out of a home, numerous trees snapped in half, multiple uprooted trees, and was corn flattened. The tornado continued moving southeast, crossing E 14th Rd approaching US Rt. 34 and that is where the winds took down a metal barn.  As the tornado approached E 1550th Rd, 2 metal barns were destroyed with sheet metal embedded in nearby trees. Peak winds were estimated at 110 mph, and max width was 400 yards. (Tornado 3 of 15).","The evening of Wednesday, June 22 brought a favorable setup for tornadoes across northern Illinois.  There were approximately 3 supercells which brought numerous  tornadoes to the NWS Chicago CWA.  NWS ground survey data combined with aerial photography, radar and satellite imagery, and detailed reports from trained storm spotters have helped to determine that 15 tornadoes occurred across the NWS Chicago County Warning Area.",105
647802,LA SALLE CO.,EARLVILLE,06/22/2016,1859,Tornado, ,EF0,0,0,0,0,IL,CST-6, ,107879,C,99,LOT,0,0,Storm Chaser, ,0.3,75,3,NNE,3,NNE,EARLVILLE,06/22/2016,1900,41.6233,-88.8999,41.619,-88.9003,"This tornado was determined from video documentation.  As the tornado crossed Rt. 41, a farmer also reported corn crop damage in different directions on either side of Rt. 41.  Peak winds were estimated at 80 mph, and max width was 75 yards. (Tornado 4 of 15).","The evening of Wednesday, June 22 brought a favorable setup for tornadoes across northern Illinois.  There were approximately 3 supercells which brought numerous  tornadoes to the NWS Chicago CWA.  NWS ground survey data combined with aerial photography, radar and satellite imagery, and detailed reports from trained storm spotters have helped to determine that 15 tornadoes occurred across the NWS Chicago County Warning Area.",106
647803,LA SALLE CO.,EARLVILLE,06/22/2016,1902,Tornado, ,EF1,0,0,0,0,IL,CST-6, ,107879,C,99,LOT,0,0,Storm Chaser, ,1.4,250,3,NNE,3,ENE,EARLVILLE,06/22/2016,1907,41.6152,-88.904,41.6,-88.889,"The tornado started near the intersection of N 47th Rd and Rt 41 moving south-southwest, as was captured on video by a storm chaser.  Approximately three tenths of a mile southwest of the intersection, the tornado turned off to the southeast.  As it crossed E 1401st Rd, there was a tree snapped and damage to a barn.  Peak winds were estimated at 95 mph, and max width was 250 yards. (Tornado 5 of 15).","The evening of Wednesday, June 22 brought a favorable setup for tornadoes across northern Illinois.  There were approximately 3 supercells which brought numerous  tornadoes to the NWS Chicago CWA.  NWS ground survey data combined with aerial photography, radar and satellite imagery, and detailed reports from trained storm spotters have helped to determine that 15 tornadoes occurred across the NWS Chicago County Warning Area.",107
644586,BUREAU CO.,NEW BEDFORD,06/22/2016,1904,Tornado, ,EF0,0,0,0,0,IL,CST-6, ,107538,C,11,DVN,0,0,NWS Storm Survey, ,0.28,10,3,ESE,3,ESE,NEW BEDFORD,06/22/2016,1905,41.5052,-89.6737,41.5048,-89.6684,"A weak tornado touched down in northwestern Bureau county shortly after 8 PM CST, June 22.  A path of very minor damage was noted in a field.","The afternoon of June 22, saw strong to severe thunderstorms form over eastern Iowa, and move into northern Illinois. The storms became supercell thunderstorms as they moved into Illinois, and produced tornadoes over portions of northern Illinois, along with wind damage and hail.",108
647805,LA SALLE CO.,TROY GROVE,06/22/2016,1911,Tornado, ,EF1,0,0,0,0,IL,CST-6, ,107879,C,99,LOT,0,0,NWS Storm Survey, ,0.5,50,1,SW,0,S,TROY GROVE,06/22/2016,1912,41.4641,-89.0885,41.4644,-89.0792,"The tornado started approximately two tenths of a mile to the southwest of the intersection of Peru St and South St.  As it moved east, it went through a cemetery doing a lot of tree damage.  The tornado stopped near the intersection of Vermillion St at the train tracks.  Peak winds were estimated at 100 to 110 mph, and max width was 50 yards. (Tornado 7 of 15).","The evening of Wednesday, June 22 brought a favorable setup for tornadoes across northern Illinois.  There were approximately 3 supercells which brought numerous  tornadoes to the NWS Chicago CWA.  NWS ground survey data combined with aerial photography, radar and satellite imagery, and detailed reports from trained storm spotters have helped to determine that 15 tornadoes occurred across the NWS Chicago County Warning Area.",109
647804,LA SALLE CO.,BAKER,06/22/2016,1922,Tornado, ,EF1,0,0,0,0,IL,CST-6, ,107879,C,99,LOT,0,0,NWS Storm Survey, ,1.7,250,2,ENE,3,NNW,BURGESS JCT,06/22/2016,1927,41.563,-88.7753,41.5656,-88.7424,"The tornado started approximately three tenths of a mile to the northwest of the intersection of N 43rd Rd and E 21st Rd, and the damage was corn flattened.  As it moved to the east-northeast and neared the intersection of E 2165th Rd and N 4350th Rd, the tornado intensified and there were numerous trees uprooted, a barn picked up and flipped, and a horse shelter destroyed.  Peak winds were estimated at 110 mph, and max width was 250 yards. (Tornado 6 of 15).","The evening of Wednesday, June 22 brought a favorable setup for tornadoes across northern Illinois.  There were approximately 3 supercells which brought numerous  tornadoes to the NWS Chicago CWA.  NWS ground survey data combined with aerial photography, radar and satellite imagery, and detailed reports from trained storm spotters have helped to determine that 15 tornadoes occurred across the NWS Chicago County Warning Area.",110
647806,LA SALLE CO.,PRAIRIE CENTER,06/22/2016,1932,Tornado, ,EF1,0,0,0,0,IL,CST-6, ,107879,C,99,LOT,0,0,NWS Storm Survey, ,0.5,50,4,SSE,4,NW,OTTAWA ARPT,06/22/2016,1933,41.414,-88.9084,41.4112,-88.9005,"The tornado started three tenths of a mile northeast of the intersection of Rt 33 and E 13th Rd. As the tornado moved off to the southeast, a corn dryer with three 1-ton blocks tipped over in between four full grain bins. Peak winds were estimated at 95 mph, and max width was 50 yards. (Tornado 8 of 15).","The evening of Wednesday, June 22 brought a favorable setup for tornadoes across northern Illinois.  There were approximately 3 supercells which brought numerous  tornadoes to the NWS Chicago CWA.  NWS ground survey data combined with aerial photography, radar and satellite imagery, and detailed reports from trained storm spotters have helped to determine that 15 tornadoes occurred across the NWS Chicago County Warning Area.",111
644580,BUREAU CO.,MALDEN,06/22/2016,1935,Tornado, ,EF1,0,0,0,0,IL,CST-6, ,107538,C,11,DVN,0,0,NWS Storm Survey, ,0.48,50,0,SSE,1,SE,MALDEN,06/22/2016,1938,41.414,-89.3675,41.4133,-89.3583,"A tornado touched down in a field about 2 miles south of Malden, and moved east around one half mile before lifting.  Crop damage occurred along the path length as well as damage to shingles on a residence, and several mature hardwood trees snapped off about 20 feet above the ground.","The afternoon of June 22, saw strong to severe thunderstorms form over eastern Iowa, and move into northern Illinois. The storms became supercell thunderstorms as they moved into Illinois, and produced tornadoes over portions of northern Illinois, along with wind damage and hail.",112
647807,LA SALLE CO.,(8N2) SKYDIVE CHICAGO AIRPORT,06/22/2016,1948,Tornado, ,EF1,0,0,0,0,IL,CST-6, ,107879,C,99,LOT,0,0,NWS Storm Survey, ,4.5,100,3,WNW,1,E,DAYTON,06/22/2016,1953,41.4118,-88.8502,41.3812,-88.7732,"The tornado started approximately three quarters of a mile west of the intersection of N 33rd Rd and Rt. 23.  As it moved southeast, there was damage of tree branches broken and the collapse of the walls of a small barn.  As it continued on, there were numerous areas of corn damage and large branches broken.  The tornado stopped around four tenths of a mile northeast of the intersection of Rt. 71 and I-80.  Peak winds were estimated at 90 mph, and max width was 100 yards. (Tornado 9 of 15).","The evening of Wednesday, June 22 brought a favorable setup for tornadoes across northern Illinois.  There were approximately 3 supercells which brought numerous  tornadoes to the NWS Chicago CWA.  NWS ground survey data combined with aerial photography, radar and satellite imagery, and detailed reports from trained storm spotters have helped to determine that 15 tornadoes occurred across the NWS Chicago County Warning Area.",113
647808,LA SALLE CO.,(MMO)MARSEILLES,06/22/2016,1953,Tornado, ,EF2,0,0,0,0,IL,CST-6, ,107879,C,99,LOT,0,0,NWS Storm Survey, ,6.44,300,2,W,2,NNE,SENECA,06/22/2016,2010,41.3669,-88.71,41.3406,-88.592,"The tornado started approximately two tenths of a mile to the southwest of the intersection of N 30th Rd and E 24th Rd. There were some small limbs broken at the starting point, and the tornado moved to the east-southeast for around three quarters of a mile.  Approximately 3.3 miles to the northeast of Marseilles, a house lost a significant portion of the roof and the walls of a farm outbuilding were collapsed.  The strongest (EF-2) damage, which was 4.3 miles to the east-northeast of Marseilles, was to trees and one outbuilding at a farmstead, and also to high tension power trusses, four of which were toppled/crumpled. About three tenths of a mile northwest of the intersection of N 28th Rd and E 29th Rd, there were a few farm buildings which either  lost the entire roof structure or the walls were collapsed.  The tornado had peak winds estimated to 120 mph. The tornado continued into Grundy County. (Tornado 10a of 15).","The evening of Wednesday, June 22 brought a favorable setup for tornadoes across northern Illinois.  There were approximately 3 supercells which brought numerous  tornadoes to the NWS Chicago CWA.  NWS ground survey data combined with aerial photography, radar and satellite imagery, and detailed reports from trained storm spotters have helped to determine that 15 tornadoes occurred across the NWS Chicago County Warning Area.",114
647809,GRUNDY CO.,LANGHAM,06/22/2016,2010,Tornado, ,EF1,0,0,0,0,IL,CST-6, ,107879,C,63,LOT,0,0,NWS Storm Survey, ,1.61,100,4,NW,2,NNW,LANGHAM,06/22/2016,2015,41.3406,-88.592,41.3303,-88.5632,"This is a continuation of the tornado that began in LaSalle County.  Approximately 2.3 miles to the north-northeast of Seneca, there was a major loss of roof panels off a farm outbuilding.  As the tornado moved to the southeast, there was small limbs broken.  (Tornado 10b of 15).","The evening of Wednesday, June 22 brought a favorable setup for tornadoes across northern Illinois.  There were approximately 3 supercells which brought numerous  tornadoes to the NWS Chicago CWA.  NWS ground survey data combined with aerial photography, radar and satellite imagery, and detailed reports from trained storm spotters have helped to determine that 15 tornadoes occurred across the NWS Chicago County Warning Area.",115
647810,GRUNDY CO.,GORMAN,06/22/2016,2029,Tornado, ,EF0,0,0,0,0,IL,CST-6, ,107879,C,63,LOT,0,0,NWS Storm Survey, ,0.7,100,1,WSW,1,WSW,GORMAN,06/22/2016,2036,41.266,-88.3734,41.2674,-88.3601,"Around three tenths of a mile south of the intersection of County Rd 1000 S and S Tynan Rd, a small farm outbuilding collapsed and a large tree had been uprooted.  The tornado moved off to the east-northeast and ended approximately six tenths of a mile southeast of the intersection of County Rd 1000 S and S Tynan Rd.  Peak winds were estimated at 85 mph, and max width was 100 yards. (Tornado 11 of 15).","The evening of Wednesday, June 22 brought a favorable setup for tornadoes across northern Illinois.  There were approximately 3 supercells which brought numerous  tornadoes to the NWS Chicago CWA.  NWS ground survey data combined with aerial photography, radar and satellite imagery, and detailed reports from trained storm spotters have helped to determine that 15 tornadoes occurred across the NWS Chicago County Warning Area.",116
648258,LIVINGSTON CO.,GRAYMONT,06/22/2016,2106,Tornado, ,EF2,0,4,0,0,IL,CST-6, ,107879,C,105,LOT,0,0,NWS Storm Survey, ,11.1,440,3,N,1,NNW,MCDOWELL,06/22/2016,2124,40.9183,-88.7776,40.8485,-88.5857,"The tornado started just under two tenths of a mile north of the intersection of E 2000 N Rd and County Highway 13.  As it moved southeast and crossed N 900 E Rd,  there were numerous trees snapped and the path width was approximately 250 ft.  At a house near E 1900 N Rd, there were other trees snapped.  When the tornado crossed E 1800 N Rd, it strengthened to EF-2 and a barn was totally destroyed, and electrical transmission lines were broken.  As it moved southeast past the intersection of Rt 116 and Interstate 55, a small retail building had the exterior walls collapsed.  At a mobile home park off S. Ladd St, a mobile home was pushed off its foundation and destroyed.  Near the intersection of N 1725 E Rd and E 1550 N Rd, the tornado was 1/4 mile in width and there were 3 snapped power poles and a silo in a field.  Peak winds were estimated at 125 mph, and max width was 440 yards. (Tornado 13 of 15).","The evening of Wednesday, June 22 brought a favorable setup for tornadoes across northern Illinois.  There were approximately 3 supercells which brought numerous  tornadoes to the NWS Chicago CWA.  NWS ground survey data combined with aerial photography, radar and satellite imagery, and detailed reports from trained storm spotters have helped to determine that 15 tornadoes occurred across the NWS Chicago County Warning Area.",117
647811,IROQUOIS CO.,CLIFTON,06/22/2016,2112,Tornado, ,EF1,0,0,0,0,IL,CST-6, ,107879,C,75,LOT,0,0,NWS Storm Survey, ,1.7,50,3,W,2,NNW,ASHKUM,06/22/2016,2115,40.9223,-87.9891,40.9092,-87.9616,"The tornado started approximately 2.75 miles to the north-northeast of the intersection of Route 116 and 700 East Rd.  As the tornado moved to the southeast, a farm building located off 2800 North Rd had a large trailer filled with tools picked up and turned.  There were also metal outbuildings destroyed, as well as an empty grain bin tossed across the driveway into a field. The debris deposited in a field to southeast for a half mile. Corn was laid down upstream northwest of location.  At a residence located along N 900 E Rd, several trees were taken out on the property but most trees were undamaged and house also was undamaged.  Peak winds were estimated at 100 mph, and max width was 50 yards. (Tornado 12 of 15).","The evening of Wednesday, June 22 brought a favorable setup for tornadoes across northern Illinois.  There were approximately 3 supercells which brought numerous  tornadoes to the NWS Chicago CWA.  NWS ground survey data combined with aerial photography, radar and satellite imagery, and detailed reports from trained storm spotters have helped to determine that 15 tornadoes occurred across the NWS Chicago County Warning Area.",118
648267,LIVINGSTON CO.,CHATSWORTH,06/22/2016,2149,Tornado, ,EF0,0,0,0,0,IL,CST-6, ,107879,C,105,LOT,0,0,NWS Storm Survey, ,0.1,10,2,NNW,2,NNW,CHATSWORTH,06/22/2016,2150,40.7769,-88.2997,40.7763,-88.2989,"At a residence one tenth of a mile to the east of N 3300 E Rd and E 1000 N Rd, there was a loss of wood or metal roof panels to a barn.  The doors were also blown out.  Peak winds were estimated at 80 mph, and max width was 10 yards. (Tornado 14 of 15).","The evening of Wednesday, June 22 brought a favorable setup for tornadoes across northern Illinois.  There were approximately 3 supercells which brought numerous  tornadoes to the NWS Chicago CWA.  NWS ground survey data combined with aerial photography, radar and satellite imagery, and detailed reports from trained storm spotters have helped to determine that 15 tornadoes occurred across the NWS Chicago County Warning Area.",119
648269,IROQUOIS CO.,CISSNA PARK,06/22/2016,2237,Tornado, ,EF1,0,0,0,0,IL,CST-6, ,107879,C,75,LOT,0,0,NWS Storm Survey, ,3.1,440,2,NW,1,ESE,CISSNA PARK,06/22/2016,2241,40.5867,-87.9016,40.5586,-87.8575,"The tornado started near the intersection of County Rd 700 N and Country Rd 1200 E as seen in corn pattern.  As it moved southeast and approached the north side of Cissna Park, a small barn had a collapse of its roof structure and there were large branches down.  There was damage to the school  grounds on the north side of town, including the dugout of the roof blown off.  One half mile northeast of town on IL-49, a couple of buildings were damaged with trees twisted down.  At a residence off of Country Rd 1300 E, a house lost large sections of its roof structure, but the walls remained standing.  There were also some trees snapped.  As the tornado ended near County Rd 500 N, there were large branches broken and trees uprooted.  Peak winds were estimated at 110 mph, and max width was 440 yards. (Tornado 15 of 15).","The evening of Wednesday, June 22 brought a favorable setup for tornadoes across northern Illinois.  There were approximately 3 supercells which brought numerous  tornadoes to the NWS Chicago CWA.  NWS ground survey data combined with aerial photography, radar and satellite imagery, and detailed reports from trained storm spotters have helped to determine that 15 tornadoes occurred across the NWS Chicago County Warning Area.",120
638612,MASSAC CO.,METROPOLIS,07/06/2016,1239,Tornado, ,EF1,0,2,350000,0,IL,CST-6, ,106363,C,127,PAH,0,0,NWS Storm Survey, ,2.79,160,1,WNW,2,ENE,METROPOLIS,07/06/2016,1245,37.1526,-88.74,37.1616,-88.6906,"A funnel cloud crossed the Ohio River from Kentucky, then touched down on the southwest edge of Metropolis a few blocks from the Ohio River. The most significant damage occurred along a residential street next to the city's elementary school. The school had window and roofing damage. The primary school received more serious structural damage, likely in excess of 100,000 dollars. Nearby homes sustained roof damage, and numerous large trees were uprooted or snapped. Power poles were down. The city fire department responded to six fire calls and three medical calls directly related to the storm. A tree fell on a car, resulting in minor injuries to the driver. On the east edge of Metropolis, the tornado ripped the roof off of a maintenance shed. The tornado moved through Fort Massac State Park and exited the park on U.S. Highway 45 just west of Interstate 24. A motel just west of the interstate sustained minor to moderate roof damage. The path ended near the intersection of Highway 45 and I-24. A photograph was taken of the funnel cloud over Metropolis, but the bottom part of the funnel was behind trees and buildings. Widespread power outages lasted for at least 12 hours. Peak winds were estimated near 105 mph.","A line of thunderstorms intensified as it approached the Mississippi River and began to bow out toward the east. Numerous damaging wind events occurred in the southern tip of Illinois, along with an isolated tornado. Wind damage was much more isolated to the north. The storms increased in strength ahead of a small-scale 500 mb shortwave over western Missouri. A moderately strong southwest wind flow of moist and very unstable air fueled the storms. Mixed-layer capes around 3000 j/kg fed into the southern end of the line of storms. Precipitable water values were near 2 inches. Earlier in the day, a weakening line of storms moved southward across southern Illinois. This line of storms produced isolated wind damage in Wabash County. The outflow boundary from this early line of storms provided a focus for the eastward-moving line in the afternoon.",121
653454,PUTNAM CO.,PUTNAM,07/17/2016,1918,Tornado, ,EF0,0,0,0,0,IL,CST-6, ,109102,C,155,DVN,0,0,Fire Department/Rescue, ,1.19,25,2,ENE,3,ENE,PUTNAM,07/17/2016,1919,41.19,-89.36,41.1956,-89.3384,"The local fire chief reported a brief touchdown with no significant damage. The time was estimated by radar.","A cold front produced late afternoon thunderstorms with a couple of brief Tornadoes spotted just before sunset.",122
653455,PUTNAM CO.,FLORID,07/17/2016,1924,Tornado, ,EF0,0,0,0,0,IL,CST-6, ,109102,C,155,DVN,0,0,Law Enforcement, ,0.24,25,1,S,1,SSE,FLORID,07/17/2016,1925,41.22,-89.28,41.2208,-89.2755,"Local law enforcement reported a brief touchdown.  Most of the time it was a funnel going up and down from the cloud base.","A cold front produced late afternoon thunderstorms with a couple of brief Tornadoes spotted just before sunset.",123
648328,KANKAKEE CO.,BUCKINGHAM,07/17/2016,2041,Tornado, ,EF1,0,0,0,0,IL,CST-6, ,108230,C,91,LOT,0,0,NWS Storm Survey, ,2.16,100,4,SSW,4,SSE,BUCKINGHAM,07/17/2016,2048,40.9996,-88.1923,40.9991,-88.1508,"The tornado started approximately three quarters of a mile east-northeast of Cabery.  As it crossed S 17000W Rd, there were several large metal corrugated pipes probably 10 feet in diameter rolled long distances.  The tornado headed east to S 16000W Rd, and a farm outbuilding lost its roof and part of the walls collapsed.  Two grain bins were destroyed. Many power lines down 7-8 mile south of Rt. 17.","Very warm and moist conditions developed ahead of a cold front, which allowed strong to severe thunderstorms to develop.",124
659015,COOK CO.,CICERO,08/09/2016,1448,Tornado, ,EF0,0,0,0,0,IL,CST-6, ,110315,C,31,LOT,0,0,Other Federal Agency, ,0.01,10,0,NE,0,NE,CICERO,08/09/2016,1458,41.832,-87.7261,41.832,-87.7261,"FAA contract observer for Midway Airport spotted a landspout tornado that formed on the lake breeze.","A landspout tornado (or more simply, a landspout) formed on a lake breeze boundary on the afternoon of August 9th just prior to 4pm CDT. This landspout was observed by the FAA contract observer on duty at Midway Airport. The tornado was estimated to have begun at 3:48 PM CDT and dissipated at 3:58 PM CDT. This was the first tornado within the city limits of Chicago since a brief F-0 on the campus of Loyola University on September 22, 2006.",125
657524,VERMILION CO.,CATLIN,09/09/2016,1713,Tornado, ,EF0,0,0,0,10000,IL,CST-6, ,109971,C,183,ILX,0,0,NWS Storm Survey, ,0.1,10,2,SW,2,SW,CATLIN,09/09/2016,1714,40.0449,-87.7278,40.0455,-87.726,"A tornado briefly touched down in a field 2 miles southwest of Catlin at 7:13pm CDT before quickly dissipating by 7:14pm CDT.  Minor crop damage was reported.","Scattered severe thunderstorms developed along a warm front extending across central Illinois during the late afternoon and evening of September 9th.  A Mesoscale Convective Vortex (MCV) associated with a complex of thunderstorms that had developed the previous night across Kansas interacted with the boundary to greatly enhance low-level wind shear across east-central Illinois.  As new thunderstorm cells developed and moved into this area of stronger shear, many of them began to rotate.  Four tornadoes touched down across portions of Champaign, Vermilion, and Clark counties between 6:30pm CDT and 7:15pm CDT, including an EF-2 tornado that produced considerable damage across southern Champaign County.",126
657507,CHAMPAIGN CO.,BLOCK,09/09/2016,1731,Tornado, ,EF2,0,0,800000,100000,IL,CST-6, ,109971,C,19,ILX,0,0,NWS Storm Survey, ,6.26,75,0,ENE,2,SSE,HOMER,09/09/2016,1750,39.9728,-88.0739,39.9991,-87.9608,"A tornado touched down in a field 3.6 miles south of Sidney at 6:31pm CDT.  The tornado tracked northeastward for more than two miles damaging corn and soybean crops before destroying a garage and a large shed.  A car and large RV were also damaged.  A barn was destroyed less than one mile away before the tornado moved into a cemetery, where it damaged several headstones and two trees.  The most extensive damage occurred at a farmstead further northeast, where three outbuildings were destroyed and a house was pushed off its foundation causing it to collapse.  The tornado then dissipated in a field 2.5 miles south of Homer at 6:50pm CDT.","Scattered severe thunderstorms developed along a warm front extending across central Illinois during the late afternoon and evening of September 9th.  A Mesoscale Convective Vortex (MCV) associated with a complex of thunderstorms that had developed the previous night across Kansas interacted with the boundary to greatly enhance low-level wind shear across east-central Illinois.  As new thunderstorm cells developed and moved into this area of stronger shear, many of them began to rotate.  Four tornadoes touched down across portions of Champaign, Vermilion, and Clark counties between 6:30pm CDT and 7:15pm CDT, including an EF-2 tornado that produced considerable damage across southern Champaign County.",127
657512,VERMILION CO.,(DNV)VERMLION APT DA,09/09/2016,1734,Tornado, ,EF1,0,0,50000,0,IL,CST-6, ,109971,C,183,ILX,0,0,NWS Storm Survey, ,1.63,50,3,WNW,2,NNW,(DNV)VERMLION APT DA,09/09/2016,1743,40.2213,-87.6437,40.2319,-87.6161,"A tornado touched down 3.6 miles southwest of Bismarck at 6:34pm CDT, then tracked northeastward for 1.6 miles mostly across open fields.  The tornado damaged a few trees, took shingles off the roof of a house, and blew a camper over before dissipating 2.3 miles south-southwest of Bismarck at 6:43pm CDT.","Scattered severe thunderstorms developed along a warm front extending across central Illinois during the late afternoon and evening of September 9th.  A Mesoscale Convective Vortex (MCV) associated with a complex of thunderstorms that had developed the previous night across Kansas interacted with the boundary to greatly enhance low-level wind shear across east-central Illinois.  As new thunderstorm cells developed and moved into this area of stronger shear, many of them began to rotate.  Four tornadoes touched down across portions of Champaign, Vermilion, and Clark counties between 6:30pm CDT and 7:15pm CDT, including an EF-2 tornado that produced considerable damage across southern Champaign County.",128
657516,CLARK CO.,CASEY,09/09/2016,1744,Tornado, ,EF0,0,0,0,10000,IL,CST-6, ,109971,C,23,ILX,0,0,NWS Storm Survey, ,0.1,10,1,SSW,1,S,CASEY,09/09/2016,1745,39.2797,-87.9859,39.2806,-87.9841,"A tornado briefly touched down in a field 1.4 miles south of Casey at 6:44pm CDT before quickly dissipating by 6:45pm CDT.  Minor crop damage occurred.","Scattered severe thunderstorms developed along a warm front extending across central Illinois during the late afternoon and evening of September 9th.  A Mesoscale Convective Vortex (MCV) associated with a complex of thunderstorms that had developed the previous night across Kansas interacted with the boundary to greatly enhance low-level wind shear across east-central Illinois.  As new thunderstorm cells developed and moved into this area of stronger shear, many of them began to rotate.  Four tornadoes touched down across portions of Champaign, Vermilion, and Clark counties between 6:30pm CDT and 7:15pm CDT, including an EF-2 tornado that produced considerable damage across southern Champaign County.",129
658910,ROCK ISLAND CO.,COYNE CENTER,10/06/2016,2141,Tornado, ,EF0,0,0,0,0,IL,CST-6, ,109433,C,161,DVN,0,0,NWS Storm Survey, ,4.86,10,3,ESE,2,ESE,COAL VLY,10/06/2016,2146,41.3796,-90.5125,41.4148,-90.4314,"A fast moving narrow tornado caused damage to trees and crops along its 4.9 mile long path. A few trees were uprooted at the Arrowhead Ranch just south of Coal Valley, Illinois.","Low pressure brought strong thunderstorms over Iowa and Illinois the evening of October 6th, 2016. Just ahead of the low's path, a warm front was positioned over Iowa and Illinois near Interstate 80. This allowed for winds supporting tornadoes to develop with the strongest storms. A cluster of strong to severe storms moved from southeast Iowa northeast into Rock Island county, with several areas of damaging winds and tornadoes along the path from around the Quad Cities to Cordova, Illinois.",130
658919,ROCK ISLAND CO.,CORDOVA,10/06/2016,2157,Tornado, ,EF1,0,0,0,0,IL,CST-6, ,109433,C,161,DVN,0,0,NWS Storm Survey, ,1.91,200,2,SW,1,E,CORDOVA,10/06/2016,2200,41.6625,-90.3373,41.679,-90.3076,"An EF1 tornado began in southwestern Davenport in the downtown area, tracking northeast. Damage began on Credit Island, and extended through downtown Davenport, the Village of East Davenport, Bettendorf, and into rural northeast Scott County. The tornado crossed the Mississippi River south of Princeton, Iowa and continued into Illinois, hitting Cordova, Illinois before lifting. Along the path, damage was primarily to trees and outbuildings. Some trees fell on homes and cars. In downtown Davenport, the roof of the jail and the roof of a homeless shelter were also damaged. Peak winds were estimated to be 100 mph. The widest portion of the path occurred in eastern Davenport/Village of East Davenport.","Low pressure brought strong thunderstorms over Iowa and Illinois the evening of October 6th, 2016. Just ahead of the low's path, a warm front was positioned over Iowa and Illinois near Interstate 80. This allowed for winds supporting tornadoes to develop with the strongest storms. A cluster of strong to severe storms moved from southeast Iowa northeast into Rock Island county, with several areas of damaging winds and tornadoes along the path from around the Quad Cities to Cordova, Illinois.",131
678119,STARK CO.,CASTLETON,02/28/2017,1612,Tornado, ,EF1,0,0,100000,0,IL,CST-6, ,113310,C,175,ILX,0,0,NWS Storm Survey, ,5.01,100,1,SSE,2,SE,BRADFORD,02/28/2017,1619,41.1113,-89.7134,41.1569,-89.6386,"A tornado touched down 0.8 miles southwest of Castleton at 4:12 PM CST.  The tornado then tracked northeastward...damaging trees, an outbuilding, and a few homes before crossing into extreme southwestern Bureau County in the National Weather Service Davenport County Warning Area (CWA) at 4:19 PM CST.","An unseasonably warm and humid airmass was in place across central Illinois on February 28th...with afternoon high temperatures soaring to record levels in the upper 60s and lower 70s.  Thanks to these extremely warm temperatures and dewpoints surging into the upper 50s and lower 60s, Convective Available Potential Energy (CAPE) values exceeded 1500J/kg across Missouri and the western half of Illinois by late afternoon.  In addition, a strong mid-level jet streak enhanced 0-6km wind shear to an impressive 60-70kt.  While the airmass within the warm sector was initially capped, an approaching upper wave helped weaken the cap and set the stage for strong to severe thunderstorms into the evening.  As a cold front pushed across the Mississippi River, supercell thunderstorms initiated across west-central Illinois during the late afternoon and lingered into the evening.  These storms produced a total of 4 tornadoes in the National Weather Service Lincoln County Warning Area (CWA), including an EF-3 tornado that touched down west of Washburn in Woodford County.  Other storms produced scattered reports of large hail and damaging winds across the area.",132
674945,BUREAU CO.,MILO,02/28/2017,1619,Tornado, ,EF1,0,0,0,0,IL,CST-6, ,112953,C,11,DVN,0,0,NWS Storm Survey, ,0.52,100,4,SW,4,SW,MILO,02/28/2017,1620,41.156,-89.6386,41.1606,-89.6307,"This tornado touched down and spent most of its time moving through Stark County, Illinois, generally south of Bradford and just east of Castleton. It lifted in far western Bureau county. Trees were damaged by this tornado, along with a farm outbuilding, and minor damage to a few homes. The estimated peak wind was 95 mph. The entire path length was 5.51 miles, after initially touching down 5.3 miles southwest of Bradford, 41.11 N / -89.7145 W.","Following a week of record highs, a late winter severe weather outbreak brought widespread severe thunderstorms to Iowa, Illinois, and northeast Missouri. Supercell thunderstorms produced numerous reports of large hail and a few tornadoes. The tornadoes were the first ever recorded in the month of February, across eastern Iowa and northwest Illinois. Additionally, some damaging winds occurred after dark, when the storms formed into a line as they moved through Illinois. This outbreak of severe weather also included many locations in the southern half of Illinois, and Missouri.",133
674612,LA SALLE CO.,CEDAR PT,02/28/2017,1627,Tornado, ,EF0,0,0,0,0,IL,CST-6, ,112919,C,99,LOT,0,0,Trained Spotter, ,1.75,50,2,WNW,1,N,CEDAR PT,02/28/2017,1630,41.2785,-89.1627,41.2795,-89.1294,"The location and time of this tornado were estimated from spotter photos and videos from the area.  No damage was identified, so the intensity is estimated. (Tornado #1 of 7).","The late afternoon into the evening of Tuesday, February 28 brought a favorable setup for severe weather, including strong tornadoes across much of the Mid-Mississippi Valley and Lower Great Lakes regions.  There were seven tornadoes confirmed in the NWS Chicago county warning area.  Large hail was reported in numerous areas.",134
674614,LA SALLE CO.,UTICA AIRPARK ARPT,02/28/2017,1641,Tornado, ,EF3,2,14,0,0,IL,CST-6, ,112919,C,99,LOT,0,0,Trained Spotter, ,11.5,800,3,E,2,NNW,MARSEILLES,02/28/2017,1659,41.3239,-88.9504,41.3597,-88.7352,"The first area of significant damage in the EF2 range was in the area around the La Salle County Nursing Home and La Salle County Highway Department, with lighter damage upstream from this location. The tornado continued into Naplate and produced widespread EF2 damage to numerous homes. EF3 damage also was identified in two locations. The first was where a minivan was thrown about 30 yards and a home was lifted off its foundation and left with only its interior walls intact. The second was at the Pilkington Glass plant where one section of the factory was completely destroyed. The tornado then crossed the Illinois River and moved through the south side of Ottawa, producing an 800 yard wide path of EF1 damage to trees and homes. The fatalities in Ottawa occurred from a tree falling onto two men who were working outside. The tornado then crossed the Illinois River again and continued to produce EF1 and EF0 damage as it exited Ottawa, finally dissipating in the area northwest of Marseilles. (Tornado #2 of 7).","The late afternoon into the evening of Tuesday, February 28 brought a favorable setup for severe weather, including strong tornadoes across much of the Mid-Mississippi Valley and Lower Great Lakes regions.  There were seven tornadoes confirmed in the NWS Chicago county warning area.  Large hail was reported in numerous areas.",135
674944,WHITESIDE CO.,COLETA,02/28/2017,1644,Tornado, ,EF1,0,0,0,0,IL,CST-6, ,112953,C,195,DVN,0,0,NWS Storm Survey, ,2.62,75,3,ESE,2,NW,PENROSE,02/28/2017,1646,41.8883,-89.7512,41.8971,-89.7016,"National Weather Service storm survey showed damage consisting of snapped pine trees, damaged farm out buildings, and an un-roofed attached garage and home along the path. A second home also sustained damage to its roof. The estimated peak wind was 100 mph.","Following a week of record highs, a late winter severe weather outbreak brought widespread severe thunderstorms to Iowa, Illinois, and northeast Missouri. Supercell thunderstorms produced numerous reports of large hail and a few tornadoes. The tornadoes were the first ever recorded in the month of February, across eastern Iowa and northwest Illinois. Additionally, some damaging winds occurred after dark, when the storms formed into a line as they moved through Illinois. This outbreak of severe weather also included many locations in the southern half of Illinois, and Missouri.",136
674617,LA SALLE CO.,(MMO)MARSEILLES,02/28/2017,1658,Tornado, ,EF1,0,0,0,0,IL,CST-6, ,112919,C,99,LOT,0,0,Trained Spotter, ,2.8,200,1,WSW,1,E,(MMO)MARSEILLES,02/28/2017,1702,41.3648,-88.7066,41.3701,-88.6531,"The tornado moved along N 30th Road south of Interstate 80 and produced damage at two farmsteads, both on the north side of the road, and to a tower on the south side of the road. Videos of this tornado suggested the condensation funnel possibly was wider than documented by the survey, but the path width was estimated based on the areas of damage.  (Tornado #3 of 7).","The late afternoon into the evening of Tuesday, February 28 brought a favorable setup for severe weather, including strong tornadoes across much of the Mid-Mississippi Valley and Lower Great Lakes regions.  There were seven tornadoes confirmed in the NWS Chicago county warning area.  Large hail was reported in numerous areas.",137
674620,GRUNDY CO.,STOCKDALE,02/28/2017,1704,Tornado, ,EF0,0,0,0,0,IL,CST-6, ,112919,C,63,LOT,0,0,NWS Storm Survey, ,1.2,200,5,WNW,4,WNW,STOCKDALE,02/28/2017,1706,41.3753,-88.5841,41.3804,-88.5628,"The path of this tornado was estimated based on video evidence as well as debris found along Interstate 80 near mile marker 104. (Tornado #4 of 7).","The late afternoon into the evening of Tuesday, February 28 brought a favorable setup for severe weather, including strong tornadoes across much of the Mid-Mississippi Valley and Lower Great Lakes regions.  There were seven tornadoes confirmed in the NWS Chicago county warning area.  Large hail was reported in numerous areas.",138
674622,OGLE CO.,CARTHAGE,02/28/2017,1707,Tornado, ,EF1,0,0,0,0,IL,CST-6, ,112919,C,141,LOT,0,0,Trained Spotter, ,1.5,50,2,NNE,2,SSE,WATERTOWN,02/28/2017,1709,41.9478,-89.3098,41.9498,-89.2821,"The tornado toppled farm equipment, collapsed outbuildings, damaged roofs of homes, and broke large branches out of trees. Straight line winds estimated to be up to 80 MPH produced additional damage 1 to 1.5 miles beyond the tornado path.  (Tornado #5 of 7).","The late afternoon into the evening of Tuesday, February 28 brought a favorable setup for severe weather, including strong tornadoes across much of the Mid-Mississippi Valley and Lower Great Lakes regions.  There were seven tornadoes confirmed in the NWS Chicago county warning area.  Large hail was reported in numerous areas.",139
678120,PEORIA CO.,DUNLAP,02/28/2017,1710,Tornado, ,EF0,0,0,0,0,IL,CST-6, ,113310,C,143,ILX,0,0,NWS Storm Survey, ,0.07,25,3,E,3,E,DUNLAP,02/28/2017,1711,40.8645,-89.6086,40.8647,-89.6072,"A tornado briefly touched down in an open field about 3.6 miles east of Dunlap at 5:10 PM CST.  No damage occurred.","An unseasonably warm and humid airmass was in place across central Illinois on February 28th...with afternoon high temperatures soaring to record levels in the upper 60s and lower 70s.  Thanks to these extremely warm temperatures and dewpoints surging into the upper 50s and lower 60s, Convective Available Potential Energy (CAPE) values exceeded 1500J/kg across Missouri and the western half of Illinois by late afternoon.  In addition, a strong mid-level jet streak enhanced 0-6km wind shear to an impressive 60-70kt.  While the airmass within the warm sector was initially capped, an approaching upper wave helped weaken the cap and set the stage for strong to severe thunderstorms into the evening.  As a cold front pushed across the Mississippi River, supercell thunderstorms initiated across west-central Illinois during the late afternoon and lingered into the evening.  These storms produced a total of 4 tornadoes in the National Weather Service Lincoln County Warning Area (CWA), including an EF-3 tornado that touched down west of Washburn in Woodford County.  Other storms produced scattered reports of large hail and damaging winds across the area.",140
678121,PEORIA CO.,EDGEWATER TERRACE,02/28/2017,1715,Tornado, ,EF0,0,0,75000,0,IL,CST-6, ,113310,C,143,ILX,0,0,NWS Storm Survey, ,0.89,100,1,N,0,W,ROME,02/28/2017,1717,40.878,-89.5212,40.88,-89.5044,"A weak tornado touched down 0.9 miles west-southwest of Rome at 5:15 PM CST.  The tornado tracked through Rome, before lifting just before reaching the Illinois River at 5:17 PM CST.  Minor damage occurred to a few buildings and several trees.","An unseasonably warm and humid airmass was in place across central Illinois on February 28th...with afternoon high temperatures soaring to record levels in the upper 60s and lower 70s.  Thanks to these extremely warm temperatures and dewpoints surging into the upper 50s and lower 60s, Convective Available Potential Energy (CAPE) values exceeded 1500J/kg across Missouri and the western half of Illinois by late afternoon.  In addition, a strong mid-level jet streak enhanced 0-6km wind shear to an impressive 60-70kt.  While the airmass within the warm sector was initially capped, an approaching upper wave helped weaken the cap and set the stage for strong to severe thunderstorms into the evening.  As a cold front pushed across the Mississippi River, supercell thunderstorms initiated across west-central Illinois during the late afternoon and lingered into the evening.  These storms produced a total of 4 tornadoes in the National Weather Service Lincoln County Warning Area (CWA), including an EF-3 tornado that touched down west of Washburn in Woodford County.  Other storms produced scattered reports of large hail and damaging winds across the area.",141
678122,WOODFORD CO.,LOW PT,02/28/2017,1726,Tornado, ,EF3,0,0,1500000,0,IL,CST-6, ,113310,C,203,ILX,0,0,NWS Storm Survey, ,3.36,400,4,NW,1,WNW,WASHBURN,02/28/2017,1731,40.9128,-89.3609,40.924,-89.2983,"A tornado touched down in an open field about 3.7 miles west of Washburn in extreme northern Woodford County at 5:26 PM CST.  The tornado broke windows and did roof damage to a house and destroyed several outbuildings about a mile from its origin.  The tornado rapidly widened to more than 1/4 mile across and increased in intensity to EF-3 as it destroyed a house about 2.5 miles west of Washburn.  One mile to the east, the tornado tore the roof off a house before moving into Washburn.  The tornado damaged 8 houses in town...doing significant damage to roofs, garages, automobiles, and trees before crossing into extreme southern Marshall County at 5:31 PM CST.","An unseasonably warm and humid airmass was in place across central Illinois on February 28th...with afternoon high temperatures soaring to record levels in the upper 60s and lower 70s.  Thanks to these extremely warm temperatures and dewpoints surging into the upper 50s and lower 60s, Convective Available Potential Energy (CAPE) values exceeded 1500J/kg across Missouri and the western half of Illinois by late afternoon.  In addition, a strong mid-level jet streak enhanced 0-6km wind shear to an impressive 60-70kt.  While the airmass within the warm sector was initially capped, an approaching upper wave helped weaken the cap and set the stage for strong to severe thunderstorms into the evening.  As a cold front pushed across the Mississippi River, supercell thunderstorms initiated across west-central Illinois during the late afternoon and lingered into the evening.  These storms produced a total of 4 tornadoes in the National Weather Service Lincoln County Warning Area (CWA), including an EF-3 tornado that touched down west of Washburn in Woodford County.  Other storms produced scattered reports of large hail and damaging winds across the area.",142
678123,MARSHALL CO.,WILBERN,02/28/2017,1731,Tornado, ,EF2,0,0,500000,0,IL,CST-6, ,113310,C,123,ILX,0,0,NWS Storm Survey, ,13.6,600,2,SSE,5,SE,EVANS,02/28/2017,1749,40.924,-89.2983,40.9772,-89.0474,"The tornado crossed from Woodford County into Marshall County at 5:31 PM CST.  It tracked northeastward through southern Marshall County...destroying outbuildings and damaging house roofs and trees, as it widened to about 600 yards southwest of La Rose.  The tornado weakened in southeast Marshall County as it crossed I-39 west of Rutland, then crossed into LaSalle County in the National Weather Service Chicago County Warning Area (CWA) at 5:49 PM CST.","An unseasonably warm and humid airmass was in place across central Illinois on February 28th...with afternoon high temperatures soaring to record levels in the upper 60s and lower 70s.  Thanks to these extremely warm temperatures and dewpoints surging into the upper 50s and lower 60s, Convective Available Potential Energy (CAPE) values exceeded 1500J/kg across Missouri and the western half of Illinois by late afternoon.  In addition, a strong mid-level jet streak enhanced 0-6km wind shear to an impressive 60-70kt.  While the airmass within the warm sector was initially capped, an approaching upper wave helped weaken the cap and set the stage for strong to severe thunderstorms into the evening.  As a cold front pushed across the Mississippi River, supercell thunderstorms initiated across west-central Illinois during the late afternoon and lingered into the evening.  These storms produced a total of 4 tornadoes in the National Weather Service Lincoln County Warning Area (CWA), including an EF-3 tornado that touched down west of Washburn in Woodford County.  Other storms produced scattered reports of large hail and damaging winds across the area.",143
677693,LA SALLE CO.,RUTLAND,02/28/2017,1749,Tornado, ,EF0,0,0,0,0,IL,CST-6, ,112919,C,99,LOT,0,0,NWS Storm Survey, ,0.81,600,0,SE,1,ENE,RUTLAND,02/28/2017,1750,40.9772,-89.0474,40.9854,-89.0363,"The tornado weakened in southeast Marshall County as it crossed I-39 west of Rutland. As the tornado entered LaSalle County and moved into Rutland, it damaged trees and did minor damage to house roofs, before dissipating 0.4 miles east of Rutland at 5:50 pm.  (Tornado #6 of 7).","The late afternoon into the evening of Tuesday, February 28 brought a favorable setup for severe weather, including strong tornadoes across much of the Mid-Mississippi Valley and Lower Great Lakes regions.  There were seven tornadoes confirmed in the NWS Chicago county warning area.  Large hail was reported in numerous areas.",144
677696,LA SALLE CO.,LEEDS,02/28/2017,1753,Tornado, ,EF2,0,0,0,0,IL,CST-6, ,112919,C,99,LOT,0,0,NWS Storm Survey, ,4.5,75,2,S,4,ESE,LEEDS,02/28/2017,1759,40.9856,-88.9865,41.0055,-88.9105,"The tornado began as a weak EF-0 that produced isolated tree damage north of Dana, IL. It then caused EF-2 damage when it tore the roof off of a house just east of the LaSalle-Livingston county line. The tornado then weakened and snapped a|couple of trees before dissipating one mile west of Long Point, IL.  (Tornado #7 of 7).","The late afternoon into the evening of Tuesday, February 28 brought a favorable setup for severe weather, including strong tornadoes across much of the Mid-Mississippi Valley and Lower Great Lakes regions.  There were seven tornadoes confirmed in the NWS Chicago county warning area.  Large hail was reported in numerous areas.",145
679706,RANDOLPH CO.,ROCKWOOD,02/28/2017,2012,Tornado, ,EF2,0,0,0,0,IL,CST-6, ,113504,C,157,LSX,0,0,NWS Storm Survey, ,2.94,700,1,SW,2,ENE,ROCKWOOD,02/28/2017,2018,37.8222,-89.7124,37.8371,-89.6619,"The tornado moved out of Perry County (MO-WFO Paducah's forecast area) across the Mississippi River into far southern Randolph County (IL) south of Rockwood.  The tornado caused damage to trees and snapped 7 power poles on IL Route 3. It continued to move to the northeast, causing extensive tree damage along Gun Club Road.  The damage was rated EF2.  The tornado continued northeast into Jackson County (IL) which is serviced by National Weather Service Paducah. This segment of the tornado (Randolph County) was rated EF2 with a path length of 2.94 miles and a max path width of 700 yards. No injuries or deaths were reported in Randolph County. The entire tornado was rated EF4. It's path length was 50 miles with a max path width of 1056 yards (0.6 of a mile). One death and 12 injuries were reported with this tornado.","A severe weather outbreak occurred on February 28th and lasted into the early morning hours of March 1st 2017.  Four tornadoes were documented to have occurred in the National Weather Service St. Louis County Warning Area, including a portion of the long track tornado that caused damage north of Perryville, MO.   Hail and wind reports were noted with many of the storms.",146
677489,JACKSON CO.,CORA,02/28/2017,2018,Tornado, ,EF3,0,0,6000000,0,IL,CST-6, ,113231,C,77,PAH,0,0,NWS Storm Survey, ,28.77,850,1,NNE,4,E,DOWELL,02/28/2017,2050,37.8371,-89.6619,37.9392,-89.1503,"This large tornado entered Jackson County from Randolph County near the community of Rockwood. The tornado originally began near Perryville, Missouri, where it achieved its peak intensity in the EF-4 category. The tornado crossed the entire width of Jackson County, entering the county about two miles from the Mississippi River. The tornado passed just south of Ava, clipped the southern edge of Vergennes, and then passed near the north edge of Elkville before exiting the northeast corner of the county. In Jackson County, the tornado reached a maximum intensity of EF-3 on the south end of Vergennes. Winds estimated near 145 mph destroyed a house. The wood house was not securely anchored to the foundation, and other construction details suggested wind speeds were below the EF-4 category. Elsewhere in Jackson County, the tornado passed through mainly rural farmlands and woods. Thousands of large trees were snapped and uprooted, and dozens of homes and other structures were damaged or destroyed. The tornado remained quite wide, nearly one-third of a mile at times. The average path width in Jackson County was about 600 yards. The tornado continued east-northeast into Franklin County.","Isolated supercell thunderstorms moved into southern Illinois during the evening hours. The storms developed ahead of a cold front in a destabilizing air mass characterized by dew points in the lower to mid 60's. The most intense supercell storm awaited the approach of a mid-level impulse from Oklahoma, which was downstream from the primary shortwave trough over the southern Plains. The supercell produced two long-track strong tornadoes, the first of which originated in Perry County, Missouri and tracked almost 50 miles before dissipating. The second strong tornado formed in the Wabash Valley and crossed into southwest Indiana. A southwesterly low-level jet increased substantially during the evening, creating favorable conditions for tornadoes.",147
677492,FRANKLIN CO.,MULKEYTOWN,02/28/2017,2050,Tornado, ,EF3,0,0,800000,0,IL,CST-6, ,113231,C,55,PAH,0,0,NWS Storm Survey, ,4.37,400,3,SW,2,SW,CHRISTOPHER,02/28/2017,2057,37.9392,-89.1503,37.9503,-89.0713,"This large tornado entered Franklin County from Jackson County. The tornado originally formed near Perryville, Missouri. The most intense damage in Franklin County was located south of Mulkeytown, where the tornado was rated EF-3 based on a house that was swept clean off its foundation. Debris was thrown up to a mile downwind. The debris was shredded, with nothing larger than 2-by-4 wood pieces. However, the house was sitting on a block foundation, unattached to anything. Based on the lack of any anchors for the house, peak winds were estimated near 160 mph at this site. Most of the other damage in this rural area of Franklin County consisted of snapped trees, heavily damaged barns, and a few damaged houses. The tornado rapidly weakened from EF-3 intensity to complete dissipation during the final two miles of its path. The average path width in Franklin County was 340 yards. The total path length starting near Perryville, Missouri was nearly 50 miles. The tornado dissipated just southwest of Christopher.","Isolated supercell thunderstorms moved into southern Illinois during the evening hours. The storms developed ahead of a cold front in a destabilizing air mass characterized by dew points in the lower to mid 60's. The most intense supercell storm awaited the approach of a mid-level impulse from Oklahoma, which was downstream from the primary shortwave trough over the southern Plains. The supercell produced two long-track strong tornadoes, the first of which originated in Perry County, Missouri and tracked almost 50 miles before dissipating. The second strong tornado formed in the Wabash Valley and crossed into southwest Indiana. A southwesterly low-level jet increased substantially during the evening, creating favorable conditions for tornadoes.",148
682437,BROWN CO.,VERSAILLES,02/28/2017,2133,Tornado, ,EF1,0,1,0,0,IL,CST-6, ,113504,C,9,LSX,0,0,NWS Storm Survey, ,0.66,50,1,WNW,0,N,VERSAILLES,02/28/2017,2134,39.8845,-90.6636,39.887,-90.6516,"The tornado first touched down on the far west side of Versailles where it caused minor tree damage.  The tornado traveled northeast and impacted a house which sustained roof damage. On the other side of the road, two single wide mobile home trailers were overturned.  Damage at this location was rated high end EF1.  Farther to the northeast, more substantial tree damage occurred.  Several mature trees were topped, split and snapped at various heights above the ground.  The surrounding structures sustained corresponding roof, siding and fascia damage.  Damage was also rated high end EF1 along this portion of the track.  The tornado continued northeast and crossed Illinois Route 99 and caused additional minor tree damage.  The tornado moved northeast through the far northeast portion of town causing additional EF0 tree, roof and fascia damage to structures.  The tornado dissipated as it moved out of the northeast corner of Versailles. Overall, the tornado was rated EF1 with a path length of 0.66 miles and a maximum path width of 50 yards.","A severe weather outbreak occurred on February 28th and lasted into the early morning hours of March 1st 2017.  Four tornadoes were documented to have occurred in the National Weather Service St. Louis County Warning Area, including a portion of the long track tornado that caused damage north of Perryville, MO.   Hail and wind reports were noted with many of the storms.",149
674943,BUREAU CO.,CHERRY,02/28/2017,2143,Tornado, ,EF1,0,0,0,0,IL,CST-6, ,112953,C,11,DVN,0,0,NWS Storm Survey, ,2.33,50,2,WSW,0,SSE,CHERRY,02/28/2017,2146,41.4151,-89.2608,41.4233,-89.2171,"National Weather Service storm survey team reported damage along a path, mainly to trees.  A farm shed was also completely destroyed along the path. The estimated peak winds were 70 mph.","Following a week of record highs, a late winter severe weather outbreak brought widespread severe thunderstorms to Iowa, Illinois, and northeast Missouri. Supercell thunderstorms produced numerous reports of large hail and a few tornadoes. The tornadoes were the first ever recorded in the month of February, across eastern Iowa and northwest Illinois. Additionally, some damaging winds occurred after dark, when the storms formed into a line as they moved through Illinois. This outbreak of severe weather also included many locations in the southern half of Illinois, and Missouri.",150
677523,WHITE CO.,CARMI MUNI ARPT,02/28/2017,2155,Tornado, ,EF3,1,1,2000000,0,IL,CST-6, ,113231,C,193,PAH,0,0,NWS Storm Survey, ,9.56,420,3,NE,4,ESE,CALVIN,02/28/2017,2208,38.137,-88.1148,38.1797,-87.9474,"The tornado touched down between Crossville and Carmi, quickly strengthening to EF-3 intensity before crossing Illinois Route 1. The tornado track stayed northeast of Carmi, in relatively sparsely populated farmland. In White County, 35 structures were damaged or destroyed. At least several of those were homes. Just west of Highway 1, several vehicles were rolled over and moved, and a single-wide mobile home was destroyed. Near where the tornado crossed Route 1, an older house was moved three feet off its foundation. The house did not appear to be bolted to the foundation. Most of the second floor was removed. A double-wide mobile home was destroyed in the same area near Route 1. The width of the damage path was about 300 yards along Route 1. Just south of Crossville on County Road 1675E, a vehicle was rolled about 30 yards, and a house was destroyed. Some walls of the house collapsed, and most of the roof came off. Peak winds at this location were estimated near 150 mph. The sole fatality occurred south of Crossville, where an elderly man was caught outdoors when the tornado struck. The man was found in a farm field about 40 yards from his house. His wife was inside in the house, and she received scrapes and bruises. Another EF-3 damage location was east of Crossville, where a vehicle was moved about 30 yards and an old house was partially destroyed. The average path width was about 300 yards in White County. The tornado continued across the Wabash River into Posey County, Indiana.","Isolated supercell thunderstorms moved into southern Illinois during the evening hours. The storms developed ahead of a cold front in a destabilizing air mass characterized by dew points in the lower to mid 60's. The most intense supercell storm awaited the approach of a mid-level impulse from Oklahoma, which was downstream from the primary shortwave trough over the southern Plains. The supercell produced two long-track strong tornadoes, the first of which originated in Perry County, Missouri and tracked almost 50 miles before dissipating. The second strong tornado formed in the Wabash Valley and crossed into southwest Indiana. A southwesterly low-level jet increased substantially during the evening, creating favorable conditions for tornadoes.",151
677521,WILLIAMSON CO.,CRAINVILLE,02/28/2017,2244,Tornado, ,EF1,0,0,6000,0,IL,CST-6, ,113231,C,199,PAH,0,0,NWS Storm Survey, ,7.36,25,1,SSE,1,WNW,WHITEASH,02/28/2017,2254,37.7385,-89.0626,37.786,-88.9419,"This tornado skipped along the path, bringing down large tree limbs from Crab Orchard Lake to Interstate 57 a few miles north of Marion. Most of the tornado track was EF-0, except for an uprooted tree or two west of Interstate 57 near Whiteash. Peak winds were estimated near 95 mph.","Isolated supercell thunderstorms moved into southern Illinois during the evening hours. The storms developed ahead of a cold front in a destabilizing air mass characterized by dew points in the lower to mid 60's. The most intense supercell storm awaited the approach of a mid-level impulse from Oklahoma, which was downstream from the primary shortwave trough over the southern Plains. The supercell produced two long-track strong tornadoes, the first of which originated in Perry County, Missouri and tracked almost 50 miles before dissipating. The second strong tornado formed in the Wabash Valley and crossed into southwest Indiana. A southwesterly low-level jet increased substantially during the evening, creating favorable conditions for tornadoes.",152
680381,JACKSON CO.,ETHERTON,03/01/2017,408,Tornado, ,EF0,0,0,2000,0,IL,CST-6, ,113675,C,77,PAH,0,0,NWS Storm Survey, ,4.11,25,3,WNW,3,SSW,BARR,03/01/2017,413,37.7013,-89.3705,37.7164,-89.2978,"This weak tornado began in the Shawnee National Forest and ended four miles west of Carbondale. Peak winds were estimated near 75 mph. The tornado skipped along the path, taking down large tree branches and uprooting a few trees.","An organized area of thunderstorms moved through southern Illinois during the pre-dawn hours. Along the leading edge of this area, there were isolated damaging wind gusts and a weak tornado. The exception was along the Ohio River in Massac County, which was impacted by the northern end of a squall line that produced widespread wind damage in western Kentucky. In addition, there were a few reports of hail from dime to quarter-size. The storms occurred ahead of an upper-level trough advancing east of the Plains states. The storms were focused along and ahead of a cold front, in a moist and rather unstable air mass.",153
690046,WHITESIDE CO.,NEWTON CORNERS,03/06/2017,2253,Tornado, ,EF1,0,0,0,0,IL,CST-6, ,114048,C,195,DVN,0,0,NWS Storm Survey, ,1.54,10,1,SW,0,E,NEWTON CORNERS,03/06/2017,2301,41.7165,-90.1358,41.7288,-90.111,"Damage was mainly to snapped trees and a farm outbuilding lost its roof and its walls fell in.","A line of severe storms tracked east over eastern Iowa, northwest Illinois, and northeast Missouri during the evening of March 6th. Widespread winds over 70 mph, small hail, and several tornadoes were reported. Damage from these storms included: downed trees, power poles, destroyed outbuildings, and roof damage to several homes.",154
686765,MASON CO.,EASTON,03/06/2017,2352,Tornado, ,EF1,0,0,150000,0,IL,CST-6, ,114525,C,125,ILX,0,0,NWS Storm Survey, ,6.76,150,3,NNW,5,SE,FOREST CITY,03/06/2017,2357,40.2633,-89.8563,40.3177,-89.7497,"A tornado touched down 2.2 miles north-northwest of Easton at 11:52 PM CST.  The tornado tracked northeastward, hitting a homestead 2.5 miles north of Easton where a machine shed was severely damaged, with most of its roof removed and part of the north wall bowed out.  From here to the end of the track, most of the damage was to power poles or overturned irrigation rigs: however, a farm along County Road 2930E received damage as well.  A grain silo had half its peaked roof cave in, and part of a machine shed had a couple smaller wall pieces blown out.  The tornado dissipated 5.5 miles southeast of Forest City at 11:57 PM CST.","A strong cold front triggered a squall line across western Iowa into eastern Kansas during the afternoon of March 6th.  These storms raced eastward and reached west-central Illinois by the late evening, then pushed across the remainder of central Illinois during the early morning hours of March 7th.  The storms produced widespread wind gusts of 50-70 mph and 3 tornadoes.  One tornado touched down near Easton in Mason County, while two tornadoes occurred further east in Tazewell County.  The most significant tornado caused EF-2 damage in rural Tazewell County just northeast of Delavan.",155
686766,TAZEWELL CO.,WINKEL,03/07/2017,0,Tornado, ,EF1,0,0,175000,0,IL,CST-6, ,114525,C,179,ILX,0,0,NWS Storm Survey, ,7.38,150,3,W,2,ENE,HERGET,03/07/2017,6,40.3459,-89.6934,40.4154,-89.5869,"A tornado touched down along Wagonseller Road about 5 miles southwest of Green Valley at 12:00 AM CST March 7th.  The tornado quickly tracked northeastward and widened to around 150 yards and increased in intensity to EF-1 as it destroyed an outbuilding and an historic single room schoolhouse about 4 miles southwest of Green Valley.  It then continued moving northeastward through mainly open fields, but did produce damage to 2 grain bins, a barn, and several trees along Towerline Rd.  The tornado dissipated about 3 miles east-northeast of Green Valley at 12:06 AM CST.","A strong cold front triggered a squall line across western Iowa into eastern Kansas during the afternoon of March 6th.  These storms raced eastward and reached west-central Illinois by the late evening, then pushed across the remainder of central Illinois during the early morning hours of March 7th.  The storms produced widespread wind gusts of 50-70 mph and 3 tornadoes.  One tornado touched down near Easton in Mason County, while two tornadoes occurred further east in Tazewell County.  The most significant tornado caused EF-2 damage in rural Tazewell County just northeast of Delavan.",156
686767,TAZEWELL CO.,DELAVAN,03/07/2017,9,Tornado, ,EF2,0,0,120000,0,IL,CST-6, ,114525,C,179,ILX,0,0,NWS Storm Survey, ,2.8,200,2,NNE,2,NW,BROWNWOOD,03/07/2017,13,40.392,-89.5381,40.4172,-89.4965,"A tornado touched down in an open field 1.4 miles north-northeast of Delavan at 12:09 CST.  The tornado quickly tracked northeastward and widened to 200 yards, causing EF-2 damage to one outbuilding and EF-1 damage to several other outbuildings and trees.  It continued northeastward before dissipating 4.1 miles northeast of Delavan at 12:13 AM CST.","A strong cold front triggered a squall line across western Iowa into eastern Kansas during the afternoon of March 6th.  These storms raced eastward and reached west-central Illinois by the late evening, then pushed across the remainder of central Illinois during the early morning hours of March 7th.  The storms produced widespread wind gusts of 50-70 mph and 3 tornadoes.  One tornado touched down near Easton in Mason County, while two tornadoes occurred further east in Tazewell County.  The most significant tornado caused EF-2 damage in rural Tazewell County just northeast of Delavan.",157
690045,BUREAU CO.,LADD,03/07/2017,14,Tornado, ,EF0,0,0,0,0,IL,CST-6, ,114048,C,11,DVN,0,0,Trained Spotter, ,0.29,25,1,E,1,E,LADD,03/07/2017,15,41.382,-89.205,41.381,-89.207,"A tornado briefly touched down in a field.","A line of severe storms tracked east over eastern Iowa, northwest Illinois, and northeast Missouri during the evening of March 6th. Widespread winds over 70 mph, small hail, and several tornadoes were reported. Damage from these storms included: downed trees, power poles, destroyed outbuildings, and roof damage to several homes.",158
686707,MACOUPIN CO.,SAWYERVILLE,03/07/2017,50,Tornado, ,EF1,0,0,0,0,IL,CST-6, ,114333,C,117,LSX,0,0,NWS Storm Survey, ,6.71,100,0,SE,3,NNE,MT OLIVE,03/07/2017,57,39.0745,-89.815,39.1116,-89.6994,"A tornado first formed on the southwest side of Sawyerville, destroying one garage and damaging two cars inside.  Damage was rated EF1 in this area. Several outbuildings sustained minor to moderate damage as well as the tornado moved through the southern portions of town. Most damage was to trees and loss of roof covering on homes and outbuildings. Several power poles were also downed.  Further to the northeast, the tornado caused similar damage in the Lake Kaho area. The tornado crossed Interstate 55 near Panther Creek Road, continued northeast crossing into Montgomery County about 2.2 miles northeast of Interstate 55.","As a cold front moved across the region, a squall line developed and moved rapidly east across the forecast area. There were numerous reports of damaging winds, large hail and 8 tornadoes.",159
686708,MONTGOMERY CO.,LITCHFIELD MUNI ARPT,03/07/2017,57,Tornado, ,EF0,0,0,0,0,IL,CST-6, ,114333,C,135,LSX,0,0,NWS Storm Survey, ,6.21,50,4,SSW,3,ESE,LITCHFIELD,03/07/2017,103,39.1116,-89.6994,39.1526,-89.5962,"The tornado continued northeast crossing into Montgomery County about 2.2 miles northeast of Interstate 55.  After crossing U.S. Route 66, the tornado caused minor roof and tree damage on East First Road just south of Grosenheider Lane.  For the remainder of the track, minor roof, siding and tree damage was observed. The tornado dissipated southeast of Litchfield along Flat School Road. Damage was rated EF0 in Montgomery County. Overall, the tornado was rated EF1 with a path length of 12.92 miles and a max path width of 100 yards.","As a cold front moved across the region, a squall line developed and moved rapidly east across the forecast area. There were numerous reports of damaging winds, large hail and 8 tornadoes.",160
686717,MONTGOMERY CO.,IRVING,03/07/2017,114,Tornado, ,EF1,0,0,0,0,IL,CST-6, ,114333,C,135,LSX,0,0,NWS Storm Survey, ,7.17,100,0,NNE,2,SE,COALTON,03/07/2017,119,39.2061,-89.3969,39.2616,-89.2837,"A tornado formed on east side of Irving and moved northeast. The bulk of the damage was EF0 with downed large tree limbs and partial removal of metal covering of farm outbuildings. A couple of grain bins, empty, were tossed into fields about 100 to 200 yards, on North 16th Avenue, just west of Witt Trail. One home east of Witt had the chimney blown off. A barn at the same location was pushed such that it ended up leaning about 6 inches off center. The tornado lifted and dissipated on Hillside Avenue about a quarter of a mile east of the intersection with East 22nd Road. Overall, the tornado was rated EF1 with a path length of 7.17 miles and a max path width of 100 yards.","As a cold front moved across the region, a squall line developed and moved rapidly east across the forecast area. There were numerous reports of damaging winds, large hail and 8 tornadoes.",161
685054,WILLIAMSON CO.,CARTERVILLE,04/05/2017,1310,Tornado, ,EF1,0,0,35000,0,IL,CST-6, ,114326,C,199,PAH,0,0,NWS Storm Survey, ,0.1,25,5,SW,5,SW,CARTERVILLE,04/05/2017,1311,37.7004,-89.1492,37.7005,-89.1473,"A brief EF-1 tornado touched down, damaging two residences and taking down a few trees. The first residence received minor shingle damage, and there was substantial roof damage at the second residence. Insulation and building debris was blown several hundred yards. The small tornado was captured on security camera video at a very close distance, less than 50 yards away. Peak winds were estimated near 105 mph. A trained spotter reported a rotating wall cloud south of Carbondale shortly before the tornado occurred.","Scattered storms increased during the afternoon as solar heating destabilized the atmosphere. A surface low pressure center between St. Louis, MO and Quincy, IL tracked east-northeastward during the afternoon. Storms increased along and near a  warm front that extended east-southeast from the low into southeast Illinois. Surface dew points in the 50's spread northeastward beneath cold mid-level temperatures aloft. The atmosphere became sufficiently unstable for severe storms, with capes approaching 1000 j/kg. Wind fields aloft were quite strong as a belt of 80-knot winds at 500 mb progressed northeast into the Tennessee Valley. The strong wind shear facilitated several severe storms, including a brief tornado.",162
692918,JERSEY CO.,DELHI,04/29/2017,1502,Tornado, ,EF1,0,0,0,0,IL,CST-6, ,115397,C,83,LSX,0,0,NWS Storm Survey, ,1.68,50,4,ENE,5,SSE,FIDELITY,04/29/2017,1504,39.0711,-90.1723,39.0841,-90.1458,"A weak tornado developed in east central Jersey County, about two tenths of a mile north of Oak Rest Lane, just west of intersection with Oak Rest Road. It travelled to the northeast, crossing Crystal Lake Road just south of Lards Road. Most of the damage to this point was minimal. As it crossed Oak Rest Road, it caused extensive tree damage with numerous trees uprooted, snapped and twisted. The tornado then moved across a field and caused EF1 damage to a property on Gun Club Road, just west of Stonebrooke Drive. Here at least a dozen mature trees were snapped and twisted. The detached garage was destroyed and the single family home had minor damage including windows broken out of the house. The tornado continued northeast for about half a mile before crossing into Macoupin County, 3 miles north of Brighton.","A strong spring storm system brought multiple rounds of thunderstorms and heavy rain to the southeast half of Missouri during the weekend of April 29th-30th.  Rainfall totals surpassed nine inches in some locations and this led to flash flooding and historic flooding along some of the tributaries of the Missouri and Mississippi Rivers. Areas along the Meramec River were especially hard hit as new records were set at Steelville, Sullivan, and Eureka. The previous records had just recently been set during the late December flooding of 2015. Two major highways, I-44 and I-55 were shut down for a number of days due to the record river flooding from this event. A few thunderstorms also became severe during the afternoon of April 29th, with two weak tornadoes documented.",163
692919,MACOUPIN CO.,PIASA,04/29/2017,1504,Tornado, ,EF0,0,0,0,0,IL,CST-6, ,115397,C,117,LSX,0,0,NWS Storm Survey, ,0.68,25,3,SSW,2,SSW,PIASA,04/29/2017,1505,39.0841,-90.1458,39.09,-90.1357,"After the tornado crossed into Macoupin County, it continued to the northeast. It crossed Illinois Routes 111/267 just south of intersection with Bachman Road. In this location it broke off numerous large tree limbs as it crossed Bachman Road. Then the tornado dissipated two tenths of a mile north of Bachman Road, about 3.4 miles north of Brighton. Damage was rated EF0 in Macoupin County. Overall, the tornado was rated EF1 with a path length of 2.36 miles and a max path width of 50 yards.","A strong spring storm system brought multiple rounds of thunderstorms and heavy rain to the southeast half of Missouri during the weekend of April 29th-30th.  Rainfall totals surpassed nine inches in some locations and this led to flash flooding and historic flooding along some of the tributaries of the Missouri and Mississippi Rivers. Areas along the Meramec River were especially hard hit as new records were set at Steelville, Sullivan, and Eureka. The previous records had just recently been set during the late December flooding of 2015. Two major highways, I-44 and I-55 were shut down for a number of days due to the record river flooding from this event. A few thunderstorms also became severe during the afternoon of April 29th, with two weak tornadoes documented.",164
691595,MORGAN CO.,ALEXANDER,04/29/2017,1520,Tornado, ,EF0,0,0,0,0,IL,CST-6, ,115183,C,137,ILX,0,0,NWS Employee, ,0.68,10,2,NE,3,NE,ALEXANDER,04/29/2017,1521,39.7459,-90,39.7557,-89.9985,"A tornado briefly touched down in an open field 3 miles northeast of Alexander at 4:20 PM CDT.  No damage was reported.","Low pressure tracking along a stationary frontal boundary near the I-70 corridor brought widespread strong to severe thunderstorms to much of central and southeast Illinois during the late afternoon and evening of April 29th.  A tornado briefly touched down in an open field northeast of Alexander in Morgan County.  Elsewhere, thunderstorms packed winds of 60-70mph and caused significant wind damage.  A downburst with estimated winds of 80mph caused property damage of around 2 million dollars in Middletown in Logan County.  In addition to the strong winds, many of the storms dropped copious amounts of rain, causing widespread flash flooding.  Numerous roads were closed due to high water, including Highway 29 north of the McClugage Bridge in Peoria where a mudslide occurred.",165
692213,MACON CO.,ARGENTA,05/10/2017,1849,Tornado, ,EF0,0,0,8000,0,IL,CST-6, ,115298,C,115,ILX,0,0,Emergency Manager, ,0.1,20,2,S,2,S,ARGENTA,05/10/2017,1850,39.9516,-88.8247,39.9522,-88.8229,"A tornado briefly touched down near the Argenta exit from I-72 at mile marker 150 at 7:49 PM CDT.  Several pine trees were snapped before the tornado dissipated at 7:50 PM CDT.","A cluster of strong to severe thunderstorms developed in advance of an area of low pressure across southeast Iowa during the afternoon of May 10th.  The storms then developed into a squall line and raced east-southeast along a warm front draped across central Illinois during the late afternoon and early evening.  One tornado touched down along the line just south of Argenta in Macon County, while widespread wind damage was reported primarily along and south of I-72.  Heavy rainfall of 1.5 to 2.5 inches aggravated ongoing flooding across southeast Illinois, where numerous roads were closed due to high water south of I-70.",166
703346,ROCK ISLAND CO.,ILLINOIS CITY,05/17/2017,1604,Tornado, ,EF0,0,0,0,0,IL,CST-6, ,116520,C,161,DVN,0,0,Storm Chaser, ,0.71,25,9,WSW,8,WSW,ILLINOIS CITY,05/17/2017,1605,41.3483,-91.0521,41.3571,-91.0452,"Tornado was rated EF-0 with peak winds of 70 mph. a path length of .71 miles and max width 25 yards.  Observed by a storm chaser with video evidence of the circulation detailed a tornado that lasted about a minute, no damage was observed.","A fast moving complex of severe thunderstorms developed and tracked over much of eastern Iowa, northwest Illinois, and northeast Missouri, as an area of low pressure lifted northeast into northwest Iowa. Widespread damaging winds, large hail, frequent lightning, and a few brief tornadoes were reported.",167
703347,MERCER CO.,GRIFFIN,05/17/2017,1900,Tornado, ,EF1,0,0,25000,0,IL,CST-6, ,116520,C,131,DVN,0,0,NWS Storm Survey, ,5.73,150,2,NW,2,NNE,SWEDONA,05/17/2017,1907,41.2447,-90.5062,41.307,-90.4334,"Tornado was rated a higher end EF-1 with peak winds 105 mph, a path length of 5.73 miles with a max path width of 150 yards.  This higher end EF-1 tornado caused damage to numerous farm outbuildings, a few homes and trees across Mercer and Henry counties.  One house partially lost a roof while another was impelled by flying debris. Approximately 30 to 40 trees were snapped at the trunks, a couple of dozen were uprooted, with about 50 trees experiencing limb damage.  This tornado continued into Henry county.","A fast moving complex of severe thunderstorms developed and tracked over much of eastern Iowa, northwest Illinois, and northeast Missouri, as an area of low pressure lifted northeast into northwest Iowa. Widespread damaging winds, large hail, frequent lightning, and a few brief tornadoes were reported.",168
703348,HENRY CO.,MINERAL,05/17/2017,1907,Tornado, ,EF1,0,0,15000,0,IL,CST-6, ,116520,C,73,DVN,0,0,NWS Storm Survey, ,2.38,150,32,W,30,W,MINERAL,05/17/2017,1909,41.307,-90.4334,41.3329,-90.4032,"Tornado was rated a higher end EF-1 with peak winds 105 mph, a path length of 2.38 miles with a max path width of 150 yards.  This higher end EF-1 tornado caused damage to numerous farm outbuildings, a few homes and trees across Mercer and Henry counties.  One house partially lost a roof while another was impelled by flying debris. Approximately 30 to 40 trees were snapped at the trunks, a couple of dozen were uprooted, with about 50 trees experiencing limb damage.  This tornado is a continuation of the tornado that touched down in Mercer county.","A fast moving complex of severe thunderstorms developed and tracked over much of eastern Iowa, northwest Illinois, and northeast Missouri, as an area of low pressure lifted northeast into northwest Iowa. Widespread damaging winds, large hail, frequent lightning, and a few brief tornadoes were reported.",169
703394,HENRY CO.,HOOPPOLE,05/17/2017,1944,Tornado, ,EF1,0,0,0,0,IL,CST-6, ,116520,C,73,DVN,0,0,NWS Storm Survey, ,2.06,50,4,WSW,3,W,HOOPPOLE,05/17/2017,1947,41.5468,-89.9994,41.5688,-89.9725,"Tornado was rated EF-1 with peak winds 95 mph, a path length of 2.06 miles and max path width of 50 yards. Damage was mainly to large branches and a few uprooted trees and snapped trunks. Damage was noted to one out building with partial removal of its roof.","A fast moving complex of severe thunderstorms developed and tracked over much of eastern Iowa, northwest Illinois, and northeast Missouri, as an area of low pressure lifted northeast into northwest Iowa. Widespread damaging winds, large hail, frequent lightning, and a few brief tornadoes were reported.",170
703392,HENRY CO.,GALVA,05/17/2017,2020,Tornado, ,EF2,0,1,40000,0,IL,CST-6, ,116520,C,73,DVN,0,0,NWS Storm Survey, ,1.29,50,2,SW,1,W,GALVA,05/17/2017,2021,41.1533,-90.0811,41.168,-90.066,"Tornado was rated EF-2 with peak winds of 120 mph, a path length of 1.29 miles and a max width 50 yards. Damage was to two snapped power poles, one home with significant damage to shingles. Another house had had roof completely removed and blew out doors with one minor injury at this location.","A fast moving complex of severe thunderstorms developed and tracked over much of eastern Iowa, northwest Illinois, and northeast Missouri, as an area of low pressure lifted northeast into northwest Iowa. Widespread damaging winds, large hail, frequent lightning, and a few brief tornadoes were reported.",171
690823,BOONE CO.,BELVIDERE ARPT,05/17/2017,2121,Tornado, ,EF1,0,0,100000,0,IL,CST-6, ,115087,C,7,LOT,0,0,NWS Storm Survey, ,8.36,100,1,NNE,3,ENE,CAPRON,05/17/2017,2131,42.3341,-88.8221,42.4194,-88.706,"A tornado touched down approximately two miles south of Poplar Grove.  Tree branches were broken on Poplar Grove Road where the tornado touched down. A large softwood tree trunk was snapped on Beaver Road.  Trees were debarked on Beaverton Road.  A small outbuilding was destroyed on Edson Road. Hardwood trees were snapped at the trunk on Russellville Road and again on Capron Road.  On the east side of Capron, A garage was destroyed and shingles were peeled off the north side of a home and dozens of trees were snapped. Another small outbuilding was destroyed on County Line Road with debris strewn about three quarters of a mile downstream.  The tornado passed into McHenry County on County Line Road south of Hunter Road.","A line of severe thunderstorms moved across northern Illinois late in the evening of May 17th and overnight into the early morning of May 18th. There were numerous reports of damaging winds occurring with these thunderstorms along with a few reports of hail up to the size of golf balls. An EF-1 Tornado also occurred touching down approximately two miles south of Poplar Grove and dissipating approximately 3 miles northwest of Harvard.",172
690824,MCHENRY CO.,CHEMUNG,05/17/2017,2131,Tornado, ,EF1,0,0,0,0,IL,CST-6, ,115087,C,111,LOT,0,0,NWS Storm Survey, ,1.94,100,2,W,1,NNW,CHEMUNG,05/17/2017,2134,42.4194,-88.706,42.438,-88.6775,"This is a continuation of a tornado that began in Boone County two miles south of Poplar Grove.  The tornado crossed into McHenry County south of Hunter Road.  Softwood trees were snapped on Hunter Road. Hardwood trees were snapped or sheared on White Oaks Road.","A line of severe thunderstorms moved across northern Illinois late in the evening of May 17th and overnight into the early morning of May 18th. There were numerous reports of damaging winds occurring with these thunderstorms along with a few reports of hail up to the size of golf balls. An EF-1 Tornado also occurred touching down approximately two miles south of Poplar Grove and dissipating approximately 3 miles northwest of Harvard.",173
703396,WHITESIDE CO.,DENROCK,05/23/2017,1352,Tornado, ,EF0,0,0,0,0,IL,CST-6, ,116955,C,195,DVN,0,0,NWS Storm Survey, ,0.26,15,2,WSW,1,WSW,DENROCK,05/23/2017,1353,41.6895,-90.01,41.6895,-90.005,"A brief EF-0 tornado touched down in open farmland as observed by 2 eyewitnesses.  They stated they slowed down as it crossed the road with no damage observed by survey team.","Afternoon heating with a passing large upper level disturbance produced a thunderstorm that spawned a brief, weak tornado with no damage.",174
695608,CHRISTIAN CO.,ASSUMPTION,05/23/2017,1530,Tornado, ,EF0,0,0,0,0,IL,CST-6, ,115740,C,21,ILX,0,0,Emergency Manager, ,0.1,10,1,WNW,1,NW,ASSUMPTION,05/23/2017,1531,39.5299,-89.0704,39.5298,-89.0685,"A landspout tornado briefly touched down in an open field at 4:30PM CDT.  No damage occurred.","A weak boundary triggered scattered showers across central Illinois during the afternoon and evening of May 23rd.  Two brief landspout tornadoes occurred...one just north of Maquon in Knox County and another near Assumption in Christian County.",175
695609,KNOX CO.,MAQUON,05/23/2017,1905,Tornado, ,EF0,0,0,0,0,IL,CST-6, ,115740,C,95,ILX,0,0,Emergency Manager, ,0.15,10,1,N,1,NNE,MAQUON,05/23/2017,1906,40.8137,-90.1668,40.8138,-90.164,"A landspout tornado briefly touched down in an open field at 8:05PM CDT.  No damage occurred.","A weak boundary triggered scattered showers across central Illinois during the afternoon and evening of May 23rd.  Two brief landspout tornadoes occurred...one just north of Maquon in Knox County and another near Assumption in Christian County.",176
695630,VERMILION CO.,ROSSVILLE JCT,05/26/2017,1653,Tornado, ,EF1,0,0,45000,0,IL,CST-6, ,115745,C,183,ILX,0,0,Emergency Manager, ,0.29,75,2,SSE,2,SSE,ROSSVILLE JCT,05/26/2017,1654,40.3299,-87.6387,40.3278,-87.6339,"A tornado touched down at 5:53PM CDT 2.2 miles northwest of Alvin.  It tracked southeastward and quickly dissipated by 5:54PM CDT.  The tornado snapped a tree, did minor damage to the roof and siding of a house, broke an attic window, and blew the siding off a garage.","Supercell thunderstorms developed in the vicinity of a warm front draped along the I-74 corridor during the afternoon and early evening of May 26th.  The hardest hit area was northern Vermilion County...where powerful cells produced a tornado, damaging winds, and extremely large hail.  An EF-1 tornado touched down northwest of Alvin, damaging trees, the roof and siding of a house, and a garage.  Meanwhile, 80-90mph winds produced nearly $3 million worth of tree and property damage in Rossville.  Very large hail up to the size of tennis balls were reported in Rankin.  In addition, extreme rainfall rates caused flash flooding in Hoopeston.",177
716550,WILL CO.,BEECHER,06/09/2017,1505,Tornado, ,EF0,0,0,0,0,IL,CST-6, ,119387,C,197,LOT,0,0,Trained Spotter, ,0.21,20,0,ENE,1,ENE,BEECHER,06/09/2017,1506,41.3534,-87.6233,41.3543,-87.6194,"A trained spotter sent video of a land spout on Route 1 near Beecher looking north.  No damage was reported.","Isolated thunderstorms developed during the afternoon of June 9th.",178
717099,WINNEBAGO CO.,CHERRY VLY,06/28/2017,1914,Tornado, ,EF1,0,0,0,0,IL,CST-6, ,119495,C,201,LOT,0,0,NWS Storm Survey, ,5.86,200,1,S,6,ESE,CHERRY VLY,06/28/2017,1922,42.211,-88.948,42.197,-88.835,"An EF-1 tornado with maxium winds of 100 mph touched down near Burton and River Roads and lifted near Bates and Tripp Roads.  Damage was mainly to trees with some minor property damage.","Severe thunderstorms produced heavy rain, flash flooding, wind damage and a few tornadoes during the evening hours of June 28th.  A wake low after earlier thunderstorms caused high winds across part of central Illinois including a measured gust to 61 mph at Pontiac Airport (KPNT).",179
717100,WINNEBAGO CO.,CHERRY VLY,06/28/2017,1923,Tornado, ,EF1,0,0,0,0,IL,CST-6, ,119495,C,201,LOT,0,0,NWS Storm Survey, ,1.64,100,7,ESE,9,E,CHERRY VLY,06/28/2017,1925,42.208,-88.81,42.208,-88.778,"An EF-1 tornado with maximum winds of 100 mph touched down west of the intersection of Huber and Genoa Roads and lifted east of the intersection of Huber and Fern Hill Roads.  The tornado was on the ground for 1.6 miles.  Damage was mainly to trees with a few homes experiencing property damage.","Severe thunderstorms produced heavy rain, flash flooding, wind damage and a few tornadoes during the evening hours of June 28th.  A wake low after earlier thunderstorms caused high winds across part of central Illinois including a measured gust to 61 mph at Pontiac Airport (KPNT).",180
702638,PEORIA CO.,PRINCEVILLE,07/10/2017,1645,Tornado, ,EF0,0,0,0,0,IL,CST-6, ,116863,C,143,ILX,0,0,Emergency Manager, ,1.6,50,3,S,2,WNW,DUNLAP,07/10/2017,1653,40.8863,-89.7398,40.8837,-89.7093,"A tornado briefly touched down in a field 3.1 miles SSE of Princeville at 5:45 PM CDT.  The tornado tracked ENE and quickly dissipated 2.2 miles NW of Dunlap at 5:53 PM CDT.  No damage was reported.","A nearly stationary frontal boundary extending from southern Lake Michigan southwestward to the Iowa/Missouri border triggered a round of severe thunderstorms across portions of west-central Illinois during the late afternoon and evening of July 10th.  Most of the storms were confined to areas along and west of the I-55 corridor.  Due to increasing amounts of low-level wind shear ahead of an approaching disturbance, several of the storms began rotating...with one cell spawning a brief tornado just south of Princeville in Peoria County.  Other storms produced 60 to 70mph wind gusts and hail as large as tennis balls in Fairview in Fulton County.",181
716075,WHITESIDE CO.,FULTON,07/21/2017,1819,Tornado, ,EF1,0,0,40000,2000,IL,CST-6, ,119141,C,195,DVN,0,0,NWS Storm Survey, ,3.72,150,0,NE,4,ENE,FULTON,07/21/2017,1826,41.8722,-90.1666,41.8965,-90.1021,"Tornado was rated an EF-1 which touched down on the eastern shore of the Mississippi River and hit the city of Fulton Illinois.  The tornado tracked east northeast and caused damage to mainly trees and a cemetery along its 3.7 mile path and max width of 150 yards.   Two garages and one farm outbuilding, and some corn were also damaged.","A long duration convective event along a stalled boundary occurred. This resulted in a major heavy rain and flooding event from 3 to over 8 inches of rain falling. Some storms become severe with damaging winds over 60 mph and isolated large hail.",182
715932,JEFFERSON CO.,INA,08/02/2017,1727,Tornado, ,EF0,0,0,0,0,IL,CST-6, ,118999,C,81,PAH,0,0,Emergency Manager, ,0.5,40,2,W,2,W,INA,08/02/2017,1729,38.15,-88.9368,38.15,-88.9276,"A waterspout was photographed over northern Rend Lake between Nason and Ina. The upper portion of the waterspout was not visible in the photo. The lower portion was a narrow, cylindrical column that produced spray where it contacted the lake surface. The waterspout was also reported by an emergency management official.  The waterspout was associated with a thunderstorm that produced heavy rain and possibly some small hail.","Isolated strong thunderstorms developed during the heat of the afternoon in a weakly sheared environment. A broad area of weak low pressure over eastern Missouri and western Illinois provided enough convergence for storms to form. A weak 500 mb impulse embedded in a light northwest flow aloft contributed to convective development. A waterspout occurred over Rend Lake, and dime-size hail fell at Carbondale.",183
718938,STEPHENSON CO.,BOLTON,08/16/2017,1821,Tornado, ,EF1,0,0,0,0,IL,CST-6, ,119956,C,177,DVN,0,0,NWS Storm Survey, ,2.79,75,3,N,3,ESE,ELEROY,08/16/2017,1828,42.2741,-89.7316,42.3122,-89.7134,"A weak EF-1 tornado tracked north/northeast, damaging numerous trees. Two homes also suffered minor damage. The tornado was on the ground for around 2.8 miles with a maximum width of 75 yards. The peak winds were estimated to be around 90 MPH.","Scattered showers with some embedded thunderstorms moved northeastward across northwest Illinois during the evening of August 16 where a warm front was draped across the region.  Thunderstorms moving across the warm front produced a brief EF-0 tornado in Jo Daviess County and an EF-1 and EF-0 tornadoes in Stephenson County.",184
718942,JO DAVIESS CO.,RODDEN,08/16/2017,1822,Tornado, ,EF1,0,0,0,0,IL,CST-6, ,119956,C,85,DVN,0,0,NWS Storm Survey, ,0.54,60,1,N,1,NNE,RODDEN,08/16/2017,1824,42.3414,-90.3187,42.3474,-90.3118,"A weak EF-1 tornado tracked northeast, causing extensive tree damage.  It uprooted large Walnut trees and snapped some off around 10 feet from the base.  The maximum path width was around 60 yards and the tornado was on the ground for about a half a mile.","Scattered showers with some embedded thunderstorms moved northeastward across northwest Illinois during the evening of August 16 where a warm front was draped across the region.  Thunderstorms moving across the warm front produced a brief EF-0 tornado in Jo Daviess County and an EF-1 and EF-0 tornadoes in Stephenson County.",185
718945,STEPHENSON CO.,SCIOTA MILLS,08/16/2017,1828,Tornado, ,EF0,0,0,0,0,IL,CST-6, ,119956,C,177,DVN,0,0,NWS Storm Survey, ,3.25,20,3,SW,1,ESE,DAMASCUS,08/16/2017,1838,42.3222,-89.7119,42.3666,-89.6911,"An EF-0 tornado developed at the same time a tornado just to the south and damaged trees on its north/northeast path. The peak winds were estimated to be around 80 MPH. The tornado was on the ground for about 3.3 miles and was 20 yards wide.","Scattered showers with some embedded thunderstorms moved northeastward across northwest Illinois during the evening of August 16 where a warm front was draped across the region.  Thunderstorms moving across the warm front produced a brief EF-0 tornado in Jo Daviess County and an EF-1 and EF-0 tornadoes in Stephenson County.",186
724388,HANCOCK CO.,BOWEN,10/14/2017,1725,Tornado, ,EF0,0,0,0,0,IL,CST-6, ,121011,C,67,DVN,0,0,NWS Storm Survey, ,0.82,25,1,WNW,0,NE,BOWEN,10/14/2017,1726,40.2324,-91.0823,40.2335,-91.0669,"A brief EF-0 tornado touched down about a mile west of Bowen, Illinois and moved east about eight tenths of a mile before lifting just west of the city of Bowen. Damage to trees indicated that this EF-0 tornado produced 80 mph and a width of 25 yards.","Severe thunderstorms moved across much of west central Illinois and northeast Missouri the evening of October 14th, 2017.  Wind and hail reports were common with these storms, and some roof damage and significant tree damage occurred. In addition, two tornadoes occurred, on in northeast Missouri, and another in west central Illinois.",187
724199,RICHLAND CO.,PURETON,11/05/2017,1724,Tornado, ,EF1,0,0,70000,0,IL,CST-6, ,120988,C,159,ILX,0,0,NWS Storm Survey, ,6.84,50,1,NNW,4,NNW,OLNEY,11/05/2017,1733,38.7468,-88.2289,38.7766,-88.1079,"A tornado touched down in an open field about 3.4 miles north of Noble at 5:24 pm CST. The tornado tracked to the east-northeast...damaging the roof of a house, destroying a garage, damaging a truck in the garage, and downing several trees before doing damage to the roof of a barn on Pleasant Ridge Lane at around 5:26 pm. The tornado continued to the east-northeast for another 7 minutes primarily damaging trees. The tornado dissipated at 5:33 pm CST, 3.2 miles north-northwest of Olney about one-half mile northwest of the Richland Country Club.","A slow-moving cold front triggered several clusters of strong to severe thunderstorms across east-central and southeast Illinois during the afternoon and early evening of November 5th.  Most of the activity developed along and southeast of a Champaign to Taylorville line...with the strongest storms producing wind gusts of around 60mph and hail up to the size of nickels.  One cell spawned an EF-1 tornado in northern Richland County northwest of Olney...damaging a few structures and trees along its path.",188
724006,PERRY CO.,DU QUOIN,11/18/2017,1215,Tornado, ,EF0,0,0,250000,0,IL,CST-6, ,120955,C,145,PAH,0,0,NWS Storm Survey, ,0.68,30,0,WSW,0,E,DU QUOIN,11/18/2017,1216,38.0184,-89.2386,38.02,-89.2263,"The EF-0 tornado touched down just north of the downtown business district and tracked east through a residential area. Eyewitness reports of the tornado were obtained. The maximum estimated wind speed was 65 mph. Numerous homes and businesses sustained shingle and siding damage. A large tree fell onto a home. Hundreds of tree limbs were down, damaging several vehicles. Widespread power outages occurred. A power pole was snapped. A dozen mobile homes were damaged, including a mobile home that was moved off its foundation. The mobile home was not tied down.","A broken line of thunderstorms formed along a cold front as it surged southeast from Missouri into the lower Ohio Valley. A large pocket of clear sky during the morning helped warm the lower levels of the atmosphere. Instability became sufficient for storms to fire right along the front, where a rather strong capping inversion was broken. A vigorous upper-level trough moving rapidly eastward across the central Plains provided plenty of large-scale forcing for storm initiation. Very strong wind shear was supportive of isolated tornadoes along the evolving quasi-linear convective system. Scattered damaging wind gusts accompanied the leading edge of the activity.",189
724008,MASSAC CO.,ROUND KNOB,11/18/2017,1338,Tornado, ,EF0,0,0,5000,0,IL,CST-6, ,120955,C,127,PAH,0,0,NWS Storm Survey, ,0.09,30,1,SE,1,SE,ROUND KNOB,11/18/2017,1339,37.2351,-88.7367,37.2349,-88.7351,"A very brief EF-0 tornado touched down with peak winds of 65 mph. A cedar tree was snapped. Limbs were broken off several trees. A residence sustained shingle damage.","A broken line of thunderstorms formed along a cold front as it surged southeast from Missouri into the lower Ohio Valley. A large pocket of clear sky during the morning helped warm the lower levels of the atmosphere. Instability became sufficient for storms to fire right along the front, where a rather strong capping inversion was broken. A vigorous upper-level trough moving rapidly eastward across the central Plains provided plenty of large-scale forcing for storm initiation. Very strong wind shear was supportive of isolated tornadoes along the evolving quasi-linear convective system. Scattered damaging wind gusts accompanied the leading edge of the activity.",190
744693,FAYETTE CO.,AUGSBURG,04/03/2018,1520,Tornado, ,EF2,0,0,0,0,IL,CST-6, ,124092,C,51,LSX,0,0,NWS Storm Survey, ,10.87,100,2,NE,2,ESE,ST JAMES,04/03/2018,1534,38.8877,-88.9976,38.9394,-88.8065,"A strong tornado developed around 7 miles southeast of Vandalia, Illinois around 4:20 PM CDT and traveled northeast to the Fayette/Effingham County line by 4:34 PM CDT. The first tornado damage observed was near the intersection of E1050 Avenue and N1375 Street where a greenhouse lost portions of its roofing material and suffered other minor damage. The tornado continued northeast toward Gatch Lake causing damage to several outbuildings and one single family residence. The width of the tornado increased to nearly 100 yards wide and the strength increased from EF0 to EF1 during this time period. The tornado continued northeast causing mainly tree damage until it reached a farm along E1200 Avenue near N1780 Lane. Here a barn and several silos were destroyed, along with a single wide mobile home. The damage was rated EF2. Thankfully there were no occupants in the mobile home at the time of the tornado. The tornado continued northeast destroying another outbuilding, with the debris being tossed down wind hundreds of yards into the open field.  The greatest tornado damage occurred to a residence near the intersection of Illinois Highway 185 and E1250 Avenue. The tornado destroyed their garage, ripped their roof and southeast walls off of their home. This damage was also rated EF2 with winds estimated to be 125 mph. The tornado began to weaken as it moved northeast only causing minor damage to an outbuilding and downing trees in a narrow path, less than a hundred yards wide, to the Fayette/Effingham county line. No injuries or deaths were reported in Fayette County.  The tornado continued northeast into Effingham County (WFO Lincoln's forecast area). This segment of the tornado (Fayette County) was rated EF2 with a path length of 10.87 miles and a max path width of 100 yards. The entire tornado was rated EF2. It's path length was 18.27 miles with a max path width of 100 yards.","A strong cold front moved through the region triggering storms. Some of the storms produced severe weather, mainly large hail and an isolated tornado.",191
746451,EFFINGHAM CO.,EDGEWOOD,04/03/2018,1534,Tornado, ,EF1,0,0,0,0,IL,CST-6, ,124409,C,49,ILX,0,0,NWS Storm Survey, ,7.33,100,9,W,4,WNW,MASON,04/03/2018,1541,38.9394,-88.8065,38.9785,-88.6797,"A tornado crossed from the National Weather Service St. Louis County Warning Area (CWA) in eastern Fayette County into Effingham County approximately 8 miles west-northwest of Edgewood at 4:34 PM CDT.  The tornado destroyed 5 outbuildings, a large grain bin, and a garage about one-half mile east-northeast of where it entered southwest Effingham County.  It also damaged the windows of a home and an automobile.  As the tornado continued, it damaged three farmsteads... where it damaged or destroyed six additional outbuildings, a camper, an unoccupied trailer, and numerous trees.  The tornado dissipated in a forested area about 3.4 miles northwest of Mason at 4:41 PM CDT.","Low pressure tracking across central Illinois triggered a line of fast-moving thunderstorms during the afternoon of April 3rd.  The storms primarily impacted locations south of the I-72 corridor, with one cell embedded within the line producing an EF-1 tornado in southern Effingham County.  Thunderstorms earlier in the day dropped locally heavy rainfall of 3-5 inches across portions of Coles County, including 3.76 in Charelston.  Due to excessive rainfall rates over a short period of time, flash flooding occurred in the Charleston-Mattoon area.  Numerous roads were closed due to high water, including IL-16 between Mattoon and Charleston.  Several homes had to be evacuated and water rescues took place in a neighborhood on the south side of Mattoon.",192
742306,WILLIAMSON CO.,CRAINVILLE,04/03/2018,1617,Tornado, ,EF1,0,0,250000,0,IL,CST-6, ,123730,C,199,PAH,0,0,NWS Storm Survey, ,9.98,125,1,NNW,2,NE,SPILLERTOWN,04/03/2018,1633,37.7616,-89.0737,37.7893,-88.8943,"The tornado touched down in Carterville and tracked east-northeast across Energy to Interstate 57. One to two dozen homes received roof and siding damage. Some of the roof damage was considerable, including loss of the roof decking. One business in Energy sustained major damage, with considerable roof loss and blown out windows. Several barns, sheds, and other structures sustained roof damage. Hundreds of trees were damaged or uprooted. Some downed trees blocked roads. Power poles were snapped. About 400 utility customers lost power throughout the county. The tornado lifted a couple miles northeast of Spillertown, where it was reported by state police. Peak winds were estimated near 105 mph.","An outbreak of severe thunderstorms occurred during the afternoon and evening. Several tornadoes were spawned along a line of fast-moving thunderstorms. Four of the tornadoes were associated with a persistent circulation that moved east across Williamson and Saline Counties, passing just north of Marion and Harrisburg. The circulation exited southern Illinois along the Wabash River southeast of Carmi. A fifth tornado was associated with a circulation that tracked east across Massac and Pope Counties in the southern tip of the state.  The severe storm outbreak occurred ahead of a cold front that accelerated east-southeast toward the mid Mississippi Valley. Cooling aloft ahead of a shortwave trough over the Plains, combined with diurnal heating and moist southerly winds, resulted in a corridor of deepening convection ahead of the front. Steep mid-level lapse rates and strong effective wind shear promoted some large hail within the strongest storms.",193
742314,WILLIAMSON CO.,PITTSBURG,04/03/2018,1639,Tornado, ,EF1,0,0,40000,0,IL,CST-6, ,123730,C,199,PAH,0,0,NWS Storm Survey, ,1.93,150,1,N,3,NE,PITTSBURG,04/03/2018,1642,37.7845,-88.85,37.7956,-88.8176,"At least a half dozen homes lost shingles. Windows were blown out of one home. A couple of barns lost parts of their roofs. A fence was blown over. There were dozens of trees with broken limbs or snapped trunks. Peak winds were estimated near 95 mph.","An outbreak of severe thunderstorms occurred during the afternoon and evening. Several tornadoes were spawned along a line of fast-moving thunderstorms. Four of the tornadoes were associated with a persistent circulation that moved east across Williamson and Saline Counties, passing just north of Marion and Harrisburg. The circulation exited southern Illinois along the Wabash River southeast of Carmi. A fifth tornado was associated with a circulation that tracked east across Massac and Pope Counties in the southern tip of the state.  The severe storm outbreak occurred ahead of a cold front that accelerated east-southeast toward the mid Mississippi Valley. Cooling aloft ahead of a shortwave trough over the Plains, combined with diurnal heating and moist southerly winds, resulted in a corridor of deepening convection ahead of the front. Steep mid-level lapse rates and strong effective wind shear promoted some large hail within the strongest storms.",194
743572,WILLIAMSON CO.,CORINTH,04/03/2018,1647,Tornado, ,EF1,0,0,7000,0,IL,CST-6, ,123730,C,199,PAH,0,0,NWS Storm Survey, ,1.55,200,3,ESE,4,E,CORINTH,04/03/2018,1650,37.8071,-88.7347,37.8122,-88.707,"The tornado touched down a few miles east of Corinth, where numerous trees were snapped or uprooted. Some shingles were blown off a well-built house. The tornado gained intensity in Saline County, where it attained its peak EF-2 rating. The tornado was on the ground in Williamson County for only a few minutes before moving into Saline County.","An outbreak of severe thunderstorms occurred during the afternoon and evening. Several tornadoes were spawned along a line of fast-moving thunderstorms. Four of the tornadoes were associated with a persistent circulation that moved east across Williamson and Saline Counties, passing just north of Marion and Harrisburg. The circulation exited southern Illinois along the Wabash River southeast of Carmi. A fifth tornado was associated with a circulation that tracked east across Massac and Pope Counties in the southern tip of the state.  The severe storm outbreak occurred ahead of a cold front that accelerated east-southeast toward the mid Mississippi Valley. Cooling aloft ahead of a shortwave trough over the Plains, combined with diurnal heating and moist southerly winds, resulted in a corridor of deepening convection ahead of the front. Steep mid-level lapse rates and strong effective wind shear promoted some large hail within the strongest storms.",195
742316,SALINE CO.,BANLICK,04/03/2018,1650,Tornado, ,EF2,0,0,500000,0,IL,CST-6, ,123730,C,165,PAH,0,0,NWS Storm Survey, ,10.8,350,1,SW,2,NNE,RALEIGH,04/03/2018,1707,37.8122,-88.707,37.8469,-88.5141,"The tornado entered Saline County from Williamson County. In Saline County, three homes were destroyed. The peak intensity occurred between the Williamson County line and Galatia, where a single-wide mobile home was completely demolished. A well-built house was completely unroofed, and portions of the exterior walls collapsed. Peak winds were estimated near 125 mph at this location. Over a dozen other homes were damaged, with at least partial loss of shingles and siding. A couple dozen barns and pole barns were destroyed or heavily damaged. Hundreds of trees were snapped or uprooted.","An outbreak of severe thunderstorms occurred during the afternoon and evening. Several tornadoes were spawned along a line of fast-moving thunderstorms. Four of the tornadoes were associated with a persistent circulation that moved east across Williamson and Saline Counties, passing just north of Marion and Harrisburg. The circulation exited southern Illinois along the Wabash River southeast of Carmi. A fifth tornado was associated with a circulation that tracked east across Massac and Pope Counties in the southern tip of the state.  The severe storm outbreak occurred ahead of a cold front that accelerated east-southeast toward the mid Mississippi Valley. Cooling aloft ahead of a shortwave trough over the Plains, combined with diurnal heating and moist southerly winds, resulted in a corridor of deepening convection ahead of the front. Steep mid-level lapse rates and strong effective wind shear promoted some large hail within the strongest storms.",196
742313,MASSAC CO.,METROPOLIS MUNI ARPT,04/03/2018,1729,Tornado, ,EF1,0,0,130000,0,IL,CST-6, ,123730,C,127,PAH,0,0,NWS Storm Survey, ,10.59,75,0,SW,4,ESE,MIDWAY,04/03/2018,1743,37.1759,-88.7551,37.198,-88.5648,"This tornado touched down just half a mile southwest of the Metropolis airport, then moved east along the northern city limit of Metropolis. Numerous buildings sustained shingle damage. Large tree limbs were blown down, and Bradford pear trees were snapped. A grain bin was destroyed. At the end of the damage track, most of the metal roof was blown off a barn. This location is where the tornado reached its peak intensity, which was estimated near 90 mph. The tornado lifted only about a mile before reaching the Pope County line in national forestland.","An outbreak of severe thunderstorms occurred during the afternoon and evening. Several tornadoes were spawned along a line of fast-moving thunderstorms. Four of the tornadoes were associated with a persistent circulation that moved east across Williamson and Saline Counties, passing just north of Marion and Harrisburg. The circulation exited southern Illinois along the Wabash River southeast of Carmi. A fifth tornado was associated with a circulation that tracked east across Massac and Pope Counties in the southern tip of the state.  The severe storm outbreak occurred ahead of a cold front that accelerated east-southeast toward the mid Mississippi Valley. Cooling aloft ahead of a shortwave trough over the Plains, combined with diurnal heating and moist southerly winds, resulted in a corridor of deepening convection ahead of the front. Steep mid-level lapse rates and strong effective wind shear promoted some large hail within the strongest storms.",197
742311,WHITE CO.,NEW HAVEN,04/03/2018,1738,Tornado, ,EF1,0,0,50000,0,IL,CST-6, ,123730,C,193,PAH,0,0,NWS Storm Survey, ,2.25,225,5,NE,7,NE,NEW HAVEN,04/03/2018,1742,37.9512,-88.0651,37.9742,-88.0359,"At a farming business located in very sparsely populated country, considerable damage occurred in a storage yard. Numerous heavy irrigation pipes were moved, and some were bent. Three barns lost metal roofing. A semi tanker trailer was overturned. Debris was thrown 200 to 400 yards. Farming irrigation equipment was damaged and moved. In a small wooded area immediately behind the storage yard, dozens of large trees were snapped or uprooted in a convergent pattern. The path continued intermittently through a wooded area to the flood plain of the Wabash River. Peak winds were estimated near 110 mph.","An outbreak of severe thunderstorms occurred during the afternoon and evening. Several tornadoes were spawned along a line of fast-moving thunderstorms. Four of the tornadoes were associated with a persistent circulation that moved east across Williamson and Saline Counties, passing just north of Marion and Harrisburg. The circulation exited southern Illinois along the Wabash River southeast of Carmi. A fifth tornado was associated with a circulation that tracked east across Massac and Pope Counties in the southern tip of the state.  The severe storm outbreak occurred ahead of a cold front that accelerated east-southeast toward the mid Mississippi Valley. Cooling aloft ahead of a shortwave trough over the Plains, combined with diurnal heating and moist southerly winds, resulted in a corridor of deepening convection ahead of the front. Steep mid-level lapse rates and strong effective wind shear promoted some large hail within the strongest storms.",198
750132,CHRISTIAN CO.,CLARKSDALE,05/15/2018,1537,Tornado, ,EF0,0,0,0,0,IL,CST-6, ,125066,C,21,ILX,0,0,Emergency Manager, ,1.84,25,2,SE,1,NW,VANDERVILLE,05/15/2018,1544,39.4581,-89.3357,39.4404,-89.3099,"A tornado touched down in an open field 3.7 miles east of Palmer at 4:37pm CDT.  The tornado traveled southeastward, then dissipated about 5.2 miles east-southeast of Palmer at 4:44pm CDT.  No damage was reported.","A stationary frontal boundary extending across south-central Illinois provided the focus for thunderstorm development during the afternoon and evening of May 15th.  One supercell formed in Christian County and produced an EF-0 tornado east of Palmer.  A second supercell developed further east in Moultrie County, then tracked eastward to the Indiana border producing sporadic wind damage and hail as large as golf balls.",199
758281,GREENE CO.,HILLVIEW,05/15/2018,1721,Tornado, ,EF0,0,0,0,0,IL,CST-6, ,126511,C,61,LSX,0,0,Public, ,0.69,50,4,SW,4,SW,HILLVIEW,05/15/2018,1722,39.4191,-90.603,39.416,-90.6153,"A landspout tornado developed on the intersection of two outflow boundaries in extreme western Greene County Illinois, approximately 3 miles south southeast of Pearl, Illinois.  The weak landspout tornado was very visible and numerous photos and videos were taken as it slowly moved west-southwest across the Illinois River into Pike County, Illinois.  Based on the photographs and videos provided to the NWS, the tornado appeared to be no more than 50 yard wide and on the ground for roughly one mile crossing open farm fields and diminishing as a waterspout on the Illinois River. The landspout was rated EF0 in Greene County with a path length of 0.69 miles and max path width of 50 yards.","As a weak cold front moved southeast across the forecast area, showers and thunderstorms developed. One of the storms produced a landspout tornado.",200
758282,PIKE CO.,BEECREEK,05/15/2018,1722,Tornado, ,EF0,0,0,0,0,IL,CST-6, ,126511,C,149,LSX,0,0,Public, ,0.17,50,1,NE,1,NNE,BEECREEK,05/15/2018,1723,39.416,-90.6153,39.4152,-90.6182,"A landspout tornado developed on the intersection of two outflow boundaries in extreme western Greene County Illinois, approximately 3 miles south southeast of Pearl, Illinois.  The weak landspout tornado was very visible and numerous photos and videos were taken as it slowly moved west-southwest across the Illinois River into Pike County, Illinois.  Based on the photographs and videos provided to the NWS, the tornado appeared to be no more than 50 yard wide and on the ground for roughly one mile crossing open farm fields and diminishing as a waterspout on the Illinois River. The landspout was rated EF0 in Pike County with a path length of 0.17 miles and max path width of 50 yards. Overall the landspout was rated EF0 with a path length of 0.86 miles and a max path width of 50 yards.","As a weak cold front moved southeast across the forecast area, showers and thunderstorms developed. One of the storms produced a landspout tornado.",201
750153,CUMBERLAND CO.,NEOGA,05/27/2018,1530,Tornado, ,EF0,0,0,0,0,IL,CST-6, ,125069,C,35,ILX,0,0,Law Enforcement, ,0.81,25,3,ENE,2,E,NEOGA,05/27/2018,1536,39.3302,-88.395,39.3217,-88.4055,"A weak landspout developed in an open field 3.2 miles east-northeast of Neoga at 4:30pm CDT.  It traveled southwestward and dissipated at 4:36pm CDT about 2.5 miles east of Neoga.  No damage was observed.","A dissipating frontal boundary triggered widely scattered strong to severe thunderstorms during the afternoon of May 27th.  The strongest cells produced gusty winds of 50-60 mph and hail as large as ping pong balls.  Another developing cell produced a landspout east of Neoga in Cumberland County.",202
757169,LA SALLE CO.,(MMO)MARSEILLES,05/30/2018,1830,Tornado, ,EF0,0,0,0,0,IL,CST-6, ,125645,C,99,LOT,0,0,Storm Chaser, ,0.9,30,1,NNW,0,E,(MMO)MARSEILLES,05/30/2018,1850,41.3802,-88.6832,41.3706,-88.6714,"A storm chaser took video and photos of a weak and slow moving land spout tornado northeast of Marseilles, IL.  No known damage occurred with this tornado.","Strong thunderstorms produced heavy rain and flooding across northern Illinois. Several funnel clouds and a brief land spout tornado were also reported.",203
751230,UNION CO.,WOLF LAKE,05/31/2018,1854,Tornado, ,EF1,0,0,70000,0,IL,CST-6, ,125263,C,181,PAH,0,0,NWS Storm Survey, ,3.11,150,3,WSW,1,ENE,WOLF LAKE,05/31/2018,1902,37.481,-89.4697,37.504,-89.4211,"A storm survey team estimated peak winds up to 95 mph occurred with this tornado, which touched down along the Mississippi River levee. The tornado passed near the community of Wolf Lake before dissipating at the edge of the Shawnee National Forest just east of Route 3. A very large equipment barn collapsed, and another barn was destroyed. A one-story house was partially shifted off its foundation. All structural damage was between Route 3 and the Mississippi River levee. The tornado was witnessed by at least one trained spotter and several other individuals. Prior to spawning this tornado, the parent storm produced a tornado near Trail of Tears State Park in Cape Girardeau County, Missouri about ten minutes earlier.","Multiple rounds of thunderstorms impacted the region on the last day of May. Damaging winds, large hail, flooding, and a couple tornadoes were observed in this outbreak. The first round of storms moved through southern Illinois, mainly north of Route 13, during the morning hours. Widespread damaging winds were associated with this line of storms. Scattered thunderstorm development then began by mid to late afternoon, with coverage increasing further into the evening hours. The first round of storms left an outflow boundary across southeast Missouri and the lower Ohio Valley, where scattered thunderstorms developed. Surface dewpoints near the boundary were in the lower 70s, which contributed to moderately strong instability. A subtle shortwave trough across the mid Mississippi Valley and lower Missouri Valley provided large-scale ascent for the evening round of storms. Mid-level winds around 50 knots located just ahead of the shortwave helped to create moderate to strong deep-layer wind shear, favorable for a few supercells.",204
751231,UNION CO.,WOLF LAKE,05/31/2018,1855,Tornado, ,EF0,0,0,7000,0,IL,CST-6, ,125263,C,181,PAH,0,0,NWS Storm Survey, ,1.12,50,3,SSW,2,SSW,WOLF LAKE,05/31/2018,1859,37.4662,-89.456,37.4756,-89.4394,"Peak winds were estimated by a National Weather Service survey team near 75 mph.  This weak tornado occurred in close proximity to another tornado about a mile north. Several tree limbs were broken. The roof of a barn was blown in on one side. This tornado also occurred near the Mississippi River between Route 3 and the levee. Prior to spawning this tornado, the parent storm produced a tornado near Trail of Tears State Park in Cape Girardeau County, Missouri about ten minutes earlier.","Multiple rounds of thunderstorms impacted the region on the last day of May. Damaging winds, large hail, flooding, and a couple tornadoes were observed in this outbreak. The first round of storms moved through southern Illinois, mainly north of Route 13, during the morning hours. Widespread damaging winds were associated with this line of storms. Scattered thunderstorm development then began by mid to late afternoon, with coverage increasing further into the evening hours. The first round of storms left an outflow boundary across southeast Missouri and the lower Ohio Valley, where scattered thunderstorms developed. Surface dewpoints near the boundary were in the lower 70s, which contributed to moderately strong instability. A subtle shortwave trough across the mid Mississippi Valley and lower Missouri Valley provided large-scale ascent for the evening round of storms. Mid-level winds around 50 knots located just ahead of the shortwave helped to create moderate to strong deep-layer wind shear, favorable for a few supercells.",205
757348,CHAMPAIGN CO.,STALEY,06/10/2018,1316,Tornado, ,EF0,0,0,80000,0,IL,CST-6, ,126328,C,19,ILX,0,0,NWS Storm Survey, ,0.06,30,2,S,2,S,STALEY,06/10/2018,1317,40.0844,-88.3192,40.0842,-88.3181,"A weak tornado touched down in the backyard of a residence on Copper Ridge Road about 4.5 miles southwest of downtown Champaign at 2:16 PM CDT.  The tornado damaged the roofs of two homes, a shed, fencing, and several trees before it quickly dissipated about 30 seconds later one tenth of a mile southeast of where it formed.","An area of low pressure tracking along a nearly stationary frontal boundary triggered a round of severe thunderstorms across central Illinois during the afternoon of June 10th.  A line of storms produced 60-80mph wind gusts and widespread wind damage from portions of Tazewell and McLean counties southeastward through Champaign and Edgar counties.  Two brief EF-0 tornadoes spun up along the leading edge of the line, producing pockets of enhanced damage on the southwest side of the city of Champaign.  Additional thunderstorm cells that developed further west later in the afternoon produced golf ball to tennis ball sized hail near Beardstown in Cass County. Flash flooding was also reported in northern Vermilion County.",206
757350,CHAMPAIGN CO.,SAVOY,06/10/2018,1319,Tornado, ,EF0,0,0,20000,0,IL,CST-6, ,126328,C,19,ILX,0,0,NWS Storm Survey, ,0.06,20,3,WNW,3,WNW,SAVOY,06/10/2018,1320,40.0677,-88.2952,40.067,-88.2944,"A weak tornado touched down near Duncan Road and Rolling Acres Drive about 4.3 miles southwest of downtown Champaign at 2:19 PM CDT. The tornado snapped off the tops of trees and did minor damage to two properties before quickly dissipating in less than one minute about one tenth of a mile southeast of where it formed.","An area of low pressure tracking along a nearly stationary frontal boundary triggered a round of severe thunderstorms across central Illinois during the afternoon of June 10th.  A line of storms produced 60-80mph wind gusts and widespread wind damage from portions of Tazewell and McLean counties southeastward through Champaign and Edgar counties.  Two brief EF-0 tornadoes spun up along the leading edge of the line, producing pockets of enhanced damage on the southwest side of the city of Champaign.  Additional thunderstorm cells that developed further west later in the afternoon produced golf ball to tennis ball sized hail near Beardstown in Cass County. Flash flooding was also reported in northern Vermilion County.",207
757748,MCLEAN CO.,CLARKSVILLE,06/21/2018,1402,Tornado, ,EF0,0,0,0,0,IL,CST-6, ,126386,C,113,ILX,0,0,Trained Spotter, ,0.17,20,4,WNW,4,WNW,CLARKSVILLE,06/21/2018,1403,40.67,-88.93,40.668,-88.928,"A tornado briefly touched down in an open field about 5 miles southwest of Gridley at 3:02PM CDT.  The tornado quickly dissipated about one minute later with no damage being observed.","An unseasonably deep upper-level low slowly meandered eastward into Illinois on June 21st.  Scattered thunderstorms developed beneath this feature during the afternoon, with many of the cells producing funnel clouds.  One brief tornado was reported in a field about 5 miles southwest of Gridley in northern McLean County.  Slow-moving storms dropped locally heavy rainfall across portions of Woodford County, causing flash flooding from Eureka to Washburn.",208
756879,WHITE CO.,GOSSETT,06/26/2018,841,Tornado, ,EF0,0,0,20000,0,IL,CST-6, ,126261,C,193,PAH,0,0,NWS Storm Survey, ,0.71,100,1,N,1,NE,GOSSETT,06/26/2018,842,37.9334,-88.3673,37.9318,-88.3544,"The tornado damage occurred mainly on the north side of Sandy Run Lake, which is about four miles southwest of Norris City. Dozens of trees, some large, were uprooted or broken. The tornado occurred in close proximity to a microburst, which produced equally strong winds. Peak winds were estimated near 85 mph in the tornado.","A large complex of thunderstorms over Missouri gradually evolved into a bowing line of storms as it crossed southern Illinois. Locally damaging winds became increasingly more common as the storms organized into a line. The storms increased in intensity as a result of strong heating and destabilization during the morning hours. This round of storms was followed by another round of severe weather during the late afternoon and evening hours.",209
764054,KANE CO.,TROXEL,06/26/2018,1628,Tornado, ,EF0,0,0,0,0,IL,CST-6, ,127471,C,89,LOT,0,0,Trained Spotter, ,0.01,20,2,NE,2,NE,TROXEL,06/26/2018,1628,41.8497,-88.5735,41.8497,-88.5735,"A video showed a brief surface touchdown that kicked up some water in a field, southwest of the intersection of Perry and Miner Roads.  This tornado only lasted a few seconds and produced no damage.","Strong to severe thunderstorms moved across parts of northern Illinois during the afternoon of June 26th producing wind damage, flooding and a few tornadoes.",210
764318,WILL CO.,MANHATTAN,06/26/2018,1753,Tornado, ,EF0,0,0,0,0,IL,CST-6, ,127471,C,197,LOT,0,0,Trained Spotter, ,0.1,25,3,SSE,1,W,WILTON,06/26/2018,1754,41.3799,-87.9579,41.3811,-87.9569,"Trained spotters confirmed a brief tornado touch down approximately 3 miles south southeast of Manhattan.  No damage was reported.","Strong to severe thunderstorms moved across parts of northern Illinois during the afternoon of June 26th producing wind damage, flooding and a few tornadoes.",211
764043,WILL CO.,MANHATTAN,06/26/2018,1754,Tornado, ,EF1,0,0,30000,0,IL,CST-6, ,127471,C,197,LOT,0,0,NWS Storm Survey, ,1.12,100,1,SSW,1,NW,MANHATTAN,06/26/2018,1759,41.4102,-87.9857,41.4262,-87.9893,"Damage was first observed at a farm along Bruns Road.  Two large trees lost limbs or portions of their trunk and numerous smaller branches were broken.  The resident reported seeing a mass of wind and clouds upstream from this location but not a funnel.  There was no damage observed in the crops upstream of the location, at least from what could be seen from the ground.  There was debris in the field north of the farm, but no other damage was visible until the tornado entered Manhattan near the park.  Damage in Manhattan consisted of numerous snapped branches of various sizes and at least two large, over one foot diameter, trunks snapped.  Damage in the park was about 100 yards wide.  Several buildings in town received just minor damage, but the post office lost a portion of its roof covering and a building next door had broken windows as well as shingle and roof damage.  The tornado dissipated near Prairie Street as it exited downtown.  No damage was observed in the tree line north of Prairie Street.","Strong to severe thunderstorms moved across parts of northern Illinois during the afternoon of June 26th producing wind damage, flooding and a few tornadoes.",212
758464,HENRY CO.,GERMAN CORNER,06/26/2018,1923,Tornado, ,EF0,0,0,0,0,IL,CST-6, ,126535,C,73,DVN,0,0,NWS Employee, ,0.01,10,2,NE,2,NE,GERMAN CORNER,06/26/2018,1924,41.3169,-90.011,41.3169,-90.0107,"A short path of corn was flattened, and a farm implement was overturned.","An area of strong to severe thunderstorms moved from eastern Iowa, across northwest Illinois the afternoon and evening of June 26, 2018. Two brief tornadoes occurred, one in northern Missouri near Memphis, and another in Henry County Illinois, south of of the town of Atkinson, Illinois.",213
757754,CHAMPAIGN CO.,CHANUTE AFB,06/26/2018,1927,Tornado, ,EF1,0,0,37000,0,IL,CST-6, ,126387,C,19,ILX,0,0,NWS Storm Survey, ,3.88,75,3,SE,1,ESE,DILLSBURG,06/26/2018,1935,40.2725,-88.1022,40.3145,-88.0533,"A tornado touched down in a corn field 3.3 miles southeast of Rantoul at 8:27 PM CDT. The tornado damaged the roof of a large shed, then continued northeastward through farm fields before damaging trees, one of which fell onto a car.  As the tornado crossed U.S. Highway 136, it damaged the roofs of two garages and a large barn. The tornado dissipated in a field 1.9 miles west-northwest of Gifford at 8:35 PM CDT.","Isolated thunderstorms developed in a very warm and humid airmass well ahead of an approaching cold front during the late afternoon and evening of June 26th.  One of the cells produced an EF-1 tornado southeast of Rantoul in Champaign County.  Several outbuildings and trees were damaged along the path of the tornado: however, no injuries were reported.",214
768766,JERSEY CO.,CHAUTAUQUA,06/28/2018,1611,Tornado, ,EF0,0,0,0,0,IL,CST-6, ,128183,C,83,LSX,0,0,NWS Storm Survey, ,1.4,50,1,NNE,1,ESE,CHAUTAUQUA,06/28/2018,1613,38.9829,-90.373,38.9644,-90.3625,"A NWS Damage Survey Team surveyed multiple areas across southern Jersey County. The survey team did find one area of concentrated damage just northwest of Elsah which it determined was caused by a brief EF-0 tornado. The tornado touched down about one quarter mile SSW of the Green Acres Road and Elsah Road intersection here 3 pine trees were blown over. The tornado then removed part of the roof from an out building on the west side of Elsah Road. Portions of the roof were found blown across Elsah Road to the southeast. The tornado then crossed Lake Drive just west of Red Bud Court where it twisted a road sign 180 degrees and snapped a number of trees near their base. The tornado continued southeast crossing Elsah Road near Joywood Drive where several trees were again snapped. The tornado dissipated shortly thereafter. The tornado was rated EF0 with max wind speeds of 80 MPH. The path length was 1.40 miles and a max path width of 50 yards. No injuries or deaths were reported with this tornado.","A mesoscale convective complex moved southeast across the area, mainly along and east of Mississippi River. There were numerous reports of damaging winds, large hail, flash flooding and even a tornado with some of these storms.",215
757697,WILLIAMSON CO.,JOHNSTON CITY,06/28/2018,1812,Tornado, ,EF0,0,0,35000,0,IL,CST-6, ,126372,C,199,PAH,0,0,NWS Storm Survey, ,0.3,75,1,E,1,E,JOHNSTON CITY,06/28/2018,1813,37.82,-88.9117,37.82,-88.9062,"A brief weak tornado occurred, with peak winds estimated near 85 mph. Two garage buildings were blown off their foundations. Numerous trees were uprooted or snapped. Several shingles were blown off a roof. An eyewitness reported watching the tornado destroy the garage buildings and then continue on the ground a few hundred yards.","A severe thunderstorm complex raced southward across southern Illinois during the early evening hours. Widespread wind damage occurred with this long-lived complex, which met the definition of a derecho. This convective system took shape over the Missouri/Iowa border region and then progressed south-southeast to the Tennessee Valley by late evening. A very moist and unstable air mass set the stage for this derecho. Surface dew points were near 80 degrees, with mixed-layer capes over 4000 j/kg. When the atmosphere is that unstable, wind shear does not need to be particularly strong for significant severe weather to occur. The bulk wind shear in the 0 to 6 km layer averaged 20 to 30 knots. Deep northerly wind flow averaged around 20 knots from 850 to 500 mb on the front side of a high pressure ridge.",216
780905,FULTON CO.,SMITHFIELD,08/16/2018,1538,Tornado, ,EF0,0,0,30000,0,IL,CST-6, ,130448,C,57,ILX,0,0,NWS Storm Survey, ,3.15,100,1,E,3,S,CUBA,08/16/2018,1548,40.4679,-90.2645,40.4514,-90.2087,"A tornado touched down in a field about 1.5 miles ESE of Smithfield at 4:38pm CDT.  The tornado travelled slowly southeastward, impacting one farmstead along its path.  A pole barn and small shed were destroyed, with flying debris from the barn causing minor roof and siding damage to the house.  The tornado continued along its path doing minor crop damage along the way before dissipating 3 miles SSW of Cuba at 4:48pm CDT.","A slow-moving frontal boundary interacted with a highly unstable and moderately sheared environment to trigger strong to severe thunderstorms across parts of central Illinois from the late afternoon of August 16th into the early morning hours of August 17th.  A tornado touched down near Smithfield in Fulton County.  Other cells produced sporadic wind damage and hail as large as golf balls.  Excessive rainfall rates created localized flash flooding in Edinburg in Christian County.",217
778969,WILL CO.,MANHATTAN,08/20/2018,1731,Tornado, ,EF0,0,0,0,0,IL,CST-6, ,130063,C,197,LOT,0,0,NWS Storm Survey, ,0.27,100,1,WNW,1,WNW,MANHATTAN,08/20/2018,1734,41.4267,-88.0027,41.4306,-88.0021,"A spotter reported a brief tornado touchdown and a survey of the area found multiple patches of flattened corn in a field along Cougar Road.  The stalks were all laying to the northeast.","A thunderstorm produced a brief and weak tornado near Manhattan during the afternoon of August 20th.",218
785033,COOK CO.,BERWYN,09/03/2018,1314,Tornado, ,EF0,0,0,10000,0,IL,CST-6, ,131206,C,31,LOT,0,0,NWS Storm Survey, ,1.71,75,1,N,2,SSW,KEDZIE,09/03/2018,1318,41.8693,-87.7457,41.877,-87.7141,"A weak EF-0 tornado produced mainly tree damage in western Chicago.  The first damage was noted on Arthington Street, just west of Cicero Avenue.  A continuous path of mostly minor tree damage extended to the east northeast crossing Interstate 290 near Pulaski Road with the final damage noted near Garfield Park, between 5th Avenue and Jackson Blvd near Central Park Avenue.  One tree was blown into an apartment building knocking out windows and a couple of large tree limbs fell onto cars.","Strong to severe thunderstorms moved across portions of northern Illinois during the afternoon of September 3rd.",219
788452,PIKE CO.,PLEASANT HILL,12/01/2018,1354,Tornado, ,EF1,0,0,0,0,IL,CST-6, ,131831,C,149,LSX,0,0,NWS Storm Survey, ,1.65,25,1,ESE,2,NE,PLEASANT HILL,12/01/2018,1358,39.4439,-90.851,39.4664,-90.8406,"The tornado began about 1 mile east of Pleasant Hill, IL and remained on the ground for about 4 minutes with a path that skipped to the northeast of Pleasant Hill. A grain bin sustained damaged along 130th Avenue near the beginning of the track. The path then continued to the northeast where a barn was rolled about 20 yards off its foundation. Another barn sustained heavy roof damage.  The tornado continued northeast toward 147th Street where some large trees sustained damage. The tornado lifted as it moved northeast of 147th Street. Overall the tornado was rated EF1 with a path length of 1.65 miles and a max path width of 25 yards. No injuries or deaths were reported with this tornado.","By late morning much of the rain shifted north and east of forecast area allowing partial |clearing to destabilize the atmosphere.  Steep lapse rates due to relatively cold mid level temperatures southeast of the upper level low combined with strong low-mid level wind shear due to an 80-kt mid level wind max southeast of the upper level low. This led to the development of isolated low topped supercells along the northward moving warm front and ahead of the eastward moving cold front. Eight tornadoes were surveyed over WFO LSX's forecast area.",220
788453,PIKE CO.,DETROIT,12/01/2018,1429,Tornado, ,EF0,0,0,0,0,IL,CST-6, ,131831,C,149,LSX,0,0,NWS Storm Survey, ,0.11,25,2,WNW,2,WNW,DETROIT,12/01/2018,1430,39.6319,-90.7143,39.6332,-90.713,"This short lived tornado began 2 miles northwest of Detroit, IL, along 435th street. Damage was primarily confined to trees, but there was a home with roof damage and a large camper was blown on its side.  Overall, the tornado was rated EF0 with a path length of 0.11 miles and a max path width of 25 yards. No injuries or deaths were reported with this tornado.","By late morning much of the rain shifted north and east of forecast area allowing partial |clearing to destabilize the atmosphere.  Steep lapse rates due to relatively cold mid level temperatures southeast of the upper level low combined with strong low-mid level wind shear due to an 80-kt mid level wind max southeast of the upper level low. This led to the development of isolated low topped supercells along the northward moving warm front and ahead of the eastward moving cold front. Eight tornadoes were surveyed over WFO LSX's forecast area.",221
788454,PIKE CO.,VALLEY CITY,12/01/2018,1440,Tornado, ,EF1,0,0,0,0,IL,CST-6, ,131831,C,149,LSX,0,0,NWS Storm Survey, ,0.6,110,2,N,1,NNW,VALLEY CITY,12/01/2018,1442,39.7272,-90.6537,39.7186,-90.6555,"The tornado began about 1 mile NNW of Valley City, IL. Along County Highway 21, trees were uprooted and a mobile home lost its roof and sustained wall damage. The tornado continued to the northeast, crossing County Highway 21 twice, before lifting. Along this path there was significant tree damage along the east side of Highway 21. Overall, the tornado was rated EF1 with a path length of 0.6 miles and a max path width of 110 yards. No injuries or deaths were reported with this tornado.","By late morning much of the rain shifted north and east of forecast area allowing partial |clearing to destabilize the atmosphere.  Steep lapse rates due to relatively cold mid level temperatures southeast of the upper level low combined with strong low-mid level wind shear due to an 80-kt mid level wind max southeast of the upper level low. This led to the development of isolated low topped supercells along the northward moving warm front and ahead of the eastward moving cold front. Eight tornadoes were surveyed over WFO LSX's forecast area.",222
794977,SCHUYLER CO.,BROOKLYN,12/01/2018,1500,Tornado, ,EF1,0,0,12000,0,IL,CST-6, ,132864,C,169,ILX,0,0,NWS Storm Survey, ,1.4,100,1,SSW,1,NNE,BROOKLYN,12/01/2018,1502,40.2219,-90.7732,40.2415,-90.7663,"A tornado touched down about 0.4 miles southwest of Brooklyn at 3:00 PM CST , then tracked north-northeastward and dissipated 1.1 miles north of Brooklyn at 3:02 PM CST.  Only minor damage was reported during its brief time on the ground.","An historic tornado outbreak occurred across Illinois on December 1st, with a total of 29 tornadoes touching down across the central part of the state.  This made it the largest December tornado outbreak in the state of Illinois since 1957, and the third largest tornado outbreak across Illinois in any month since 1950.  Within the National Weather Service Lincoln County Warning Area (CWA), 20 tornadoes touched down...with the most significant being an EF-3 tornado that tore through the city of Taylorville in Christian County.  Despite several communities being directly impacted and experiencing major damage, there were no fatalities reported.  The severe weather was caused by a deep area of low pressure that tracked from eastern Kansas into north-central Illinois.  Warm air surging northward ahead of the low allowed temperatures to soar into the upper 50s and lower 60s, resulting in a narrow corridor of Convective Available Potential Energy (CAPE) values of 500-1000J/kg ahead of an approaching occluded front.  Thanks to ample low-level wind shear, numerous supercell thunderstorms developed within the instability axis by mid to late afternoon.  Many of the storms produced tornadoes over the next several hours before the storms gradually weakened by mid-evening.",223
794980,MORGAN CO.,MEREDOSIA,12/01/2018,1501,Tornado, ,EF0,0,0,0,0,IL,CST-6, ,132864,C,137,ILX,0,0,NWS Storm Survey, ,1.71,50,3,ENE,5,NE,MEREDOSIA,12/01/2018,1503,39.8559,-90.5192,39.8754,-90.4992,"A tornado touched down in a field 2.5 miles northeast of Meredosia at 3:01 PM CST.  The tornado crossed U.S. Highway 67 before dissipating near the Cass-Morgan County line at 3:03 PM CST. No damage was reported.","An historic tornado outbreak occurred across Illinois on December 1st, with a total of 29 tornadoes touching down across the central part of the state.  This made it the largest December tornado outbreak in the state of Illinois since 1957, and the third largest tornado outbreak across Illinois in any month since 1950.  Within the National Weather Service Lincoln County Warning Area (CWA), 20 tornadoes touched down...with the most significant being an EF-3 tornado that tore through the city of Taylorville in Christian County.  Despite several communities being directly impacted and experiencing major damage, there were no fatalities reported.  The severe weather was caused by a deep area of low pressure that tracked from eastern Kansas into north-central Illinois.  Warm air surging northward ahead of the low allowed temperatures to soar into the upper 50s and lower 60s, resulting in a narrow corridor of Convective Available Potential Energy (CAPE) values of 500-1000J/kg ahead of an approaching occluded front.  Thanks to ample low-level wind shear, numerous supercell thunderstorms developed within the instability axis by mid to late afternoon.  Many of the storms produced tornadoes over the next several hours before the storms gradually weakened by mid-evening.",224
794982,CASS CO.,HAGENER,12/01/2018,1509,Tornado, ,EF0,0,0,35000,0,IL,CST-6, ,132864,C,17,ILX,0,0,NWS Storm Survey, ,0.64,50,4,W,3,W,HAGENER,12/01/2018,1510,39.9115,-90.4667,39.9191,-90.4599,"A tornado touched down 5.9 miles west-northwest of Arenzville at 3:09 PM CST, then tracked northeastward and dissipated 5.8 miles northwest of Arenzville at 3:10 PM CST.  The tornado damaged a few outbuildings and a large water container during its brief time on the ground.","An historic tornado outbreak occurred across Illinois on December 1st, with a total of 29 tornadoes touching down across the central part of the state.  This made it the largest December tornado outbreak in the state of Illinois since 1957, and the third largest tornado outbreak across Illinois in any month since 1950.  Within the National Weather Service Lincoln County Warning Area (CWA), 20 tornadoes touched down...with the most significant being an EF-3 tornado that tore through the city of Taylorville in Christian County.  Despite several communities being directly impacted and experiencing major damage, there were no fatalities reported.  The severe weather was caused by a deep area of low pressure that tracked from eastern Kansas into north-central Illinois.  Warm air surging northward ahead of the low allowed temperatures to soar into the upper 50s and lower 60s, resulting in a narrow corridor of Convective Available Potential Energy (CAPE) values of 500-1000J/kg ahead of an approaching occluded front.  Thanks to ample low-level wind shear, numerous supercell thunderstorms developed within the instability axis by mid to late afternoon.  Many of the storms produced tornadoes over the next several hours before the storms gradually weakened by mid-evening.",225
798889,MCDONOUGH CO.,INDUSTRY,12/01/2018,1518,Tornado, ,EF0,0,0,0,0,IL,CST-6, ,133513,C,109,DVN,0,0,Trained Spotter, ,0.1,15,3,NW,3,NW,INDUSTRY,12/01/2018,1519,40.36,-90.65,40.36,-90.65,"A trained spotter reported a brief tornado in a field. The spotter reported that the tornado narrowly missed a house.  No damage was reported and the track of the storm was estimated. The tornado was on the ground for approximately 10 to 15 seconds.","Scattered thunderstorms developed during the afternoon across west central Illinois, along a warm front that lifted into Hancock, McDonough, and Warren Counties. Two brief tornadoes occurred in McDonough County along with hail up to the size of pennies.",226
794983,CASS CO.,BEARDSTOWN,12/01/2018,1525,Tornado, ,EF1,0,0,200000,0,IL,CST-6, ,132864,C,17,ILX,0,0,NWS Storm Survey, ,4.23,200,1,SSE,4,NE,BEARDSTOWN,12/01/2018,1533,40.0005,-90.4201,40.0529,-90.3788,"A tornado touched down 1.1 miles southeast of Beardstown at 3:25 PM CST.  The tornado damaged some power poles near the railroad tracks east of the nursing home south of Beardstown, then tracked northeastward, causing tree damage as it crossed IL Route 125. The tornado damaged the Water Treatment Plant, including 3 of the 4 wells that serve the city, and knocked down numerous trees as it passed just east of Roy Roberts Park. It also knocked the windows out of several vehicles in the parking lot of the Park. The tornado continued moving to the northeast across Chandlerville Rd, causing an elongated area of tree damage along Duck Slough Rd before dissipating in a field east of Phelps Ditch Rd about 3.9 miles northeast of Beardstown at 3:33 PM CST.","An historic tornado outbreak occurred across Illinois on December 1st, with a total of 29 tornadoes touching down across the central part of the state.  This made it the largest December tornado outbreak in the state of Illinois since 1957, and the third largest tornado outbreak across Illinois in any month since 1950.  Within the National Weather Service Lincoln County Warning Area (CWA), 20 tornadoes touched down...with the most significant being an EF-3 tornado that tore through the city of Taylorville in Christian County.  Despite several communities being directly impacted and experiencing major damage, there were no fatalities reported.  The severe weather was caused by a deep area of low pressure that tracked from eastern Kansas into north-central Illinois.  Warm air surging northward ahead of the low allowed temperatures to soar into the upper 50s and lower 60s, resulting in a narrow corridor of Convective Available Potential Energy (CAPE) values of 500-1000J/kg ahead of an approaching occluded front.  Thanks to ample low-level wind shear, numerous supercell thunderstorms developed within the instability axis by mid to late afternoon.  Many of the storms produced tornadoes over the next several hours before the storms gradually weakened by mid-evening.",227
798890,MCDONOUGH CO.,BARDOLPH,12/01/2018,1541,Tornado, ,EF0,0,0,0,0,IL,CST-6, ,133513,C,109,DVN,0,0,Trained Spotter, ,0.1,15,2,SW,2,SW,BARDOLPH,12/01/2018,1542,40.48,-90.59,40.48,-90.59,"A trained spotter reported a brief tornado in a field. No damage was reported and track was estimated.","Scattered thunderstorms developed during the afternoon across west central Illinois, along a warm front that lifted into Hancock, McDonough, and Warren Counties. Two brief tornadoes occurred in McDonough County along with hail up to the size of pennies.",228
794985,MASON CO.,SNICARTE,12/01/2018,1544,Tornado, ,EF0,0,0,0,0,IL,CST-6, ,132864,C,125,ILX,0,0,NWS Storm Survey, ,1.67,25,5,W,4,WNW,SNICARTE,12/01/2018,1546,40.1203,-90.3157,40.139,-90.2956,"A tornado touched down 4.5 miles west of Snicarte in the vicinity of Chain Lake in extreme southwest Mason County at 3:44 PM CST. The tornado tracked northeastward near the lake before dissipating 3.5 miles west-northwest of Snicarte at 3:46 PM CST. No damage was reported.","An historic tornado outbreak occurred across Illinois on December 1st, with a total of 29 tornadoes touching down across the central part of the state.  This made it the largest December tornado outbreak in the state of Illinois since 1957, and the third largest tornado outbreak across Illinois in any month since 1950.  Within the National Weather Service Lincoln County Warning Area (CWA), 20 tornadoes touched down...with the most significant being an EF-3 tornado that tore through the city of Taylorville in Christian County.  Despite several communities being directly impacted and experiencing major damage, there were no fatalities reported.  The severe weather was caused by a deep area of low pressure that tracked from eastern Kansas into north-central Illinois.  Warm air surging northward ahead of the low allowed temperatures to soar into the upper 50s and lower 60s, resulting in a narrow corridor of Convective Available Potential Energy (CAPE) values of 500-1000J/kg ahead of an approaching occluded front.  Thanks to ample low-level wind shear, numerous supercell thunderstorms developed within the instability axis by mid to late afternoon.  Many of the storms produced tornadoes over the next several hours before the storms gradually weakened by mid-evening.",229
794991,SCHUYLER CO.,BLUFF CITY,12/01/2018,1551,Tornado, ,EF1,0,0,260000,0,IL,CST-6, ,132864,C,169,ILX,0,0,NWS Storm Survey, ,2.13,200,2,SW,0,N,BLUFF CITY,12/01/2018,1555,40.1622,-90.2581,40.1844,-90.2302,"A tornado touched down in an open field 1.9 miles southwest of Bluff City at 3:51 PM CST.  The tornado tracked northeastward and damaged a couple of outbuildings before knocking a home off its foundation and doing tree damage in Bluff City along Highway 100.  It then crossed from Schuyler County into far southern Fulton County at 3:55 PM CST.","An historic tornado outbreak occurred across Illinois on December 1st, with a total of 29 tornadoes touching down across the central part of the state.  This made it the largest December tornado outbreak in the state of Illinois since 1957, and the third largest tornado outbreak across Illinois in any month since 1950.  Within the National Weather Service Lincoln County Warning Area (CWA), 20 tornadoes touched down...with the most significant being an EF-3 tornado that tore through the city of Taylorville in Christian County.  Despite several communities being directly impacted and experiencing major damage, there were no fatalities reported.  The severe weather was caused by a deep area of low pressure that tracked from eastern Kansas into north-central Illinois.  Warm air surging northward ahead of the low allowed temperatures to soar into the upper 50s and lower 60s, resulting in a narrow corridor of Convective Available Potential Energy (CAPE) values of 500-1000J/kg ahead of an approaching occluded front.  Thanks to ample low-level wind shear, numerous supercell thunderstorms developed within the instability axis by mid to late afternoon.  Many of the storms produced tornadoes over the next several hours before the storms gradually weakened by mid-evening.",230
794995,FULTON CO.,MARBLETOWN,12/01/2018,1555,Tornado, ,EF1,0,0,350000,0,IL,CST-6, ,132864,C,57,ILX,0,0,NWS Storm Survey, ,13.48,450,4,SSW,1,NW,SEPO,12/01/2018,1618,40.1844,-90.2302,40.3652,-90.1343,"This tornado crossed from Schuyler County into far southern Fulton County about 6.9 miles southeast of Astoria at 3:55 PM CST.  The tornado progressed northeastward doing extensive tree damage as it nearly paralleled Highway 100. Additional tree damage and minor roof damage occurred near the intersection of Highway 100 and US-136. The tornado then tracked nearly due northward through rural areas doing tree damage before hitting some homes along North Waterford Road, producing mainly roof and siding damage, along with snapping and uprooting many trees. The hardest hit areas from this tornado were along East County Highway 9 southeast of Lewistown, where more extensive home damage occurred, along with very large trees getting snapped or uprooted. A winery suffered extensive damage to several buildings and numerous trees and power lines were downed. The tornado dissipated in a field east of East Township Line Road and County Highway 9 about 2.3 miles southeast of Lewistown at 4:18 PM CST.","An historic tornado outbreak occurred across Illinois on December 1st, with a total of 29 tornadoes touching down across the central part of the state.  This made it the largest December tornado outbreak in the state of Illinois since 1957, and the third largest tornado outbreak across Illinois in any month since 1950.  Within the National Weather Service Lincoln County Warning Area (CWA), 20 tornadoes touched down...with the most significant being an EF-3 tornado that tore through the city of Taylorville in Christian County.  Despite several communities being directly impacted and experiencing major damage, there were no fatalities reported.  The severe weather was caused by a deep area of low pressure that tracked from eastern Kansas into north-central Illinois.  Warm air surging northward ahead of the low allowed temperatures to soar into the upper 50s and lower 60s, resulting in a narrow corridor of Convective Available Potential Energy (CAPE) values of 500-1000J/kg ahead of an approaching occluded front.  Thanks to ample low-level wind shear, numerous supercell thunderstorms developed within the instability axis by mid to late afternoon.  Many of the storms produced tornadoes over the next several hours before the storms gradually weakened by mid-evening.",231
788455,MACOUPIN CO.,STAUNTON,12/01/2018,1559,Tornado, ,EF1,0,0,0,0,IL,CST-6, ,131831,C,117,LSX,0,0,NWS Storm Survey, ,1.39,50,2,ENE,2,S,MT OLIVE,12/01/2018,1601,39.031,-89.7523,39.0465,-89.7359,"A tornado touched down over the Country Classic Cars business northeast of Staunton, IL. Many videos surfaced showing a funnel develop and pass over Interstate 55. No damage could be seen west of the interstate, creating the initial damage to a carport at the business, and then cutting an approximately 50 yard path through the middle portion of the second storage shed on the property. The tornado proceeded east, depositing several pieces of sheet metal and wood onto Old Route 66 and fields to the east. Despite visible power flashed in videos, power lines looked untouched. Arching likely occurred when metal sheeting was thrown across the lines. A debris path could be seen strewn for several hundred feet to the northeast. A house, couple of farm buildings and trees were damaged on the south side of Tall Timber Road. Another structure to the north side of Tall Timber Road, at the end of Adden Road, was also damaged. Several pieces of debris could be seen in the field to the northeast of   Adden Road and to the west of Two Mile Road. However, no damage was assessed past the field, where it is likely the tornado dissipated. Additional videos from Mt. Olive show a long rope funnel ascended above the town with no damage to the community. Overall the tornado was rated EF1 with a path length of 1.39 miles and a max path width of 50 yards. No injuries or deaths were reported with this tornado.","By late morning much of the rain shifted north and east of forecast area allowing partial |clearing to destabilize the atmosphere.  Steep lapse rates due to relatively cold mid level temperatures southeast of the upper level low combined with strong low-mid level wind shear due to an 80-kt mid level wind max southeast of the upper level low. This led to the development of isolated low topped supercells along the northward moving warm front and ahead of the eastward moving cold front. Eight tornadoes were surveyed over WFO LSX's forecast area.",232
788456,MONTGOMERY CO.,LAKE LOU YAEGER,12/01/2018,1609,Tornado, ,EF1,0,0,0,0,IL,CST-6, ,131831,C,135,LSX,0,0,NWS Storm Survey, ,8.03,75,3,W,3,WNW,RAYMOND,12/01/2018,1629,39.2315,-89.6819,39.3352,-89.6143,"The tornado initially touched down just to the west of Interstate 55, along E 1st Road. Power poles were snapped in this location. The tornado continued to the northeast, doing some damage to farm buildings along N 17th Avenue. The tornado continued northeast towards Illinois Route 108 where several trees were snapped. The worst damage was along Illinois Route 48 just west of Raymond, IL where a family residence sustained major roof damage and damage to the garage. The tornado then lifted somewhere near N 23rd Avenue to the northwest of Raymond, IL.  Overall, the tornado was rated EF1 with a path length of 8.02 miles and a max path width of 75 yards. No injuries or deaths were reported with this tornado.","By late morning much of the rain shifted north and east of forecast area allowing partial |clearing to destabilize the atmosphere.  Steep lapse rates due to relatively cold mid level temperatures southeast of the upper level low combined with strong low-mid level wind shear due to an 80-kt mid level wind max southeast of the upper level low. This led to the development of isolated low topped supercells along the northward moving warm front and ahead of the eastward moving cold front. Eight tornadoes were surveyed over WFO LSX's forecast area.",233
788457,MONTGOMERY CO.,LITCHFIELD,12/01/2018,1616,Tornado, ,EF2,0,0,0,0,IL,CST-6, ,131831,C,135,LSX,0,0,NWS Storm Survey, ,6.79,100,2,SSE,3,NW,BUTLER,12/01/2018,1629,39.1522,-89.6324,39.2361,-89.5663,"The tornado first touched down just southeast of Litchfield, IL, along Old Litchfield Trail where large tree branches were snapped. The damage worsened as the tornado moved northeast, where a large farm building was destroyed near Illinois Route 16. The tornado then crossed to the north of Illinois Route 16, doing damage along Rocky Hollow Trail. This area sustained the worst of the tornadic damage, where several farm buildings were destroyed. A brick family residence sustained major roof damage and suffered a partial loss of its walls in this location as well. The tornado then continued to the northeast, weakening and eventually lifting as it turned to the west towards E 7th Road. This curvature in the tornado path made the path length 7.93 miles. However, can only plot two points went entering tornado information, thus path length in the header is indicating 6.79 miles. Overall, the tornado was rated EF2 with a path length of 7.93 miles and a max path width of 100 yards. No injuries or deaths were reported with this tornado.","By late morning much of the rain shifted north and east of forecast area allowing partial |clearing to destabilize the atmosphere.  Steep lapse rates due to relatively cold mid level temperatures southeast of the upper level low combined with strong low-mid level wind shear due to an 80-kt mid level wind max southeast of the upper level low. This led to the development of isolated low topped supercells along the northward moving warm front and ahead of the eastward moving cold front. Eight tornadoes were surveyed over WFO LSX's forecast area.",234
788458,MONTGOMERY CO.,BUTLER,12/01/2018,1632,Tornado, ,EF1,0,0,0,0,IL,CST-6, ,131831,C,135,LSX,0,0,NWS Storm Survey, ,1.97,50,4,NNW,3,SE,RAYMOND,12/01/2018,1636,39.2584,-89.5486,39.2832,-89.5304,"The tornado began southeast of Raymond, IL along Illinois Route 127 where several trees were uprooted. The tornado continued northeast, crossing over Blue Grass Creek where it continued to do mainly tree damage. The worst damage was found near Oil Field Road, where a few outbuildings were destroyed. A family residence sustained some minor roof and shingle damage as the tornado crossed Oil Field Road and dissipated. Overall, the tornado was rated EF1 with a path length of 1.97 miles and a max path width of 50 yards. No injuries or deaths were reported with this tornado.","By late morning much of the rain shifted north and east of forecast area allowing partial |clearing to destabilize the atmosphere.  Steep lapse rates due to relatively cold mid level temperatures southeast of the upper level low combined with strong low-mid level wind shear due to an 80-kt mid level wind max southeast of the upper level low. This led to the development of isolated low topped supercells along the northward moving warm front and ahead of the eastward moving cold front. Eight tornadoes were surveyed over WFO LSX's forecast area.",235
795004,FULTON CO.,MAPLES MILL,12/01/2018,1645,Tornado, ,EF0,0,0,20000,0,IL,CST-6, ,132864,C,57,ILX,0,0,NWS Storm Survey, ,5.54,25,2,NNE,2,SSE,RAWALTS,12/01/2018,1656,40.4543,-90.0113,40.5286,-89.9716,"A tornado touched down in a field about 3.4 miles southeast of St. David at 4:45 PM CST.  The tornado tracked north-northeastward damaging numerous trees along its path before dissipating 3.6 miles southeast of Canton at 4:56 PM CST.","An historic tornado outbreak occurred across Illinois on December 1st, with a total of 29 tornadoes touching down across the central part of the state.  This made it the largest December tornado outbreak in the state of Illinois since 1957, and the third largest tornado outbreak across Illinois in any month since 1950.  Within the National Weather Service Lincoln County Warning Area (CWA), 20 tornadoes touched down...with the most significant being an EF-3 tornado that tore through the city of Taylorville in Christian County.  Despite several communities being directly impacted and experiencing major damage, there were no fatalities reported.  The severe weather was caused by a deep area of low pressure that tracked from eastern Kansas into north-central Illinois.  Warm air surging northward ahead of the low allowed temperatures to soar into the upper 50s and lower 60s, resulting in a narrow corridor of Convective Available Potential Energy (CAPE) values of 500-1000J/kg ahead of an approaching occluded front.  Thanks to ample low-level wind shear, numerous supercell thunderstorms developed within the instability axis by mid to late afternoon.  Many of the storms produced tornadoes over the next several hours before the storms gradually weakened by mid-evening.",236
788459,MONTGOMERY CO.,HARVEL,12/01/2018,1647,Tornado, ,EF0,0,0,0,0,IL,CST-6, ,131831,C,135,LSX,0,0,NWS Storm Survey, ,0.06,25,4,E,4,E,HARVEL,12/01/2018,1648,39.348,-89.4577,39.3488,-89.4571,"The tornado touched down just south of the Christian/Montgomery County line, near the intersection of E000 North Rd and N400 East Rd. It damaged an outbuilding by knocking out a wall and pushed it off it's foundation, before entering Christian County (WFO ILX County Warning Area). This segment of the tornado (Montgomery County IL) was rated EF0 with a path length of 0.06 miles and a max path width of 25 yards. No injuries or deaths were reported in Montgomery County. The entire tornado was rated EF0. It's path length was 3.1 miles with a max path width of 200 yards. No injuries or deaths were reported.","By late morning much of the rain shifted north and east of forecast area allowing partial |clearing to destabilize the atmosphere.  Steep lapse rates due to relatively cold mid level temperatures southeast of the upper level low combined with strong low-mid level wind shear due to an 80-kt mid level wind max southeast of the upper level low. This led to the development of isolated low topped supercells along the northward moving warm front and ahead of the eastward moving cold front. Eight tornadoes were surveyed over WFO LSX's forecast area.",237
795006,CHRISTIAN CO.,HARVEL,12/01/2018,1648,Tornado, ,EF0,0,0,140000,0,IL,CST-6, ,132864,C,21,ILX,0,0,NWS Storm Survey, ,3.05,200,4,E,3,SE,MORRISONVILLE,12/01/2018,1654,39.3488,-89.4572,39.3866,-89.4278,"This tornado touched down in the National Weather Service St. Louis County Warning Area (CWA) just south of the Montgomery/Christian County line near the intersection of East 000 Road and North 400 Road at 4:48 PM CST.  It quickly crossed into Christian County, damaging an outbuilding by knocking out a wall and pushing it off it's foundation.  It then proceeded to the northeast, doing roof and wall damage to more outbuildings, as well as some tree damage, before dissipating in an open field about 2.9 miles south-southeast of Morrisonville at 4:54 PM CST.","An historic tornado outbreak occurred across Illinois on December 1st, with a total of 29 tornadoes touching down across the central part of the state.  This made it the largest December tornado outbreak in the state of Illinois since 1957, and the third largest tornado outbreak across Illinois in any month since 1950.  Within the National Weather Service Lincoln County Warning Area (CWA), 20 tornadoes touched down...with the most significant being an EF-3 tornado that tore through the city of Taylorville in Christian County.  Despite several communities being directly impacted and experiencing major damage, there were no fatalities reported.  The severe weather was caused by a deep area of low pressure that tracked from eastern Kansas into north-central Illinois.  Warm air surging northward ahead of the low allowed temperatures to soar into the upper 50s and lower 60s, resulting in a narrow corridor of Convective Available Potential Energy (CAPE) values of 500-1000J/kg ahead of an approaching occluded front.  Thanks to ample low-level wind shear, numerous supercell thunderstorms developed within the instability axis by mid to late afternoon.  Many of the storms produced tornadoes over the next several hours before the storms gradually weakened by mid-evening.",238
795007,MASON CO.,POPLAR CITY,12/01/2018,1653,Tornado, ,EF1,0,0,65000,0,IL,CST-6, ,132864,C,125,ILX,0,0,NWS Storm Survey, ,11.68,250,1,S,2,ESE,FOREST CITY,12/01/2018,1717,40.2325,-89.9335,40.3626,-89.792,"A tornado touched down near the intersection of 1200N and 2250E about 4.9 miles west of Easton at 4:53 PM CST.  The tornado uprooted some large trees, then progressed to the NE, causing damage to power poles and tipping over many irrigation systems before it dissipated near the intersection of 2100N and 3000E about 1.9 miles east-southeast of Forest City at 5:17 PM CST.","An historic tornado outbreak occurred across Illinois on December 1st, with a total of 29 tornadoes touching down across the central part of the state.  This made it the largest December tornado outbreak in the state of Illinois since 1957, and the third largest tornado outbreak across Illinois in any month since 1950.  Within the National Weather Service Lincoln County Warning Area (CWA), 20 tornadoes touched down...with the most significant being an EF-3 tornado that tore through the city of Taylorville in Christian County.  Despite several communities being directly impacted and experiencing major damage, there were no fatalities reported.  The severe weather was caused by a deep area of low pressure that tracked from eastern Kansas into north-central Illinois.  Warm air surging northward ahead of the low allowed temperatures to soar into the upper 50s and lower 60s, resulting in a narrow corridor of Convective Available Potential Energy (CAPE) values of 500-1000J/kg ahead of an approaching occluded front.  Thanks to ample low-level wind shear, numerous supercell thunderstorms developed within the instability axis by mid to late afternoon.  Many of the storms produced tornadoes over the next several hours before the storms gradually weakened by mid-evening.",239
795053,CHRISTIAN CO.,PALMER,12/01/2018,1701,Tornado, ,EF3,0,22,118900000,0,IL,CST-6, ,132864,C,21,ILX,0,0,NWS Storm Survey, ,12.49,900,3,SSE,2,N,TAYLORVILLE,12/01/2018,1725,39.414,-89.395,39.5784,-89.2976,"A tornado touched down about 3.2 miles east-southeast of Morrisonville at 5:01 PM CST.  It hit a farmstead, destroying 3 barns and severely damaging 4 other out buildings.  The tornado was rated EF2 at this location with maximum wind speeds of 112 mph. The tornado continued moving northeastward, hitting several other outbuildings and snapping trees. The tree and outbuilding damage was classified as EF1 damage with wind speeds of 100-110mph. As the tornado continued to the northeast it snapped more large trees and then hit a log home, removing 25-50% of the roof material. It also snapped many other trees on this property and destroyed a couple of small outbuildings, throwing the debris northward into a field. The tornado was rated EF2 at this location with wind speeds of 115mph. The tornado continued northeastward and moved into a wooded area, snapping and uprooting hundreds of trees along its path. It then curved north-northeastward and moved into Hewittville, a small community on the southern edge of Taylorville. Here the tornado destroyed or severely damaged multiple houses. The first house the tornado hit lost most exterior walls and the entire roof, except for the roof over the attached garage, which was on the north side of the house. It also destroyed a second garage on the property and then completely destroyed a mobile home across the street. The tornado was rated EF3 with wind speeds around 150mph at this location. The tornado continued north-northeastward, destroying a barn, pushing an unanchored home off its foundation and completely destroying another mobile home. This mobile home was partially anchored by wood posts set in slots on a concrete foundation over a basement and crawl space. The resident of this home was badly injured and was found unconscious, trapped under debris in the crawl space. The tornado was rated EF3 with wind speeds of 140mph at this location. As the tornado continued, it snapped and uprooted many more trees and took down power lines and power poles. Many more homes were damaged, to a lesser extent than the first few on the south end of town, with some damage to the homes coming from trees or tree branches falling on the homes. As the tornado moved into the northern part of Hewittville, the wind speeds seemed to increase, completely destroying another home and destroying a large, old building that had been part of an old rail-yard. The tornado also damaged other homes and garages in this area. The tornado was rated EF3 with wind speeds of 155mph at this location. As the tornado tracked north-northeastward, it moved into Taylorville, taking down more trees, power lines/poles, and damaging multiple houses. Several homes lost roofs and garages. The tornado continued through Taylorville damaging other homes and several businesses on West Spresser St. and was rated EF2 with wind speeds of 120-125mph at this point. As the tornado crossed Hwy 29 into the northern part of town, it weakened considerably, with the damage becoming less severe and more sporadic.  The tornado dissipated 1.8 miles north of Taylorville at 5:25 PM CST.  In total, the tornado impacted 506 structures...including major damage to 61 homes and 7 businesses and complete destruction of 28 homes.  Total damage was estimated at $118.9 million.","An historic tornado outbreak occurred across Illinois on December 1st, with a total of 29 tornadoes touching down across the central part of the state.  This made it the largest December tornado outbreak in the state of Illinois since 1957, and the third largest tornado outbreak across Illinois in any month since 1950.  Within the National Weather Service Lincoln County Warning Area (CWA), 20 tornadoes touched down...with the most significant being an EF-3 tornado that tore through the city of Taylorville in Christian County.  Despite several communities being directly impacted and experiencing major damage, there were no fatalities reported.  The severe weather was caused by a deep area of low pressure that tracked from eastern Kansas into north-central Illinois.  Warm air surging northward ahead of the low allowed temperatures to soar into the upper 50s and lower 60s, resulting in a narrow corridor of Convective Available Potential Energy (CAPE) values of 500-1000J/kg ahead of an approaching occluded front.  Thanks to ample low-level wind shear, numerous supercell thunderstorms developed within the instability axis by mid to late afternoon.  Many of the storms produced tornadoes over the next several hours before the storms gradually weakened by mid-evening.",240
795037,TAZEWELL CO.,PARKLAND,12/01/2018,1734,Tornado, ,EF0,0,0,80000,0,IL,CST-6, ,132864,C,179,ILX,0,0,NWS Storm Survey, ,0.12,50,1,NE,2,NE,PARKLAND,12/01/2018,1735,40.4673,-89.7347,40.4685,-89.7331,"A tornado briefly touched down 4.8 miles southwest of South Pekin at 5:34 PM CST.  The tornado blew over a couple of outbuildings, damaged a pool deck structure near a home, and tipped over an irrigation system before dissipating 4.7 miles southwest of South Pekin at 5:35 PM CST.","An historic tornado outbreak occurred across Illinois on December 1st, with a total of 29 tornadoes touching down across the central part of the state.  This made it the largest December tornado outbreak in the state of Illinois since 1957, and the third largest tornado outbreak across Illinois in any month since 1950.  Within the National Weather Service Lincoln County Warning Area (CWA), 20 tornadoes touched down...with the most significant being an EF-3 tornado that tore through the city of Taylorville in Christian County.  Despite several communities being directly impacted and experiencing major damage, there were no fatalities reported.  The severe weather was caused by a deep area of low pressure that tracked from eastern Kansas into north-central Illinois.  Warm air surging northward ahead of the low allowed temperatures to soar into the upper 50s and lower 60s, resulting in a narrow corridor of Convective Available Potential Energy (CAPE) values of 500-1000J/kg ahead of an approaching occluded front.  Thanks to ample low-level wind shear, numerous supercell thunderstorms developed within the instability axis by mid to late afternoon.  Many of the storms produced tornadoes over the next several hours before the storms gradually weakened by mid-evening.",241
795038,CHRISTIAN CO.,STONINGTON,12/01/2018,1734,Tornado, ,EF2,0,0,3300000,0,IL,CST-6, ,132864,C,21,ILX,0,0,NWS Storm Survey, ,8.39,400,0,W,1,E,OSBERNVILLE,12/01/2018,1752,39.6301,-89.2008,39.746,-89.1535,"A tornado touched down along IL Route 48 on the southwest edge of Stonington at 5:34 PM CST. At this time, two circulations aloft merged near the west side of Stonington, causing the tornado to take a sharp turn toward the north. Much of the damage in the town was on the northwest side where house roofs were impacted and several garages and sheds were destroyed. The tornado continued tracking to the north and did significant damage to outbuildings at a farm 4 miles north of Stonington. The tornado then curved toward the northeast, damaging several more outbuildings and sheds before it dissipated near Mosquito Creek, about 5.9 miles east-southeast of Mt. Auburn at 5:52 PM CST.","An historic tornado outbreak occurred across Illinois on December 1st, with a total of 29 tornadoes touching down across the central part of the state.  This made it the largest December tornado outbreak in the state of Illinois since 1957, and the third largest tornado outbreak across Illinois in any month since 1950.  Within the National Weather Service Lincoln County Warning Area (CWA), 20 tornadoes touched down...with the most significant being an EF-3 tornado that tore through the city of Taylorville in Christian County.  Despite several communities being directly impacted and experiencing major damage, there were no fatalities reported.  The severe weather was caused by a deep area of low pressure that tracked from eastern Kansas into north-central Illinois.  Warm air surging northward ahead of the low allowed temperatures to soar into the upper 50s and lower 60s, resulting in a narrow corridor of Convective Available Potential Energy (CAPE) values of 500-1000J/kg ahead of an approaching occluded front.  Thanks to ample low-level wind shear, numerous supercell thunderstorms developed within the instability axis by mid to late afternoon.  Many of the storms produced tornadoes over the next several hours before the storms gradually weakened by mid-evening.",242
795039,MACON CO.,BLACKLAND,12/01/2018,1753,Tornado, ,EF1,0,0,325000,0,IL,CST-6, ,132864,C,115,ILX,0,0,NWS Storm Survey, ,4.27,250,3,SW,2,N,BLACKLAND,12/01/2018,1759,39.7469,-89.1378,39.8033,-89.1047,"A tornado touched down 3.2 miles north-northwest of Blue Mound at 5:53 PM CST. The tornado pushed a manufactured home off of its foundation on Zion Chapel Road as it moved to the north-northeast. Several outbuildings were destroyed by the tornado about 1-2 miles northeast of the house damage. Numerous trees were snapped before the tornado dissipated after crossing the Sangamon River near the Lincoln Trail Homestead State Park about 3.3 miles south-southwest of Harristown at 5:59 PM CST.","An historic tornado outbreak occurred across Illinois on December 1st, with a total of 29 tornadoes touching down across the central part of the state.  This made it the largest December tornado outbreak in the state of Illinois since 1957, and the third largest tornado outbreak across Illinois in any month since 1950.  Within the National Weather Service Lincoln County Warning Area (CWA), 20 tornadoes touched down...with the most significant being an EF-3 tornado that tore through the city of Taylorville in Christian County.  Despite several communities being directly impacted and experiencing major damage, there were no fatalities reported.  The severe weather was caused by a deep area of low pressure that tracked from eastern Kansas into north-central Illinois.  Warm air surging northward ahead of the low allowed temperatures to soar into the upper 50s and lower 60s, resulting in a narrow corridor of Convective Available Potential Energy (CAPE) values of 500-1000J/kg ahead of an approaching occluded front.  Thanks to ample low-level wind shear, numerous supercell thunderstorms developed within the instability axis by mid to late afternoon.  Many of the storms produced tornadoes over the next several hours before the storms gradually weakened by mid-evening.",243
795040,MACON CO.,HARRISTOWN,12/01/2018,1803,Tornado, ,EF0,0,0,25000,0,IL,CST-6, ,132864,C,115,ILX,0,0,NWS Storm Survey, ,0.41,50,1,SSW,1,SSW,HARRISTOWN,12/01/2018,1804,39.837,-89.0869,39.8419,-89.0825,"A tornado touched down on the southwest edge of Harristown at 6:03 PM CST.  The tornado damaged trees and did minor roof damage before quickly dissipating at 6:04 PM CST.","An historic tornado outbreak occurred across Illinois on December 1st, with a total of 29 tornadoes touching down across the central part of the state.  This made it the largest December tornado outbreak in the state of Illinois since 1957, and the third largest tornado outbreak across Illinois in any month since 1950.  Within the National Weather Service Lincoln County Warning Area (CWA), 20 tornadoes touched down...with the most significant being an EF-3 tornado that tore through the city of Taylorville in Christian County.  Despite several communities being directly impacted and experiencing major damage, there were no fatalities reported.  The severe weather was caused by a deep area of low pressure that tracked from eastern Kansas into north-central Illinois.  Warm air surging northward ahead of the low allowed temperatures to soar into the upper 50s and lower 60s, resulting in a narrow corridor of Convective Available Potential Energy (CAPE) values of 500-1000J/kg ahead of an approaching occluded front.  Thanks to ample low-level wind shear, numerous supercell thunderstorms developed within the instability axis by mid to late afternoon.  Many of the storms produced tornadoes over the next several hours before the storms gradually weakened by mid-evening.",244
795041,SANGAMON CO.,DERRY FARM,12/01/2018,1816,Tornado, ,EF1,0,0,225000,0,IL,CST-6, ,132864,C,167,ILX,0,0,NWS Storm Survey, ,4.57,100,1,S,3,SW,MECHANICSBURG,12/01/2018,1833,39.7488,-89.4999,39.798,-89.4424,"A tornado touched down 1.5 miles east of Rochester at 6:16 PM CST.  The tornado tracked north-northeastward, damaging numerous trees, power poles, and the roofs of houses and garages before dissipating 2.9 miles west-southwest of Mechanicsburg at 6:33 PM CST.","An historic tornado outbreak occurred across Illinois on December 1st, with a total of 29 tornadoes touching down across the central part of the state.  This made it the largest December tornado outbreak in the state of Illinois since 1957, and the third largest tornado outbreak across Illinois in any month since 1950.  Within the National Weather Service Lincoln County Warning Area (CWA), 20 tornadoes touched down...with the most significant being an EF-3 tornado that tore through the city of Taylorville in Christian County.  Despite several communities being directly impacted and experiencing major damage, there were no fatalities reported.  The severe weather was caused by a deep area of low pressure that tracked from eastern Kansas into north-central Illinois.  Warm air surging northward ahead of the low allowed temperatures to soar into the upper 50s and lower 60s, resulting in a narrow corridor of Convective Available Potential Energy (CAPE) values of 500-1000J/kg ahead of an approaching occluded front.  Thanks to ample low-level wind shear, numerous supercell thunderstorms developed within the instability axis by mid to late afternoon.  Many of the storms produced tornadoes over the next several hours before the storms gradually weakened by mid-evening.",245
795044,MACON CO.,MAROA,12/01/2018,1831,Tornado, ,EF1,0,0,150000,0,IL,CST-6, ,132864,C,115,ILX,0,0,NWS Storm Survey, ,1.13,320,2,SSE,1,SE,MAROA,12/01/2018,1833,40.0074,-88.9441,40.0229,-88.9374,"A tornado touched down a half mile east of IL Highway 51 along East School Road about 2.2 miles south of Maroa at 6:31 PM CST.  The tornado destroyed a large outbuilding and snapped off many trees in that area, then moved to the northeast, causing periodic tree damage and some home roofing damage before dissipating as it reached the intersection of East Duroc Road and Sawyer Road 1.4 miles southeast of Maroa at 6:33 PM CST.","An historic tornado outbreak occurred across Illinois on December 1st, with a total of 29 tornadoes touching down across the central part of the state.  This made it the largest December tornado outbreak in the state of Illinois since 1957, and the third largest tornado outbreak across Illinois in any month since 1950.  Within the National Weather Service Lincoln County Warning Area (CWA), 20 tornadoes touched down...with the most significant being an EF-3 tornado that tore through the city of Taylorville in Christian County.  Despite several communities being directly impacted and experiencing major damage, there were no fatalities reported.  The severe weather was caused by a deep area of low pressure that tracked from eastern Kansas into north-central Illinois.  Warm air surging northward ahead of the low allowed temperatures to soar into the upper 50s and lower 60s, resulting in a narrow corridor of Convective Available Potential Energy (CAPE) values of 500-1000J/kg ahead of an approaching occluded front.  Thanks to ample low-level wind shear, numerous supercell thunderstorms developed within the instability axis by mid to late afternoon.  Many of the storms produced tornadoes over the next several hours before the storms gradually weakened by mid-evening.",246
795048,MCLEAN CO.,EMPIRE,12/01/2018,1906,Tornado, ,EF1,0,0,75000,0,IL,CST-6, ,132864,C,113,ILX,0,0,NWS Storm Survey, ,0.21,50,3,WSW,3,W,EMPIRE,12/01/2018,1907,40.2894,-88.7791,40.2924,-88.7793,"A tornado touched down one-half mile north of the Dewitt/McLean County line about 4.4 miles south of Leroy at 7:06 PM CST.  It damaged trees, an outbuilding, the roof of a house, and toppled a road sign before quickly dissipating at 7:07 PM CST.","An historic tornado outbreak occurred across Illinois on December 1st, with a total of 29 tornadoes touching down across the central part of the state.  This made it the largest December tornado outbreak in the state of Illinois since 1957, and the third largest tornado outbreak across Illinois in any month since 1950.  Within the National Weather Service Lincoln County Warning Area (CWA), 20 tornadoes touched down...with the most significant being an EF-3 tornado that tore through the city of Taylorville in Christian County.  Despite several communities being directly impacted and experiencing major damage, there were no fatalities reported.  The severe weather was caused by a deep area of low pressure that tracked from eastern Kansas into north-central Illinois.  Warm air surging northward ahead of the low allowed temperatures to soar into the upper 50s and lower 60s, resulting in a narrow corridor of Convective Available Potential Energy (CAPE) values of 500-1000J/kg ahead of an approaching occluded front.  Thanks to ample low-level wind shear, numerous supercell thunderstorms developed within the instability axis by mid to late afternoon.  Many of the storms produced tornadoes over the next several hours before the storms gradually weakened by mid-evening.",247
795049,MCLEAN CO.,LE ROY,12/01/2018,1918,Tornado, ,EF2,0,0,75000,0,IL,CST-6, ,132864,C,113,ILX,0,0,NWS Storm Survey, ,2.44,100,3,NE,2,SSE,ELLSWORTH,12/01/2018,1920,40.3839,-88.7228,40.4162,-88.7042,"A tornado touched down one mile south of Moraine View State Park at 7:18 PM CST.  It tore off most of the roof of a house and destroyed an attached garage.  An outbuilding and several trees were also damaged.  The tornado quickly dissipated just east of Moraine View State Park at 7:20 PM CST.","An historic tornado outbreak occurred across Illinois on December 1st, with a total of 29 tornadoes touching down across the central part of the state.  This made it the largest December tornado outbreak in the state of Illinois since 1957, and the third largest tornado outbreak across Illinois in any month since 1950.  Within the National Weather Service Lincoln County Warning Area (CWA), 20 tornadoes touched down...with the most significant being an EF-3 tornado that tore through the city of Taylorville in Christian County.  Despite several communities being directly impacted and experiencing major damage, there were no fatalities reported.  The severe weather was caused by a deep area of low pressure that tracked from eastern Kansas into north-central Illinois.  Warm air surging northward ahead of the low allowed temperatures to soar into the upper 50s and lower 60s, resulting in a narrow corridor of Convective Available Potential Energy (CAPE) values of 500-1000J/kg ahead of an approaching occluded front.  Thanks to ample low-level wind shear, numerous supercell thunderstorms developed within the instability axis by mid to late afternoon.  Many of the storms produced tornadoes over the next several hours before the storms gradually weakened by mid-evening.",248
795051,MCLEAN CO.,PADUA,12/01/2018,1921,Tornado, ,EF0,0,0,30000,0,IL,CST-6, ,132864,C,113,ILX,0,0,NWS Storm Survey, ,0.12,25,3,S,3,S,PADUA,12/01/2018,1922,40.4102,-88.7671,40.4119,-88.7678,"A tornado touched down 3.8 miles southwest of Ellsworth at 7:21 PM CST.  It damaged a large outbuilding before quickly dissipating at 7:22 PM CST.","An historic tornado outbreak occurred across Illinois on December 1st, with a total of 29 tornadoes touching down across the central part of the state.  This made it the largest December tornado outbreak in the state of Illinois since 1957, and the third largest tornado outbreak across Illinois in any month since 1950.  Within the National Weather Service Lincoln County Warning Area (CWA), 20 tornadoes touched down...with the most significant being an EF-3 tornado that tore through the city of Taylorville in Christian County.  Despite several communities being directly impacted and experiencing major damage, there were no fatalities reported.  The severe weather was caused by a deep area of low pressure that tracked from eastern Kansas into north-central Illinois.  Warm air surging northward ahead of the low allowed temperatures to soar into the upper 50s and lower 60s, resulting in a narrow corridor of Convective Available Potential Energy (CAPE) values of 500-1000J/kg ahead of an approaching occluded front.  Thanks to ample low-level wind shear, numerous supercell thunderstorms developed within the instability axis by mid to late afternoon.  Many of the storms produced tornadoes over the next several hours before the storms gradually weakened by mid-evening.",249
795052,MCLEAN CO.,COLFAX,12/01/2018,1942,Tornado, ,EF1,0,0,110000,0,IL,CST-6, ,132864,C,113,ILX,0,0,NWS Storm Survey, ,0.49,75,3,W,3,W,COLFAX,12/01/2018,1944,40.5655,-88.6713,40.5726,-88.6725,"A tornado touched down 3 miles west of Colfax at 7:42 PM CST.  It destroyed outbuildings and damaged trees before quickly dissipating 3.1 miles west-northwest of Colfax at 7:44 PM CST.","An historic tornado outbreak occurred across Illinois on December 1st, with a total of 29 tornadoes touching down across the central part of the state.  This made it the largest December tornado outbreak in the state of Illinois since 1957, and the third largest tornado outbreak across Illinois in any month since 1950.  Within the National Weather Service Lincoln County Warning Area (CWA), 20 tornadoes touched down...with the most significant being an EF-3 tornado that tore through the city of Taylorville in Christian County.  Despite several communities being directly impacted and experiencing major damage, there were no fatalities reported.  The severe weather was caused by a deep area of low pressure that tracked from eastern Kansas into north-central Illinois.  Warm air surging northward ahead of the low allowed temperatures to soar into the upper 50s and lower 60s, resulting in a narrow corridor of Convective Available Potential Energy (CAPE) values of 500-1000J/kg ahead of an approaching occluded front.  Thanks to ample low-level wind shear, numerous supercell thunderstorms developed within the instability axis by mid to late afternoon.  Many of the storms produced tornadoes over the next several hours before the storms gradually weakened by mid-evening.",250
802646,WILL CO.,LORENZO,01/18/2019,1605,Tornado, ,EFU,0,0,0,0,IL,CST-6, ,133267,C,197,LOT,0,0,Trained Spotter, ,0.06,25,1,W,1,W,LORENZO,01/18/2019,1606,41.3494,-88.2408,41.3493,-88.2419,"A non-supercell waterspout formed over the warm waters of the Dresden cooling pond, which is an inland lake.  No damage occurred.","A waterspout was photographed by a spotter and observed by a second spotter over the warm water in the Dresden cooling pond near Wilmington during the late afternoon of January 18th.",251
812377,PULASKI CO.,PULASKI,04/24/2019,1459,Tornado, ,EF0,0,0,1000,0,IL,CST-6, ,135448,C,153,PAH,0,0,NWS Storm Survey, ,0.23,30,1,S,1,SSE,PULASKI,04/24/2019,1500,37.202,-89.198,37.2035,-89.1942,"A couple of large but decayed trees were blown down. Peak winds were estimated near 70 mph.","A loosely organized cluster of thunderstorms gradually increased due to surface heating ahead of a weak low pressure center over southern Missouri. These storms occurred in a moderately unstable environment, with around 1500 j/kg of cape. Wind shear was relatively weak, however 30 to 35 knots of mid-level flow atop marginal low-level flow resulted in sufficient shear for a weak, brief tornado. Locally heavy rain under the largest storm cluster caused minor road flooding.",252
827433,MONTGOMERY CO.,DONNELLSON,04/30/2019,1452,Tornado, ,EF0,0,0,0,0,IL,CST-6, ,137733,C,135,LSX,0,0,Storm Chaser, ,1.17,25,1,N,2,NE,DONNELLSON,04/30/2019,1454,39.0456,-89.4682,39.0517,-89.4478,"Several storm chasers witnessed a weak short-lived tornado from different vantage points. The tornado lifted dust from a field and small branches and leaves from a few trees. The location is estimated from a combination of radar and chaser reports. The tornado was rated EF0 with a path length of 1.17 miles and a max path width of 25 yards. There were no deaths or injuries reported with this tornado.","As a warm front lifted northward through the region, widespread showers and thunderstorms developed. Some of the storms produced severe weather including large hail and a couple of tornadoes. The activity persisted into the early morning hours of May 1st, but no reports of severe weather occurred with this event on May 1st.",253
827859,MONROE CO.,WATERLOO,05/21/2019,1801,Tornado, ,EF0,0,0,0,0,IL,CST-6, ,137747,C,133,LSX,0,0,NWS Storm Survey, ,0.34,50,2,NNW,2,N,WATERLOO,05/21/2019,1802,38.3638,-90.1609,38.3657,-90.1551,"A weak tornado caused minor structural damage and tree damage in the northern section of Waterloo, IL. The tornado was estimated to only be on the ground for a minute. The tornado was rated EF0 with a path length of 0.34 miles and a max path width of 50 yards. No deaths or injuries were reported.","A QLCS moved through the region producing damaging winds and a few tornadoes.",254
825650,HANCOCK CO.,SUTTER,05/22/2019,1917,Tornado, ,EF1,0,0,0,0,IL,CST-6, ,137472,C,67,DVN,0,0,NWS Storm Survey, ,0.53,30,4,N,4,NNE,SUTTER,05/22/2019,1918,40.3319,-91.3222,40.3349,-91.3129,"A brief EF-1 tornado hit a farmstead west of Basco in Hancock County Illinois during the evening of May 22nd. A barn was completely destroyed and a large tree was uprooted. The tornado continued for about a half mile before snapping a power pole and then lifting. The tornado was embedded in a larger swath of straight line winds, also estimated around 100 mph, that snapped trees and power poles and damaged outbuildings.","Showers and thunderstorms developed across northeast Missouri, west central Illinois, and extreme southeast Iowa between 4 and 11 PM, Wednesday, May 22.  Storms quickly intensified after 6 PM, with many severe thunderstorm and tornado warnings issued.  An EF-1 tornado was surveyed in Hancock county IL with these storms.",255
819609,SCHUYLER CO.,PLEASANT VIEW,05/22/2019,2056,Tornado, ,EF0,0,0,0,0,IL,CST-6, ,136629,C,169,ILX,0,0,NWS Storm Survey, ,1.75,50,2,NNW,3,WNW,PLEASANT VIEW,05/22/2019,2059,40.1273,-90.4811,40.1196,-90.5126,"A tornado touched down in an open field 2.7 miles east of Rushville at 9:56 PM CDT.  The tornado tracked northeastward for about 2 miles before dissipating at 9:59 PM CDT.  No damage was reported.","A strong cold front interacting with a moderately unstable and sheared environment triggered several lines of strong to severe thunderstorms during the late evening of May 22nd into the pre-dawn hours of May 23rd.  Five tornadoes developed along the leading edge of the storms, including an EF-1 tornado that caused minor damage across portions of Sangamon, Menard, and Logan counties.  Hail up to the size of golf balls was reported west of the I-55 corridor in Mason County before the event transitioned to primarily damaging wind gusts of 60-70mph as the storms pushed eastward to the Indiana border.",256
819610,SANGAMON CO.,CANTRALL,05/22/2019,2315,Tornado, ,EF1,0,0,0,0,IL,CST-6, ,136629,C,167,ILX,0,0,NWS Storm Survey, ,6.53,150,1,SW,3,NW,WILLIAMSVILLE,05/22/2019,2320,39.9199,-89.6909,39.9761,-89.5919,"A tornado touched down 1.6 miles southwest of Cantrall at 12:15 AM CDT on May 23rd.  The tornado tracked northeastward, damaging a farm and destroying an outbuilding and several trees before crossing into far southeastern Menard County at 12:20 AM CDT.","A strong cold front interacting with a moderately unstable and sheared environment triggered several lines of strong to severe thunderstorms during the late evening of May 22nd into the pre-dawn hours of May 23rd.  Five tornadoes developed along the leading edge of the storms, including an EF-1 tornado that caused minor damage across portions of Sangamon, Menard, and Logan counties.  Hail up to the size of golf balls was reported west of the I-55 corridor in Mason County before the event transitioned to primarily damaging wind gusts of 60-70mph as the storms pushed eastward to the Indiana border.",257
819611,MENARD CO.,FANCY PRAIRIE,05/22/2019,2320,Tornado, ,EF1,0,0,0,0,IL,CST-6, ,136629,C,129,ILX,0,0,NWS Storm Survey, ,0.95,150,2,SSE,2,SE,FANCY PRAIRIE,05/22/2019,2321,39.9761,-89.5919,39.9851,-89.5784,"This tornado crossed the Sangamon/Menard County line into far southeastern Menard County about 1.5 miles south-southeast of Fancy Prairie at 12:20 AM CDT.  It continued northeastward and crossed into southwestern Logan County at 12:21 AM CDT.","A strong cold front interacting with a moderately unstable and sheared environment triggered several lines of strong to severe thunderstorms during the late evening of May 22nd into the pre-dawn hours of May 23rd.  Five tornadoes developed along the leading edge of the storms, including an EF-1 tornado that caused minor damage across portions of Sangamon, Menard, and Logan counties.  Hail up to the size of golf balls was reported west of the I-55 corridor in Mason County before the event transitioned to primarily damaging wind gusts of 60-70mph as the storms pushed eastward to the Indiana border.",258
819613,LOGAN CO.,ELKHART,05/22/2019,2321,Tornado, ,EF1,0,0,0,0,IL,CST-6, ,136629,C,107,ILX,0,0,NWS Storm Survey, ,7.77,150,6,WSW,1,W,BROADWELL,05/22/2019,2327,39.9851,-89.5784,40.0667,-89.4773,"This tornado crossed the Menard/Logan County line into southwestern Logan County about 5.7 miles west-southwest of Elkhart at 12:21 AM CDT.  The tornado destroyed a machine shed on the Menard/Logan County line, then damaged other outbuildings and trees southwest and west of Elkhart before dissipating 1.9 miles west of Broadwell at 12:27 AM CDT.","A strong cold front interacting with a moderately unstable and sheared environment triggered several lines of strong to severe thunderstorms during the late evening of May 22nd into the pre-dawn hours of May 23rd.  Five tornadoes developed along the leading edge of the storms, including an EF-1 tornado that caused minor damage across portions of Sangamon, Menard, and Logan counties.  Hail up to the size of golf balls was reported west of the I-55 corridor in Mason County before the event transitioned to primarily damaging wind gusts of 60-70mph as the storms pushed eastward to the Indiana border.",259
819618,LOGAN CO.,LINCOLN,05/22/2019,2333,Tornado, ,EF1,0,0,0,0,IL,CST-6, ,136629,C,107,ILX,0,0,NWS Storm Survey, ,2.7,100,2,NW,4,SE,HARTSBURG,05/22/2019,2337,40.1719,-89.3926,40.2105,-89.385,"A tornado touched down just west of Kickapoo Creek County Park on the north side of Lincoln at 12:33 AM CDT.  The tornado tracked northeastward, damaging numerous trees, farm outbuildings, and one house roof before dissipating 4.6 miles north-northwest of Lincoln at 12:37 AM CDT.","A strong cold front interacting with a moderately unstable and sheared environment triggered several lines of strong to severe thunderstorms during the late evening of May 22nd into the pre-dawn hours of May 23rd.  Five tornadoes developed along the leading edge of the storms, including an EF-1 tornado that caused minor damage across portions of Sangamon, Menard, and Logan counties.  Hail up to the size of golf balls was reported west of the I-55 corridor in Mason County before the event transitioned to primarily damaging wind gusts of 60-70mph as the storms pushed eastward to the Indiana border.",260
819622,PIATT CO.,CISCO,05/23/2019,10,Tornado, ,EF1,0,0,0,0,IL,CST-6, ,136629,C,147,ILX,0,0,NWS Storm Survey, ,1.34,200,1,SSW,1,ESE,CISCO,05/23/2019,12,40.0116,-88.7367,40.016,-88.712,"A tornado touched down 0.6 miles west of Cisco at 1:10 AM CDT.  The tornado tracked eastward through the north side of Cisco.  Numerous trees were damaged, several of which fell onto buildings.  The tornado dissipated 0.8 miles northeast of Cisco at 1:12 AM CDT.","A strong cold front interacting with a moderately unstable and sheared environment triggered several lines of strong to severe thunderstorms during the late evening of May 22nd into the pre-dawn hours of May 23rd.  Five tornadoes developed along the leading edge of the storms, including an EF-1 tornado that caused minor damage across portions of Sangamon, Menard, and Logan counties.  Hail up to the size of golf balls was reported west of the I-55 corridor in Mason County before the event transitioned to primarily damaging wind gusts of 60-70mph as the storms pushed eastward to the Indiana border.",261
819625,VERMILION CO.,MUNCIE,05/23/2019,106,Tornado, ,EF1,0,0,0,0,IL,CST-6, ,136629,C,183,ILX,0,0,NWS Storm Survey, ,1.56,200,1,SSW,1,ENE,MUNCIE,05/23/2019,108,40.1133,-87.8552,40.1253,-87.8303,"A tornado touched down 1 mile east of Fithian at 2:06 AM CDT.  The tornado tracked northeastward through the community of Muncie, damaging numerous trees and snapping power poles.  A house was damaged when a tree fell onto it, and a semi was blown off I-74.  The tornado dissipated 1 mile northeast of Muncie at 2:08 AM CDT.","A strong cold front interacting with a moderately unstable and sheared environment triggered several lines of strong to severe thunderstorms during the late evening of May 22nd into the pre-dawn hours of May 23rd.  Five tornadoes developed along the leading edge of the storms, including an EF-1 tornado that caused minor damage across portions of Sangamon, Menard, and Logan counties.  Hail up to the size of golf balls was reported west of the I-55 corridor in Mason County before the event transitioned to primarily damaging wind gusts of 60-70mph as the storms pushed eastward to the Indiana border.",262
820942,CLAY CO.,XENIA,05/23/2019,715,Tornado, ,EF0,0,0,0,0,IL,CST-6, ,136825,C,25,ILX,0,0,NWS Storm Survey, ,0.73,20,4,WSW,3,WSW,XENIA,05/23/2019,716,38.6161,-88.693,38.6176,-88.6796,"A tornado briefly touched down in an open field about 3.3 miles west-southwest of Xenia at 8:15 AM CDT.  No damage was reported.","A cold front sagging into southeast Illinois triggered showers and thunderstorms south of the I-70 corridor during the morning of May 23rd.  One cell produced a brief tornado southwest of Xenia in Clay County, while other storms dropped heavy rainfall and caused localized flash flooding.  With 1-2 inches of rain falling in a short period of time, several county roads north of US-50 were flooded in Richland County.",263
825679,MCDONOUGH CO.,FANDON,05/24/2019,1133,Tornado, ,EF1,0,0,0,0,IL,CST-6, ,137477,C,109,DVN,0,0,NWS Storm Survey, ,7.75,50,2,ESE,3,SW,PENNINGTON PT,05/24/2019,1138,40.3624,-90.7368,40.374,-90.5904,"A high-end EF1 tornado uprooted and snapped large trees and destroyed outbuildings at two farmsteads, and snapped some power poles.  The tornado was on the ground for about 5 minutes.","A warm front lifted northward into the area Friday, May 24, sparking widespread thunderstorms in the morning/early afternoon time frame and again in the early evening. Two tornadoes were occurred in McDonough County during the early afternoon. Towards evening, another tornadic storm developed, producing two tornadoes. The first occurred in Johnson County just southwest of Iowa City, and the second in Cedar County just north of West Branch.",264
825662,MCDONOUGH CO.,PENNINGTON PT,05/24/2019,1141,Tornado, ,EF1,0,0,0,0,IL,CST-6, ,137477,C,109,DVN,0,0,NWS Storm Survey, ,1.85,30,2,SSW,3,SSE,PENNINGTON PT,05/24/2019,1145,40.3674,-90.5595,40.36,-90.5258,"The second of two tornadoes quickly developed and snapped power poles before hitting a farmstead, where it snapped trees and destroyed outbuildings.  The tornado was on the ground for about 4 minutes.","A warm front lifted northward into the area Friday, May 24, sparking widespread thunderstorms in the morning/early afternoon time frame and again in the early evening. Two tornadoes were occurred in McDonough County during the early afternoon. Towards evening, another tornadic storm developed, producing two tornadoes. The first occurred in Johnson County just southwest of Iowa City, and the second in Cedar County just north of West Branch.",265
832909,FULTON CO.,BERNADOTTE,05/24/2019,1210,Tornado, ,EF0,0,0,10000,0,IL,CST-6, ,136827,C,57,ILX,0,0,Emergency Manager, ,1.17,20,3,ESE,4,ESE,BERNADOTTE,05/24/2019,1212,40.3799,-90.2619,40.3825,-90.2399,"A tornado touched down between Ipava and Lewistown, moving to the east. A few tree limbs were torn down before the tornado dissipated after tracking for a little more than one mile.","A nearly stationary frontal boundary interacting with an unstable airmass triggered widely scattered strong to severe thunderstorms across west-central Illinois during the afternoon and evening of May 24th.  One storm produced a brief tornado west of Lewistown in Fulton County, while other cells created damaging wind gusts of around 60 mph and hail as large as golf balls.",266
820994,TAZEWELL CO.,PARKLAND,05/25/2019,2214,Tornado, ,EF1,0,0,0,0,IL,CST-6, ,136837,C,179,ILX,0,0,NWS Storm Survey, ,1.15,200,3,SE,3,WNW,GREEN VLY,05/25/2019,2216,40.4188,-89.7073,40.4251,-89.687,"A tornado touched down along the leading edge of a line of thunderstorms about 3.5 miles west-northwest of Green Valley at 11:14 PM CDT.  The tornado tracked northeastward, damaging the roof of a manufactured home and several trees before dissipating 2.6 miles northwest of Green Valley at 11:16 PM CDT.","Isolated supercells developed ahead of an approaching cold front across west-central Illinois during the late evening of May 25th.  The storms eventually congealed into a line and tracked eastward along and north of the I-72 corridor to the Indiana border by the pre-dawn hours of May 26th.  Five tornado touchdowns occurred along the leading edge of the storms, including two in Tazewell County and three in Champaign County.  Aside from the tornadoes, the storms produced 60-70 mph wind gusts and hail as large as quarters.",267
821001,TAZEWELL CO.,GREEN VLY,05/25/2019,2219,Tornado, ,EF1,0,0,0,0,IL,CST-6, ,136837,C,179,ILX,0,0,NWS Storm Survey, ,0.72,150,1,NNW,2,N,GREEN VLY,05/25/2019,2220,40.4198,-89.6378,40.424,-89.6253,"A tornado touched down about 0.9 miles north-northeast of Green Valley at 11:19 PM CDT.  The tornado uprooted a tree, damaged an irrigation unit, and did significant damage to a large shed before dissipating 1.5 miles northeast of Green Valley at 11:20 PM CDT.","Isolated supercells developed ahead of an approaching cold front across west-central Illinois during the late evening of May 25th.  The storms eventually congealed into a line and tracked eastward along and north of the I-72 corridor to the Indiana border by the pre-dawn hours of May 26th.  Five tornado touchdowns occurred along the leading edge of the storms, including two in Tazewell County and three in Champaign County.  Aside from the tornadoes, the storms produced 60-70 mph wind gusts and hail as large as quarters.",268
821008,CHAMPAIGN CO.,CHAMPAIGN,05/26/2019,23,Tornado, ,EF1,0,0,0,0,IL,CST-6, ,136837,C,19,ILX,0,0,NWS Storm Survey, ,0.9,250,2,SSW,2,S,CHAMPAIGN,05/26/2019,25,40.0948,-88.2679,40.0931,-88.251,"A tornado touched down within a line of severe thunderstorms near Mayfair Road and Broadmoor Drive in Champaign at 11:23 PM CDT May 25th.  The tornado damaged numerous trees as it moved to the east-southeast parallel to Broadmoor Drive before dissipating near Richards Lane and Park Haven Drive in Champaign at 11:25 PM CDT.","Isolated supercells developed ahead of an approaching cold front across west-central Illinois during the late evening of May 25th.  The storms eventually congealed into a line and tracked eastward along and north of the I-72 corridor to the Indiana border by the pre-dawn hours of May 26th.  Five tornado touchdowns occurred along the leading edge of the storms, including two in Tazewell County and three in Champaign County.  Aside from the tornadoes, the storms produced 60-70 mph wind gusts and hail as large as quarters.",269
821014,CHAMPAIGN CO.,URBANA,05/26/2019,27,Tornado, ,EF1,0,0,0,0,IL,CST-6, ,136837,C,19,ILX,0,0,NWS Storm Survey, ,0.85,250,1,SSW,1,SSE,URBANA,05/26/2019,29,40.0866,-88.2083,40.0859,-88.1922,"A tornado touched down near Race Street and McHenry Street in Urbana at 11:27 PM CDT May 25th.  The tornado damaged numerous trees as it traveled to the east-southeast just south of McHenry Street before dissipating west of Philo Road in Urbana at 11:29 PM CDT.","Isolated supercells developed ahead of an approaching cold front across west-central Illinois during the late evening of May 25th.  The storms eventually congealed into a line and tracked eastward along and north of the I-72 corridor to the Indiana border by the pre-dawn hours of May 26th.  Five tornado touchdowns occurred along the leading edge of the storms, including two in Tazewell County and three in Champaign County.  Aside from the tornadoes, the storms produced 60-70 mph wind gusts and hail as large as quarters.",270
821018,CHAMPAIGN CO.,TIPTON,05/26/2019,35,Tornado, ,EF1,0,0,0,0,IL,CST-6, ,136837,C,19,ILX,0,0,NWS Storm Survey, ,1.01,250,2,NW,1,NNW,TIPTON,05/26/2019,37,40.0986,-88.0571,40.0967,-88.0381,"A tornado touched down about 1.3 miles southwest of St. Joseph at 11:35 PM CDT May 25th.  The tornado crossed Salt Fork and damaged trees along County Road 2200 East before dissipating 1 mile south of St. Joseph at 11:37 PM CDT.","Isolated supercells developed ahead of an approaching cold front across west-central Illinois during the late evening of May 25th.  The storms eventually congealed into a line and tracked eastward along and north of the I-72 corridor to the Indiana border by the pre-dawn hours of May 26th.  Five tornado touchdowns occurred along the leading edge of the storms, including two in Tazewell County and three in Champaign County.  Aside from the tornadoes, the storms produced 60-70 mph wind gusts and hail as large as quarters.",271
819553,KENDALL CO.,KENTLAND,05/27/2019,1247,Tornado, ,EF0,0,0,0,0,IL,CST-6, ,136549,C,93,LOT,0,0,Trained Spotter, ,0.97,30,2,NNE,2,NE,KENTLAND,05/27/2019,1248,41.5732,-88.4136,41.573,-88.3948,"A tornado briefly touched down near the intersection of Walker Road and Ashley Road.  A video of the tornado showed it kicked up dust in an open field.  No damage was reported.","Severe thunderstorms moved across northern Illinois during the afternoon of May 27th producing large hail, wind damage and four tornadoes.",272
819554,WILL CO.,LOCKPORT LEWIS ARPT,05/27/2019,1304,Tornado, ,EF0,0,0,0,0,IL,CST-6, ,136549,C,197,LOT,0,0,NWS Storm Survey, ,3.23,300,3,WNW,1,NNE,LOCKPORT LEWIS ARPT,05/27/2019,1314,41.6174,-88.1374,41.6123,-88.0752,"A tornado moved through portions of southwest Romeoville, tracking just north of Lewis University Airport.  Damage was relatively minor, consisting mostly of light roof damage, leaning utility poles, and tree limbs blown down.","Severe thunderstorms moved across northern Illinois during the afternoon of May 27th producing large hail, wind damage and four tornadoes.",273
821095,KNOX CO.,DAHINDA,05/27/2019,1415,Tornado, ,EF0,0,0,0,0,IL,CST-6, ,136853,C,95,ILX,0,0,Storm Chaser, ,0.08,10,2,SSE,2,SSE,DAHINDA,05/27/2019,1416,40.9093,-90.1087,40.9102,-90.1077,"A tornado briefly touched down in an open field 1.1 miles south of Dahinda at 3:15 PM CDT.  No damage was reported.","Scattered strong to severe thunderstorms developed in the vicinity of a warm front draped across northern Illinois during the afternoon of May 27th.  The storms produced numerous funnel clouds and two brief tornado touchdowns.  Further south, an isolated cell dropped golf ball sized hail in Clark County.",274
819555,LEE CO.,ROXBURY,05/27/2019,1527,Tornado, ,EF0,0,0,0,0,IL,CST-6, ,136549,C,103,LOT,0,0,Trained Spotter, ,0.69,30,3,S,3,SSE,ROXBURY,05/27/2019,1528,41.6579,-89.0466,41.6579,-89.0332,"Based on trained spotter reports, a brief tornado occurred just east of Interstate 39, southwest of Paw Paw.  No damage was reported.","Severe thunderstorms moved across northern Illinois during the afternoon of May 27th producing large hail, wind damage and four tornadoes.",275
819556,COOK CO.,SAUK VLG,05/27/2019,1527,Tornado, ,EF0,0,0,0,0,IL,CST-6, ,136549,C,31,LOT,0,0,Law Enforcement, ,0.84,50,2,E,2,ENE,SAUK VLG,05/27/2019,1530,41.4825,-87.5464,41.4903,-87.5339,"A brief tornado moved through part of Sauk Village producing minor roof damage.  A light pole was blown down onto a car.","Severe thunderstorms moved across northern Illinois during the afternoon of May 27th producing large hail, wind damage and four tornadoes.",276
821098,WOODFORD CO.,BENSON,05/27/2019,1538,Tornado, ,EF0,0,0,0,0,IL,CST-6, ,136853,C,203,ILX,0,0,Storm Chaser, ,0.13,10,3,NW,3,NW,BENSON,05/27/2019,1539,40.8873,-89.1621,40.8885,-89.1602,"A tornado briefly touched down in an open field 3.4 miles northwest of Benson at 4:38 PM CDT.  No damage was reported.","Scattered strong to severe thunderstorms developed in the vicinity of a warm front draped across northern Illinois during the afternoon of May 27th.  The storms produced numerous funnel clouds and two brief tornado touchdowns.  Further south, an isolated cell dropped golf ball sized hail in Clark County.",277
821109,VERMILION CO.,JAMESBURG,05/28/2019,1506,Tornado, ,EF0,0,0,0,0,IL,CST-6, ,136857,C,183,ILX,0,0,Trained Spotter, ,0.16,10,3,SE,3,SE,JAMESBURG,05/28/2019,1507,40.234,-87.7104,40.2326,-87.7079,"A tornado briefly touched down in an open field 5.1 miles south-southwest of Henning at 4:06 PM CDT.  No damage was reported.","Widely scattered severe thunderstorms developed along a stationary frontal boundary during the afternoon of May 28th.  One cell produced a brief tornado touchdown in Vermilion County, while another storm dropped tennis ball-sized hail in DeLand in Piatt County.",278
824458,CHRISTIAN CO.,OSBERNVILLE,05/29/2019,1528,Tornado, ,EF0,0,0,0,0,IL,CST-6, ,137354,C,21,ILX,0,0,Emergency Manager, ,0.23,20,4,SSW,4,SSW,OSBERNVILLE,05/29/2019,1530,39.6928,-89.2137,39.6935,-89.2094,"A landspout tornado touched down in an open field about 3.8 miles north-northwest of Stonington at 4:28 PM CDT.  The tornado dissipated 2 minutes later with no damage being reported.","Several clusters of thunderstorms developed along a nearly stationary frontal boundary draped across central Illinois during the late afternoon and evening of May 29th.  Four landspout type tornadoes touched down beneath developing cells across portions of Christian and Macon counties.  Other storms produced isolated wind damage and hail as large as quarters.  In addition, numerous cells training over the same locations dropped as much as 2 to 3 inches of rainfall in a short period of time along the I-70 corridor.  As a result, localized flash flooding occurred across portions of Effingham and Clark counties, with the most significant flooding taking place in West Union in Clark County where several feet of water was flowing across town.",279
824461,CHRISTIAN CO.,ROBY,05/29/2019,1530,Tornado, ,EF0,0,0,0,0,IL,CST-6, ,137354,C,21,ILX,0,0,Emergency Manager, ,0.23,20,1,NE,1,NE,ROBY,05/29/2019,1532,39.7369,-89.3935,39.7372,-89.3907,"A landspout tornado touched down in an open field about 5.4 miles north-northwest of Edinburg at 4:30 PM CDT.  The tornado dissipated 2 minutes later with no damage being reported.","Several clusters of thunderstorms developed along a nearly stationary frontal boundary draped across central Illinois during the late afternoon and evening of May 29th.  Four landspout type tornadoes touched down beneath developing cells across portions of Christian and Macon counties.  Other storms produced isolated wind damage and hail as large as quarters.  In addition, numerous cells training over the same locations dropped as much as 2 to 3 inches of rainfall in a short period of time along the I-70 corridor.  As a result, localized flash flooding occurred across portions of Effingham and Clark counties, with the most significant flooding taking place in West Union in Clark County where several feet of water was flowing across town.",280
824470,CHRISTIAN CO.,OSBERNVILLE,05/29/2019,1535,Tornado, ,EF0,0,0,0,0,IL,CST-6, ,137354,C,21,ILX,0,0,Emergency Manager, ,0.29,20,5,SSE,5,SSE,OSBERNVILLE,05/29/2019,1538,39.6887,-89.1509,39.6893,-89.1455,"A landspout tornado touched down in an open field about 4.1 miles northeast of Stonington at 4:35 PM CDT.  The tornado dissipated 3 minutes later with no damage being reported.","Several clusters of thunderstorms developed along a nearly stationary frontal boundary draped across central Illinois during the late afternoon and evening of May 29th.  Four landspout type tornadoes touched down beneath developing cells across portions of Christian and Macon counties.  Other storms produced isolated wind damage and hail as large as quarters.  In addition, numerous cells training over the same locations dropped as much as 2 to 3 inches of rainfall in a short period of time along the I-70 corridor.  As a result, localized flash flooding occurred across portions of Effingham and Clark counties, with the most significant flooding taking place in West Union in Clark County where several feet of water was flowing across town.",281
824473,MACON CO.,BLUE MOUND,05/29/2019,1550,Tornado, ,EF0,0,0,0,0,IL,CST-6, ,137354,C,115,ILX,0,0,Emergency Manager, ,0.46,20,2,E,2,E,BLUE MOUND,05/29/2019,1556,39.7001,-89.0824,39.7007,-89.0738,"A landspout tornado touched down in an open field about 2.1 miles east of Blue Mound at 4:50 PM CDT.  The tornado dissipated 6 minutes later with no damage being reported.","Several clusters of thunderstorms developed along a nearly stationary frontal boundary draped across central Illinois during the late afternoon and evening of May 29th.  Four landspout type tornadoes touched down beneath developing cells across portions of Christian and Macon counties.  Other storms produced isolated wind damage and hail as large as quarters.  In addition, numerous cells training over the same locations dropped as much as 2 to 3 inches of rainfall in a short period of time along the I-70 corridor.  As a result, localized flash flooding occurred across portions of Effingham and Clark counties, with the most significant flooding taking place in West Union in Clark County where several feet of water was flowing across town.",282
840605,ST. CLAIR CO.,SUGARLOAF HGTS,06/12/2019,1714,Tornado, ,EF0,0,0,10000,0,IL,CST-6, ,139757,C,163,LSX,0,0,Emergency Manager, ,0.53,10,3,ESE,4,SSW,IMBS,06/12/2019,1717,38.4765,-90.1512,38.4707,-90.1448,"A tornado touched down on a farm causing minor damage to an outbuilding, about 3 miles west northwest of Millstadt, then tracked to the southeast.  It caused minor damage to a house on Franken Strasse Drive.  The garage door was blown in, a window on an exterior door was broken and there was minor siding damage. The tornado then lifted and dissipated. Overall the tornado was rated EF0 with a path length of 0.53 miles and a max path width of 10 yards. No deaths or injuries were reported.","Scattered showers and storms developed across the region. One storm over St. Clair County produced a brief tornado just west northwest of Millstadt, Illinois.",283
842178,MACOUPIN CO.,MT CLARE,06/15/2019,1343,Tornado, ,EF0,0,0,0,0,IL,CST-6, ,139972,C,117,LSX,0,0,Emergency Manager, ,1.82,30,0,SSE,1,E,BENLD,06/15/2019,1347,39.0977,-89.8282,39.0974,-89.7942,"A weak tornado was observed and photographed by several individuals including a storm chaser and severe storm spotter. This damage survey is based on video and times provided by the individuals along with estimates from radar. The weak tornado moved west to east across the northern portions of Benld producing damage to trees and power lines and minor damage to several homes. Damage information was provided by emergency management officials. The tornado was rated EF0 with a path length of 1.82 miles and a max path width of 30 yards.  No deaths or injuries were reported.","MCV moved through region during the afternoon hours on June 15th with some isolated supercells. Then main cold front moved through during the late evening and overnight hours with a line of convection. There was one tornado and several reports of damaging winds and large hail with this event.",284
834405,MERCER CO.,OGLE,06/15/2019,1938,Tornado, ,EF1,0,0,0,0,IL,CST-6, ,138749,C,131,DVN,0,0,Emergency Manager, ,0.68,40,2,NW,1,NNW,OGLE,06/15/2019,1939,41.1133,-90.9042,41.1147,-90.8912,"A brief tornado damaged trees at and just east of a farmstead. Some trunks were snapped off near the base. Maximum wind speeds were estimated around 100 mph. The tornado was on the ground for about 1 minute. The time was estimated by radar, and the damage was observed and documented by emergency management.","Severe thunderstorms tracked across portions of eastern Iowa, northeast Missouri, and northwest Illinois Saturday evening, June 15,  bringing damaging winds, heavy downpours, frequent lightning, large hail, and a tornado.  Many areas saw winds between 30-50 mph during the evening hours, with higher winds of 60-70 mph reported in Iowa and Benton counties in Iowa.   ||The storms produced three tornadoes in Des Moines County (west of  Mediapolis, IA and south of Oakville, IA) between 7:50 pm and 8:30 pm.||Two tornadoes south of Oakville were rated EF2 and downed numerous trees, severely damaged a house displacing it off its foundation, destroyed outbuildings, and downed power poles.||The tornado west of Mediapolis remained in an open field and was rated EF0.||Another tornado occurred just northeast of Keithsburg in Mercer County Illinois. This tornado was rated EF1 and trees.",285
827240,TAZEWELL CO.,PEKIN MUNI ARPT,06/15/2019,2119,Tornado, ,EF1,0,0,60000,0,IL,CST-6, ,137699,C,179,ILX,0,0,NWS Storm Survey, ,2.43,200,2,ESE,1,SW,PEKIN MUNI ARPT,06/15/2019,2122,40.4648,-89.6351,40.4698,-89.6808,"A tornado touched down 2.1 miles southwest of South Pekin at 10:19 PM CDT.  The tornado tracked east-southeast...destroying a shed, blowing over several 18 to 24-inch diameter trees, and knocking over power poles north of Christmas Tree Road near Highway 29 before dissipating about 2.4 miles southeast of South Pekin at 10:22 PM CDT.","A line of thunderstorms developed across eastern Iowa during the early evening of June 15th, then tracked southeastward along an advancing warm front into central Illinois during the late evening of the 15th into the early morning hours of the 16th.  Two tornadoes touched down along the leading edge of the storms...one just southwest of South Pekin in Tazewell County and another near Bellflower in McLean County.  Minor damage was reported with both tornadoes.  Elsewhere around the area, 50-60 mph wind gusts caused scattered damage.",286
827241,MCLEAN CO.,LAURETTE,06/15/2019,2236,Tornado, ,EF1,0,0,40000,0,IL,CST-6, ,137699,C,113,ILX,0,0,NWS Storm Survey, ,1.94,50,2,N,1,WNW,MC NULTA,06/15/2019,2239,40.3591,-88.5289,40.3741,-88.4978,"A tornado touched down 1.3 miles north of Bellflower at 11:36 PM CDT.  The tornado destroyed a machine shed along 3850 E Road before dissipating about 2.8 miles northeast of Bellflower at 11:39 PM CDT.","A line of thunderstorms developed across eastern Iowa during the early evening of June 15th, then tracked southeastward along an advancing warm front into central Illinois during the late evening of the 15th into the early morning hours of the 16th.  Two tornadoes touched down along the leading edge of the storms...one just southwest of South Pekin in Tazewell County and another near Bellflower in McLean County.  Minor damage was reported with both tornadoes.  Elsewhere around the area, 50-60 mph wind gusts caused scattered damage.",287
839408,CHRISTIAN CO.,MOWEAQUA,06/19/2019,1740,Tornado, ,EF0,0,0,0,0,IL,CST-6, ,139182,C,21,ILX,0,0,Emergency Manager, ,0.1,10,2,W,2,W,MOWEAQUA,06/19/2019,1741,39.6214,-89.0559,39.6221,-89.0542,"A tornado briefly touched down about 2 miles west of Moweaqua. It damaged crops before dissipating in less than one minute.","A wave of low pressure tracking along a nearly stationary frontal boundary triggered several clusters of strong to severe thunderstorms across central Illinois during the afternoon and early evening of June 19th.  Two weak tornadoes briefly touched down producing minor damage; one in northeast Christian County and one in central Moultrie County.  Other thunderstorm cells produced strong wind gusts and minor damage in Robinson in Crawford County.  In addition, excessive rainfall rates caused localized flash flooding along a creek on the northeast side of Bethany in Moultrie County.  Dive teams rescued 4 people and a dog from a car that had been swept off a road by the rapidly rising water.",288
842225,MARION CO.,CARTTER,06/19/2019,1822,Tornado, ,EF0,0,0,0,0,IL,CST-6, ,139988,C,121,LSX,0,0,Storm Chaser, ,0.08,25,3,NNW,3,NNW,CARTTER,06/19/2019,1823,38.574,-88.938,38.574,-88.9365,"Several storm chasers took video of a short-lived and weak tornado that lasted an estimated 10-15 seconds. The tornado appeared to be over an open field as no damage was found or observed in the video. Tornado location was estimated based on reports and radar. The tornado was rated EF0 with a path length of 0.08 miles and a max path width of 25 yards. No deaths or injuries were reported.","Isolated strong to severe storms developed over portions of southern Illinois on June 19th. One storm produced a weak tornado near Cartter, IL that was observed by storm chasers and they caught it on video as well.",289
837211,MOULTRIE CO.,DUNN,06/19/2019,1822,Tornado, ,EF0,0,0,0,0,IL,CST-6, ,139182,C,139,ILX,0,0,Trained Spotter, ,0.11,10,2,N,2,NNE,DUNN,06/19/2019,1823,39.6451,-88.6948,39.6452,-88.6927,"A tornado briefly touched down in an open field about 2.3 miles east of Bethany at 7:22PM CDT.  Crops sustained minor damage before the tornado dissipated.","A wave of low pressure tracking along a nearly stationary frontal boundary triggered several clusters of strong to severe thunderstorms across central Illinois during the afternoon and early evening of June 19th.  Two weak tornadoes briefly touched down producing minor damage; one in northeast Christian County and one in central Moultrie County.  Other thunderstorm cells produced strong wind gusts and minor damage in Robinson in Crawford County.  In addition, excessive rainfall rates caused localized flash flooding along a creek on the northeast side of Bethany in Moultrie County.  Dive teams rescued 4 people and a dog from a car that had been swept off a road by the rapidly rising water.",290
826696,POPE CO.,WALTERSBURG,06/23/2019,1610,Tornado, ,EF1,0,0,40000,0,IL,CST-6, ,137584,C,151,PAH,0,0,NWS Storm Survey, ,2.8,120,3,ENE,2,SSW,GOWANSVILLE,06/23/2019,1615,37.402,-88.523,37.421,-88.478,"A tornado occurred in the Shawnee National Forest north-northwest of Golconda. The tornado began along Clark Road and tracked northeast, ending northeast of the Highway 146/Buschwack Road junction. Dozens of trees were uprooted or snapped. A home lost some shingles, and a small shed lost part of its roof. Peak winds were estimated near 95 mph.","A line of severe thunderstorms entered southeast Missouri about mid-afternoon and tracked east across western Kentucky and far southern Illinois late in the afternoon and early in the evening. In far southern Illinois, an EF-1 tornado was associated with this line. The storms occurred under a rather strong southwest wind flow ahead of a weak cold front over far western Missouri. A 500 mb shortwave trough over the western high Plains provided some additional support for the storms. The air mass was strongly unstable, with surface capes over 3000 j/kg.",291
838296,IROQUOIS CO.,GILMAN,06/30/2019,1339,Tornado, ,EFU,0,0,0,0,IL,CST-6, ,138786,C,75,LOT,0,0,Public, ,0.15,25,1,SE,2,SE,GILMAN,06/30/2019,1341,40.7549,-87.9614,40.7527,-87.9613,"Several photos showed a landspout tornado east southeast of Gilman.  No damage was reported.","A powerful line of thunderstorms moved across northern Illinois during the afternoon of June 30th producing wind damage.",292
845913,IROQUOIS CO.,FREEDVILLE,07/21/2019,1231,Tornado, ,EFU,0,0,0,0,IL,CST-6, ,139492,C,75,LOT,0,0,Public, ,0.4,25,3,WSW,3,WSW,FREEDVILLE,07/21/2019,1234,40.8531,-87.8112,40.8583,-87.8077,"A tornado was reported near 1700 East and 2400 North, east of Ashkum.  No damage was reported.","Scattered thunderstorms moved across northern Illinois during the afternoon of July 21st.",293
847006,CHRISTIAN CO.,SHARPSBURG,08/12/2019,2008,Tornado, ,EF1,0,0,75000,630000,IL,CST-6, ,140976,C,21,ILX,0,0,NWS Storm Survey, ,6.25,200,2,NNE,1,WSW,WILLEYS,08/12/2019,2021,39.6475,-89.3382,39.5978,-89.2401,"A tornado touched down about 2.7 miles east-southeast of Edinburg at 9:08 PM CDT.  The tornado moved southeastward along County Road 1100 East north of County Road 2000 North, flattening an extensive area of corn, stripping half the roof off a machine shed, and snapping several large trees.  Further southeast along County Highway 22 north of County Road 1900 North, numerous trees were damaged and two semi trailers were tipped over.  Along County Road 1400 East north of 1800 North, a large tree was snapped and the roof of a house was damaged.  The tornado dissipated just before reaching State Highway 48 about 4.1 miles northeast of Taylorville at 9:21 PM CDT.","An approaching warm front triggered numerous clusters of severe thunderstorms across portions of central Illinois during the late afternoon and evening of August 12th.  The storms were mainly focused along and just south of the I-72 corridor.  Given the large amount of low-level wind shear in the environment near the boundary, many of the cells began rotating.  Two tornadoes touched down, impacting northern Christian County into far western Shelby County.  Elsewhere around the area, scattered wind damage was reported.",294
847007,CHRISTIAN CO.,ASSUMPTION,08/12/2019,2040,Tornado, ,EF0,0,0,20000,0,IL,CST-6, ,140976,C,21,ILX,0,0,NWS Storm Survey, ,1.5,75,1,N,2,ENE,ASSUMPTION,08/12/2019,2043,39.5356,-89.0517,39.5316,-89.0241,"A tornado touched down about 1.2 miles north of Assumption at 9:40 PM CDT.  The tornado tracked east-southward, breaking several large tree limbs at a home, which punched a hole in the roof of the home.  Along County Road 2650 East, a trailer was overturned and pushed into an outbuilding.  The tornado then crossed into Shelby County 1.6 miles northeast of Assumption at 9:43 PM CDT.","An approaching warm front triggered numerous clusters of severe thunderstorms across portions of central Illinois during the late afternoon and evening of August 12th.  The storms were mainly focused along and just south of the I-72 corridor.  Given the large amount of low-level wind shear in the environment near the boundary, many of the cells began rotating.  Two tornadoes touched down, impacting northern Christian County into far western Shelby County.  Elsewhere around the area, scattered wind damage was reported.",295
847010,SHELBY CO.,MOWEAQUA,08/12/2019,2043,Tornado, ,EF0,0,0,0,100000,IL,CST-6, ,140976,C,173,ILX,0,0,NWS Storm Survey, ,0.41,50,6,S,6,S,MOWEAQUA,08/12/2019,2044,39.5316,-89.0241,39.5304,-89.0166,"This tornado crossed from Christian County into far western Shelby County about 6.4 miles south of Moweaqua at 9:43 PM CDT.  Significant crop damage occurred near the county line before the tornado dissipated just before reaching County Road 700 East at 9:44 PM CDT.","An approaching warm front triggered numerous clusters of severe thunderstorms across portions of central Illinois during the late afternoon and evening of August 12th.  The storms were mainly focused along and just south of the I-72 corridor.  Given the large amount of low-level wind shear in the environment near the boundary, many of the cells began rotating.  Two tornadoes touched down, impacting northern Christian County into far western Shelby County.  Elsewhere around the area, scattered wind damage was reported.",296
853726,MACON CO.,KNIGHTS,08/21/2019,1859,Tornado, ,EF0,0,0,0,0,IL,CST-6, ,142203,C,115,ILX,0,0,NWS Storm Survey, ,0.13,10,2,NW,2,NW,KNIGHTS,08/21/2019,1900,39.8181,-89.0091,39.8182,-89.0067,"A tornado touched down 3.5 miles southwest of Decatur just southeast of the Rock Springs Conservation Area at 7:59 PM CDT.  The tornado tracked eastward damaging a few tree branches, then quickly dissipated one minute later at 8:00 PM CDT.","A weak area of low pressure tracking along a nearly stationary frontal boundary triggered scattered thunderstorms during the late afternoon and evening of August 21st.  One cell produced a brief EF-0 tornado southwest of Decatur in Macon County.",297
857097,CUMBERLAND CO.,NEOGA,09/01/2019,1331,Tornado, ,EF0,0,0,0,0,IL,CST-6, ,142826,C,35,ILX,0,0,Trained Spotter, ,0.31,20,8,S,8,S,NEOGA,09/01/2019,1333,39.2051,-88.4484,39.2088,-88.445,"A landspout tornado touched down in an open field 7.9 miles south of Neoga at 2:31 PM CDT.  The tornado knocked over corn in the field before dissipating at 2:33 PM CDT.","A landspout tornado briefly touched down beneath a developing shower in western Cumberland County during the afternoon of September 1st.  Only minor crop damage was observed.",298
855389,LAKE CO.,(UGN) WAUKEGAN AIRPORT,09/03/2019,1739,Tornado, ,EF1,0,1,0,0,IL,CST-6, ,141988,C,97,LOT,0,0,NWS Storm Survey, ,3.1,200,1,SSE,1,E,BEACH PARK,09/03/2019,1743,42.4113,-87.8624,42.403,-87.8029,"A tornado touched downed just west of Twyford Road and moved east southeast through parts of Waukegan.  Damage from the tornado was minor to commercial buildings and residences, including windows blown out, minor roof damage, fence destruction and damage to a gas station canopy.  A vehicle was flipped over just east of the intersection of York House Road and Lewis Avenue where one minor injury occurred.  Numerous trees were blown down or suffered heavy branch damage.  The tornado was at its widest and strongest in the latter half of its path.  Estimated peak winds for this tornado were 90 mph.  A one mile stretch between the last damage point and the Lake Michigan shore was unable to be surveyed due a nature area in the Illinois Beach Nature Preserve.  A waterspout was reported just off shore and so by interpolation, the path for this tornado was continued to the Lake Michigan shore.","A thunderstorm moved across far northeast Illinois during the evening of September 3rd producing a tornado.",299
857222,FULTON CO.,BREEDS,09/27/2019,1922,Tornado, ,EF0,0,0,85000,0,IL,CST-6, ,142854,C,57,ILX,0,0,NWS Storm Survey, ,1.88,100,2,NNW,2,NNE,BREEDS,09/27/2019,1927,40.5804,-89.9402,40.5716,-89.9064,"A tornado touched down in a wooded area of northeastern Fulton County 4.9 miles east-northeast of Canton at 8:22 PM CDT.  The tornado tracked southeastward, doing damage to numerous trees as it crossed County Highway 27 near North Orion School Road.  It did minor roof damage to several homes and a church, and downed additional trees and power poles before dissipating in an open field 3.8 miles north of Banner at 8:27 PM CDT.","Multiple rounds of thunderstorms impacted north-central Illinois on September 27th.  Most of the convection remained focused north of a Quincy to Bloomington line...where several inches of rain occurred.  As much as 5 to 9 inches of rain fell from eastern Peoria County into northern Woodford and southern Marshall counties.  As a result of the excessive rainfall, major flash flooding was reported in the Peoria metro area, where several water rescues were performed.  Meanwhile a line of severe thunderstorms spawned an EF-0 tornado in northeastern Fulton County.  Minor tree and roof damage occurred along the path of the tornado.  Elsewhere around the area, other cells produced scattered wind damage and hail as large as golf balls.",300
857115,LOGAN CO.,EMDEN,09/29/2019,1518,Tornado, ,EF0,0,0,0,20000,IL,CST-6, ,142827,C,107,ILX,0,0,NWS Storm Survey, ,2.73,50,2,WNW,1,ENE,EMDEN,09/29/2019,1526,40.3071,-89.5167,40.3023,-89.4652,"A tornado touched down in an open field along US-136 1.8 miles west-northwest of Emden at 4:18 PM CDT.  The tornado initially tracked nearly parallel to US-136 damaging tree limbs and crops, then turned to the east-southeast and passed about one quarter mile north of the village of Emden before dissipating in a field 1.1 miles east-northeast of Emden at 4:26 PM CDT.","A warm front brought a summer-like airmass northward into central Illinois on September 29th as afternoon high temperatures topped out in the middle to upper 80s along and south of the I-72 corridor.  Widely scattered supercell thunderstorms developed along the front during the afternoon and early evening...with one long-lived cell producing hail as large as tennis balls in northern Fulton County and an EF-0 tornado in far northern Logan County.",301
866155,UNION CO.,WARE,01/11/2020,202,Tornado, ,EF1,0,0,80000,0,IL,CST-6, ,144300,C,181,PAH,0,0,NWS Storm Survey, ,0.86,50,0,SSW,1,E,WARE,01/11/2020,203,37.446,-89.4021,37.45,-89.3872,"The tornado snapped large tree branches in the town of Ware. Metal roofing was removed from a farm outbuilding. A large open storage building was overturned and destroyed. Shingles were removed from the roof of a hunting club. Another home had its roof lifted slightly by the tornado, causing water damage. The roof of a metal storage building was lofted and overturned. Hundreds of decoy ducks were tossed and broken near the hunting club. Numerous trees were snapped or uprooted along the path of the tornado. Peak winds were estimated near 100 mph.","An unseasonably strong storm system impacted the region January 10-11. Heavy rainfall, flooding, isolated damaging winds, a brief tornado, and gusty non-thunderstorm winds impacted southern Illinois during this time. The bulk of the event occurred overnight and into the morning hours on the 11th. Rainfall totals ranged from 2 to 5 inches, which resulted in widespread areal flooding and isolated flash flooding across the region. Smaller rivers such as the Little Wabash and the Skillet Fork went into moderate to major flooding. Strong to severe convection over the Ozark Mountains moved east into an environment of very strong wind shear over southeast Missouri, with 850 mb winds near 60 knots. Tremendous wind shear (winds of 50 knots down to 1500 feet above ground level) and strong forcing associated with a potent 500 mb shortwave compensated for weak instability. The convection weakened after it crossed the Mississippi River during the early morning hours. Some of the strong winds aloft reached the surface as gradient gusts from 40 to 49 mph, mainly along and south of a Carbondale to Harrisburg line. A weak surface low formed along a cold front over southwest Arkansas, then deepened as it tracked northeast across the Missouri Bootheel and into the lower Ohio Valley on the morning of the 11th.",302
875714,PERRY CO.,SUNFIELD,03/19/2020,1444,Tornado, ,EF1,0,1,300000,0,IL,CST-6, ,145793,C,145,PAH,0,0,NWS Storm Survey, ,3.17,125,1,WSW,2,ENE,SUNFIELD,03/19/2020,1446,38.0649,-89.2442,38.0826,-89.1904,"The tornado started near the community of Sunfield on U.S. Highway 51. At least a dozen homes were damaged, including four with major structural damage. This included numerous broken windows and roof damage. One home had part of its roof decking removed, and another had its attached garage blown apart from the house. At least five camper trailers were blown over, with one lofted over 200 yards across a field. Several outbuildings and garages were partly or completely levelled. Dozens of trees were snapped or uprooted. Some power lines were down. A trained spotter witnessed the tornado. The tornado path crossed Du Quoin Lake and ended on Highway 154. Peak winds were estimated near 100 mph.","Short lines of thunderstorms with embedded circulations moved across southern Illinois during the afternoon of the 19th. Widespread heavy rain caused isolated flash flooding. The storms occurred just south of a warm front under a very strong southwest low level flow, around 60 knots at 850 mb. An upper level disturbance over the Ozark Mountains contributed to the storms.",303
875715,JEFFERSON CO.,BELLE RIVE,03/19/2020,1522,Tornado, ,EF0,0,0,3000,0,IL,CST-6, ,145793,C,81,PAH,0,0,NWS Storm Survey, ,0.58,75,3,SSE,3,SSE,BELLE RIVE,03/19/2020,1523,38.191,-88.712,38.1959,-88.7033,"Most of the damage path occurred in Hamilton County, however the tornado started in extreme eastern Jefferson County.  In the short time the tornado was in Jefferson County, large branches were broken. Peak winds were in the EF-0 category in Jefferson County, but the tornado strengthened to EF-1 in Hamilton County. The tornado entered Hamilton County just west of the community of Dahlgren.","Short lines of thunderstorms with embedded circulations moved across southern Illinois during the afternoon of the 19th. Widespread heavy rain caused isolated flash flooding. The storms occurred just south of a warm front under a very strong southwest low level flow, around 60 knots at 850 mb. An upper level disturbance over the Ozark Mountains contributed to the storms.",304
875716,HAMILTON CO.,DAHLGREN,03/19/2020,1523,Tornado, ,EF1,0,0,125000,0,IL,CST-6, ,145793,C,65,PAH,0,0,NWS Storm Survey, ,2.32,300,1,WSW,1,NE,DAHLGREN,03/19/2020,1526,38.1959,-88.7033,38.2124,-88.6661,"The tornado started in extreme eastern Jefferson County. The tornado moved across the northwest side of Dahlgren in Hamilton County. Several homes sustained roofing or soffit damage. One home had about a quarter of its roof removed and tossed about 50 yards. A few barns were damaged. Two travel trailers were overturned. Dozens of mature trees were snapped or uprooted. Peak winds were estimated near 110 mph.","Short lines of thunderstorms with embedded circulations moved across southern Illinois during the afternoon of the 19th. Widespread heavy rain caused isolated flash flooding. The storms occurred just south of a warm front under a very strong southwest low level flow, around 60 knots at 850 mb. An upper level disturbance over the Ozark Mountains contributed to the storms.",305
879409,KNOX CO.,ONEIDA,03/28/2020,1639,Tornado, ,EFU,0,0,0,0,IL,CST-6, ,146358,C,95,ILX,0,0,Trained Spotter, ,0.12,10,2,SW,1,SW,ONEIDA,03/28/2020,1640,41.0624,-90.238,41.0636,-90.2364,"A tornado briefly touched down in an open field 1 mile southwest of Oneida at 5:39 PM CDT.  No damage was observed before the tornado quickly dissipated one minute later.","The airmass across central Illinois became highly unstable and sheared during the afternoon of March 28th as a warm front lifted toward southern Wisconsin.  Due to a strong mid-level cap, thunderstorms failed to initiate until a dryline approached from the west by late afternoon into the evening.  The storms formed into a broken line as they pushed through the Illinois River Valley, spawning three tornadoes.",306
880149,HENRY CO.,CAMBRIDGE,03/28/2020,1843,Tornado, ,EFU,0,0,0,0,IL,CST-6, ,146467,C,73,DVN,0,0,NWS Storm Survey, ,1.07,10,2,WSW,2,W,CAMBRIDGE,03/28/2020,1844,41.28,-90.24,41.296,-90.2313,"Spotter reports and photos confirm that a brief tornado occurred southwest of Cambridge Illinois on Saturday evening. There was no observable damage from which the NWS could assign an EF-scale rating for the tornado.","A strong low pressure system tracked from southwest Iowa to north central Iowa Saturday afternoon and evening. Storms developed and moved across a warm front in the area that resulted in two tornadoes touching down in northwest Illinois.Two additional tornadoes were reported in eastern Iowa.",307
879410,FULTON CO.,IPAVA,03/28/2020,1901,Tornado, ,EF1,0,0,100000,0,IL,CST-6, ,146358,C,57,ILX,0,0,Emergency Manager, ,2.06,100,1,S,2,ENE,IPAVA,03/28/2020,1904,40.3361,-90.319,40.3567,-90.2908,"A tornado touched down 1.1 miles south-southeast of Ipava at 8:01 PM CDT.  The tornado damaged a barn, the roofs of two houses, a front porch, a gazebo, and numerous trees and outbuildings as it tracked northeastward across US-136 before dissipating 1.8 miles east of Ipava at 8:04 PM CDT.","The airmass across central Illinois became highly unstable and sheared during the afternoon of March 28th as a warm front lifted toward southern Wisconsin.  Due to a strong mid-level cap, thunderstorms failed to initiate until a dryline approached from the west by late afternoon into the evening.  The storms formed into a broken line as they pushed through the Illinois River Valley, spawning three tornadoes.",308
880152,WHITESIDE CO.,LEON CORNERS,03/28/2020,1920,Tornado, ,EF1,0,0,0,0,IL,CST-6, ,146467,C,195,DVN,0,0,NWS Storm Survey, ,2.17,20,2,E,4,NE,LEON CORNERS,03/28/2020,1922,41.6003,-89.8725,41.6313,-89.8658,"An EF-1 tornado with estimated wind speeds of 90 MPH. The tornado caused damage to a farm outbuilding and uprooted trees at a farmstead. The tornado flipped a farm irrigator before lifting.","A strong low pressure system tracked from southwest Iowa to north central Iowa Saturday afternoon and evening. Storms developed and moved across a warm front in the area that resulted in two tornadoes touching down in northwest Illinois.Two additional tornadoes were reported in eastern Iowa.",309
879411,PEORIA CO.,BARTONVILLE,03/28/2020,1958,Tornado, ,EF1,0,0,300000,0,IL,CST-6, ,146358,C,143,ILX,0,0,NWS Storm Survey, ,3.27,50,1,NNW,1,SSW,WEST PEORIA,03/28/2020,2003,40.6571,-89.6754,40.6922,-89.6334,"A tornado touched down 0.3 miles east of the Peoria Airport at 8:58 PM CDT.  The tornado tracked northeastward, doing minor damage to house roofs, fences and siding in a subdivision. Business roofs were then damaged at Madison Park Shopping Center and numerous trees at Madison Park Golf Course.  Several roofs were damaged in a nearby subdivision before the tornado dissipated near the eastern portion of St. Mary's Cemetery at 9:03 PM CDT.","The airmass across central Illinois became highly unstable and sheared during the afternoon of March 28th as a warm front lifted toward southern Wisconsin.  Due to a strong mid-level cap, thunderstorms failed to initiate until a dryline approached from the west by late afternoon into the evening.  The storms formed into a broken line as they pushed through the Illinois River Valley, spawning three tornadoes.",310
878324,OGLE CO.,HONEY CREEK,03/28/2020,2013,Tornado, ,EF1,0,0,0,0,IL,CST-6, ,146174,C,141,LOT,0,0,NWS Storm Survey, ,7.03,400,1,NW,1,WSW,STILLMAN VLY,03/28/2020,2024,42.0178,-89.2964,42.0954,-89.2079,"A tornado touched down east of Oregon and tracked 7 miles across mainly rural portions of central Ogle County, dissipating just prior to reaching Stillman Valley.  The majority of the damage along the path was to trees and power lines, though there was some structural damage, primarily to outbuildings and barns.","Scattered thunderstorms moved across northern Illinois during the evening of March 28th.  These storms produced heavy rain and localized flooding as well as one tornado.",311
884843,SANGAMON CO.,DAWSON,04/28/2020,1756,Tornado, ,EF0,0,0,100000,0,IL,CST-6, ,147197,C,167,ILX,0,0,Emergency Manager, ,2.1,100,1,WNW,1,ENE,DAWSON,04/28/2020,1801,39.8569,-89.4962,39.8527,-89.457,"A tornado touched down 1.8 miles west-northwest of Dawson at 6:56 PM CDT.  The tornado tracked east-southeast across the south side of Dawson...damaging shingles, siding, and guttering on 12 homes before dissipating 0.3 miles east-southeast of Dawson at 7:01 PM CDT.","An approaching cold front triggered a line of strong thunderstorms across west-central Illinois during the late afternoon and early evening of April 28th.  A few of the cells produced hail as large as quarters and localized flash flooding.  Due to outflow and cell mergers, a brief tornado developed northwest of Dawson in eastern Sangamon County.  Minor house damage occurred in Dawson as the tornado quickly tracked through the south side of town.",312
892847,HENRY CO.,GERMAN CORNER,05/14/2020,2116,Tornado, ,EF1,0,0,0,0,IL,CST-6, ,148279,C,73,DVN,0,0,NWS Storm Survey, ,4.26,100,3,WNW,4,S,ATKINSON,05/14/2020,2120,41.3179,-90.0762,41.3668,-90.0262,"An EF1 tornado moved through rural Henry County, Illinois last Thursday night, May 14th. The tornado began around 10:16 pm CDT, and caused significant damage at a farmstead, with estimated maximum winds of 110 mph. The tornado nearly completely destroyed a 70 foot concrete silo, snapped the trunk of a large tree, completely destroyed two horse sheds, and damaged an equipment shed. The tornado then moved rapidly northeast along an intermittent four and a quarter mile path, and caused tree and outbuilding damage at two other farmsteads. The tornado lifted around 10:20 pm CDT. Times and begin/end locations were estimated by radar. Field assistance by the Henry County Emergency Manager and OEM volunteers to complete the remote survey is greatly appreciated.","Showers and thunderstorms tracked across central Iowa into eastern Iowa, northeast Missouri, and northwest Illinois late Friday afternoon and into the overnight hours. These storms brought heavy rain, frequent lightning, damaging winds, and large hail to the region.  The hardest hit areas were Keokuk county in Iowa, towards Henry county in Iowa, where 50-70 mph winds occurred.  A weak EF-1 tornado occurred near Atkinson, IL in Henry county in Illinois after 1015 pm and caused damage to trees and outbuildings at two farmsteads. ||Widespread rainfall amounts over 1 inch generally fell south of a line from Sigourney and Maquoketa, IA to Freeport, IL.  This rainfall combined with the previous days rain brought rain totals of 2-4 inches to the area.",313
884749,KENDALL CO.,MILLBROOK,05/17/2020,1415,Tornado, ,EFU,0,0,0,0,IL,CST-6, ,147164,C,93,LOT,0,0,Trained Spotter, ,0.69,25,2,WNW,2,NW,MILLBROOK,05/17/2020,1416,41.61,-88.59,41.62,-88.59,"A brief tornado touched down in northwest Kendall County.  No damage was reported.","Heavy rain fell across many areas of northeast Illinois on May 17th producing widespread flooding which continued into May 18th.  Two brief tornadoes also occurred during the afternoon of May 17th.  Scattered showers produced a few funnel clouds on May 18th.  Some of the highest 48 hour rainfall totals ending Monday morning May 18th included 8.61 inches in River Forest; 5.18 inches near Oak Forest; 4.75 inches near Burr Ridge; 4.70 inches three miles southwest of Midway Airport; 4.59 inches in Palos Heights; 4.14 inches in Burr Ridge; 3.99 inches in Joliet; 3.88 inches in Harwood Heights; 3.80 inches at the National Weather Service office in Romeoville; 3.73 inches in Algonquin; 3.60 inches near Manhattan; 3.59 inches in Minooka; 3.59 inches at Chicago O'Hare Airport (ORD) and 3.32 inches in Cary.",314
891187,MACON CO.,MACON,05/17/2020,1506,Tornado, ,EF0,0,0,10000,0,IL,CST-6, ,148009,C,115,ILX,0,0,Trained Spotter, ,4.04,75,2,NNE,1,ENE,ELWIN,05/17/2020,1514,39.7295,-88.9909,39.7834,-88.9616,"A tornado touched down in an open field 1.2 miles north-northeast of Macon at 4:06 PM CDT.  It tracked northeastward and dissipated about 1.1 miles east-northeast of Elwin at 4:14 PM CDT.  Minor damage to trees was reported.","An advancing cold front triggered a line of thunderstorms during the afternoon of May 17th.  One of the cells embedded within the line spawned a brief tornado near Elwin in Macon County: however, no damage occurred.  Other storm cells produced wind gusts of around 60 mph that caused minor damage east of Robinson in Crawford County.",315
884750,GRUNDY CO.,PEQUOT,05/17/2020,1626,Tornado, ,EFU,0,0,0,0,IL,CST-6, ,147164,C,63,LOT,0,0,Emergency Manager, ,0.52,25,1,S,1,SE,PEQUOT,05/17/2020,1627,41.26,-88.28,41.26,-88.27,"A brief tornado touched down in eastern Grundy County.  No damage was reported.","Heavy rain fell across many areas of northeast Illinois on May 17th producing widespread flooding which continued into May 18th.  Two brief tornadoes also occurred during the afternoon of May 17th.  Scattered showers produced a few funnel clouds on May 18th.  Some of the highest 48 hour rainfall totals ending Monday morning May 18th included 8.61 inches in River Forest; 5.18 inches near Oak Forest; 4.75 inches near Burr Ridge; 4.70 inches three miles southwest of Midway Airport; 4.59 inches in Palos Heights; 4.14 inches in Burr Ridge; 3.99 inches in Joliet; 3.88 inches in Harwood Heights; 3.80 inches at the National Weather Service office in Romeoville; 3.73 inches in Algonquin; 3.60 inches near Manhattan; 3.59 inches in Minooka; 3.59 inches at Chicago O'Hare Airport (ORD) and 3.32 inches in Cary.",316
891312,PIATT CO.,LINTNER,05/19/2020,1707,Tornado, ,EFU,0,0,0,0,IL,CST-6, ,148023,C,147,ILX,0,0,Trained Spotter, ,0.88,25,2,NNE,2,N,LINTNER,05/19/2020,1715,39.8278,-88.6535,39.8229,-88.6689,"A landspout tornado touched down beneath a developing shower 3.8 miles northeast of La Place at 6:07 PM CDT.  The tornado tracked very slowly northeastward through an open field for about 1 mile before dissipating at 6:15 PM CDT.  No damage was reported.","A trough of low pressure triggered scattered showers across portions of central Illinois during the afternoon and evening of May 19th.  A weak landspout tornado touched down beneath one of the developing showers in southern Piatt County near Hammond.  No damage was reported.",317
891319,WOODFORD CO.,PANOLA,05/23/2020,1254,Tornado, ,EF0,0,0,20000,0,IL,CST-6, ,148024,C,203,ILX,0,0,NWS Employee, ,3.46,75,1,WSW,3,NE,PANOLA,05/23/2020,1259,40.7742,-89.0324,40.8113,-88.9879,"A tornado touched down 1.1 miles southwest of Panola at 1:54 PM CDT.  The tornado tracked northeastward through the small community of Panola damaging the roof of an outbuilding, cracking a window in a house, and knocking down several tree branches before dissipating 2.3 miles northeast of Panola at 1:59 PM CDT.","Scattered thunderstorms developed near a warm front draped along the I-74 corridor during the early afternoon of May 23rd.  One of the cells spawned a brief EF-0 tornado in eastern Woodford County near Panola.  Other storms produced minor wind damage and hail as large as quarters across portions of Woodford and Tazewell counties.",318
892886,WHITESIDE CO.,MALVERN,05/23/2020,1329,Tornado, ,EF1,0,0,0,0,IL,CST-6, ,148284,C,195,DVN,0,0,NWS Storm Survey, ,9.91,30,1,S,4,NE,COLETA,05/23/2020,1349,41.8314,-89.8794,41.9309,-89.7407,"A  tornado developed ENE of Morrison, IL in Whiteside County, shortly before 2:30 pm. The tornado followed an intermittent path northeast before hitting a farmstead near the Whiteside/Carroll County border. This tornado exited Whiteside County about 4 miles NE of Coleta. The tornado snapped a 14 inch diameter tree, caused shingle damage, and downed power lines. The tornado was rated EF1 in Whiteside County, with maximum winds estimated around 100 mph. The tornado was designated as EF-U in Carroll County, as there was no observable damage. The tornado was on the ground for about 24 minutes along an intermittent 12 mile path.","Severe thunderstorms tracked across much of eastern Iowa and northwest Illinois in the early afternoon hours of May 23rd, 2020. Storms quickly intensified in an extremely favorable environment, which was the result of a warm front lifting north across the Midwest. Seven tornadoes were confirmed from this event in Iowa and Illinois.",319
892887,CARROLL CO.,MILLEDGEVILLE,05/23/2020,1349,Tornado, ,EFU,0,0,0,0,IL,CST-6, ,148284,C,15,DVN,0,0,NWS Storm Survey, ,2.34,30,3,SE,2,WSW,HAZELHURST,05/23/2020,1353,41.9309,-89.7407,41.9557,-89.7096,"A  tornado developed ENE of Morrison, IL in Whiteside County, shortly before 2:30 pm. The tornado followed an intermittent path northeast before hitting a farmstead near the Whiteside/Carroll County border. This tornado entered Carroll County about 2 miles WSW of Hazelhurst, and travelled a little more than 2 miles before dissipating. The tornado was rated EF1 in Whiteside County, with maximum winds estimated around 100 mph. The tornado was designated as EF-U in Carroll County, as there was no observable damage. The tornado was on the ground for about 24 minutes along an intermittent 12 mile path.","Severe thunderstorms tracked across much of eastern Iowa and northwest Illinois in the early afternoon hours of May 23rd, 2020. Storms quickly intensified in an extremely favorable environment, which was the result of a warm front lifting north across the Midwest. Seven tornadoes were confirmed from this event in Iowa and Illinois.",320
892438,GRUNDY CO.,SANK RIDGE,05/23/2020,1353,Tornado, ,EF0,0,1,0,0,IL,CST-6, ,147166,C,63,LOT,0,0,NWS Storm Survey, ,1.97,100,2,N,1,NW,MINOOKA,05/23/2020,1357,41.4535,-88.3269,41.4618,-88.2906,"A tornado touched down near Interstate 80, about a mile west of the Minooka exit.  The tornado blew over a car on Interstate 80, which resulted in one injury.  The tornado then moved into southeast Kendall County.","Scattered severe thunderstorms moved across northern Illinois during the afternoon of May 23rd producing wind damage, localized flooding and three tornadoes.  Several funnel clouds were also reported.",321
892439,KENDALL CO.,WHITE WILLOW,05/23/2020,1357,Tornado, ,EF0,0,0,0,0,IL,CST-6, ,147166,C,93,LOT,0,0,NWS Storm Survey, ,2.07,100,5,E,7,E,WHITE WILLOW,05/23/2020,1402,41.4618,-88.2906,41.4709,-88.2525,"A tornado touched down in northeast Grundy County and moved into southeast Kendall County.  Two wooden utility poles were blown down along with a half dozen large trees and numerous large tree limbs.  The tornado continued into western Will County.","Scattered severe thunderstorms moved across northern Illinois during the afternoon of May 23rd producing wind damage, localized flooding and three tornadoes.  Several funnel clouds were also reported.",322
892441,WILL CO.,BIRDS,05/23/2020,1402,Tornado, ,EF0,0,0,0,0,IL,CST-6, ,147166,C,197,LOT,0,0,NWS Storm Survey, ,2.26,100,3,W,1,NW,BIRDS,05/23/2020,1407,41.4709,-88.2525,41.48,-88.2105,"A tornado touched down in northeast Grundy County, moved into southeast Kendall County and then into far western Will County.  Numerous large tree limbs were blown down.","Scattered severe thunderstorms moved across northern Illinois during the afternoon of May 23rd producing wind damage, localized flooding and three tornadoes.  Several funnel clouds were also reported.",323
892888,JO DAVIESS CO.,WARREN,05/23/2020,1518,Tornado, ,EFU,0,0,0,0,IL,CST-6, ,148284,C,85,DVN,0,0,NWS Storm Survey, ,0.53,20,0,SE,1,NE,WARREN,05/23/2020,1520,42.4988,-89.9785,42.5047,-89.9718,"A trained spotter observed a brief tornado in an open field near Warren. The tornado is designated as an EF-U (unknown), as no damage was observed to assign an EF-scale rating.","Severe thunderstorms tracked across much of eastern Iowa and northwest Illinois in the early afternoon hours of May 23rd, 2020. Storms quickly intensified in an extremely favorable environment, which was the result of a warm front lifting north across the Midwest. Seven tornadoes were confirmed from this event in Iowa and Illinois.",324
888921,OGLE CO.,CHANA,05/23/2020,1530,Tornado, ,EF1,0,0,0,0,IL,CST-6, ,147166,C,141,LOT,0,0,Emergency Manager, ,0.3,100,1,SW,1,SW,CHANA,05/23/2020,1532,41.9673,-89.2434,41.9699,-89.2386,"A tornado touched down near the intersection of S Rocky Hollow and E Canfield Roads.  Peak winds were estimated between 90 mph and 100 mph based on damage to outbuildings and two farmsteads that were significantly damaged.  There were also several trees and utility poles blown down.","Scattered severe thunderstorms moved across northern Illinois during the afternoon of May 23rd producing wind damage, localized flooding and three tornadoes.  Several funnel clouds were also reported.",325
888922,DE KALB CO.,NEW LEBANON,05/23/2020,1706,Tornado, ,EF0,0,0,0,0,IL,CST-6, ,147166,C,37,LOT,0,0,Law Enforcement, ,2.2,50,3,NNW,3,N,NEW LEBANON,05/23/2020,1713,42.1393,-88.63,42.1475,-88.5886,"A tornado touched down near the intersection of Roosevelt and Melms Road where a barn was damaged and debris from the barn was blown downstream into a field.  The tornado continued across fields until it crossed into Kane County where power lines were blown down.","Scattered severe thunderstorms moved across northern Illinois during the afternoon of May 23rd producing wind damage, localized flooding and three tornadoes.  Several funnel clouds were also reported.",326
892434,KANE CO.,HAMPSHIRE,05/23/2020,1713,Tornado, ,EF0,0,0,0,0,IL,CST-6, ,147166,C,89,LOT,0,0,Law Enforcement, ,1,50,4,NW,4,NNW,HAMPSHIRE,05/23/2020,1716,42.1475,-88.5886,42.1513,-88.5698,"A tornado touched down in De Kalb County and moved across fields in Kane County and dissipated before reaching Interstate 90.","Scattered severe thunderstorms moved across northern Illinois during the afternoon of May 23rd producing wind damage, localized flooding and three tornadoes.  Several funnel clouds were also reported.",327
887462,CLINTON CO.,POSEY,05/27/2020,1834,Tornado, ,EFU,0,0,0,0,IL,CST-6, ,147532,C,27,LSX,0,0,Public, ,0.07,10,2,WSW,2,WSW,POSEY,05/27/2020,1835,38.519,-89.3876,38.5194,-89.3865,"A short-lived tornado was observed by several individuals from a distance. There were no reports of damage observed. The time and location was estimated from the reports and radar.","A cutoff upper low remained over region with weak impulses rotating around it, helping to generate showers and a few severe thunderstorms through the early evening hours.",328
891348,PEORIA CO.,EDELSTEIN,05/28/2020,1510,Tornado, ,EFU,0,0,0,0,IL,CST-6, ,148028,C,143,ILX,0,0,Trained Spotter, ,1.69,25,0,SW,1,NNE,EDELSTEIN,05/28/2020,1515,40.9275,-89.6348,40.9474,-89.616,"A landspout tornado touched down in an open field 5 miles north-northeast of Dunlap at 4:10 PM CDT.  The tornado tracked northeastward and dissipated 1.1 miles east-northeast of Edelstein at 4:15 PM CDT.  No damage was observed.","A slow-moving cold front crossing the Mississippi River triggered scattered thunderstorms during the late afternoon and evening of May 28th.  The storms produced 3 landspout tornadoes...one in Peoria County and two in Moultrie County.  In addition, other thunderstorm cells dropped 3 to 4 inches of rain in about an hour, causing significant flash flooding across western Marshall County.",329
887466,MONTGOMERY CO.,BARNETT,05/28/2020,1650,Tornado, ,EFU,0,0,0,0,IL,CST-6, ,147534,C,135,LSX,0,0,Public, ,2.88,100,3,NNE,2,S,WAGGONER,05/28/2020,1655,39.3127,-89.6706,39.3512,-89.6499,"Based on multiple images and videos provided by several parties, a landspout tornado formed at approximately 2250 UTC and tracked along the I-55 corridor. The starting and ending points are estimated and based on information received.","As a cold front moved through the region, widespread showers and storms developed. Some of the storms produced damaging winds, large hail, flash flooding and even one isolated tornado.",330
891349,MOULTRIE CO.,BETHANY,05/28/2020,1825,Tornado, ,EFU,0,0,0,0,IL,CST-6, ,148028,C,139,ILX,0,0,Law Enforcement, ,0.36,20,2,NNE,2,NNE,BETHANY,05/28/2020,1826,39.6828,-88.7211,39.6833,-88.7143,"A landspout tornado briefly touched down in an open field 2.7 miles north-northeast of Bethany at 7:25 PM CDT.  The tornado tracked eastward and quickly dissipated one minute later.  No damage was observed.","A slow-moving cold front crossing the Mississippi River triggered scattered thunderstorms during the late afternoon and evening of May 28th.  The storms produced 3 landspout tornadoes...one in Peoria County and two in Moultrie County.  In addition, other thunderstorm cells dropped 3 to 4 inches of rain in about an hour, causing significant flash flooding across western Marshall County.",331
891350,MOULTRIE CO.,ULLRICH,05/28/2020,1834,Tornado, ,EFU,0,0,0,0,IL,CST-6, ,148028,C,139,ILX,0,0,Trained Spotter, ,0.31,20,1,E,1,E,ULLRICH,05/28/2020,1835,39.7314,-88.6628,39.7322,-88.6571,"A landspout tornado briefly touched down near the Okaw River Bridge on Route 32 about 2 miles northwest of Lovington at 7:34 PM CDT.  The tornado tracked eastward and quickly dissipated one minute later.  No damage was observed.","A slow-moving cold front crossing the Mississippi River triggered scattered thunderstorms during the late afternoon and evening of May 28th.  The storms produced 3 landspout tornadoes...one in Peoria County and two in Moultrie County.  In addition, other thunderstorm cells dropped 3 to 4 inches of rain in about an hour, causing significant flash flooding across western Marshall County.",332
904020,FORD CO.,PIPER CITY,06/09/2020,1724,Tornado, ,EFU,0,0,0,0,IL,CST-6, ,148484,C,53,LOT,0,0,Trained Spotter, ,1.7,75,4,SSE,4,SE,PIPER CITY,06/09/2020,1726,40.6997,-88.1472,40.7168,-88.1239,"Photos from trained spotters showed a brief tornado that touched down southeast of Piper City and continued northeast into Iroquois County.  No damage was reported and the path was estimated based on reports from trained spotters.","Scattered severe thunderstorms moved across parts of northern Illinois during the afternoon of June 9th.  Additional thunderstorms moved across far eastern Illinois during the evening producing a tornado and a few funnel clouds.",333
904021,IROQUOIS CO.,RIDGEVILLE,06/09/2020,1726,Tornado, ,EFU,0,0,0,0,IL,CST-6, ,148484,C,75,LOT,0,0,Trained Spotter, ,2.66,75,3,W,2,NNW,RIDGEVILLE,06/09/2020,1728,40.7168,-88.1239,40.7435,-88.0872,"Photos from trained spotters showed a brief tornado that touched down southeast of Piper City in Ford County and continued northeast into Iroquois County, ending west northwest of Onarga.  No damage was reported and the path was estimated based on reports from trained spotters.","Scattered severe thunderstorms moved across parts of northern Illinois during the afternoon of June 9th.  Additional thunderstorms moved across far eastern Illinois during the evening producing a tornado and a few funnel clouds.",334
908262,LEE CO.,VAN PETTEN,07/04/2020,1802,Tornado, ,EFU,0,0,0,0,IL,CST-6, ,149964,C,103,LOT,0,0,Public, ,0.1,25,6,S,6,S,VAN PETTEN,07/04/2020,1803,41.6103,-89.6091,41.6098,-89.611,"Video and photos were shared of a brief landspout tornado that occurred in an open field.  No damage was reported.","Isolated showers developed across north central Illinois during the evening of July 4th.  A landspout tornado was observed near one of these showers.",335
903589,WHITESIDE CO.,STERLING,07/08/2020,1504,Tornado, ,EFU,0,0,0,0,IL,CST-6, ,149903,C,195,DVN,0,0,Public, ,0.31,10,3,NE,3,NE,STERLING,07/08/2020,1505,41.8236,-89.6574,41.8253,-89.6519,"A video posted on social media confirmed a landspout tornado in a field behind a Menards store on the northeast side of Sterling, Illinois. The tornado was brief and occurred in an open field. No damage was observed to assign an EF-Scale rating.","The afternoon of July 8th, strong to severe storms moved across northwest Illinois. A few of these storms produced damaging winds and an isolated, brief landspout tornado near Sterling, Illinois. There was no damage from the tornado.",336
914257,TAZEWELL CO.,GREEN VLY,07/15/2020,1237,Tornado, ,EFU,0,0,0,0,IL,CST-6, ,151741,C,179,ILX,0,0,NWS Storm Survey, ,0.12,10,3,NW,3,S,PEKIN MUNI ARPT,07/15/2020,1238,40.4312,-89.6766,40.4328,-89.6755,"A tornado briefly touched down in a field 2 miles northwest of Green Valley at 1:37 PM CDT.  The tornado tracked northward and quickly dissipated at 1:38PM CDT.  No damage was reported.","Low pressure tracked from near Kansas City on the morning of July 15th to southern Lake Michigan by midnight on July 16th.  The low interacted with an unstable and very moist environment to produce a Mesoscale Convective System (MCS) over eastern Kansas into Missouri, which then pushed into west-central Illinois by the mid to late morning of July 15th.  Several rounds of convection moved across the Illinois River Valley through the afternoon, producing heavy rain and isolated wind damage.  The heaviest rainfall of 5 to 7 inches was focused across Tazewell, Woodford, and far eastern Peoria counties where significant flash flooding occurred.  In addition, 5 weak tornadoes touched down...including 2 in Tazewell County, 1 in McLean County, 1 in Morgan County, and 1 in Montgomery County which then crossed into southern Sangamon County.  Minor damage was reported with some of the tornadoes: however, no injuries or deaths occurred.",337
914258,TAZEWELL CO.,SOUTH PEKIN,07/15/2020,1245,Tornado, ,EFU,0,0,0,0,IL,CST-6, ,151741,C,179,ILX,0,0,NWS Storm Survey, ,0.13,10,1,N,1,S,MIDWAY,07/15/2020,1246,40.5094,-89.65,40.5112,-89.6492,"A tornado touched down in a field 1 mile north of South Pekin at 1:45 PM CDT.  The tornado tracked northward and quickly dissipated at 1:46 PM CDT.  No damage was reported.","Low pressure tracked from near Kansas City on the morning of July 15th to southern Lake Michigan by midnight on July 16th.  The low interacted with an unstable and very moist environment to produce a Mesoscale Convective System (MCS) over eastern Kansas into Missouri, which then pushed into west-central Illinois by the mid to late morning of July 15th.  Several rounds of convection moved across the Illinois River Valley through the afternoon, producing heavy rain and isolated wind damage.  The heaviest rainfall of 5 to 7 inches was focused across Tazewell, Woodford, and far eastern Peoria counties where significant flash flooding occurred.  In addition, 5 weak tornadoes touched down...including 2 in Tazewell County, 1 in McLean County, 1 in Morgan County, and 1 in Montgomery County which then crossed into southern Sangamon County.  Minor damage was reported with some of the tornadoes: however, no injuries or deaths occurred.",338
914259,MCLEAN CO.,GRIDLEY,07/15/2020,1504,Tornado, ,EFU,0,0,0,0,IL,CST-6, ,151741,C,113,ILX,0,0,NWS Storm Survey, ,0.21,10,2,SE,2,SE,GRIDLEY,07/15/2020,1505,40.7306,-88.8566,40.7335,-88.8554,"A tornado touched down in a field 1.6 miles southeast of Gridley at 4:04 PM CDT.  The tornado tracked northward and quickly dissipated at 4:05 PM CDT.  No damage was reported.","Low pressure tracked from near Kansas City on the morning of July 15th to southern Lake Michigan by midnight on July 16th.  The low interacted with an unstable and very moist environment to produce a Mesoscale Convective System (MCS) over eastern Kansas into Missouri, which then pushed into west-central Illinois by the mid to late morning of July 15th.  Several rounds of convection moved across the Illinois River Valley through the afternoon, producing heavy rain and isolated wind damage.  The heaviest rainfall of 5 to 7 inches was focused across Tazewell, Woodford, and far eastern Peoria counties where significant flash flooding occurred.  In addition, 5 weak tornadoes touched down...including 2 in Tazewell County, 1 in McLean County, 1 in Morgan County, and 1 in Montgomery County which then crossed into southern Sangamon County.  Minor damage was reported with some of the tornadoes: however, no injuries or deaths occurred.",339
914260,MORGAN CO.,ROHRER,07/15/2020,1528,Tornado, ,EF0,0,0,10000,20000,IL,CST-6, ,151741,C,137,ILX,0,0,NWS Storm Survey, ,0.98,50,1,WSW,1,NW,ROHRER,07/15/2020,1530,39.6426,-89.9681,39.6557,-89.9609,"A tornado touched down 3.5 miles north-northwest of Waverly at 4:28PM CDT.  The tornado tracked north-northeastward and crossed into Sangamon County 4.5 miles north of Waverly at 4:30 PM CDT.  Minor crop and tree damage was reported.","Low pressure tracked from near Kansas City on the morning of July 15th to southern Lake Michigan by midnight on July 16th.  The low interacted with an unstable and very moist environment to produce a Mesoscale Convective System (MCS) over eastern Kansas into Missouri, which then pushed into west-central Illinois by the mid to late morning of July 15th.  Several rounds of convection moved across the Illinois River Valley through the afternoon, producing heavy rain and isolated wind damage.  The heaviest rainfall of 5 to 7 inches was focused across Tazewell, Woodford, and far eastern Peoria counties where significant flash flooding occurred.  In addition, 5 weak tornadoes touched down...including 2 in Tazewell County, 1 in McLean County, 1 in Morgan County, and 1 in Montgomery County which then crossed into southern Sangamon County.  Minor damage was reported with some of the tornadoes: however, no injuries or deaths occurred.",340
914261,SANGAMON CO.,PROUTY,07/15/2020,1530,Tornado, ,EF0,0,0,10000,50000,IL,CST-6, ,151741,C,167,ILX,0,0,NWS Storm Survey, ,3.16,50,2,WSW,2,SW,NEW BERLIN,07/15/2020,1537,39.6557,-89.9609,39.6992,-89.9428,"This tornado is a continuation of the tornado that touched down in Morgan County at 4:28 PM CDT.  It crossed from Morgan County into Sangamon County 5.6 miles southwest of New Berlin at 4:30 PM CDT, then tracked north-northeastward and dissipated 2.5 miles southwest of New Berlin at 4:37 PM CDT.  Minor crop and tree damage was reported.","Low pressure tracked from near Kansas City on the morning of July 15th to southern Lake Michigan by midnight on July 16th.  The low interacted with an unstable and very moist environment to produce a Mesoscale Convective System (MCS) over eastern Kansas into Missouri, which then pushed into west-central Illinois by the mid to late morning of July 15th.  Several rounds of convection moved across the Illinois River Valley through the afternoon, producing heavy rain and isolated wind damage.  The heaviest rainfall of 5 to 7 inches was focused across Tazewell, Woodford, and far eastern Peoria counties where significant flash flooding occurred.  In addition, 5 weak tornadoes touched down...including 2 in Tazewell County, 1 in McLean County, 1 in Morgan County, and 1 in Montgomery County which then crossed into southern Sangamon County.  Minor damage was reported with some of the tornadoes: however, no injuries or deaths occurred.",341
905890,MACOUPIN CO.,PALMYRA ZELMER ARPT,07/15/2020,1547,Tornado, ,EFU,0,0,0,0,IL,CST-6, ,150236,C,117,LSX,0,0,Trained Spotter, ,0.15,15,3,ESE,3,ESE,PALMYRA ZELMER ARPT,07/15/2020,1548,39.4062,-89.9277,39.4077,-89.9258,"Two spotters reported a tornado briefly touched down in a field verified with a picture.  This tornado touched down northeast of Hettick, IL, southwest of Otter Lake.  The tornado was very short lived and did not damage any rating indicators, thus it will be labeled an EF-unknown.","A strong cold front moved through the region triggering showers and storms. Some of the storms produced damaging winds and a couple of tornadoes.",342
905891,MONTGOMERY CO.,WALSHVILLE,07/15/2020,1558,Tornado, ,EF0,0,0,0,0,IL,CST-6, ,150236,C,135,LSX,0,0,NWS Storm Survey, ,3.21,75,5,WSW,3,W,WALSHVILLE,07/15/2020,1602,39.0338,-89.6904,39.0767,-89.6673,"A combination of a ground survey and satellite data shows an intermittent tornado path. The tornado touched down just south of Prange Avenue. It snapped and uprooted some trees near a residence on Prange Avenue. Satellite data shows the tornado continued northeast through cornfields, damaging more trees near Sewing and Mt. Olive Trails. Satellite data shows the tornado continued northeast, before lifting just west of Niemanville Trail. The tornado was rated as EF0 with a path length of 3.2 miles and max path width of 75 yards.","A strong cold front moved through the region triggering showers and storms. Some of the storms produced damaging winds and a couple of tornadoes.",343
905910,MONTGOMERY CO.,WALSHVILLE,07/15/2020,1605,Tornado, ,EF0,0,0,0,0,IL,CST-6, ,150236,C,135,LSX,0,0,NWS Storm Survey, ,0.57,50,2,NE,2,NNE,WALSHVILLE,07/15/2020,1606,39.0907,-89.5977,39.0987,-89.5953,"A combination of a ground survey and satellite data suggests a brief, weak tornado touched down northeast of Walshville, IL. The tornado first touched down in a corn field west of Durbin Road. The tornado then continued northeast, mainly causing tree damage, though some minor structural damage to a house west of Durbin Road also occurred. The tornado quickly lifted as it approached Durbin Road. The tornado was rated as EF0 with a path length of 0.57 miles and max path width of 50 yards.","A strong cold front moved through the region triggering showers and storms. Some of the storms produced damaging winds and a couple of tornadoes.",344
905911,MONTGOMERY CO.,FARMERSVILLE,07/15/2020,1618,Tornado, ,EF0,0,0,0,0,IL,CST-6, ,150236,C,135,LSX,0,0,Emergency Manager, ,3.89,300,4,NW,5,WNW,WHITE OAK,07/15/2020,1625,39.4725,-89.6871,39.5239,-89.6576,"A tornado developed about 3 miles north-northwest of Farmersville, Illinois, near the intersection of Rovey Lane and East 1st Road. A few storm chasers captured video of the tornado as it moved northeast and then north toward the Montgomery and Sangamon County line. On video the tornado appeared to be multivortex and violent, yet damage in the St. Louis county warning area was limited to a few broken tree branches, flattened corn and the partial destruction of a small outbuilding. Therefore, it was rated as an EF-0 in Montgomery County with a path length of 3.89 miles and a max path width of 300 yards. The tornado continued north into Sangamon County (WFO Central IL CWA) before lifting and dissipating about 2.4 miles south of Divernon. Overall, the tornado was rated EF0 with a total path length of 4.24 miles and a max path width of 300 yards. No deaths or injuries were reported.","A strong cold front moved through the region triggering showers and storms. Some of the storms produced damaging winds and a couple of tornadoes.",345
914262,SANGAMON CO.,DIVERNON,07/15/2020,1625,Tornado, ,EF0,0,0,0,5000,IL,CST-6, ,151741,C,167,ILX,0,0,NWS Storm Survey, ,0.64,100,3,SSE,3,S,DIVERNON,07/15/2020,1626,39.5239,-89.6576,39.529,-89.6676,"This is a continuation of a tornado that touched down in the National Weather Service St. Louis County Warning Area (CWA) in Montgomery County at 5:18 PM CDT.  The tornado crossed into the National Weather Service Central Illinois CWA in far southern Sangamon County at 5:25 PM CDT.  Damage occurred to approximately 15 acres of a cornfield before the tornado dissipated 2.7 miles south of Divernon at 5:26 PM CDT.","Low pressure tracked from near Kansas City on the morning of July 15th to southern Lake Michigan by midnight on July 16th.  The low interacted with an unstable and very moist environment to produce a Mesoscale Convective System (MCS) over eastern Kansas into Missouri, which then pushed into west-central Illinois by the mid to late morning of July 15th.  Several rounds of convection moved across the Illinois River Valley through the afternoon, producing heavy rain and isolated wind damage.  The heaviest rainfall of 5 to 7 inches was focused across Tazewell, Woodford, and far eastern Peoria counties where significant flash flooding occurred.  In addition, 5 weak tornadoes touched down...including 2 in Tazewell County, 1 in McLean County, 1 in Morgan County, and 1 in Montgomery County which then crossed into southern Sangamon County.  Minor damage was reported with some of the tornadoes: however, no injuries or deaths occurred.",346
909540,MASSAC CO.,METROPOLIS MUNI ARPT,07/20/2020,1401,Tornado, ,EF0,0,0,15000,0,IL,CST-6, ,150628,C,127,PAH,0,0,Public, ,0.26,30,3,ENE,3,ENE,METROPOLIS MUNI ARPT,07/20/2020,1402,37.1898,-88.6992,37.1905,-88.6946,"A very small tornado caused some minor damage at a country club on the northeast edge of Metropolis. The entire event was captured on video. The narrow funnel appeared to develop from the ground upward. The funnel briefly came in contact with the cloud base before it dissipated. There was no apparent large-scale parent mesocyclone. At the country club, tree limbs and a medium sized tree were blown over. A wood fence surrounding a port-a-potty was blown over, and another port-a-potty was blown over. Nobody was occupying the port-a-potty at the time of the tornado. Peak winds were estimated at 65 to 75 mph based on damage photos.","Large clusters of thunderstorms increased in coverage and intensity during the afternoon along an east to west corridor across southeast Missouri into extreme southern Illinois and western Kentucky. The storms produced very heavy rainfall, along with an isolated brief tornado. The storms formed along and ahead of a slow-moving frontal boundary that extended generally along the Ohio River into southeast Missouri. The environment near and south of the front was characterized by dew points in the lower to middle 70's and precipitable water values around 1.75 inches. With daytime heating, instability increased substantially to around 3000 J/kg south of the front, with a sharp gradient along the surface front.",347
914562,SANGAMON CO.,COMPRO,07/21/2020,1505,Tornado, ,EF1,0,0,300000,50000,IL,CST-6, ,151820,C,167,ILX,0,0,NWS Storm Survey, ,4.36,100,3,NW,2,NNE,AUBURN,07/21/2020,1509,39.5972,-89.813,39.6117,-89.7332,"A tornado touched down 2.7 miles west-northwest of Auburn at 4:05 PM CDT.  The tornado tracked northeastward, destroying 2 large sheds and 2 grain bins.  It blew over an RV, damaged numerous trees, and caused minor roof damage to 2 houses and 2 large pole barns.  The tornado also damaged around 100 acres of corn and soybeans before dissipating near the intersection of Illinois Route 4 and Curran Road about 1.1 miles north of Auburn at 4:09 PM CDT.","A stationary frontal boundary triggered several rounds of showers and thunderstorms on July 21st.  One cluster of storms tracked through east-central Illinois during the late morning, blowing down a few trees and power lines across portions of Piatt and Champaign counties.  Additional convection developed further west toward midday, with a line of storms then progressing eastward across much of central Illinois during the afternoon.  Scattered wind damage occurred with this line, while one cell produced an EF-1 tornado near Auburn in Sangamon County.",348
909308,MONTGOMERY CO.,WHITE OAK,07/21/2020,1518,Tornado, ,EFU,0,0,0,0,IL,CST-6, ,150859,C,135,LSX,0,0,Emergency Manager, ,0.2,10,1,N,1,NNE,WHITE OAK,07/21/2020,1519,39.5135,-89.5666,39.5151,-89.5634,"Emergency management relayed a report of a brief tornado just northeast of intersection of Black Diamond Trail and North 35th Avenue. The tornado occurred over a field, resulting in no observed damage. The tornado was rated EFU (Unknown) with a path length 0.2 miles and max path width of 10 yards.","A remnant MCV moved across the region triggering showers and storms. Some of the storms became severe and produced damaging winds and large hail.",349
916000,STEPHENSON CO.,FLORENCE,08/10/2020,1312,Tornado, ,EF0,0,0,0,0,IL,CST-6, ,151778,C,177,DVN,0,0,NWS Storm Survey, ,4.59,50,2,WSW,1,WSW,FREEPORT,08/10/2020,1317,42.2119,-89.6884,42.2697,-89.6446,"A tornado moved through cropland just south of Freeport. The tornado began just west of Florence, and moved N/NE for about 4.5 miles before dissipating at the southern edge of Freeport.  The path was found in high resolution satellite imagery and confirmed by UAS survey. The tornado was on the leading edge of a larger swath of damaging straight line winds. There was no damage directly attributable to the tornado from which an EF-scale rating could be assigned. Thus, the tornado is designated EF-U.","A powerful line of severe thunderstorms produced a derecho which tracked across eastern Iowa and northwest Illinois on the afternoon of Monday, August 10th, resulting in widespread straight line wind damage. The cost of damage from this storm was extreme, reaching an estimated 7.5 billion dollars along the path of these storms from Iowa through Illinois.  Two brief tornadoes have been confirmed within the widespread swath of wind damage, one just north of the Eastern Iowa Airport in Linn County Iowa, and one just south of Freeport, Illinois. These tornadoes have been designated as EF-U, as there was no observable damage directly attributable to the tornadoes from which an EF-scale rating could be assigned. While an average of two derechos a year occur across the area, a derecho of this intensity is a roughly once-in-a-decade occurrence. Another unusual aspect of this derecho was the duration of the strong winds, with gusts over 60 mph for over an hour at some locations.||The most extreme winds, estimated at 110-140 mph, destroyed or damaged numerous outbuildings, barns, grain bins, homes, mobile homes, apartment buildings, trees, and power poles in parts of Benton, Linn, Jones, Cedar, and Clinton Counties. The Cedar Rapids area was particularly hard hit. One fatality occurred in Linn County, as a tree fell on a cyclist. Several homes, apartment complexes, and businesses sustained damage consistent with 130-140 mph winds. Radio transmission towers in Marion and Clinton, Iowa collapsed due to winds estimated around 130 mph. Wind gusts of 80-100 mph were common as the line of storms moved through the Quad Cities area and then through northwest Illinois. A small pocket of winds estimated at 100-110 mph impacted Princeton, IL in Bureau County, where a 150 foot communications tower collapsed and numerous power poles were snapped. In addition to the damage, numerous long-duration power outages occurred across the region. Damage to crops was considerable along the derecho path. Numerous semi trucks were also blown off roadways along the path of the derecho.",350
913059,WINNEBAGO CO.,RCKFRD COTTONWOOD AR,08/10/2020,1337,Tornado, ,EF0,0,0,0,0,IL,CST-6, ,150363,C,201,LOT,0,0,NWS Storm Survey, ,1.58,50,2,S,2,WSW,ROCKFORD,08/10/2020,1338,42.2495,-89.1332,42.262,-89.1073,"A brief tornado with peak winds of 75 mph touched down near the intersection of Pierpont Avenue and Montague Road and continued northeast into the southwest side of Rockford.  The tornado ended near the intersection of Ferguson and Loomis Streets.  All of the damage was to trees along the tornado path.","During the late morning through the afternoon of Monday August 10th, a line of intense thunderstorms known as a derecho brought widespread severe wind damage across Iowa, northern Illinois and northern Indiana.||In north central and northeast Illinois alone, the severe winds of 60 to 100 mph downed or damaged tens of thousands of trees, as well as caused severe damage to homes, businesses, and infrastructure.  There were 10 injuries reported in north central and northeast Illinois within the NWS Chicago/Romeoville County Warning Area (CWA).  Local officials estimated that nearly one million customers lost power across northern Illinois at the height of the derecho and some people were without power for several days.  Damage was estimated to be in the hundreds of millions of dollars in north central and northeast Illinois, with several billions of dollars in damages across the entire Corn Belt region including significant damage to crops and agriculture infrastructure.  While much of the damage was due to straight line winds, there were also 14 tornadoes documented in north central and northeast Illinois.||The combination of high moisture, explosive instability and very strong atmospheric wind flow for mid-summer had developed quickly over the Corn Belt region on the morning of August 10th.  This resulted in a progressive, well-organized complex of storms for hundreds of miles and at times traveling nearly 70 mph.  After bringing extensive damage from extreme wind speeds in Iowa that morning, the damage transitioned across northern Illinois from widespread wind damage to narrow, brief and intense swaths associated with compact circulations within the thunderstorm line, some of which were associated with tornadoes.",351
913065,WINNEBAGO CO.,SAMUELSON CORNERS,08/10/2020,1347,Tornado, ,EF1,0,0,0,0,IL,CST-6, ,150363,C,201,LOT,0,0,NWS Storm Survey, ,6.03,300,1,SSE,2,SSW,ARGYLE,08/10/2020,1359,42.2806,-89.022,42.3436,-88.9403,"A tornado with peak winds of 100 mph touched down near Guilford Road, east of Alpine Road and traveled approximately 6 miles northeast to Argyle Road where it crossed into Boone County.  Numerous trees, power lines, utility poles and fences were blown down from where the tornado touched down through the Mulford Road and Springbrook Road area.  Significant tree damage occurred in a localized area near Rock Valley College.  Just northeast of Perryville Road, some utility poles were broken along with extensive tree damage and minor roof and siding damage occurred to some homes.  Part of the roof was blown off of a Farm and Fleet building along East Riverside Boulevard, just west of Interstate 90.  A home suffered siding and roof damage and metal wall panels were blown off a building, both along Paulson Road.","During the late morning through the afternoon of Monday August 10th, a line of intense thunderstorms known as a derecho brought widespread severe wind damage across Iowa, northern Illinois and northern Indiana.||In north central and northeast Illinois alone, the severe winds of 60 to 100 mph downed or damaged tens of thousands of trees, as well as caused severe damage to homes, businesses, and infrastructure.  There were 10 injuries reported in north central and northeast Illinois within the NWS Chicago/Romeoville County Warning Area (CWA).  Local officials estimated that nearly one million customers lost power across northern Illinois at the height of the derecho and some people were without power for several days.  Damage was estimated to be in the hundreds of millions of dollars in north central and northeast Illinois, with several billions of dollars in damages across the entire Corn Belt region including significant damage to crops and agriculture infrastructure.  While much of the damage was due to straight line winds, there were also 14 tornadoes documented in north central and northeast Illinois.||The combination of high moisture, explosive instability and very strong atmospheric wind flow for mid-summer had developed quickly over the Corn Belt region on the morning of August 10th.  This resulted in a progressive, well-organized complex of storms for hundreds of miles and at times traveling nearly 70 mph.  After bringing extensive damage from extreme wind speeds in Iowa that morning, the damage transitioned across northern Illinois from widespread wind damage to narrow, brief and intense swaths associated with compact circulations within the thunderstorm line, some of which were associated with tornadoes.",352
914396,DE KALB CO.,FAIRDALE,08/10/2020,1350,Tornado, ,EF0,0,0,0,0,IL,CST-6, ,150363,C,37,LOT,0,0,NWS Storm Survey, ,6.28,40,0,SSE,3,W,COLVIN PARK,08/10/2020,1357,42.0962,-88.9266,42.1244,-88.8101,"A tornado with peak winds of 80 mph touched down just southeast of Fairdale and moved northeast until it ended in a field east of Myelle Road.  Drone footage showed a narrow swath of corn flattened in a convergent pattern.  A utility pole was snapped along Buck Road.  Tree damage occurred at a vocational farm along Pearl Street, just north of Wolf Road and a plastic covering was ripped off a greenhouse.  The path of this tornado was determined, in part, using high resolution satellite imagery.","During the late morning through the afternoon of Monday August 10th, a line of intense thunderstorms known as a derecho brought widespread severe wind damage across Iowa, northern Illinois and northern Indiana.||In north central and northeast Illinois alone, the severe winds of 60 to 100 mph downed or damaged tens of thousands of trees, as well as caused severe damage to homes, businesses, and infrastructure.  There were 10 injuries reported in north central and northeast Illinois within the NWS Chicago/Romeoville County Warning Area (CWA).  Local officials estimated that nearly one million customers lost power across northern Illinois at the height of the derecho and some people were without power for several days.  Damage was estimated to be in the hundreds of millions of dollars in north central and northeast Illinois, with several billions of dollars in damages across the entire Corn Belt region including significant damage to crops and agriculture infrastructure.  While much of the damage was due to straight line winds, there were also 14 tornadoes documented in north central and northeast Illinois.||The combination of high moisture, explosive instability and very strong atmospheric wind flow for mid-summer had developed quickly over the Corn Belt region on the morning of August 10th.  This resulted in a progressive, well-organized complex of storms for hundreds of miles and at times traveling nearly 70 mph.  After bringing extensive damage from extreme wind speeds in Iowa that morning, the damage transitioned across northern Illinois from widespread wind damage to narrow, brief and intense swaths associated with compact circulations within the thunderstorm line, some of which were associated with tornadoes.",353
913081,BOONE CO.,CALEDONIA,08/10/2020,1359,Tornado, ,EF1,0,0,0,0,IL,CST-6, ,150363,C,7,LOT,0,0,NWS Storm Survey, ,3.15,300,3,SW,1,E,CALEDONIA,08/10/2020,1405,42.3436,-88.9403,42.3692,-88.8891,"A tornado touched down in southeast Winnebago County and moved northeast crossing into Boone County along Argyle Road.  This tornado produced mainly tree damage in Boone County including tree limbs blown down in Caledonia.  The tornado ended on the east side of Caledonia, south of Route 173.","During the late morning through the afternoon of Monday August 10th, a line of intense thunderstorms known as a derecho brought widespread severe wind damage across Iowa, northern Illinois and northern Indiana.||In north central and northeast Illinois alone, the severe winds of 60 to 100 mph downed or damaged tens of thousands of trees, as well as caused severe damage to homes, businesses, and infrastructure.  There were 10 injuries reported in north central and northeast Illinois within the NWS Chicago/Romeoville County Warning Area (CWA).  Local officials estimated that nearly one million customers lost power across northern Illinois at the height of the derecho and some people were without power for several days.  Damage was estimated to be in the hundreds of millions of dollars in north central and northeast Illinois, with several billions of dollars in damages across the entire Corn Belt region including significant damage to crops and agriculture infrastructure.  While much of the damage was due to straight line winds, there were also 14 tornadoes documented in north central and northeast Illinois.||The combination of high moisture, explosive instability and very strong atmospheric wind flow for mid-summer had developed quickly over the Corn Belt region on the morning of August 10th.  This resulted in a progressive, well-organized complex of storms for hundreds of miles and at times traveling nearly 70 mph.  After bringing extensive damage from extreme wind speeds in Iowa that morning, the damage transitioned across northern Illinois from widespread wind damage to narrow, brief and intense swaths associated with compact circulations within the thunderstorm line, some of which were associated with tornadoes.",354
913261,LA SALLE CO.,OTTAWA,08/10/2020,1359,Tornado, ,EF1,0,0,0,0,IL,CST-6, ,150363,C,99,LOT,0,0,NWS Storm Survey, ,0.9,150,0,NE,1,E,OTTAWA,08/10/2020,1400,41.3534,-88.8448,41.3523,-88.8275,"A tornado with peak winds of 100 mph touched down south of Marquette Street west of La Salle Street.  The tornado impacted several businesses ripping off well anchored roofing material and snapping a utility pole at its base.  The roof of a flooring business was blown off and hit a nearby building.  It was here the tornado reached peak intensity.  The tornado continued east ripping shingles off of roofs of buildings and houses and shredding trees.  One tree was shredded badly near Canal Street and a large tree limb fell onto a new pickup truck causing significant damage.  Fallen trees and tree limbs covered most areas along the path to the Fox River.  The tornado is believed to have lifted in an inaccessible forested area east of the Fox River.  Eye witnesses indicated the tornado may have had multiple vortices with clear rising and rotating motion of debris.","During the late morning through the afternoon of Monday August 10th, a line of intense thunderstorms known as a derecho brought widespread severe wind damage across Iowa, northern Illinois and northern Indiana.||In north central and northeast Illinois alone, the severe winds of 60 to 100 mph downed or damaged tens of thousands of trees, as well as caused severe damage to homes, businesses, and infrastructure.  There were 10 injuries reported in north central and northeast Illinois within the NWS Chicago/Romeoville County Warning Area (CWA).  Local officials estimated that nearly one million customers lost power across northern Illinois at the height of the derecho and some people were without power for several days.  Damage was estimated to be in the hundreds of millions of dollars in north central and northeast Illinois, with several billions of dollars in damages across the entire Corn Belt region including significant damage to crops and agriculture infrastructure.  While much of the damage was due to straight line winds, there were also 14 tornadoes documented in north central and northeast Illinois.||The combination of high moisture, explosive instability and very strong atmospheric wind flow for mid-summer had developed quickly over the Corn Belt region on the morning of August 10th.  This resulted in a progressive, well-organized complex of storms for hundreds of miles and at times traveling nearly 70 mph.  After bringing extensive damage from extreme wind speeds in Iowa that morning, the damage transitioned across northern Illinois from widespread wind damage to narrow, brief and intense swaths associated with compact circulations within the thunderstorm line, some of which were associated with tornadoes.",355
914488,MCHENRY CO.,CORAL,08/10/2020,1405,Tornado, ,EF1,0,0,0,0,IL,CST-6, ,150363,C,111,LOT,0,0,NWS Storm Survey, ,5.73,200,5,WSW,1,ENE,CORAL,08/10/2020,1411,42.1808,-88.6548,42.2233,-88.5587,"A tornado with peak winds of 95 mph touched down just south of Harmony Road, west of Payne Road where several large tree limbs were blown down.  Tree damage occurred immediately northeast of Interstate 90.  Farm sheds were heavily damaged near Anthony and Riley Roads.  Tree limbs were blown down and corn was blown down in a convergent pattern in this area.  Two utility poles were slightly leaning along Route 23, south of Grange Road.  A single family home was heavily damaged near Maple Street.  Mainly tree limbs were blown down along the remaining path.  The tornado lifted near Coral and Dunham Roads.","During the late morning through the afternoon of Monday August 10th, a line of intense thunderstorms known as a derecho brought widespread severe wind damage across Iowa, northern Illinois and northern Indiana.||In north central and northeast Illinois alone, the severe winds of 60 to 100 mph downed or damaged tens of thousands of trees, as well as caused severe damage to homes, businesses, and infrastructure.  There were 10 injuries reported in north central and northeast Illinois within the NWS Chicago/Romeoville County Warning Area (CWA).  Local officials estimated that nearly one million customers lost power across northern Illinois at the height of the derecho and some people were without power for several days.  Damage was estimated to be in the hundreds of millions of dollars in north central and northeast Illinois, with several billions of dollars in damages across the entire Corn Belt region including significant damage to crops and agriculture infrastructure.  While much of the damage was due to straight line winds, there were also 14 tornadoes documented in north central and northeast Illinois.||The combination of high moisture, explosive instability and very strong atmospheric wind flow for mid-summer had developed quickly over the Corn Belt region on the morning of August 10th.  This resulted in a progressive, well-organized complex of storms for hundreds of miles and at times traveling nearly 70 mph.  After bringing extensive damage from extreme wind speeds in Iowa that morning, the damage transitioned across northern Illinois from widespread wind damage to narrow, brief and intense swaths associated with compact circulations within the thunderstorm line, some of which were associated with tornadoes.",356
913262,KANE CO.,MAPLE PARK,08/10/2020,1412,Tornado, ,EF1,0,0,0,0,IL,CST-6, ,150363,C,89,LOT,0,0,Trained Spotter, ,1.21,40,2,ENE,2,S,VIRGIL,08/10/2020,1414,41.9173,-88.5605,41.9179,-88.537,"A tornado with peak winds of 90 mph touched down just west of Thatcher Road, northeast of Maple Park and ended near Meredith Road.  Drone footage revealed a narrow swath of corn flattened in a convergent pattern.  Damage to a barn occurred with a near complete removal of the gabled roof.  The path of this tornado was determined, in part, using high resolution satellite imagery.","During the late morning through the afternoon of Monday August 10th, a line of intense thunderstorms known as a derecho brought widespread severe wind damage across Iowa, northern Illinois and northern Indiana.||In north central and northeast Illinois alone, the severe winds of 60 to 100 mph downed or damaged tens of thousands of trees, as well as caused severe damage to homes, businesses, and infrastructure.  There were 10 injuries reported in north central and northeast Illinois within the NWS Chicago/Romeoville County Warning Area (CWA).  Local officials estimated that nearly one million customers lost power across northern Illinois at the height of the derecho and some people were without power for several days.  Damage was estimated to be in the hundreds of millions of dollars in north central and northeast Illinois, with several billions of dollars in damages across the entire Corn Belt region including significant damage to crops and agriculture infrastructure.  While much of the damage was due to straight line winds, there were also 14 tornadoes documented in north central and northeast Illinois.||The combination of high moisture, explosive instability and very strong atmospheric wind flow for mid-summer had developed quickly over the Corn Belt region on the morning of August 10th.  This resulted in a progressive, well-organized complex of storms for hundreds of miles and at times traveling nearly 70 mph.  After bringing extensive damage from extreme wind speeds in Iowa that morning, the damage transitioned across northern Illinois from widespread wind damage to narrow, brief and intense swaths associated with compact circulations within the thunderstorm line, some of which were associated with tornadoes.",357
914771,KENDALL CO.,YORKVILLE,08/10/2020,1415,Tornado, ,EF1,0,0,0,0,IL,CST-6, ,150363,C,93,LOT,0,0,NWS Storm Survey, ,10.47,250,1,SSW,8,ENE,PLATTVILLE,08/10/2020,1426,41.6212,-88.455,41.5888,-88.2571,"A tornado with peak winds of 105 mph touched down near Walsh Drive, just north of Route 71.  A pergola was destroyed, siding was ripped off a house and parts of a fence and a tree were thrown over a road.  Eyewitness accounts indicated the debris was lifted and twirled.  The tornado continued moving east southeast producing damage to trees along Route 126.  The most significant damage was found east of Schlapp Road along Wheeler Road where trees were mangled, a farm building was destroyed with debris deposited in a nearby field and a large grain bin was bent inward.  Wood panels were thrown into the ground leaving scour marks in the grass.  Six utility poles were snapped along Ridge Road and a 1000-1500 pound auger was moved about 50 feet.  This is where the tornado likely reached peak intensity.  The tornado continued southeast crossing into Will County just south of Renwick Road.","During the late morning through the afternoon of Monday August 10th, a line of intense thunderstorms known as a derecho brought widespread severe wind damage across Iowa, northern Illinois and northern Indiana.||In north central and northeast Illinois alone, the severe winds of 60 to 100 mph downed or damaged tens of thousands of trees, as well as caused severe damage to homes, businesses, and infrastructure.  There were 10 injuries reported in north central and northeast Illinois within the NWS Chicago/Romeoville County Warning Area (CWA).  Local officials estimated that nearly one million customers lost power across northern Illinois at the height of the derecho and some people were without power for several days.  Damage was estimated to be in the hundreds of millions of dollars in north central and northeast Illinois, with several billions of dollars in damages across the entire Corn Belt region including significant damage to crops and agriculture infrastructure.  While much of the damage was due to straight line winds, there were also 14 tornadoes documented in north central and northeast Illinois.||The combination of high moisture, explosive instability and very strong atmospheric wind flow for mid-summer had developed quickly over the Corn Belt region on the morning of August 10th.  This resulted in a progressive, well-organized complex of storms for hundreds of miles and at times traveling nearly 70 mph.  After bringing extensive damage from extreme wind speeds in Iowa that morning, the damage transitioned across northern Illinois from widespread wind damage to narrow, brief and intense swaths associated with compact circulations within the thunderstorm line, some of which were associated with tornadoes.",358
914777,WILL CO.,CATON FARM,08/10/2020,1426,Tornado, ,EF1,0,0,0,0,IL,CST-6, ,150363,C,197,LOT,0,0,NWS Storm Survey, ,3.98,250,1,NNW,2,W,CRYSTAL LAWNS,08/10/2020,1430,41.5888,-88.2571,41.5658,-88.1865,"A tornado touched down in central Kendall County and moved southeast crossing into Will County just south of Renwick Road.  Tree damage occurred along the path in Will County including a tree blown down near Caton Farm and Drauden Road.  Minor roof damage occurred with some shingles blown off and some fences were blown down.  One house lost half of the shingles on its roof with vents torn off, just east of Route 59.  The tornado lifted near Caton Farm Road, just west of Interstate 55.","During the late morning through the afternoon of Monday August 10th, a line of intense thunderstorms known as a derecho brought widespread severe wind damage across Iowa, northern Illinois and northern Indiana.||In north central and northeast Illinois alone, the severe winds of 60 to 100 mph downed or damaged tens of thousands of trees, as well as caused severe damage to homes, businesses, and infrastructure.  There were 10 injuries reported in north central and northeast Illinois within the NWS Chicago/Romeoville County Warning Area (CWA).  Local officials estimated that nearly one million customers lost power across northern Illinois at the height of the derecho and some people were without power for several days.  Damage was estimated to be in the hundreds of millions of dollars in north central and northeast Illinois, with several billions of dollars in damages across the entire Corn Belt region including significant damage to crops and agriculture infrastructure.  While much of the damage was due to straight line winds, there were also 14 tornadoes documented in north central and northeast Illinois.||The combination of high moisture, explosive instability and very strong atmospheric wind flow for mid-summer had developed quickly over the Corn Belt region on the morning of August 10th.  This resulted in a progressive, well-organized complex of storms for hundreds of miles and at times traveling nearly 70 mph.  After bringing extensive damage from extreme wind speeds in Iowa that morning, the damage transitioned across northern Illinois from widespread wind damage to narrow, brief and intense swaths associated with compact circulations within the thunderstorm line, some of which were associated with tornadoes.",359
914492,DU PAGE CO.,WHEATON,08/10/2020,1435,Tornado, ,EF1,0,0,0,0,IL,CST-6, ,150363,C,43,LOT,0,0,NWS Storm Survey, ,0.36,100,1,ESE,1,E,WHEATON,08/10/2020,1436,41.8673,-88.1038,41.8685,-88.097,"A brief tornado with peak winds of 90 mph touched down near Seminary Avenue and Scott Street and moved northeast where it knocked a roughly 50 foot steeple around to the north side of the College Church of Wheaton.  The tornado then produced minor tree damage before lifting near Collage Avenue and Howard Street.","During the late morning through the afternoon of Monday August 10th, a line of intense thunderstorms known as a derecho brought widespread severe wind damage across Iowa, northern Illinois and northern Indiana.||In north central and northeast Illinois alone, the severe winds of 60 to 100 mph downed or damaged tens of thousands of trees, as well as caused severe damage to homes, businesses, and infrastructure.  There were 10 injuries reported in north central and northeast Illinois within the NWS Chicago/Romeoville County Warning Area (CWA).  Local officials estimated that nearly one million customers lost power across northern Illinois at the height of the derecho and some people were without power for several days.  Damage was estimated to be in the hundreds of millions of dollars in north central and northeast Illinois, with several billions of dollars in damages across the entire Corn Belt region including significant damage to crops and agriculture infrastructure.  While much of the damage was due to straight line winds, there were also 14 tornadoes documented in north central and northeast Illinois.||The combination of high moisture, explosive instability and very strong atmospheric wind flow for mid-summer had developed quickly over the Corn Belt region on the morning of August 10th.  This resulted in a progressive, well-organized complex of storms for hundreds of miles and at times traveling nearly 70 mph.  After bringing extensive damage from extreme wind speeds in Iowa that morning, the damage transitioned across northern Illinois from widespread wind damage to narrow, brief and intense swaths associated with compact circulations within the thunderstorm line, some of which were associated with tornadoes.",360
914531,DU PAGE CO.,LOMBARD,08/10/2020,1439,Tornado, ,EF1,0,0,0,0,IL,CST-6, ,150363,C,43,LOT,0,0,NWS Storm Survey, ,2.15,200,0,NNE,0,NNW,SOUTH ADDISON,08/10/2020,1442,41.8851,-88.0166,41.9004,-87.9803,"A tornado with peak winds of 95 mph touched down near Main and Maple Streets, just east of Lilacia Park.  The tornado moved northeast uprooting some trees and snapping other trees.  More than 200 homes in Lombard suffered some amount of damage, a few suffered significant roof damage.  The worst damage occurred near the Lombard Common just south of St. Charles Road.  Tree damage continued along the path including part of a large tree blown down near Schafer Elementary School.  A one foot diameter tree was blown down onto a house.  Another house suffered minor roof and siding damage just north of the Jefferson Middle School and the tornado lifted northeast of the Jefferson Middle School.","During the late morning through the afternoon of Monday August 10th, a line of intense thunderstorms known as a derecho brought widespread severe wind damage across Iowa, northern Illinois and northern Indiana.||In north central and northeast Illinois alone, the severe winds of 60 to 100 mph downed or damaged tens of thousands of trees, as well as caused severe damage to homes, businesses, and infrastructure.  There were 10 injuries reported in north central and northeast Illinois within the NWS Chicago/Romeoville County Warning Area (CWA).  Local officials estimated that nearly one million customers lost power across northern Illinois at the height of the derecho and some people were without power for several days.  Damage was estimated to be in the hundreds of millions of dollars in north central and northeast Illinois, with several billions of dollars in damages across the entire Corn Belt region including significant damage to crops and agriculture infrastructure.  While much of the damage was due to straight line winds, there were also 14 tornadoes documented in north central and northeast Illinois.||The combination of high moisture, explosive instability and very strong atmospheric wind flow for mid-summer had developed quickly over the Corn Belt region on the morning of August 10th.  This resulted in a progressive, well-organized complex of storms for hundreds of miles and at times traveling nearly 70 mph.  After bringing extensive damage from extreme wind speeds in Iowa that morning, the damage transitioned across northern Illinois from widespread wind damage to narrow, brief and intense swaths associated with compact circulations within the thunderstorm line, some of which were associated with tornadoes.",361
914180,LAKE CO.,CHANNEL LAKE,08/10/2020,1441,Tornado, ,EF1,0,0,0,0,IL,CST-6, ,150363,C,97,LOT,0,0,NWS Storm Survey, ,1.75,150,2,W,2,NNW,CHANNEL LAKE,08/10/2020,1445,42.475,-88.1895,42.4954,-88.1691,"A tornado with peak winds of 90 mph touched down south of Route 173 and moved northeast to the state line where it crossed into Kenosha County in southeast Wisconsin.  Mainly tree damage occurred along the path in Lake County with several trees uprooted with some minor structural damage just south of the state line.","During the late morning through the afternoon of Monday August 10th, a line of intense thunderstorms known as a derecho brought widespread severe wind damage across Iowa, northern Illinois and northern Indiana.||In north central and northeast Illinois alone, the severe winds of 60 to 100 mph downed or damaged tens of thousands of trees, as well as caused severe damage to homes, businesses, and infrastructure.  There were 10 injuries reported in north central and northeast Illinois within the NWS Chicago/Romeoville County Warning Area (CWA).  Local officials estimated that nearly one million customers lost power across northern Illinois at the height of the derecho and some people were without power for several days.  Damage was estimated to be in the hundreds of millions of dollars in north central and northeast Illinois, with several billions of dollars in damages across the entire Corn Belt region including significant damage to crops and agriculture infrastructure.  While much of the damage was due to straight line winds, there were also 14 tornadoes documented in north central and northeast Illinois.||The combination of high moisture, explosive instability and very strong atmospheric wind flow for mid-summer had developed quickly over the Corn Belt region on the morning of August 10th.  This resulted in a progressive, well-organized complex of storms for hundreds of miles and at times traveling nearly 70 mph.  After bringing extensive damage from extreme wind speeds in Iowa that morning, the damage transitioned across northern Illinois from widespread wind damage to narrow, brief and intense swaths associated with compact circulations within the thunderstorm line, some of which were associated with tornadoes.",362
915476,COOK CO.,GOESELVILLE,08/10/2020,1454,Tornado, ,EF1,0,0,0,0,IL,CST-6, ,150363,C,31,LOT,0,0,NWS Storm Survey, ,4.84,300,0,WSW,1,SSE,POSEN,08/10/2020,1459,41.618,-87.7868,41.6182,-87.6931,"A tornado with peak winds of 100 mph touched just east of Harlem Avenue in Oak Forest then moved nearly due east along 151st Street producing tree damage and minor structural damage before lifting near the Interstate 57/294 interchange in Midlothian.  Numerous trees were uprooted between Ridgeland Avenue and Cicero Avenue.  The worst damage occurred between Cicero Avenue and Pulaski Road where several large trees and utility poles were snapped at their base.  Tree damage continued east of Pulaski Road with fences blown down before the tornado lifted.","During the late morning through the afternoon of Monday August 10th, a line of intense thunderstorms known as a derecho brought widespread severe wind damage across Iowa, northern Illinois and northern Indiana.||In north central and northeast Illinois alone, the severe winds of 60 to 100 mph downed or damaged tens of thousands of trees, as well as caused severe damage to homes, businesses, and infrastructure.  There were 10 injuries reported in north central and northeast Illinois within the NWS Chicago/Romeoville County Warning Area (CWA).  Local officials estimated that nearly one million customers lost power across northern Illinois at the height of the derecho and some people were without power for several days.  Damage was estimated to be in the hundreds of millions of dollars in north central and northeast Illinois, with several billions of dollars in damages across the entire Corn Belt region including significant damage to crops and agriculture infrastructure.  While much of the damage was due to straight line winds, there were also 14 tornadoes documented in north central and northeast Illinois.||The combination of high moisture, explosive instability and very strong atmospheric wind flow for mid-summer had developed quickly over the Corn Belt region on the morning of August 10th.  This resulted in a progressive, well-organized complex of storms for hundreds of miles and at times traveling nearly 70 mph.  After bringing extensive damage from extreme wind speeds in Iowa that morning, the damage transitioned across northern Illinois from widespread wind damage to narrow, brief and intense swaths associated with compact circulations within the thunderstorm line, some of which were associated with tornadoes.",363
914788,COOK CO.,PARK FOREST SOUTH,08/10/2020,1457,Tornado, ,EF0,0,0,0,0,IL,CST-6, ,150363,C,31,LOT,0,0,NWS Storm Survey, ,1.97,350,1,E,1,E,PARK FOREST,08/10/2020,1459,41.4693,-87.7017,41.4801,-87.6665,"A tornado with peak winds of 85 mph touched down near the Will Cook County line, just west of Shabbona Drive.  This tornado produced mainly tree damage along its path.  The worst of the damage was confined to a small area near Marquette and Somonauk Parks, although very little structural damage was noted in this area.  The tornado lifted over Schubert's Woods Forest Preserve.","During the late morning through the afternoon of Monday August 10th, a line of intense thunderstorms known as a derecho brought widespread severe wind damage across Iowa, northern Illinois and northern Indiana.||In north central and northeast Illinois alone, the severe winds of 60 to 100 mph downed or damaged tens of thousands of trees, as well as caused severe damage to homes, businesses, and infrastructure.  There were 10 injuries reported in north central and northeast Illinois within the NWS Chicago/Romeoville County Warning Area (CWA).  Local officials estimated that nearly one million customers lost power across northern Illinois at the height of the derecho and some people were without power for several days.  Damage was estimated to be in the hundreds of millions of dollars in north central and northeast Illinois, with several billions of dollars in damages across the entire Corn Belt region including significant damage to crops and agriculture infrastructure.  While much of the damage was due to straight line winds, there were also 14 tornadoes documented in north central and northeast Illinois.||The combination of high moisture, explosive instability and very strong atmospheric wind flow for mid-summer had developed quickly over the Corn Belt region on the morning of August 10th.  This resulted in a progressive, well-organized complex of storms for hundreds of miles and at times traveling nearly 70 mph.  After bringing extensive damage from extreme wind speeds in Iowa that morning, the damage transitioned across northern Illinois from widespread wind damage to narrow, brief and intense swaths associated with compact circulations within the thunderstorm line, some of which were associated with tornadoes.",364
917002,COOK CO.,LINCOLNWOOD,08/10/2020,1459,Tornado, ,EF1,0,0,0,0,IL,CST-6, ,150363,C,31,LOT,0,0,NWS Storm Survey, ,3.19,300,1,NNE,1,NE,ROGERS PARK,08/10/2020,1504,42.0087,-87.724,42.0168,-87.6628,"A tornado with peak winds of 110 mph touched down in the Lincolnwood neighborhood of Chicago near the intersection of Lunt and Hamlin Avenues.  Tree damage occurred along most of the path of the tornado.  At least two city blocks were impassable due to fallen trees.  Numerous cars were totaled after trees fell on them.  Utility poles were leaning along Touhy Avenue, just east of St. Louis Avenue.  Significant tree damage including snapped trees, large trees uprooted and trees and tree limbs on vehicles, occurred between California Avenue and Rogers Phillip Park.  The most intense damage occurred approximately one mile west of Lake Michigan where widespread tree damage occurred including large trees 1 to 2 feet in diameter snapped and uprooted.  Minor roof damage also occurred in this area.  The tornado continued east to the Lake Michigan shore where it became a waterspout as it moved east of Fargo Beach Park.","During the late morning through the afternoon of Monday August 10th, a line of intense thunderstorms known as a derecho brought widespread severe wind damage across Iowa, northern Illinois and northern Indiana.||In north central and northeast Illinois alone, the severe winds of 60 to 100 mph downed or damaged tens of thousands of trees, as well as caused severe damage to homes, businesses, and infrastructure.  There were 10 injuries reported in north central and northeast Illinois within the NWS Chicago/Romeoville County Warning Area (CWA).  Local officials estimated that nearly one million customers lost power across northern Illinois at the height of the derecho and some people were without power for several days.  Damage was estimated to be in the hundreds of millions of dollars in north central and northeast Illinois, with several billions of dollars in damages across the entire Corn Belt region including significant damage to crops and agriculture infrastructure.  While much of the damage was due to straight line winds, there were also 14 tornadoes documented in north central and northeast Illinois.||The combination of high moisture, explosive instability and very strong atmospheric wind flow for mid-summer had developed quickly over the Corn Belt region on the morning of August 10th.  This resulted in a progressive, well-organized complex of storms for hundreds of miles and at times traveling nearly 70 mph.  After bringing extensive damage from extreme wind speeds in Iowa that morning, the damage transitioned across northern Illinois from widespread wind damage to narrow, brief and intense swaths associated with compact circulations within the thunderstorm line, some of which were associated with tornadoes.",365
914862,KANKAKEE CO.,GRANT PARK,08/10/2020,1504,Tornado, ,EF0,0,0,0,0,IL,CST-6, ,150363,C,91,LOT,0,0,NWS Storm Survey, ,1.47,150,1,NW,1,NE,GRANT PARK,08/10/2020,1506,41.2431,-87.6638,41.2369,-87.6368,"A tornado with peak winds of 80 mph touched down along N 11000 E Road.  Tree limbs were blown down, a utility pole was damaged and crops were damaged.  The tornado moved southeast through Grant Park.  Numerous trees were damaged including some trees snapped and some trees uprooted.  Minor roof damaged occurred to a house on Park Street and to another house on Maple Street.  The tornado lifted near Lake Metonga.","During the late morning through the afternoon of Monday August 10th, a line of intense thunderstorms known as a derecho brought widespread severe wind damage across Iowa, northern Illinois and northern Indiana.||In north central and northeast Illinois alone, the severe winds of 60 to 100 mph downed or damaged tens of thousands of trees, as well as caused severe damage to homes, businesses, and infrastructure.  There were 10 injuries reported in north central and northeast Illinois within the NWS Chicago/Romeoville County Warning Area (CWA).  Local officials estimated that nearly one million customers lost power across northern Illinois at the height of the derecho and some people were without power for several days.  Damage was estimated to be in the hundreds of millions of dollars in north central and northeast Illinois, with several billions of dollars in damages across the entire Corn Belt region including significant damage to crops and agriculture infrastructure.  While much of the damage was due to straight line winds, there were also 14 tornadoes documented in north central and northeast Illinois.||The combination of high moisture, explosive instability and very strong atmospheric wind flow for mid-summer had developed quickly over the Corn Belt region on the morning of August 10th.  This resulted in a progressive, well-organized complex of storms for hundreds of miles and at times traveling nearly 70 mph.  After bringing extensive damage from extreme wind speeds in Iowa that morning, the damage transitioned across northern Illinois from widespread wind damage to narrow, brief and intense swaths associated with compact circulations within the thunderstorm line, some of which were associated with tornadoes.",366
924595,MERCER CO.,JOY,11/10/2020,1345,Tornado, ,EF1,0,0,0,0,IL,CST-6, ,153368,C,131,DVN,0,0,NWS Storm Survey, ,14.03,50,2,SSW,1,N,HAMLET,11/10/2020,1403,41.1699,-90.8965,41.3288,-90.7283,"A tornado touched down southwest of Joy, destroying an outbuilding. This tornado followed an intermittent path about 14 miles through Mercer County, exiting the county about 3 miles west of Reynolds. The tornado was rated EF-1 in Mercer County, with maximum winds around 100 mph. Occasional tree damage was observed between Joy and Hamlet.","A strong and quick moving cold front made its way through the Midwest. The environment ahead of the cold front was unseasonably warm, with temperatures in the upper 60s and readings in the 40s not far behind the front. This led to strong baroclinicity along the front, and subsequent convection with just the right amount of instability. This is considered a high shear low CAPE (HSLC) event, where organized severe thunderstorms are favored in this environment. Potential hazards are damaging winds, large hail, and tornadoes. Six tornadoes were confirmed and several wind reports were received (ranging between 50-60 mph, with a few gusts over 60 mph). Damage reports ranged from structural damage to tree damage. Many residents were left without power in parts of northwestern IL, leading to some schools canceling classes on the 11th. Besides the strong winds, a few severe hail reports were received.||In addition, heavy rain occurred with some of the stronger storms, with rainfall totals over an inch. For how dry it has been, flash flooding was not much of a concern. While the environment was very moist and favorable for heavy rainfall, the fast storm motions led to little accumulation through much of our forecast area.",367
924589,MERCER CO.,BURGESS,11/10/2020,1402,Tornado, ,EF1,0,0,0,0,IL,CST-6, ,153368,C,131,DVN,0,0,NWS Storm Survey, ,0.54,30,2,WSW,2,W,BURGESS,11/10/2020,1403,41.1233,-90.6691,41.1296,-90.6631,"Brief tornado touchdown with 100 mph peak winds and a 30 yard path width. This tornado destroyed a large grain bin about 1.4 miles west of Burgess, IL.","A strong and quick moving cold front made its way through the Midwest. The environment ahead of the cold front was unseasonably warm, with temperatures in the upper 60s and readings in the 40s not far behind the front. This led to strong baroclinicity along the front, and subsequent convection with just the right amount of instability. This is considered a high shear low CAPE (HSLC) event, where organized severe thunderstorms are favored in this environment. Potential hazards are damaging winds, large hail, and tornadoes. Six tornadoes were confirmed and several wind reports were received (ranging between 50-60 mph, with a few gusts over 60 mph). Damage reports ranged from structural damage to tree damage. Many residents were left without power in parts of northwestern IL, leading to some schools canceling classes on the 11th. Besides the strong winds, a few severe hail reports were received.||In addition, heavy rain occurred with some of the stronger storms, with rainfall totals over an inch. For how dry it has been, flash flooding was not much of a concern. While the environment was very moist and favorable for heavy rainfall, the fast storm motions led to little accumulation through much of our forecast area.",368
924596,ROCK ISLAND CO.,REYNOLDS,11/10/2020,1403,Tornado, ,EF1,0,0,0,0,IL,CST-6, ,153368,C,161,DVN,0,0,NWS Storm Survey, ,6.31,50,3,W,2,NE,TAYLOR RIDGE,11/10/2020,1407,41.3288,-90.7283,41.3974,-90.6479,"This tornado developed southwest of Joy in Mercer County, and entered Rock Island County about 3 miles west of Reynolds. The path in Rock Island County was a little over 6 miles and the tornado lifted near Taylor Ridge. The tornado was rated EF-1 in both Mercer and Rock Island Counties, with maximum winds around 100 mph. The tornado caused tree damage just south of Taylor Ridge.","A strong and quick moving cold front made its way through the Midwest. The environment ahead of the cold front was unseasonably warm, with temperatures in the upper 60s and readings in the 40s not far behind the front. This led to strong baroclinicity along the front, and subsequent convection with just the right amount of instability. This is considered a high shear low CAPE (HSLC) event, where organized severe thunderstorms are favored in this environment. Potential hazards are damaging winds, large hail, and tornadoes. Six tornadoes were confirmed and several wind reports were received (ranging between 50-60 mph, with a few gusts over 60 mph). Damage reports ranged from structural damage to tree damage. Many residents were left without power in parts of northwestern IL, leading to some schools canceling classes on the 11th. Besides the strong winds, a few severe hail reports were received.||In addition, heavy rain occurred with some of the stronger storms, with rainfall totals over an inch. For how dry it has been, flash flooding was not much of a concern. While the environment was very moist and favorable for heavy rainfall, the fast storm motions led to little accumulation through much of our forecast area.",369
924594,WHITESIDE CO.,ALBANY,11/10/2020,1438,Tornado, ,EF1,0,0,0,0,IL,CST-6, ,153368,C,195,DVN,0,0,NWS Storm Survey, ,0.26,100,2,SSE,2,SSE,ALBANY,11/10/2020,1439,41.7506,-90.2019,41.7533,-90.1984,"This was rated an EF1 tornado, with max winds at 90 mph, a path length of 0.3 miles, and a path width of 100 yards. A roof was blown off of a barn and into an adjacent field.","A strong and quick moving cold front made its way through the Midwest. The environment ahead of the cold front was unseasonably warm, with temperatures in the upper 60s and readings in the 40s not far behind the front. This led to strong baroclinicity along the front, and subsequent convection with just the right amount of instability. This is considered a high shear low CAPE (HSLC) event, where organized severe thunderstorms are favored in this environment. Potential hazards are damaging winds, large hail, and tornadoes. Six tornadoes were confirmed and several wind reports were received (ranging between 50-60 mph, with a few gusts over 60 mph). Damage reports ranged from structural damage to tree damage. Many residents were left without power in parts of northwestern IL, leading to some schools canceling classes on the 11th. Besides the strong winds, a few severe hail reports were received.||In addition, heavy rain occurred with some of the stronger storms, with rainfall totals over an inch. For how dry it has been, flash flooding was not much of a concern. While the environment was very moist and favorable for heavy rainfall, the fast storm motions led to little accumulation through much of our forecast area.",370
924590,HENRY CO.,ATKINSON,11/10/2020,1442,Tornado, ,EF1,0,0,0,0,IL,CST-6, ,153368,C,73,DVN,0,0,NWS Storm Survey, ,0.32,30,2,WSW,2,WSW,ATKINSON,11/10/2020,1443,41.4094,-90.0609,41.4128,-90.0569,"Brief tornado touchdown southwest of Atkinson, IL. Rated EF1 with peak winds at 100 mph, a path length of 0.3 miles, and a path width 30 yards. The roof of a large outbuilding was significantly damaged and the debris was scattered over a quarter mile to the northeast.","A strong and quick moving cold front made its way through the Midwest. The environment ahead of the cold front was unseasonably warm, with temperatures in the upper 60s and readings in the 40s not far behind the front. This led to strong baroclinicity along the front, and subsequent convection with just the right amount of instability. This is considered a high shear low CAPE (HSLC) event, where organized severe thunderstorms are favored in this environment. Potential hazards are damaging winds, large hail, and tornadoes. Six tornadoes were confirmed and several wind reports were received (ranging between 50-60 mph, with a few gusts over 60 mph). Damage reports ranged from structural damage to tree damage. Many residents were left without power in parts of northwestern IL, leading to some schools canceling classes on the 11th. Besides the strong winds, a few severe hail reports were received.||In addition, heavy rain occurred with some of the stronger storms, with rainfall totals over an inch. For how dry it has been, flash flooding was not much of a concern. While the environment was very moist and favorable for heavy rainfall, the fast storm motions led to little accumulation through much of our forecast area.",371
924592,WHITESIDE CO.,ROUND GROVE,11/10/2020,1450,Tornado, ,EF1,0,0,0,0,IL,CST-6, ,153368,C,195,DVN,0,0,NWS Storm Survey, ,3.47,100,2,SSW,2,W,AGNEW,11/10/2020,1453,41.7479,-89.8849,41.7801,-89.8342,"Brief EF1 tornado touchdown with max winds at 100 mph, a path length of 3.5 miles, and a max path width 100 yards. This tornado touched down northeast of Lyndon, leading to sporadic tree damage, including a few snapped trees, and severe damage to the roof of a large hog building.","A strong and quick moving cold front made its way through the Midwest. The environment ahead of the cold front was unseasonably warm, with temperatures in the upper 60s and readings in the 40s not far behind the front. This led to strong baroclinicity along the front, and subsequent convection with just the right amount of instability. This is considered a high shear low CAPE (HSLC) event, where organized severe thunderstorms are favored in this environment. Potential hazards are damaging winds, large hail, and tornadoes. Six tornadoes were confirmed and several wind reports were received (ranging between 50-60 mph, with a few gusts over 60 mph). Damage reports ranged from structural damage to tree damage. Many residents were left without power in parts of northwestern IL, leading to some schools canceling classes on the 11th. Besides the strong winds, a few severe hail reports were received.||In addition, heavy rain occurred with some of the stronger storms, with rainfall totals over an inch. For how dry it has been, flash flooding was not much of a concern. While the environment was very moist and favorable for heavy rainfall, the fast storm motions led to little accumulation through much of our forecast area.",372
924593,WHITESIDE CO.,MORRISON-ROCKWOOD SP,11/10/2020,1500,Tornado, ,EF1,0,0,0,0,IL,CST-6, ,153368,C,195,DVN,0,0,NWS Storm Survey, ,4.28,100,2,E,1,SE,FRANKLIN CORNERS,11/10/2020,1507,41.8512,-89.9391,41.9094,-89.9101,"Brief EF1 tornado, with peak winds 100 mph, a path length of 4.3 miles, and a max path width of 100 yards. This tornado touched down northeast of Morrison, damaging the roof of a barn and downing tree limbs. Further along the path, an outbuilding was destroyed and a few soft pine trees were snapped.","A strong and quick moving cold front made its way through the Midwest. The environment ahead of the cold front was unseasonably warm, with temperatures in the upper 60s and readings in the 40s not far behind the front. This led to strong baroclinicity along the front, and subsequent convection with just the right amount of instability. This is considered a high shear low CAPE (HSLC) event, where organized severe thunderstorms are favored in this environment. Potential hazards are damaging winds, large hail, and tornadoes. Six tornadoes were confirmed and several wind reports were received (ranging between 50-60 mph, with a few gusts over 60 mph). Damage reports ranged from structural damage to tree damage. Many residents were left without power in parts of northwestern IL, leading to some schools canceling classes on the 11th. Besides the strong winds, a few severe hail reports were received.||In addition, heavy rain occurred with some of the stronger storms, with rainfall totals over an inch. For how dry it has been, flash flooding was not much of a concern. While the environment was very moist and favorable for heavy rainfall, the fast storm motions led to little accumulation through much of our forecast area.",373
929632,DE KALB CO.,SOMONAUK,11/10/2020,1619,Tornado, ,EF0,0,0,0,0,IL,CST-6, ,153127,C,37,LOT,0,0,Emergency Manager, ,9.99,50,5,NW,2,E,HINCKLEY,11/10/2020,1631,41.67,-88.75,41.77,-88.61,"A tornado with peak winds of 80 mph touched down near Route 23 northwest of the town of Somonauk and traveled northeast mainly through farm fields.  A grain silo was damaged near the intersection of Somonauk and Bastian Roads, and damage to trees and powerlines was observed along the path of the tornado.  The tornado appeared to end near Route 30 just southeast of Hinckley.  The path of this tornado was determined based on input from spotters, emergency management and using radar data.","A line of severe thunderstorms moved across northern Illinois during the afternoon and early evening of November 10th producing damaging winds and two tornadoes.  Strong non thunderstorm winds developed behind this line of storms and Rockford Airport measured a wind gust to 60 mph.",374
929633,KANE CO.,VIRGIL,11/10/2020,1639,Tornado, ,EF0,0,0,0,0,IL,CST-6, ,153127,C,89,LOT,0,0,Emergency Manager, ,3.72,50,3,S,1,SE,LILY LAKE,11/10/2020,1642,41.91,-88.53,41.94,-88.47,"A tornado with peak winds of 80 mph touched down near Francis Road northwest of Elburn and damaged nearby trees and the roof of an outbuilding.  The tornado continued northeast and crossed Route 47 south of Route 64, based on an eyewitness report. After crossing Route 64, the tornado damaged trees on Hanson Road.  The tornado is thought to have lifted soon thereafter based on a lack of downstream reports of damage.  The path of this tornado was determined based on information gathered on social media, from emergency management and using radar data.","A line of severe thunderstorms moved across northern Illinois during the afternoon and early evening of November 10th producing damaging winds and two tornadoes.  Strong non thunderstorm winds developed behind this line of storms and Rockford Airport measured a wind gust to 60 mph.",375
948777,PIKE CO.,ROCKPORT,03/23/2021,1819,Tornado, ,EFU,0,0,0,0,IL,CST-6, ,156966,C,149,LSX,0,0,Storm Chaser, ,1.48,10,2,WNW,2,NNW,ROCKPORT,03/23/2021,1822,39.54,-91.05,39.56,-91.04,"A storm chaser observed and photographed a tornado west of Rockport, IL. Based on this chaser���s observations and radar data, the tornado formed around 0019 UTC and tracked northeastward mainly across open fields before dissipating at 0022 UTC. Photo showed a condensation funnel not reaching the ground, but lofted debris was still noted beneath the funnel.  The starting and ending points are estimated and based on information received.","A cold front moved through the region triggering showers and storms. Some of the storms became severe. A weak tornado developed over west central Illinois.",376
950586,MASON CO.,MASON CITY,03/23/2021,2128,Tornado, ,EF0,0,0,25000,0,IL,CST-6, ,157253,C,125,ILX,0,0,NWS Storm Survey, ,2.1,30,3,NW,4,N,MASON CITY,03/23/2021,2134,40.2375,-89.7394,40.2617,-89.7154,"A tornado touched down at 10:28 PM CDT 3 miles northwest of Mason City.  The tornado tracked northeastward, snapping 3 power poles along County Road 1250 North near the intersection with County Road 3300 East before dissipating at 10:34 PM CDT near the intersection of County Road 1400 North and County Road 3400 East.","A deep area of low pressure over northeast Kansas and an associated occluded frontal boundary arcing into west-central Illinois triggered showers and thunderstorms during the evening of March 23rd.  One of the cells produced a weak tornado northwest of Mason City in Mason County.  The tornado was on the ground for about 6 minutes and snapped 3 power poles along its path.",377
950783,MADISON CO.,ST JACOB,03/27/2021,1808,Tornado, ,EF1,0,0,0,0,IL,CST-6, ,156972,C,119,LSX,0,0,NWS Storm Survey, ,5.29,700,1,N,0,NNW,HIGHLAND,03/27/2021,1815,38.7323,-89.7697,38.7347,-89.6716,"Intermittent, low end tornado damage was found on a path from just north of Saint Jacob, IL eastward into the Highland, IL area. The tornado first touched down north of Saint Jacob, IL along Marine Road where it toppled several trees and partially tore the roof off a large metal shed. The tornado then likely lifted briefly, but then touched down again intermittently along Lake Road. The tornado did minor roof and siding damage to many homes along Lake Road, as well as topple several trees and snapped a power line. The worst of the damage, which was rated EF-1, was to a large metal shed that was destroyed and the roof was lofted into nearby trees and pushed hundreds of feet down the street. In addition, a 2x4 from this roof was driven straight into the roof of a nearby building. The tornado then likely lifted briefly, before touching down again and doing additional damage to large trees in a neighborhood along 15th and 16th Streets. The tornado then lifted and dissipated. Overall the tornado was rated EF1 with a path length of 5.29 miles and a max path width of 700 yards. No injuries or deaths were reported.","A cold front swept through the region on March 27th. The low level forcing along the front, increasing upper level ascent downstream of an approaching shortwave, and at least modest moisture and instability were sufficient to generate thunderstorms as the front moved through the region. There were numerous reports of large hail and damaging winds as well as one tornado.",378
950815,COLES CO.,HUMBOLDT,04/28/2021,1836,Tornado, ,EFU,0,0,0,0,IL,CST-6, ,157291,C,29,ILX,0,0,Trained Spotter, ,0.11,25,3,NW,3,NW,HUMBOLDT,04/28/2021,1837,39.633,-88.3524,39.6343,-88.3513,"A very weak tornado briefly touched down in a field northwest of Humboldt at 7:36 PM CDT.  The tornado quickly dissipated before causing any damage.","An outflow boundary from morning convection across north-central Illinois settled southward to just south of the I-72 corridor by the early evening of April 28th.  The atmosphere was only modestly unstable and sheared: however, enough surface-based vorticity was present near the boundary to trigger a couple rotating cells.  One of the cells produced a brief very weak tornado northwest of Humboldt in Coles County.|No damage occurred.",379
950851,CASS CO.,ARENZVILLE,05/03/2021,1557,Tornado, ,EFU,0,0,0,0,IL,CST-6, ,157297,C,17,ILX,0,0,Trained Spotter, ,0.5,50,3,ENE,3,ENE,ARENZVILLE,05/03/2021,1559,39.8849,-90.3244,39.8821,-90.3157,"A weak tornado touched down in a field about 2.5 miles east-northeast of Arenzville just north of Crum Road at 4:57 PM CDT.  The tornado tracked southeastward near the intersection of Crum Road and Thornley Lane and quickly dissipated by 4:59 PM CDT.  No damage occurred.","A Mesoscale Convective Vortex (MCV) generated by a large cluster of convection across Kansas during the pre-dawn hours tracked eastward into central Illinois by the late afternoon and evening of May 3rd.  Despite weak instability and deep-layer synoptic shear, the MCV was able to enhance the low-level shear and trigger a broken line of convection.  One of the cells on the east-southeast flank of the MCV became a supercell and tracked across central Illinois from Cass County southeastward to Coles County before dissipating after dark.  That particular storm produced five brief tornado touchdowns and hail as large as half dollars along its path.  Another thunderstorm cell further south dropped 2-inch diameter hail in southern Christian County.",380
950852,CASS CO.,VIRGINIA,05/03/2021,1605,Tornado, ,EFU,0,0,0,0,IL,CST-6, ,157297,C,17,ILX,0,0,Trained Spotter, ,1.48,100,3,S,4,WSW,PHILADELPHIA,05/03/2021,1608,39.9074,-90.2119,39.9008,-90.1854,"A weak tornado touched down in a field 3 miles south of Virginia just east of IL-78 at 5:05 PM CDT.  The tornado tracked southeastward and crossed near the intersection of Hall Road and Conover Road before quickly dissipating by 5:08 PM CDT.  No damage occurred.","A Mesoscale Convective Vortex (MCV) generated by a large cluster of convection across Kansas during the pre-dawn hours tracked eastward into central Illinois by the late afternoon and evening of May 3rd.  Despite weak instability and deep-layer synoptic shear, the MCV was able to enhance the low-level shear and trigger a broken line of convection.  One of the cells on the east-southeast flank of the MCV became a supercell and tracked across central Illinois from Cass County southeastward to Coles County before dissipating after dark.  That particular storm produced five brief tornado touchdowns and hail as large as half dollars along its path.  Another thunderstorm cell further south dropped 2-inch diameter hail in southern Christian County.",381
950853,SANGAMON CO.,PLEASANT PLAINS,05/03/2021,1627,Tornado, ,EFU,0,0,0,0,IL,CST-6, ,157297,C,167,ILX,0,0,Trained Spotter, ,0.29,50,2,WNW,1,WNW,PLEASANT PLAINS,05/03/2021,1628,39.8799,-89.9497,39.8788,-89.9445,"A weak tornado touched down in a field about 1.4 miles west-northwest of Pleasant Plains just south of IL-125 at 5:27 PM CDT.  The tornado tracked southeastward across Yankee Town Road and quickly dissipated by 5:28 PM CDT.  No damage occurred.","A Mesoscale Convective Vortex (MCV) generated by a large cluster of convection across Kansas during the pre-dawn hours tracked eastward into central Illinois by the late afternoon and evening of May 3rd.  Despite weak instability and deep-layer synoptic shear, the MCV was able to enhance the low-level shear and trigger a broken line of convection.  One of the cells on the east-southeast flank of the MCV became a supercell and tracked across central Illinois from Cass County southeastward to Coles County before dissipating after dark.  That particular storm produced five brief tornado touchdowns and hail as large as half dollars along its path.  Another thunderstorm cell further south dropped 2-inch diameter hail in southern Christian County.",382
950855,SANGAMON CO.,DAWSON,05/03/2021,1710,Tornado, ,EFU,0,0,0,0,IL,CST-6, ,157297,C,167,ILX,0,0,Trained Spotter, ,0.43,50,1,E,1,WSW,BUFFALO,05/03/2021,1711,39.8478,-89.4508,39.8458,-89.4432,"A weak tornado touched down in a field about 0.8 miles southeast of Dawson just north of I-72 at 6:10 PM CDT.  The tornado tracked southeastward and quickly dissipated by 6:11 PM CDT.  No damage occurred.","A Mesoscale Convective Vortex (MCV) generated by a large cluster of convection across Kansas during the pre-dawn hours tracked eastward into central Illinois by the late afternoon and evening of May 3rd.  Despite weak instability and deep-layer synoptic shear, the MCV was able to enhance the low-level shear and trigger a broken line of convection.  One of the cells on the east-southeast flank of the MCV became a supercell and tracked across central Illinois from Cass County southeastward to Coles County before dissipating after dark.  That particular storm produced five brief tornado touchdowns and hail as large as half dollars along its path.  Another thunderstorm cell further south dropped 2-inch diameter hail in southern Christian County.",383
950856,SANGAMON CO.,MECHANICSBURG,05/03/2021,1714,Tornado, ,EFU,0,0,0,0,IL,CST-6, ,157297,C,167,ILX,0,0,Trained Spotter, ,0.63,50,2,WNW,1,WNW,MECHANICSBURG,05/03/2021,1715,39.8267,-89.4282,39.8248,-89.4166,"A weak tornado touched down in a field about 2 miles northwest of Mechanicsburg at 6:14 PM CDT.  The tornado tracked southeastward and quickly dissipated by 6:15 PM CDT.  No damage occurred.","A Mesoscale Convective Vortex (MCV) generated by a large cluster of convection across Kansas during the pre-dawn hours tracked eastward into central Illinois by the late afternoon and evening of May 3rd.  Despite weak instability and deep-layer synoptic shear, the MCV was able to enhance the low-level shear and trigger a broken line of convection.  One of the cells on the east-southeast flank of the MCV became a supercell and tracked across central Illinois from Cass County southeastward to Coles County before dissipating after dark.  That particular storm produced five brief tornado touchdowns and hail as large as half dollars along its path.  Another thunderstorm cell further south dropped 2-inch diameter hail in southern Christian County.",384
952532,CHRISTIAN CO.,DUNKEL,05/06/2021,1311,Tornado, ,EF0,0,0,25000,0,IL,CST-6, ,157579,C,21,ILX,0,0,NWS Storm Survey, ,0.18,20,1,NNE,1,N,DUNKEL,05/06/2021,1312,39.4865,-89.0643,39.4881,-89.067,"A tornado touched down in a field 2.6 miles southwest of Assumption at 2:11 PM CDT.  The tornado tracked southeastward and quickly dissipated by about 2:12 PM CDT on the edge of a property.  Several trees were damaged near the property line, a hole was punched into a roof by a falling tree limb, and the siding was partially ripped off one building.","A cold front triggered a broken line of strong to severe thunderstorms across south-central Illinois during the afternoon of May 6th.  Four brief tornado touchdowns occurred with the stronger cells, including one that did minor damage to a property just southwest of Assumption in Christian County.  Other thunderstorms dropped hail as large as quarters and produced minor wind damage.",385
952534,EFFINGHAM CO.,ALTAMONT,05/06/2021,1410,Tornado, ,EFU,0,0,0,0,IL,CST-6, ,157579,C,49,ILX,0,0,NWS Storm Survey, ,0.06,10,3,S,3,S,ALTAMONT,05/06/2021,1411,39.0294,-88.7493,39.0287,-88.7485,"A tornado touched down in a field 1.9 miles south of Altamont at 3:10 PM CDT.  The tornado quickly dissipated by 3:11 PM CDT.  No damage occurred.","A cold front triggered a broken line of strong to severe thunderstorms across south-central Illinois during the afternoon of May 6th.  Four brief tornado touchdowns occurred with the stronger cells, including one that did minor damage to a property just southwest of Assumption in Christian County.  Other thunderstorms dropped hail as large as quarters and produced minor wind damage.",386
952535,EFFINGHAM CO.,EDGEWOOD,05/06/2021,1430,Tornado, ,EFU,0,0,0,0,IL,CST-6, ,157579,C,49,ILX,0,0,NWS Storm Survey, ,0.06,10,1,NNW,1,NNW,EDGEWOOD,05/06/2021,1431,38.9375,-88.6597,38.9368,-88.6591,"A tornado touched down in a field about 0.9 miles north of Edgewood near mile marker 145 on I-57 at 3:30 PM CDT.  The tornado quickly dissipated by 3:31 PM CDT.  No damage occurred.","A cold front triggered a broken line of strong to severe thunderstorms across south-central Illinois during the afternoon of May 6th.  Four brief tornado touchdowns occurred with the stronger cells, including one that did minor damage to a property just southwest of Assumption in Christian County.  Other thunderstorms dropped hail as large as quarters and produced minor wind damage.",387
951713,WAYNE CO.,RINARD,05/06/2021,1600,Tornado, ,EF0,0,0,0,0,IL,CST-6, ,157405,C,191,PAH,0,0,Emergency Manager, ,0.52,30,2,E,2,E,RINARD,05/06/2021,1601,38.57,-88.433,38.5657,-88.4251,"Emergency managers observed a funnel cloud briefly touch down for less than a minute. No damage was observed. Some leaves were picked up.","A small cluster of strong to severe thunderstorms moved south-southeastward ahead of a cold front crossing the Mississippi River. Diurnal heating resulted in steep low-level lapse rates in a narrow corridor ahead of the cold front across central and southern Illinois. Steep mid-level lapse rates existed atop these steep low-level lapse rates, resulting in at least 7.0 degree C/km lapse rates from the surface to above 500 mb. A few storms in this environment produced large hail. Additionally, increased surface vorticity existed in the immediate vicinity of the frontal boundary. The  combination of the steep lapse rates and surface vorticity resulted in a unique environment for brief landspouts. One such landspout occurred in the Interstate 64 corridor.",388
952536,RICHLAND CO.,SCHNELL,05/06/2021,1601,Tornado, ,EFU,0,0,0,0,IL,CST-6, ,157579,C,159,ILX,0,0,NWS Storm Survey, ,0.12,10,2,ENE,2,ENE,SCHNELL,05/06/2021,1602,38.6613,-88.2225,38.6598,-88.2215,"A tornado touched down in a field about 2.5 miles south of Noble near County Road 400 East at 5:01 PM CDT.  The tornado quickly dissipated by 5:02 PM CDT.  No damage occurred.","A cold front triggered a broken line of strong to severe thunderstorms across south-central Illinois during the afternoon of May 6th.  Four brief tornado touchdowns occurred with the stronger cells, including one that did minor damage to a property just southwest of Assumption in Christian County.  Other thunderstorms dropped hail as large as quarters and produced minor wind damage.",389
958051,CLAY CO.,LOUISVILLE,05/27/2021,1429,Tornado, ,EFU,0,0,0,0,IL,CST-6, ,158472,C,25,ILX,0,0,Broadcast Media, ,0.22,10,3,ESE,3,ESE,LOUISVILLE,05/27/2021,1431,38.7593,-88.4532,38.7581,-88.4494,"A tornado touched down in an open field about 2.9 miles east-southeast of Louisville at 3:29 PM CDT before quickly dissipating at 3:31 PM CDT.  No damage was observed.","Clusters of thunderstorms developed along and just south of a warm front draped across south-central Illinois during the late morning and afternoon of May 27th.  The storms primarily impacted locations along and south of a Jacksonville...to Shelbyville...to Robinson line.  Two brief tornadoes touched down in Clay County, with only minor damage reported.  Elsewhere, scattered wind gusts of around 60mph downed a few trees and powerlines.",390
958052,CLAY CO.,SAILOR SPGS,05/27/2021,1443,Tornado, ,EF0,0,0,45000,0,IL,CST-6, ,158472,C,25,ILX,0,0,Broadcast Media, ,2.76,50,2,SSE,4,NNE,CAMP TRAVIS,05/27/2021,1449,38.7438,-88.3368,38.7201,-88.2955,"A tornado touched down 1.8 miles southeast of Sailor Springs at 3:43 PM CDT.  The tornado tracked southeastward and knocked down a few trees and did minor damage to a barn before dissipating at 3:49 PM CDT about 4.6 miles southeast of Sailor Springs.","Clusters of thunderstorms developed along and just south of a warm front draped across south-central Illinois during the late morning and afternoon of May 27th.  The storms primarily impacted locations along and south of a Jacksonville...to Shelbyville...to Robinson line.  Two brief tornadoes touched down in Clay County, with only minor damage reported.  Elsewhere, scattered wind gusts of around 60mph downed a few trees and powerlines.",391
958086,KNOX CO.,HERMON,06/18/2021,1050,Tornado, ,EF1,0,0,150000,100000,IL,CST-6, ,158475,C,95,ILX,0,0,NWS Storm Survey, ,10.26,250,3,NNW,1,WSW,RAPATEE,06/18/2021,1105,40.7871,-90.3382,40.7145,-90.1673,"A tornado touched down 3.5 miles east-southeast of Abingdon at 11:50 PM CDT.  The tornado tracked southeastward, flattening crops and knocking down numerous trees along its path.  Significant damage occurred to several farm outbuildings along County Road 850 East north of County Highway 39, with debris being strewn southeastward for over a half mile.  The tornado lifted about 0.5 miles west of Rapatee just north of the Fulton County line at 12:05 AM CDT.","Waves of low pressure tracking along a nearly stationary frontal boundary draped across central Illinois triggered strong to severe thunderstorms from the evening of June 18th through the early morning of June 19th.  One of the storms produced an EF-1 tornado east of Abingdon in Knox County.  The tornado flattened crops and caused significant damage to a few outbuildings.  South of the tornado track, estimated 70 to 90 mph straight line winds caused damage in London Mills, Fairview, and Canton in northern Fulton County.  As the storms continued eastward, numerous reports of wind damage were received across southern Peoria County into portions of Tazewell and McLean counties.",392
960421,DU PAGE CO.,ADDISON,06/20/2021,2154,Tornado, ,EF0,0,0,0,0,IL,CST-6, ,158383,C,43,LOT,0,0,NWS Storm Survey, ,0.4,75,1,E,1,ESE,ADDISON,06/20/2021,2155,41.9291,-87.9783,41.9252,-87.9717,"Based on an eyewitness account and damage seen during an NWS storm survey, it was determined a brief tornado with peak winds of 70 mph touched down at the intersection of Lake Street and Villa Avenue.  The tornado was on the ground for less than one minute and produced sporadic tree damage along its track.  A gazebo was lifted and flipped over a fence.  The tornado ended near McNair Avenue.","A line of severe thunderstorms moved across northern Illinois during the late evening of June 20th and the early morning of June 21st producing wind damage and three tornadoes.",393
960280,DU PAGE CO.,NAPERVILLE,06/20/2021,2202,Tornado, ,EF3,0,11,0,0,IL,CST-6, ,158383,C,43,LOT,0,0,NWS Storm Survey, ,14.8,600,3,SW,1,SSE,BURR RIDGE,06/20/2021,2221,41.7451,-88.1947,41.7374,-87.9151,"A tornado with peak winds of 140 mph touched down just south of 75th Street, west of Book Road in the western portion of the Springbrook Prairie Forest Preserve.  The near continuous damage path started near Plainfield-Naperville Road and Sheppey Court where considerable tree damage occurred.  Significant tree damage began just east of Modaff Road with trees snapped and others uprooted along Quall Drive.  Significant tree damage occurred near Verdin Lane with trees uprooted, trunks snapped and large tree limbs broken and tossed into homes.  Damage to homes in this area appeared to be primarily due to falling trees.  Tree damage continued through Killdeer Drive and along Bailey Road.  Damage to roofs occurred to some homes in this area.  Several utility poles were blown down on Bailey Road, between Lighthouse Drive and Coach Drive.  Windows were broken and debris was embedded in stucco on a southside wall of an apartment building on the southeast corner of Bailey Road and Coach Drive.  The tornado gradually intensified east of Naper Boulevard.  Large trees were snapped just east of Naper Boulevard along Bailey Road.  One fell onto a home causing roof damage.  Naperville Fire Station #2 was damaged.||The tornado jogged to the northeast and began to increase in width with tree damage continuing through Fender Road, where roof and wall damage occurred to a home from a falling tree.  Tree damage continued through Clemson Drive and Wehrli Road.  Widespread tree damage occurred near 77th Street where one car was flipped over and a second car was damaged by debris.  Roof and siding damage occurred to homes and a garage wall was removed.  A garage door was blown in and a wall was destroyed on Siebert Court.  The tornado destroyed a home on Princeton Circle.  The house completely collapsed with debris deposited to the northeast, though homes on either side remained standing with only minor damage.  It is at this location that the tornado reached peak intensity of EF3.  In the same block, considerable damage occurred to roofs of several nearby homes.  Damage to homes continued along Nutmeg Lane to Shady Grove Court, including the removal of walls on the second floor of at least one home and roofing damage to several others.  The tornado increased in width as it moved between 75th and 79th Streets, destroying garages and lifting roofing of an apartment complex along Gladstone Drive.  Considerable tree damage also occurred in the Green Valley Forest Preserve as the tornado crossed Greene Road.||The tornado continued east across Route 53 with tree and roof damage noted.  More significant damage began again near Woodridge Drive.  Several homes were damaged with large trees uprooted or snapped.  Multiple fences were also blown down.  Damage to homes continued near Evergreen Lane and James Court where several homes suffered significant roof and second story damage.  The tornado crossed Interstate 355 where a large portion of a traffic sign on southbound Interstate 355 was ripped off two steel posts.  The missing section of the traffic sign was found in a pond in the Lake Ridge Club, between 79th Street and 81st Street, east of Madison Street in Burr Ridge, nearly 6 miles from its original location.||Significant damage occurred to homes and apartment buildings east of Interstate 355 between Country Club Drive and Egerton Drive.  Some roofs were completely removed.  Tree and roof damage continued along Pine Drive and Britten Street.  The tornado began to increase in width again as it crossed Lemont Road where a warehouse building was damaged.  Tree and roof damage continued through Highland Avenue, Plainfield Road, Bailey Road and Cass Avenue.  At least one apartment building suffered significant roof damage along Lakeview Drive.  East of Cass Avenue, the tornado produced mainly tree damage, crossing Interstate 55, then Route 83 and then moving east along 83rd Street.  Damage occurred to several dozen homes in Burr Ridge.  The tornado crossed into Cook County near 83rd Street.||In Naperville, 231 structures reported some level of damage.  One home was completely destroyed, 19 were declared uninhabitable and 143 sustained major damage.  In Woodridge, 640 structures were damaged, including 31 homes that were uninhabitable and 157 that sustained major damage.  In Darrien, 2 homes were damaged and 1 was uninhabitable.  In Burr Ridge, 50 homes were damaged.  A total of 11 people were injured, including a woman who was 6 months pregnant and was critically injured.  She lost her unborn baby as the result of her injuries.","A line of severe thunderstorms moved across northern Illinois during the late evening of June 20th and the early morning of June 21st producing wind damage and three tornadoes.",394
960214,WILL CO.,PLAINFIELD,06/20/2021,2208,Tornado, ,EF0,0,0,0,0,IL,CST-6, ,158383,C,197,LOT,0,0,NWS Storm Survey, ,4.8,200,1,S,1,N,CREST HILL,06/20/2021,2214,41.6134,-88.2032,41.5862,-88.1183,"A tornado with peak winds of 85 mph touched down near the intersection of Route 59 and Route 126, just north of downtown Plainfield.  Numerous large tree limbs and a few trees were blown down in a neighborhood south of Route 126 and north of Lockport Street.  A tree limb was impaled into a home on Hawthorn Circle.  Minor tree damage occurred in the Lake Renwick Preserve.  The tornado crossed Interstate 55 with a path of sporadic tree damage in the Fieldstone neighborhood of Romeoville near Helen Drive.   Tree damage occurred in the Mistwood Golf Club including tree limbs removed from the top of trees.  A narrow path of concentrated tree damage occurred near Rosemarie Lane.  The tornado lifted in the vicinity of Thomas Drive just east of Weber Road.","A line of severe thunderstorms moved across northern Illinois during the late evening of June 20th and the early morning of June 21st producing wind damage and three tornadoes.",395
960282,COOK CO.,BURR RIDGE,06/20/2021,2221,Tornado, ,EF3,0,0,0,0,IL,CST-6, ,158383,C,31,LOT,0,0,NWS Storm Survey, ,2.8,600,1,SSW,0,SSW,WILLOW SPRINGS,06/20/2021,2225,41.7374,-87.9151,41.7368,-87.8612,"A tornado which touched down in Naperville and moved across far southern DuPage County crossed into Cook County near 83rd Street.  The tornado produced only tree damage along its path in Cook County and the tornado ended near the Buffalo Woods just east of Forest Avenue.","A line of severe thunderstorms moved across northern Illinois during the late evening of June 20th and the early morning of June 21st producing wind damage and three tornadoes.",396
970271,MACOUPIN CO.,MODESTO WEBER ARPT,06/24/2021,1918,Tornado, ,EFU,0,0,0,0,IL,CST-6, ,160570,C,117,LSX,0,0,Storm Chaser, ,0.23,10,3,NE,3,NE,MODESTO WEBER ARPT,06/24/2021,1919,39.5153,-89.9178,39.5158,-89.9136,"A storm chaser observed and photographed a tornado 5 miles west of Virden, IL. Based on this chaser���s observations and radar data, the tornado formed around 0118 UTC and tracked northeastward across an open field before dissipating less than a minute later at 0119 UTC. Video showed a condensation funnel reaching the ground.  The starting and ending points are estimated and based on information received. Thus the tornado is rated EFU with a path length of approximately 0.23 miles and path width of 10 yards. No damage reported.","A trough moved southeast through the region, generating a complex of showers and storms.  Numerous reports of damaging winds, a few tornadoes and flash flooding were reported with this system.",397
960085,CHAMPAIGN CO.,FISHER,06/25/2021,1627,Tornado, ,EFU,0,0,0,0,IL,CST-6, ,158734,C,19,ILX,0,0,NWS Storm Survey, ,0.12,25,3,SSE,3,SSE,FISHER,06/25/2021,1628,40.2782,-88.3316,40.2794,-88.3299,"A tornado touched down in an open field about 2.5 miles south-southeast of Fisher at 5:27 PM CDT.  The tornado quickly dissipated by 5:28 PM CDT.  No damage was reported.","Scattered strong to severe thunderstorms developed along an old outflow boundary along the I-72 corridor during the late afternoon and evening of June 25th.  Five brief tornadoes touched down, resulting in minor tree and crop damage.",398
960100,MACON CO.,NEWBURG,06/25/2021,1701,Tornado, ,EFU,0,0,0,0,IL,CST-6, ,158734,C,115,ILX,0,0,NWS Storm Survey, ,0.09,50,4,NNE,4,NNE,NEWBURG,06/25/2021,1702,40.028,-88.7761,40.0292,-88.7767,"A tornado touched down in an open field about 3.7 miles northeast of Argenta at 6:01 PM CDT.  The tornado quickly dissipated by 6:02 PM CDT.  No damage was reported.","Scattered strong to severe thunderstorms developed along an old outflow boundary along the I-72 corridor during the late afternoon and evening of June 25th.  Five brief tornadoes touched down, resulting in minor tree and crop damage.",399
960104,PIATT CO.,CISCO,06/25/2021,1708,Tornado, ,EF0,0,0,0,0,IL,CST-6, ,158734,C,147,ILX,0,0,NWS Storm Survey, ,1.49,50,2,NNW,2,NNE,CISCO,06/25/2021,1710,40.0423,-88.7408,40.0477,-88.7135,"A tornado touched down in an open field about 2.4 miles north-northwest of Cisco at 6:08 PM CDT.  The tornado quickly dissipated by 6:10 PM CDT.  Minor crop damage was reported.","Scattered strong to severe thunderstorms developed along an old outflow boundary along the I-72 corridor during the late afternoon and evening of June 25th.  Five brief tornadoes touched down, resulting in minor tree and crop damage.",400
960113,PIATT CO.,DE LAND,06/25/2021,1720,Tornado, ,EFU,0,0,0,0,IL,CST-6, ,158734,C,147,ILX,0,0,NWS Storm Survey, ,0.93,25,2,SW,2,WSW,DE LAND,06/25/2021,1722,40.0766,-88.6983,40.09,-88.6966,"A tornado touched down in an open field about 4.8 miles north-northeast of Cisco at 6:20 PM CDT.  The tornado quickly dissipated by 6:22 PM CDT.  No damage was reported.","Scattered strong to severe thunderstorms developed along an old outflow boundary along the I-72 corridor during the late afternoon and evening of June 25th.  Five brief tornadoes touched down, resulting in minor tree and crop damage.",401
960458,IROQUOIS CO.,CLASSEN FIELD AIRPORT,06/25/2021,1906,Tornado, ,EF1,0,0,0,0,IL,CST-6, ,158388,C,75,LOT,0,0,NWS Storm Survey, ,1.5,250,1,WSW,0,NW,DANFORTH,06/25/2021,1911,40.808,-88.0024,40.8207,-87.981,"A tornado with peak winds of 95 mph touched down approximately one mile southwest of Danforth, just west of Interstate 57.  Storm chasers recorded video of the multi-vortex tornado as it moved near Interstate 57.  Minor damage occurred to trees and crops along the path.  A few houses suffered minor siding and roof damage and a grain silo was damaged.  The tornado lifted near Jefferson and 3rd Streets in Danforth.","Scattered thunderstorms moved across portions of east central Illinois on June 25th producing one tornado.",402
960114,MCLEAN CO.,GILLUM,06/25/2021,1926,Tornado, ,EF0,0,0,0,0,IL,CST-6, ,158734,C,113,ILX,0,0,NWS Storm Survey, ,0.21,75,2,W,2,W,GILLUM,06/25/2021,1927,40.4025,-88.9336,40.4023,-88.9297,"A tornado touched down about 3.3 miles west of Downs at 8:26 PM CDT.  The tornado damaged trees and a section of a corn field along North 1750 East Road just south of East 850 North Road before quickly dissipating by 8:27 PM CDT.","Scattered strong to severe thunderstorms developed along an old outflow boundary along the I-72 corridor during the late afternoon and evening of June 25th.  Five brief tornadoes touched down, resulting in minor tree and crop damage.",403
970656,GREENE CO.,BARROW,06/26/2021,1226,Tornado, ,EFU,0,0,0,0,IL,CST-6, ,160666,C,61,LSX,0,0,Law Enforcement, ,0.15,25,1,NNE,1,NNE,BARROW,06/26/2021,1228,39.5123,-90.3957,39.5128,-90.393,"A brief, narrow tornado touched down in a field to the northwest of Roodhouse, IL on Saturday afternoon. A sheriff`s deputy reported that the tornado briefly touched down before lifting as the storm moved toward Manchester, IL. No damage was noted. The tornado was rated EFU with a path length of approximately 0.15 miles and a path width of 25 yards.","A composite outflow boundary extending from the Kansas City area towards southeast Missouri was a focus for new development from the evening hours of June 25th through June 26th. There were numerous reports of damaging winds and flash flooding with this event, as well as a tornado.",404
960591,WILL CO.,CRETE,06/26/2021,1306,Tornado, ,EF0,0,0,0,0,IL,CST-6, ,158389,C,197,LOT,0,0,NWS Storm Survey, ,4.1,100,2,SSW,2,E,STEGER,06/26/2021,1312,41.4273,-87.6465,41.4639,-87.5859,"A tornado with peak winds of 70 mph touched down near Old Monee Road, west of South Sangamon Street.  The tornado produced mainly sporadic tree damage along its path including through the southeast side of Crete.  A rotted tree was uprooted along Merioneth Drive, which partially fell onto a house.  The tornado continued northeast through the east side of Steger.  A house on St. Andrews Drive suffered gutter damage due to falling tree limbs.  The tornado lifted near Ronald Road, just west of Route 394.","Thunderstorms moved across portions of northeast and east central Illinois from mid morning through early evening on June 26th.  Torrential rainfall with these thunderstorms caused flooding in many areas.  Two tornadoes also occurred, one in Chatsworth and one in Crete.",405
960136,LOGAN CO.,CORNLAND,06/26/2021,1435,Tornado, ,EF0,0,0,0,0,IL,CST-6, ,158811,C,107,ILX,0,0,NWS Storm Survey, ,0.21,75,1,WNW,1,NW,CORNLAND,06/26/2021,1436,39.9347,-89.4093,39.9359,-89.4057,"A tornado touched down in a field about 0.4 miles southwest of Cornland at 3:35 PM CDT.  The tornado damaged the corn crop west of 1000th Avenue and north of State Highway 54 before quickly dissipating by 3:36 PM CDT.","Several bands of thunderstorms developed along and ahead of an outflow boundary during the afternoon of June 26th.  One storm spawned a brief tornado that damaged a corn field near Cornland in southern Logan County.  Another cell produced a downburst with estimated 70-80 mph winds that downed numerous trees and power poles on the north side of Springfield near Capital Airport.  Other storms produced wind gusts of around 60 mph which resulted in scattered damage across the area.",406
960603,LIVINGSTON CO.,CHATSWORTH,06/26/2021,1536,Tornado, ,EF0,0,0,0,0,IL,CST-6, ,158389,C,105,LOT,0,0,NWS Storm Survey, ,0.7,75,0,SW,0,NE,CHATSWORTH,06/26/2021,1537,40.7473,-88.293,40.7551,-88.2853,"A tornado with peak winds of 85 mph touched down near 4th Street and Court Street in southern Chatsworth and moved northeast through the southeast side of town.  Tree damage was found along the entire path.  On 4th Street, a parked camper was blown over.  On School Street, playground equipment and a fence were blown over and a garage door was blown in, causing the back of the garage to blow in and collapse.  A garage door was damaged along Maple Street where the tornado ended.","Thunderstorms moved across portions of northeast and east central Illinois from mid morning through early evening on June 26th.  Torrential rainfall with these thunderstorms caused flooding in many areas.  Two tornadoes also occurred, one in Chatsworth and one in Crete.",407
966013,MORGAN CO.,CONCORD,07/10/2021,1255,Tornado, ,EF1,0,0,0,0,IL,CST-6, ,159196,C,137,ILX,0,0,NWS Storm Survey, ,0.9,75,5,NW,5,NW,CONCORD,07/10/2021,1258,39.8658,-90.4488,39.8716,-90.4336,"A tornado touched down along Arenzville Road about 1 mile south of St. Pauls Church Road at 1:55 PM CDT.  The tornado tracked northeastward along Arenzville Road causing damage to trees and power lines near the intersection with St. Pauls Church Road before dissipating at 1:58 PM CDT.","A Mesoscale Convective Vortex (MCV) generated by prior convection across Kansas and Missouri tracked into west-central Illinois during the afternoon of July 10th.  Despite minimal instability, the enhanced low-level vorticity created by this feature was enough to trigger several rotating thunderstorm cells across west-central Illinois.  Five brief tornadoes touched down across portions of Schuyler, Cass, and Morgan counties...with minor damage reported.  Meanwhile further south, flash flooding occurred across parts of Clay County as thunderstorms with torrential rainfall skirted well south of I-70 during the evening.",408
966014,SCHUYLER CO.,DODDSVILLE,07/10/2021,1300,Tornado, ,EF0,0,0,0,0,IL,CST-6, ,159196,C,169,ILX,0,0,NWS Storm Survey, ,0.11,50,3,ESE,3,ESE,DODDSVILLE,07/10/2021,1302,40.27,-90.5988,40.2714,-90.598,"A tornado touched down about 2.7 miles north-northeast of Littleton at 2:00 PM CDT.  The tornado tracked northeastward damaging an old barn and throwing debris into a wooded area.  A few large tree limbs were also knocked down before the tornado dissipated at 2:02 PM CDT.","A Mesoscale Convective Vortex (MCV) generated by prior convection across Kansas and Missouri tracked into west-central Illinois during the afternoon of July 10th.  Despite minimal instability, the enhanced low-level vorticity created by this feature was enough to trigger several rotating thunderstorm cells across west-central Illinois.  Five brief tornadoes touched down across portions of Schuyler, Cass, and Morgan counties...with minor damage reported.  Meanwhile further south, flash flooding occurred across parts of Clay County as thunderstorms with torrential rainfall skirted well south of I-70 during the evening.",409
966017,CASS CO.,VIRGINIA,07/10/2021,1322,Tornado, ,EF0,0,0,0,0,IL,CST-6, ,159196,C,17,ILX,0,0,NWS Storm Survey, ,3.2,75,2,WSW,1,NE,VIRGINIA,07/10/2021,1335,39.9355,-90.2493,39.9622,-90.2,"A tornado touched down about 2.4 miles west-southwest of Virginia at 2:22 PM CDT.  The tornado tracked northeastward across open fields until it reached the southwest side of Virginia where it damaged a bus barn for Virginia High School.  It damaged several trees and the porch of a home as it traveled through town, then damaged additional trees after it exited Virginia just southeast of the Walnut Ridge Cemetery.  The tornado dissipated 0.9 miles northeast of Virginia at 2:35 PM CDT.","A Mesoscale Convective Vortex (MCV) generated by prior convection across Kansas and Missouri tracked into west-central Illinois during the afternoon of July 10th.  Despite minimal instability, the enhanced low-level vorticity created by this feature was enough to trigger several rotating thunderstorm cells across west-central Illinois.  Five brief tornadoes touched down across portions of Schuyler, Cass, and Morgan counties...with minor damage reported.  Meanwhile further south, flash flooding occurred across parts of Clay County as thunderstorms with torrential rainfall skirted well south of I-70 during the evening.",410
966019,CASS CO.,CHANDLERVILLE,07/10/2021,1344,Tornado, ,EF1,0,0,0,0,IL,CST-6, ,159196,C,17,ILX,0,0,NWS Storm Survey, ,2.42,75,3,SSW,1,S,CHANDLERVILLE,07/10/2021,1351,40.0071,-90.1816,40.0341,-90.1526,"A tornado touched down about 3.5 miles south-southwest of Chandlerville at 2:44 PM CDT.  The tornado tracked northeastward along Illinois Route 78 from Palmerton Road to Philadelphia Road causing heavy tree and agricultural damage.  A barn was flattened east of Palmerton Road.  The tornado dissipated 1.2 miles south of Chandlerville at 2:51 PM CDT.","A Mesoscale Convective Vortex (MCV) generated by prior convection across Kansas and Missouri tracked into west-central Illinois during the afternoon of July 10th.  Despite minimal instability, the enhanced low-level vorticity created by this feature was enough to trigger several rotating thunderstorm cells across west-central Illinois.  Five brief tornadoes touched down across portions of Schuyler, Cass, and Morgan counties...with minor damage reported.  Meanwhile further south, flash flooding occurred across parts of Clay County as thunderstorms with torrential rainfall skirted well south of I-70 during the evening.",411
966022,CASS CO.,NEWMANSVILLE,07/10/2021,1416,Tornado, ,EFU,0,0,0,0,IL,CST-6, ,159196,C,17,ILX,0,0,NWS Storm Survey, ,0.07,10,3,SSE,3,SSE,NEWMANSVILLE,07/10/2021,1417,39.9734,-90.0451,39.9742,-90.046,"A tornado briefly touched down near the intersection of Newmansville Road and Cox Creek Road about 5.1 miles northeast of Philadelphia at 3:16 PM CDT.  The tornado dissipated by 3:17 PM CDT with no damage occurring.","A Mesoscale Convective Vortex (MCV) generated by prior convection across Kansas and Missouri tracked into west-central Illinois during the afternoon of July 10th.  Despite minimal instability, the enhanced low-level vorticity created by this feature was enough to trigger several rotating thunderstorm cells across west-central Illinois.  Five brief tornadoes touched down across portions of Schuyler, Cass, and Morgan counties...with minor damage reported.  Meanwhile further south, flash flooding occurred across parts of Clay County as thunderstorms with torrential rainfall skirted well south of I-70 during the evening.",412
966267,CHAMPAIGN CO.,FISHER,07/12/2021,1130,Tornado, ,EF0,0,0,12000,0,IL,CST-6, ,159878,C,19,ILX,0,0,NWS Storm Survey, ,0.72,50,2,WNW,3,SE,FOOSLAND,07/12/2021,1135,40.3391,-88.3892,40.3479,-88.3818,"A tornado touched down 2.6 miles northwest of Fisher at 12:30 PM CDT.  The tornado tracked northeastward damaging a machine shed.  The south wall of the shed was blown in and the roof was peeled away and blown into an adjacent corn field.  The tornado dissipated just east of Illinois Route 47 about 2.7 miles east-southeast of Foosland at 12:35 PM CDT.","With a deep upper-level low centered over the Great Lakes and a stationary frontal boundary draped across the region, several cold air funnels were observed across central Illinois on July 12th.  One of the funnels became a tornado when it touched down in far northwest Champaign County.  Minor damage was observed.",413
966959,CUMBERLAND CO.,GREENUP,07/29/2021,1640,Tornado, ,EF0,0,0,0,0,IL,CST-6, ,159946,C,35,ILX,0,0,NWS Storm Survey, ,0.52,50,4,ENE,4,ENE,GREENUP,07/29/2021,1643,39.2687,-88.1056,39.2613,-88.1043,"A tornado touched down about 3.4 miles east-northeast of Greenup just south of I-70 at 5:40 PM CDT.  The tornado tracked south-southeastward, eventually crossing U.S. 40 near the intersection of County Road 1975 East.  Minor crop damage occurred before the tornado dissipated at 5:43 PM CDT.","A cold front settling southward through central Illinois triggered scattered strong to severe thunderstorms during the late afternoon and early evening of July 29th.  Two short-lived tornadoes occurred with the storms.  One touched down in Cumberland County northeast of Greenup and the other touched down in Crawford County just south of Palestine.  Minor damage was reported with both tornadoes.",414
966960,CRAWFORD CO.,MOREA,07/29/2021,1820,Tornado, ,EF1,0,0,0,0,IL,CST-6, ,159946,C,33,ILX,0,0,NWS Storm Survey, ,0.39,75,1,NE,1,NE,MOREA,07/29/2021,1822,38.9471,-87.6053,38.9416,-87.6037,"A tornado touched down 3.8 miles south of Palestine at 7:20 PM CDT.  The tornado tracked south-southeastward along IL-33 knocking multiple power lines down.  A piece of sheet metal was torn off a building and thrown over a power line as well.  The tornado quickly dissipated about 4.2 miles south of Palestine at 7:22 PM CDT.","A cold front settling southward through central Illinois triggered scattered strong to severe thunderstorms during the late afternoon and early evening of July 29th.  Two short-lived tornadoes occurred with the storms.  One touched down in Cumberland County northeast of Greenup and the other touched down in Crawford County just south of Palestine.  Minor damage was reported with both tornadoes.",415
980583,DE KALB CO.,ESMOND,08/09/2021,1535,Tornado, ,EF0,0,0,0,0,IL,CST-6, ,161061,C,37,LOT,0,0,NWS Storm Survey, ,0.1,20,2,NNW,2,N,ESMOND,08/09/2021,1536,42.0538,-88.9383,42.0538,-88.9359,"A brief tornado with peak winds of 60 mph touched down just north of Lindenwood Road, crossing Esmond Road and produced minor damage to a farm outbuilding's roof.  This tornado was likely on the ground for less than one minute.","Scattered thunderstorms produced heavy rain and flooding across portions of northern Illinois during the morning and afternoon of August 9th.  Additional thunderstorms in the afternoon and evening produced several tornadoes.",416
980584,DE KALB CO.,KIRKLAND,08/09/2021,1544,Tornado, ,EF1,0,0,0,0,IL,CST-6, ,161061,C,37,LOT,0,0,NWS Storm Survey, ,1.8,80,2,SSW,2,SSE,KIRKLAND,08/09/2021,1547,42.0628,-88.8742,42.0645,-88.8392,"A tornado with peak winds of 90 mph touched down near Owens Creek, west of Malta Road.  Video of this tornado showed it may have intermittently skipped on the ground shortly after touching down.  Drone footage showed crop damage increased in a farm east of Byers Road and a barn was heavily damaged.  This tornado dissipated east of Pearl Street.  The path of this tornado was determined, in part, using high resolution satellite imagery.","Scattered thunderstorms produced heavy rain and flooding across portions of northern Illinois during the morning and afternoon of August 9th.  Additional thunderstorms in the afternoon and evening produced several tornadoes.",417
980587,MCHENRY CO.,MCCULLOM LAKE,08/09/2021,1545,Tornado, ,EF1,0,0,0,0,IL,CST-6, ,161061,C,111,LOT,0,0,NWS Storm Survey, ,0.4,70,1,E,1,E,MCCULLOM LAKE,08/09/2021,1546,42.3622,-88.2786,42.3622,-88.2716,"A brief tornado with peak winds of 90 mph touched down at the Petersen Farm, just east of McCullom Lake Road where it damaged a barn and a ground marker.  The tornado moved east and damaged siding and porches on a few townhouses on Evergreen Circle.  A portion of a roof was removed from a townhouse on Evergreen Circle.  The tornado lifted just before it reached the Home Depot store on Richmond Road.","Scattered thunderstorms produced heavy rain and flooding across portions of northern Illinois during the morning and afternoon of August 9th.  Additional thunderstorms in the afternoon and evening produced several tornadoes.",418
980593,KANE CO.,BURLINGTON,08/09/2021,1624,Tornado, ,EF1,0,0,0,0,IL,CST-6, ,161061,C,89,LOT,0,0,NWS Storm Survey, ,3.8,100,3,W,1,SE,BURLINGTON,08/09/2021,1639,42.0472,-88.5905,42.0382,-88.5185,"A tornado with peak winds of 95 mph touched down just east of the DeKalb Kane County line, northwest of Plank Road.  A garage door was blown in and several trees were uprooted at a residence just west of Engel Road.  The tornado moved east along the south side of Plank Road, producing tree damage.  A large farm outbuilding was damaged west of Lawrence Road.  The tornado then moved southeast where it produced sporadic tree and crop damage along Waughon and Peplow Roads.  The tornado continued southeast and lifted near the intersection of Burlington and Romke Roads.","Scattered thunderstorms produced heavy rain and flooding across portions of northern Illinois during the morning and afternoon of August 9th.  Additional thunderstorms in the afternoon and evening produced several tornadoes.",419
980736,OGLE CO.,LINDENWOOD,08/09/2021,1628,Tornado, ,EF0,0,0,0,0,IL,CST-6, ,161061,C,141,LOT,0,0,NWS Storm Survey, ,3.1,50,4,SSE,5,NNE,CRESTON,08/09/2021,1637,42.0024,-89.0029,42.0006,-88.9419,"A tornado with peak winds of 85 mph touched down just east of Interstate 39 and south of Route 64.  Significant damage occurred to a farm outbuilding on South Chamberlain Road.  The tornado damaged crops along its path in Ogle County and crossed into DeKalb County between Route 64 and Welty Road.","Scattered thunderstorms produced heavy rain and flooding across portions of northern Illinois during the morning and afternoon of August 9th.  Additional thunderstorms in the afternoon and evening produced several tornadoes.",420
980738,DE KALB CO.,ESMOND,08/09/2021,1637,Tornado, ,EF0,0,0,0,0,IL,CST-6, ,161061,C,37,LOT,0,0,NWS Storm Survey, ,3.7,50,2,SSW,2,WSW,CLARE,08/09/2021,1647,42.0006,-88.9419,42.0001,-88.8703,"A tornado with peak winds of 85 mph, which touched down in far eastern Ogle County, crossed into western DeKalb County between Route 64 and Welty Road.  The tornado damaged a farm outbuilding on Esmond Road, just south of Route 64.  A video of this tornado showed the winds entered the building on the southwest fa��ade which caused uplift of the roof and subsequent collapse of the walls.  The tornado continued moving east, immediately north of Route 64 producing sporadic tree damage.  Video showed the tornado crossed Route 64, immediately east of McQueen Road and continued east of Malta Road, where it produced some tree damage and then lifted.","Scattered thunderstorms produced heavy rain and flooding across portions of northern Illinois during the morning and afternoon of August 9th.  Additional thunderstorms in the afternoon and evening produced several tornadoes.",421
980594,LEE CO.,PAW PAW AIRPORT,08/09/2021,1703,Tornado, ,EFU,0,0,0,0,IL,CST-6, ,161061,C,103,LOT,0,0,NWS Storm Survey, ,1.3,75,2,SE,2,E,PAW PAW AIRPORT,08/09/2021,1708,41.7068,-89.005,41.7163,-88.9825,"Based on spotter reports and video footage, a tornado touched down near German Road, north of Chicago Road, just east of Interstate 39.  The tornado moved northeast producing a swath of crop damage to corn fields between Moffet Road and Paw Paw Road.  The tornado lifted near Howlett Road, east of Paw Paw Road.  This tornado did not produce damage to any qualified damage indicators and a peak wind speed could not be estimated.  The path of this tornado was determined, in part, using high resolution satellite imagery.","Scattered thunderstorms produced heavy rain and flooding across portions of northern Illinois during the morning and afternoon of August 9th.  Additional thunderstorms in the afternoon and evening produced several tornadoes.",422
973340,BUREAU CO.,VAN ORIN,08/09/2021,1713,Tornado, ,EFU,0,0,0,0,IL,CST-6, ,161204,C,11,DVN,0,0,NWS Storm Survey, ,0.01,5,1,SSE,1,SSE,VAN ORIN,08/09/2021,1714,41.53,-89.34,41.53,-89.34,"A brief touchdown occurred with no visible damage.","Severe thunderstorms developed across all of northern and northwest Illinois on the evening of August 9, 2021. An outflow boundary present from morning storms lead to a favorable environment for tornadic development, with several forming from Bureau County to just west of the Chicago metro area. Three tornadoes occurred during the evening damaged corn, soybeans, and several farmsteads near Arlington, IL.",423
980731,DE KALB CO.,SYCAMORE,08/09/2021,1713,Tornado, ,EF1,0,0,0,0,IL,CST-6, ,161061,C,37,LOT,0,0,NWS Storm Survey, ,1.5,150,1,SSE,2,SE,SYCAMORE,08/09/2021,1718,41.9623,-88.6706,41.9574,-88.6423,"A tornado with peak winds of 105 mph touched down west of Fenstermaker Road and south of Bethany Road.  Shortly after touching down, just east of Fenstermaker Road, the tornado produced a concentrated corridor of damage where two farm buildings were nearly completely destroyed.  Several trees in the area had trunks snapped near their bases.  A single family home suffered some shingle loss along with two broken windows.  Drone footage showed the tornado quickly widened to 150 yards as it moved east towards Airport Road, producing tree and crop damage.  Farm outbuildings were damaged near Airport Road.  Drone footage suggest the tornado lifted near the South Branch of the Kishwaukee River, north of Barber Green Road.","Scattered thunderstorms produced heavy rain and flooding across portions of northern Illinois during the morning and afternoon of August 9th.  Additional thunderstorms in the afternoon and evening produced several tornadoes.",424
980728,DE KALB CO.,MAPLE PARK,08/09/2021,1726,Tornado, ,EF0,0,0,0,0,IL,CST-6, ,161061,C,37,LOT,0,0,NWS Storm Survey, ,0.2,20,4,N,4,N,MAPLE PARK,08/09/2021,1727,41.9526,-88.6043,41.9519,-88.6014,"A brief tornado with peak winds of 60 mph touched down near Barber Green Road, just west of the DeKalb Kane County line, producing some tree damage.","Scattered thunderstorms produced heavy rain and flooding across portions of northern Illinois during the morning and afternoon of August 9th.  Additional thunderstorms in the afternoon and evening produced several tornadoes.",425
980727,KANE CO.,RICHARDSON,08/09/2021,1728,Tornado, ,EF0,0,0,0,0,IL,CST-6, ,161061,C,89,LOT,0,0,NWS Storm Survey, ,3.9,400,2,SSW,1,SSE,VIRGIL,08/09/2021,1737,41.9507,-88.5961,41.9414,-88.5226,"A tornado with peak winds of 85 mph touched down just south of Peterson Road and just east of the Kane DeKalb County line.  The tornado damaged several farm buildings and the roof of a home north of Welter Road and east of Fabris Road.  Drone footage showed the tornado then widened to nearly 400 yards as it tracked across a field north of Welter Road and west of Meredith Road.  Sporadic tree damage also occurred along Welter Road and along Meredith Road.  The tornado contracted and lifted along Welter Road, east of Meredith Road.","Scattered thunderstorms produced heavy rain and flooding across portions of northern Illinois during the morning and afternoon of August 9th.  Additional thunderstorms in the afternoon and evening produced several tornadoes.",426
980726,KANE CO.,VIRGIL,08/09/2021,1738,Tornado, ,EFU,0,0,0,0,IL,CST-6, ,161061,C,89,LOT,0,0,Trained Spotter, ,0.1,10,1,ESE,1,WSW,LILY LAKE,08/09/2021,1739,41.9444,-88.5059,41.9446,-88.5049,"A spotter video showed a very brief tornado touched down in a field south of Route 64 and north of Welter Road.  The location was estimated and no damage was reported.","Scattered thunderstorms produced heavy rain and flooding across portions of northern Illinois during the morning and afternoon of August 9th.  Additional thunderstorms in the afternoon and evening produced several tornadoes.",427
973341,BUREAU CO.,ZEARING,08/09/2021,1757,Tornado, ,EF1,0,0,0,0,IL,CST-6, ,161204,C,11,DVN,0,0,NWS Storm Survey, ,3,525,2,NE,0,N,ARLINGTON,08/09/2021,1815,41.47,-89.3,41.47,-89.25,"EF1 tornado begun in a corn field causing damage to crops. As the tornado moved to the east the tornado caused damage to four farmsteads. EF1 damage was found at the first and second farmstead where trees were snapped and three sheds were completely destroyed. Another ten structures were damaged at the other farmsteads. Damage continued east mainly to soybean and corn fields. As the tornado approached Arlington, another farmstead was hit. A well built farm outbuilding was destroyed. Damage to the siding of the house at this location was found as well. The tornado then begun to occlude, shrink in size and turn northeast through a cemetery.","Severe thunderstorms developed across all of northern and northwest Illinois on the evening of August 9, 2021. An outflow boundary present from morning storms lead to a favorable environment for tornadic development, with several forming from Bureau County to just west of the Chicago metro area. Three tornadoes occurred during the evening damaged corn, soybeans, and several farmsteads near Arlington, IL.",428
973342,BUREAU CO.,WYANET,08/09/2021,1824,Tornado, ,EFU,0,0,0,0,IL,CST-6, ,161204,C,11,DVN,0,0,NWS Storm Survey, ,1.11,100,3,NNE,4,NW,PRINCETON,08/09/2021,1826,41.41,-89.55,41.41,-89.52,"NWS Storm Survey and drone footage confirmed a tornado damage path in corn and soybeans.","Severe thunderstorms developed across all of northern and northwest Illinois on the evening of August 9, 2021. An outflow boundary present from morning storms lead to a favorable environment for tornadic development, with several forming from Bureau County to just west of the Chicago metro area. Three tornadoes occurred during the evening damaged corn, soybeans, and several farmsteads near Arlington, IL.",429
974624,DE KALB CO.,ESMOND,08/10/2021,1733,Tornado, ,EFU,0,0,0,0,IL,CST-6, ,161062,C,37,LOT,0,0,NWS Storm Survey, ,0.6,20,1,NNW,1,NNE,ESMOND,08/10/2021,1734,42.0394,-88.9328,42.0415,-88.9219,"A brief tornado touched down in a field north of Esmond.  No damage occurred with this tornado, which was determined by using high resolution satellite data.","Scattered severe thunderstorms moved across northern Illinois on August 10th.",430
975955,HENRY CO.,GENESEO,08/25/2021,1439,Tornado, ,EFU,0,0,0,0,IL,CST-6, ,161639,C,73,DVN,0,0,Law Enforcement, ,0.01,10,5,SW,5,SW,GENESEO,08/25/2021,1440,41.4,-90.21,41.4,-90.2101,"Sheriff Sergeant reported a touchdown of a landspout with damage to crops. EM reported a small area with crops damaged in the middle of the field. EF-unknown is the rating.","A few severe thunderstorms developed during the mid afternoon hours of August 25.  A landspout was witnessed by law enforcement briefly touching down in a field southwest of Geneseo, IL around 3:40 PM CDT.  Further to the south, a severe thunderstorm produced large hail and damaging winds. Hail at least golf ball sized was reported and severe wind gusts around 60 MPH resulted in damage to tree limbs, power lines, and shingles. Another separate short lived tornado occurred in Warren County, just east of the town of Berwick, IL.",431
976091,WARREN CO.,BERWICK,08/25/2021,1548,Tornado, ,EFU,0,0,0,0,IL,CST-6, ,161639,C,187,DVN,0,0,Trained Spotter, ,0.11,30,4,ESE,4,ESE,BERWICK,08/25/2021,1549,40.77,-90.47,40.771,-90.469,"A trained spotter observed a brief tornado touchdown in a corn field. The tornado path through the corn was about 200 yards long and 30 yards wide. There was no observable damage that could be used to assign a rating for the tornado.","A few severe thunderstorms developed during the mid afternoon hours of August 25.  A landspout was witnessed by law enforcement briefly touching down in a field southwest of Geneseo, IL around 3:40 PM CDT.  Further to the south, a severe thunderstorm produced large hail and damaging winds. Hail at least golf ball sized was reported and severe wind gusts around 60 MPH resulted in damage to tree limbs, power lines, and shingles. Another separate short lived tornado occurred in Warren County, just east of the town of Berwick, IL.",432
986944,IROQUOIS CO.,ASHKUM,10/03/2021,1426,Tornado, ,EFU,0,0,0,0,IL,CST-6, ,163466,C,75,LOT,0,0,Trained Spotter, ,0.1,30,5,NW,5,WNW,ASHKUM,10/03/2021,1427,40.9199,-88.028,40.9184,-88.0272,"Trained spotters reported a brief tornado touched down in a corn field northwest of Ashkum.  No known damage was caused by the tornado.","Scattered thunderstorms moved across portions of east central Illinois during the afternoon of October 3rd.  One of the storms produced a brief tornado in a corn field in Iroquois County.  No damage was reported.",433
984763,GREENE CO.,WRIGHTS,10/11/2021,1337,Tornado, ,EF2,0,0,100000,0,IL,CST-6, ,163092,C,61,LSX,0,0,NWS Storm Survey, ,5.83,75,2,S,4,NNE,WRIGHTS,10/11/2021,1345,39.3547,-90.3002,39.4335,-90.2609,"High resolution satellite data and information from storm spotters indicates the tornado touched down in an open field a little less than a mile south-southwest of the Berdan Road and Wrights Road intersection. The tornado moved north-northeast and intensified as it moved into the west side of the town of Wrights, IL. In Wrights, the tornado destroyed two new, well-built farm buildings, ripping one of from a concrete foundation around the perimeter of the building. The tornado then moved to the northeast, destroying two more farm buildings before crossing Wrights road, where it snapped a number of trees and rolled a camper onto a boat. The tornado continued to the northeast causing intermittent damage to trees and vegetation. The high resolution satellite data showed a prominent track in the open fields northeast of the NE 850 Ave and Super Slab Road Intersection. The last identifiable damage and where the tornado appeared to have ended is around a third of a mile west of the NE 1000 Street and NE 950 Ave Intersection. The tornado was rated EF2 with max wind speed of 115 mph. The path length was 5.83 miles with a max path width of 75 yards. No deaths or injuries were reported.","On Monday, October 11th 2021 (Columbus Day), the potential for severe weather existed across east-central/northeast Missouri and most of central and northern Illinois. Despite limited instability (energy for storms to develop), plentiful shear (changing wind speed or direction with height) from a potent mid-level storm system provided the potential for severe storms. Though most storms never became strong or severe, one supercell in particular became organized enough to produce a tornado.",434
988064,MORGAN CO.,ALEXANDER,10/11/2021,1426,Tornado, ,EF0,0,0,0,0,IL,CST-6, ,163628,C,137,ILX,0,0,NWS Storm Survey, ,1.37,50,1,WNW,2,NNW,ALEXANDER,10/11/2021,1428,39.729,-90.053,39.747,-90.042,"A tornado touched down in an open field 0.5 miles northwest of Alexander at 3:26 PM CDT.  The tornado tracked northeastward damaging several large trees before crossing I-72 near mile marker 76, where it blew over a semi truck.  It continued northeastward damaging additional large trees before dissipating about 2 miles northwest of Alexander near Highway 123 at 3:28 PM CDT.","Low pressure lifting northward through the Illinois River Valley triggered a line of strong to severe thunderstorms during the afternoon and early evening of October 11th.  With the low in close proximity, ample environmental wind shear led to numerous circulations developing within the line of convection.  Four weak tornadoes touched down as the storms passed, causing minor damage across portions of Morgan and Woodford counties.  In addition, isolated cells ahead of the main line produced wind damage.  In particular, widespread damage was reported across Olney in Richland County, likely due to downburst winds in excess of 70mph.",435
988065,WOODFORD CO.,ROANOKE,10/11/2021,1528,Tornado, ,EFU,0,0,0,0,IL,CST-6, ,163628,C,203,ILX,0,0,NWS Storm Survey, ,0.26,30,2,N,3,N,ROANOKE,10/11/2021,1530,40.835,-89.203,40.838,-89.2,"A tornado touched down in an open field about 3 miles north of Roanoke at 4:28 PM CDT.  It tracked northeastward for about 0.3 miles before quickly dissipating at 4:30 PM CDT.  No damage was observed.","Low pressure lifting northward through the Illinois River Valley triggered a line of strong to severe thunderstorms during the afternoon and early evening of October 11th.  With the low in close proximity, ample environmental wind shear led to numerous circulations developing within the line of convection.  Four weak tornadoes touched down as the storms passed, causing minor damage across portions of Morgan and Woodford counties.  In addition, isolated cells ahead of the main line produced wind damage.  In particular, widespread damage was reported across Olney in Richland County, likely due to downburst winds in excess of 70mph.",436
988066,WOODFORD CO.,WASHBURN,10/11/2021,1545,Tornado, ,EF0,0,0,0,0,IL,CST-6, ,163628,C,203,ILX,0,0,NWS Storm Survey, ,2.47,75,3,SE,2,ENE,WASHBURN,10/11/2021,1551,40.894,-89.23,40.927,-89.248,"A tornado touched down about 3.4 miles east-southeast of Washburn along County Highway 2100 North at 4:45 PM CDT.  The tornado damaged the roof and walls of a barn and a couple large trees, throwing the debris into a corn field to the northeast.  It continued tracking through fields before damaging an outbuilding along County Highway 2300 North.  The tornado dissipated 3.5 miles east of Washburn at 4:51 PM CDT.","Low pressure lifting northward through the Illinois River Valley triggered a line of strong to severe thunderstorms during the afternoon and early evening of October 11th.  With the low in close proximity, ample environmental wind shear led to numerous circulations developing within the line of convection.  Four weak tornadoes touched down as the storms passed, causing minor damage across portions of Morgan and Woodford counties.  In addition, isolated cells ahead of the main line produced wind damage.  In particular, widespread damage was reported across Olney in Richland County, likely due to downburst winds in excess of 70mph.",437
986949,WILL CO.,EAGLE LAKE,10/11/2021,1610,Tornado, ,EF0,0,0,0,0,IL,CST-6, ,163467,C,197,LOT,0,0,Trained Spotter, ,0.26,70,3,NNE,3,NNE,EAGLE LAKE,10/11/2021,1611,41.4045,-87.5291,41.4072,-87.5255,"A tornado with peak winds of 80 mph touched down just west of the Illinois Indiana state line near Red Oak Lane.  The tornado produced minor tree damage before crossing into Indiana near the intersection of Bemes Road and State Line Road.","Scattered thunderstorms moved across parts of northern Illinois on October 11th producing two tornadoes.",438
988067,WOODFORD CO.,EL PASO,10/11/2021,1639,Tornado, ,EFU,0,0,0,0,IL,CST-6, ,163628,C,203,ILX,0,0,NWS Storm Survey, ,2.51,50,2,SW,2,NW,EL PASO,10/11/2021,1644,40.712,-89.046,40.748,-89.052,"A tornado touched down in an open field about 2 miles southwest of El Paso at 5:39 PM CDT.  The tornado tracked northward across Highway 24 just west of El Paso before dissipating in a field 1.5 miles west-northwest of El Paso at 5:44 PM CDT.  No damage was observed.","Low pressure lifting northward through the Illinois River Valley triggered a line of strong to severe thunderstorms during the afternoon and early evening of October 11th.  With the low in close proximity, ample environmental wind shear led to numerous circulations developing within the line of convection.  Four weak tornadoes touched down as the storms passed, causing minor damage across portions of Morgan and Woodford counties.  In addition, isolated cells ahead of the main line produced wind damage.  In particular, widespread damage was reported across Olney in Richland County, likely due to downburst winds in excess of 70mph.",439
991577,PUTNAM CO.,FLORID,10/11/2021,1647,Tornado, ,EFU,0,0,0,0,IL,CST-6, ,164252,C,155,DVN,0,0,Storm Chaser, ,0.02,10,4,SSW,4,SSW,FLORID,10/11/2021,1647,41.18,-89.31,41.18,-89.31,"A storm chaser reported a brief tornado. There was no visible damage to assign an EF-scale rating.","Showers and thunderstorms moved across parts of northern Illinois on the afternoon and evening of October 11, 2021 produced brief severe weather. A storm chaser reported a brief tornado touch down near McNabb, IL. There was no visible damage to assign an EF-scale rating.",440
986952,LA SALLE CO.,TRIUMPH,10/11/2021,1730,Tornado, ,EFU,0,0,0,0,IL,CST-6, ,163467,C,99,LOT,0,0,Trained Spotter, ,0.4,40,1,SSW,1,SW,TRIUMPH,10/11/2021,1731,41.4873,-89.0287,41.4921,-89.0325,"A trained spotter reported a brief tornado touched down southwest of Triumph.  No damage was reported.","Scattered thunderstorms moved across parts of northern Illinois on October 11th producing two tornadoes.",441
988881,RANDOLPH CO.,PUJOL,10/24/2021,2006,Tornado, ,EF2,0,0,3040000,0,IL,CST-6, ,163803,C,157,LSX,0,0,NWS Storm Survey, ,14.03,100,2,SSE,2,NE,BREMEN,10/24/2021,2028,37.8773,-89.9425,37.9858,-89.7248,"The tornado moved out of Missouri (Ste. Genevieve County) into Illinois (Randolph County) moving though flood plains and crossing the Mississippi River just north of the Menard Correctional Center.  The tornado crossed Route 3 south of Lochhead Drive destroying a small barn, snapping or uprooting trees, and caused minor damage to several homes and a hardware store. Snapped or uprooted trees and downed power poles were found along the remainder of the tornado track through Chester with roof damage to several homes on Brenda Street. The worst damage in Chester occurred just northeast of the Palestine Road and Three Spring Roads intersection, where two farm outbuildings were completely destroyed. The larger of the two buildings was well-built with anchor bolts every 18-24 inches in the concrete foundation. This damage was rated EF-2. Further northeast, minor roof damage and the loss of the roof-mounted HVAC unit was found at the nursing home near Old Lodge Lane and Three Springs Road. The tornado continued to the northeast into Bremen paralleling and crossing Route 150, producing tree damage and minor roof damage to several homes. Minor roof damage to several homes, damage to several farm outbuildings, and snapped and uprooted trees were found along parts of Chester Road and Paradise Road. The worst of this damage was rated EF-1. The tornado dissipated around 1.6 miles northeast of Bremen, just west of Route 150. Overall the tornado was rated EF2 with a path length of 16.47 miles and a max path width of 400 yards.","Numerous severe thunderstorms formed ahead of an approaching cold front across southeast Missouri during the evening hours of Sunday, October 24th, 2021. As the storms moved northeastward, they moved into a moist, energy-rich environment with substantial wind shear in the low and mid-levels. They quickly intensified, remaining somewhat isolated as they moved through southeast Missouri and into southwest Illinois. The environment was very favorable for tornadic development, and these storms produced several tornadoes and wind damage as they moved through the area. Two storms produced tornadoes that remained on the ground for significant distances. The  tornado that moved through Fredericktown, MO, passing through Madison County into Perry County, was on the ground for 18.9 miles. Another tornado moved from St. Francois County through St. Genevieve County in Missouri into Randolph County in Illinois, staying on the ground for over 40 miles.",442
988887,WASHINGTON CO.,RICHVIEW,10/24/2021,2054,Tornado, ,EF0,0,0,0,0,IL,CST-6, ,163803,C,189,LSX,0,0,NWS Storm Survey, ,2.05,180,2,NW,1,SSW,IRVINGTON,10/24/2021,2055,38.393,-89.204,38.412,-89.175,"This tornado touched down just north of I-64 causing primarily tree damage, but one home was damaged on Chestnut Road. The tornado traveled northeast, again primarily causing tree damage and crossed Tower Road. Damage occurred to two machine sheds just west of U.S. Highway 51 and south of Holly Road with the tornado lifting shortly thereafter. Overall, the tornado was rated EF0 with a path length of 2.05 miles and a max path width of 180 yards. No deaths or injuries were reported.","Numerous severe thunderstorms formed ahead of an approaching cold front across southeast Missouri during the evening hours of Sunday, October 24th, 2021. As the storms moved northeastward, they moved into a moist, energy-rich environment with substantial wind shear in the low and mid-levels. They quickly intensified, remaining somewhat isolated as they moved through southeast Missouri and into southwest Illinois. The environment was very favorable for tornadic development, and these storms produced several tornadoes and wind damage as they moved through the area. Two storms produced tornadoes that remained on the ground for significant distances. The  tornado that moved through Fredericktown, MO, passing through Madison County into Perry County, was on the ground for 18.9 miles. Another tornado moved from St. Francois County through St. Genevieve County in Missouri into Randolph County in Illinois, staying on the ground for over 40 miles.",443
989559,FRANKLIN CO.,EZRA,12/05/2021,2221,Tornado, ,EF1,0,0,80000,0,IL,CST-6, ,163926,C,55,PAH,0,0,NWS Storm Survey, ,3.88,175,1,N,1,N,FRANKFORT HGTS,12/05/2021,2228,37.9,-88.97,37.91,-88.9,"The tornado tracked from west to east across the far northern part of the city of West Frankfort. The most significant damage was on the west side of Interstate 57, where a few metal structures sustained major damage. These structures were businesses which lost all or part of their roofs. In the residential neighborhoods to the east of the interstate, light roof damage occurred to a few houses, which lost some shingles. Tree limbs and a few trees were blown down. At one point just over 2,000 people were without power. Peak winds were estimated near 95 mph.","A strong cold front moved through the region, preceded by numerous thunderstorms during the evening hours on December 5th and into the early morning on the 6th. Pockets of damaging winds accompanied the strongest storms. There was a tornado that touched down in southern Illinois. During the evening, a loose clustering of storms and embedded supercells caused most of the severe weather. Although instability was quite weak, the severe storms were supported by very strong wind shear.",444
999835,CASS CO.,VIRGINIA,12/10/2021,1947,Tornado, ,EF2,0,0,0,0,IL,CST-6, ,165450,C,17,ILX,0,0,NWS Storm Survey, ,12.75,200,4,SSW,1,SE,NEWMANSVILLE,12/10/2021,1959,39.8954,-90.2398,40.0096,-90.0506,"A tornado touched down about 4 miles south-southwest of Virginia at 7:47 PM CST.  The tornado tracked northeastward, heavily damaging a farmstead on Parlier Road about a half mile west of highway 78.  Here, a house had significant damage to its roof  and several farm buildings were completely demolished.  One horse was killed and another injured.  The tornado crossed highway 78 about a half mile north of Prairie Creek.  It damaged approximately 15 power poles on Conover Road and overturned several storage tanks nearby.  After crossing highway 125 about 2 miles southeast of Virginia, the remainder of the track mainly consisted of damage to trees.  It crossed much of the Panther Creek Fish & Wildlife Area before lifting about 2 miles west-northwest of Newmansville at 7:59 pm.","A deepening area of low pressure tracked from near Kansas City during the afternoon of December 10th to southern Lake Michigan by the pre-dawn hours of December 11th.  An unseasonably warm and moist airmass surged northward ahead of the system, resulting in high temperatures reaching the lower to middle 60s across central Illinois.  As the low and an associated vigorous short-wave trough interacted with the moderately unstable and highly sheared environment, several clusters of strong to severe thunderstorms developed during the late afternoon and evening of the 10th.  Numerous rotating cells were observed, with a total of 6 tornadoes touching down across central Illinois.  5 of the tornadoes were rated EF-2, including one that injured a person just north of Herrick in Shelby County.",445
999838,MENARD CO.,ATTERBERRY,12/10/2021,2007,Tornado, ,EF2,0,0,0,0,IL,CST-6, ,165450,C,129,ILX,0,0,NWS Storm Survey, ,4.56,250,1,NW,4,NW,CURTIS,12/10/2021,2016,40.0607,-89.9153,40.0919,-89.8393,"A tornado touched down about one half mile east of Atterberry at 8:07 PM CST.  The tornado tracked northeastward, significantly damaging a pair of metal sheds along Pin Hook Avenue.  It mainly passed through open fields until reaching a farm along Masters Avenue about a half mile west of Fairgrounds Street where a machine shed was destroyed and a couple other outbuildings were damaged.  The worst damage was along Altig Bridge Avenue about a half mile east of Fairgrounds Street.  A house sustained significant damage to its roof, several trees were snapped, and sheds across the road were damaged or destroyed.  From this point, the tornado mainly traveled in farm fields, overturning an irrigation pivot before lifting just shy of the Sangamon River at 8:16 PM CST.","A deepening area of low pressure tracked from near Kansas City during the afternoon of December 10th to southern Lake Michigan by the pre-dawn hours of December 11th.  An unseasonably warm and moist airmass surged northward ahead of the system, resulting in high temperatures reaching the lower to middle 60s across central Illinois.  As the low and an associated vigorous short-wave trough interacted with the moderately unstable and highly sheared environment, several clusters of strong to severe thunderstorms developed during the late afternoon and evening of the 10th.  Numerous rotating cells were observed, with a total of 6 tornadoes touching down across central Illinois.  5 of the tornadoes were rated EF-2, including one that injured a person just north of Herrick in Shelby County.",446
996712,MADISON CO.,MITCHELL,12/10/2021,2027,Tornado, ,EF3,6,1,5000000,0,IL,CST-6, ,164746,C,119,LSX,0,0,NWS Storm Survey, ,4.22,300,1,SE,2,N,GLEN CARBON,12/10/2021,2035,38.757,-90.058,38.781,-89.986,"The tornado began on the south side of I-270 around three-quarters of a mile west of the I-270/I-255 interchange at 8:27 PM CST. Damage in this area consisted of several downed highway signs and a bent light pole. The tornado moved northeast and intensified rapidly after crossing I-255, striking an Amazon warehouse. The west-facing walls of the warehouse collapsed inward, which was followed by multiple structural failures as the tornado moved through the complex, including the collapse of additional walls and the loss of a large segment of the roof. This was the worst damage along the entire tornado track rated EF-3. Cars in the rear of the building were strewn eastward and power lines and several large high tension towers were also destroyed. There was one person injured and 6 fatalities at the Amazon facility. The tornado weakened as it moved northeast across Sand Road, where it destroyed an unanchored mobile home and an outbuilding, snapped trees, and downed power poles. Damage in this area was rated EF-1. Further northeast, the tornado crossed South University Drive where it snapped a power pole and downed additional trees. It then crossed into the Sunset Hills Country Club subdivision. Throughout a portion of the subdivision, there were downed trees, snapped branches, and superficial home damage consisting of missing shingles or small portions of roof covering. The tornado weakened further as it moved northeast, and lifted just west of Butler Boulevard at 8:35 PM CST. Noteworthy is debris from the Amazon warehouse was found along the entire track of this storm, tens of miles to the northeast of the warehouse. Overall, the tornado was rated EF3 with a path length of 4.22 miles and max path width of 300 yards. Six deaths and one injured were reported.","Numerous severe thunderstorms formed ahead of an approaching cold front during the late afternoon and evening of Friday December 10th, 2021.  Large hail, damaging winds and five tornadoes occurred across central and eastern Missouri as well as south central Illinois.  Unfortunately two of the tornadoes were very strong (rated EF-3 on the Enhanced Fujita Scale) and responsible for 7 fatalities (one near Defiance, Missouri and six at an Amazon Facility near Edwardsville, Illinois). The Defiance, MO tornado tracked within one mile of the NWS St. Louis office in the Missouri Research Park near Weldon Spring, MO leading to the staff sheltering while NWS Kansas City provided service backup.  This is only the third time in the office's existence that the staff had to shelter. The damage from the Defiance, MO EF3 tornado was estimated at $684,186 and is unknown for the remaining tracks at this time but early estimates are well into the millions due to the damage sustained at the Amazon facility near Edwardsville, IL.",447
996914,BOND CO.,SORENTO,12/10/2021,2053,Tornado, ,EF1,0,0,10000,0,IL,CST-6, ,164746,C,5,LSX,0,0,NWS Storm Survey, ,8.94,150,1,S,4,NNE,AYERS,12/10/2021,2103,38.985,-89.57,39.028,-89.413,"The tornado first touched down south of Sorento on New Douglas Road (Bond County), west of Sorento Reservoir, where it snapped several trees. The tornado moved northeast, passing 3.2 miles east of Donnellson crossing Mt. Moriah Avenue, moving into southern Montgomery County.  The tornado was rated EF1 in Bond County with a path length of 8.94 miles and a max path width of 150 yards. No injuries or deaths were reported in Bond County.","Numerous severe thunderstorms formed ahead of an approaching cold front during the late afternoon and evening of Friday December 10th, 2021.  Large hail, damaging winds and five tornadoes occurred across central and eastern Missouri as well as south central Illinois.  Unfortunately two of the tornadoes were very strong (rated EF-3 on the Enhanced Fujita Scale) and responsible for 7 fatalities (one near Defiance, Missouri and six at an Amazon Facility near Edwardsville, Illinois). The Defiance, MO tornado tracked within one mile of the NWS St. Louis office in the Missouri Research Park near Weldon Spring, MO leading to the staff sheltering while NWS Kansas City provided service backup.  This is only the third time in the office's existence that the staff had to shelter. The damage from the Defiance, MO EF3 tornado was estimated at $684,186 and is unknown for the remaining tracks at this time but early estimates are well into the millions due to the damage sustained at the Amazon facility near Edwardsville, IL.",448
996916,MONTGOMERY CO.,DONNELLSON,12/10/2021,2103,Tornado, ,EF1,0,0,0,0,IL,CST-6, ,164746,C,135,LSX,0,0,NWS Storm Survey, ,10.11,300,3,E,2,SE,FILLMORE,12/10/2021,2112,39.0277,-89.413,39.102,-89.2506,"As it moved northeast into Montgomery County 3.2 miles east of Donnellson, it moved over the southern portion of Coffeen Lake. The damage in this area consisted of downed and snapped trees rated EF-1. As the tornado continued northeast, it crossed IL Route 185 where it destroyed an outbuilding, snapped trees, and downed power lines. Near the intersection of School House Avenue and Dads Trail, extensive tree damage was observed. Further northeast, the tornado crossed Fillmore Lake, moving into Fayette County.   The tornado was rated EF1 in Montgomery County with a path length of 10.11 miles and a max path width of 300 yards. No injuries or deaths were reported in Montgomery County.","Numerous severe thunderstorms formed ahead of an approaching cold front during the late afternoon and evening of Friday December 10th, 2021.  Large hail, damaging winds and five tornadoes occurred across central and eastern Missouri as well as south central Illinois.  Unfortunately two of the tornadoes were very strong (rated EF-3 on the Enhanced Fujita Scale) and responsible for 7 fatalities (one near Defiance, Missouri and six at an Amazon Facility near Edwardsville, Illinois). The Defiance, MO tornado tracked within one mile of the NWS St. Louis office in the Missouri Research Park near Weldon Spring, MO leading to the staff sheltering while NWS Kansas City provided service backup.  This is only the third time in the office's existence that the staff had to shelter. The damage from the Defiance, MO EF3 tornado was estimated at $684,186 and is unknown for the remaining tracks at this time but early estimates are well into the millions due to the damage sustained at the Amazon facility near Edwardsville, IL.",449
996919,FAYETTE CO.,BINGHAM,12/10/2021,2112,Tornado, ,EF1,0,0,0,0,IL,CST-6, ,164746,C,51,LSX,0,0,NWS Storm Survey, ,14.8,690,2,SW,4,NNE,DRESSOR,12/10/2021,2127,39.102,-89.2506,39.22,-89.02,"As it tracked to the northeast across Fayette County, it moved through Bingham, snapping additional trees. The tornado intensified and widened as it moved across the southeast portion of Ramsey State Park and across US Highway 51 north of Ramsey. The tornado continued to track northeast, crossing IL Route 14 around 2 miles west of Herrick, continuing into Shelby County (WFO Lincoln IL County Warning Area). The tornado was rated EF1 in Fayette County with a path length of 14.8 miles and a max path width of 690 yards. No injuries or deaths were reported in Fayette County.","Numerous severe thunderstorms formed ahead of an approaching cold front during the late afternoon and evening of Friday December 10th, 2021.  Large hail, damaging winds and five tornadoes occurred across central and eastern Missouri as well as south central Illinois.  Unfortunately two of the tornadoes were very strong (rated EF-3 on the Enhanced Fujita Scale) and responsible for 7 fatalities (one near Defiance, Missouri and six at an Amazon Facility near Edwardsville, Illinois). The Defiance, MO tornado tracked within one mile of the NWS St. Louis office in the Missouri Research Park near Weldon Spring, MO leading to the staff sheltering while NWS Kansas City provided service backup.  This is only the third time in the office's existence that the staff had to shelter. The damage from the Defiance, MO EF3 tornado was estimated at $684,186 and is unknown for the remaining tracks at this time but early estimates are well into the millions due to the damage sustained at the Amazon facility near Edwardsville, IL.",450
999848,SHELBY CO.,HERRICK,12/10/2021,2126,Tornado, ,EF2,0,1,0,0,IL,CST-6, ,165450,C,173,ILX,0,0,NWS Storm Survey, ,7.69,200,2,W,2,NW,COWDEN,12/10/2021,2136,39.2159,-89.0236,39.2704,-88.8982,"This tornado crossed from Fayette County in the National Weather Service St. Louis County Warning Area (CWA) into southern Shelby County in the National Weather Service Lincoln County Warning Area (CWA) at 9:26 PM CST.   It downed several large wood power poles about 2 miles west of Herrick.  The most significant damage occurred to a residence 1 mile north of Herrick where an addition to a house saw significant damage, causing injury to one person.  The tornado continued northeastward, damaging several outbuildings and downing trees and power lines.  The tornado lifted 2 miles northwest of Cowden at about 9:36 PM CST.","A deepening area of low pressure tracked from near Kansas City during the afternoon of December 10th to southern Lake Michigan by the pre-dawn hours of December 11th.  An unseasonably warm and moist airmass surged northward ahead of the system, resulting in high temperatures reaching the lower to middle 60s across central Illinois.  As the low and an associated vigorous short-wave trough interacted with the moderately unstable and highly sheared environment, several clusters of strong to severe thunderstorms developed during the late afternoon and evening of the 10th.  Numerous rotating cells were observed, with a total of 6 tornadoes touching down across central Illinois.  5 of the tornadoes were rated EF-2, including one that injured a person just north of Herrick in Shelby County.",451
999861,SHELBY CO.,WINDSOR,12/10/2021,2150,Tornado, ,EF2,0,0,0,0,IL,CST-6, ,165450,C,173,ILX,0,0,NWS Storm Survey, ,3.9,200,1,SE,3,N,SEXSON CORNER,12/10/2021,2154,39.419,-88.59,39.4474,-88.5269,"A tornado touched down 1 mile south of Windsor at 9:50 PM CST.  The tornado stripped roof panels off a farm outbuilding, then tracked northeastward and strengthened causing total destruction of a small farm outbuilding and breaking wood power poles southeast of Windsor.  It crossed into southern Moultrie County about 1 mile southwest of Gays just south of Route 16 at 9:54 PM CST.","A deepening area of low pressure tracked from near Kansas City during the afternoon of December 10th to southern Lake Michigan by the pre-dawn hours of December 11th.  An unseasonably warm and moist airmass surged northward ahead of the system, resulting in high temperatures reaching the lower to middle 60s across central Illinois.  As the low and an associated vigorous short-wave trough interacted with the moderately unstable and highly sheared environment, several clusters of strong to severe thunderstorms developed during the late afternoon and evening of the 10th.  Numerous rotating cells were observed, with a total of 6 tornadoes touching down across central Illinois.  5 of the tornadoes were rated EF-2, including one that injured a person just north of Herrick in Shelby County.",452
999862,MOULTRIE CO.,GAYS,12/10/2021,2154,Tornado, ,EF2,0,0,0,0,IL,CST-6, ,165450,C,139,ILX,0,0,NWS Storm Survey, ,3.77,200,1,W,3,NE,GAYS,12/10/2021,2158,39.4474,-88.5269,39.4805,-88.4708,"This tornado crossed from Shelby County into southern Moultrie County about 1 mile southwest of Gays at 9:54 PM CST.  An agriculture services plant was significantly damaged west of Gays, with numerous buildings destroyed and 3 large tanker trucks flipped.  The tornado continued northeastward and crossed into western Coles County just south of Western Avenue at 9:58 PM CST.","A deepening area of low pressure tracked from near Kansas City during the afternoon of December 10th to southern Lake Michigan by the pre-dawn hours of December 11th.  An unseasonably warm and moist airmass surged northward ahead of the system, resulting in high temperatures reaching the lower to middle 60s across central Illinois.  As the low and an associated vigorous short-wave trough interacted with the moderately unstable and highly sheared environment, several clusters of strong to severe thunderstorms developed during the late afternoon and evening of the 10th.  Numerous rotating cells were observed, with a total of 6 tornadoes touching down across central Illinois.  5 of the tornadoes were rated EF-2, including one that injured a person just north of Herrick in Shelby County.",453
999899,COLES CO.,MAGNET,12/10/2021,2158,Tornado, ,EF2,0,0,0,0,IL,CST-6, ,165450,C,29,ILX,0,0,NWS Storm Survey, ,8.19,200,4,NW,1,SE,DORANS,12/10/2021,2204,39.4805,-88.4708,39.536,-88.335,"This tornado crossed from Moultrie County into western Coles County just south of Western Avenue at 9:58 PM CST.  Several houses and outbuildings were damaged in western Coles County...from west of Mattoon to northeast of Mattoon.  The most |significant damage included a one-story brick house that had it's roof entirely removed and 2 large metal storage buildings that sustained roof, siding, and metal support structure damage.  The tornado lifted about 4 miles north-northeast of Mattoon at 10:04 PM.","A deepening area of low pressure tracked from near Kansas City during the afternoon of December 10th to southern Lake Michigan by the pre-dawn hours of December 11th.  An unseasonably warm and moist airmass surged northward ahead of the system, resulting in high temperatures reaching the lower to middle 60s across central Illinois.  As the low and an associated vigorous short-wave trough interacted with the moderately unstable and highly sheared environment, several clusters of strong to severe thunderstorms developed during the late afternoon and evening of the 10th.  Numerous rotating cells were observed, with a total of 6 tornadoes touching down across central Illinois.  5 of the tornadoes were rated EF-2, including one that injured a person just north of Herrick in Shelby County.",454
999865,COLES CO.,RARDIN,12/10/2021,2218,Tornado, ,EF1,0,0,0,0,IL,CST-6, ,165450,C,29,ILX,0,0,NWS Storm Survey, ,6.33,100,0,N,1,ENE,OAKLAND,12/10/2021,2222,39.6,-88.1,39.66,-88.01,"A tornado touched down about one quarter of a mile east of Rardin at 10:18 PM CST.  The tornado did only tree damage with the greatest concentration through the wooded areas along the Embarras River.  Evidence that the tornado was on the ground was also found along East County Road 1750 North.  The tornado lifted 1 mile east of Oakland at 10:22 PM CST.","A deepening area of low pressure tracked from near Kansas City during the afternoon of December 10th to southern Lake Michigan by the pre-dawn hours of December 11th.  An unseasonably warm and moist airmass surged northward ahead of the system, resulting in high temperatures reaching the lower to middle 60s across central Illinois.  As the low and an associated vigorous short-wave trough interacted with the moderately unstable and highly sheared environment, several clusters of strong to severe thunderstorms developed during the late afternoon and evening of the 10th.  Numerous rotating cells were observed, with a total of 6 tornadoes touching down across central Illinois.  5 of the tornadoes were rated EF-2, including one that injured a person just north of Herrick in Shelby County.",455
999867,EDGAR CO.,CHRISMAN,12/10/2021,2241,Tornado, ,EF2,0,0,0,0,IL,CST-6, ,165450,C,45,ILX,0,0,NWS Storm Survey, ,3.45,200,3,N,5,W,QUAKER,12/10/2021,2243,39.8494,-87.6693,39.882,-87.62,"A tornado touched down 3 miles north of Chrisman at 10:41 PM CST.  The greatest damage was concentrated along County Road 2650 North just east of US-150.  A farmstead at this location had several grain bins damaged and a machine shed lost large portions of its roof.  The tornado crossed into southeastern Vermilion County at 10:43 PM CST.","A deepening area of low pressure tracked from near Kansas City during the afternoon of December 10th to southern Lake Michigan by the pre-dawn hours of December 11th.  An unseasonably warm and moist airmass surged northward ahead of the system, resulting in high temperatures reaching the lower to middle 60s across central Illinois.  As the low and an associated vigorous short-wave trough interacted with the moderately unstable and highly sheared environment, several clusters of strong to severe thunderstorms developed during the late afternoon and evening of the 10th.  Numerous rotating cells were observed, with a total of 6 tornadoes touching down across central Illinois.  5 of the tornadoes were rated EF-2, including one that injured a person just north of Herrick in Shelby County.",456
999869,VERMILION CO.,RIDGE FARM,12/10/2021,2243,Tornado, ,EF1,0,0,0,0,IL,CST-6, ,165450,C,183,ILX,0,0,NWS Storm Survey, ,0.2,200,2,SE,2,ESE,RIDGE FARM,12/10/2021,2244,39.882,-87.62,39.8843,-87.6177,"This tornado crossed from Edgar County into southeastern Vermilion County at 10:43 PM CST.  No additional damage was observed as the tornado quickly lifted about 2 miles east-southeast of Ridge Farm at 10:44 PM CST.","A deepening area of low pressure tracked from near Kansas City during the afternoon of December 10th to southern Lake Michigan by the pre-dawn hours of December 11th.  An unseasonably warm and moist airmass surged northward ahead of the system, resulting in high temperatures reaching the lower to middle 60s across central Illinois.  As the low and an associated vigorous short-wave trough interacted with the moderately unstable and highly sheared environment, several clusters of strong to severe thunderstorms developed during the late afternoon and evening of the 10th.  Numerous rotating cells were observed, with a total of 6 tornadoes touching down across central Illinois.  5 of the tornadoes were rated EF-2, including one that injured a person just north of Herrick in Shelby County.",457
