EVENT_ID,CZ_NAME_STR,BEGIN_LOCATION,BEGIN_DATE,BEGIN_TIME,EVENT_TYPE,MAGNITUDE,TOR_F_SCALE,DEATHS_DIRECT,INJURIES_DIRECT,DAMAGE_PROPERTY_NUM,DAMAGE_CROPS_NUM,STATE_ABBR,CZ_TIMEZONE,MAGNITUDE_TYPE,EPISODE_ID,CZ_TYPE,CZ_FIPS,WFO,INJURIES_INDIRECT,DEATHS_INDIRECT,SOURCE,FLOOD_CAUSE,TOR_LENGTH,TOR_WIDTH,BEGIN_RANGE,BEGIN_AZIMUTH,END_RANGE,END_AZIMUTH,END_LOCATION,END_DATE,END_TIME,BEGIN_LAT,BEGIN_LON,END_LAT,END_LON,EVENT_NARRATIVE,EPISODE_NARRATIVE,ABSOLUTE_ROWNUMBER
10085,UNION CO.,JONESBORO,03/01/2007,1045,Tornado, ,EF0,0,0,100000,0,IL,CST-6, ,2048,C,181,PAH,0,0,NWS Storm Survey, ,1.8,150,2,WSW,1,NW,JONESBORO,03/01/2007,1047,37.4389,-89.3036,37.4602,-89.2829,"The tornado damage path began along a country road, then continued  northeast over mostly open land for about one-half to three-quarters of a mile. The path then tracked along or nearly parallel to the same road until reaching the intersection of Highway 146. Several witnesses in the area observed a dark funnel bouncing up and down from the storm to the ground. Many trees were either uprooted or topped. One tree that landed on a house caused heavy damage and trapped a resident inside. The resident was freed from the home uninjured. About 15 to 20 homes received light to moderate roof damage. Several articles of debris were lodged from 20 to 50 feet up in the trees. There was some evidence of convergent damage based on how trees were blown down. Given the rapid storm speed of 50 to 60 MPH, all of the damage occurred in about two minutes. Peak winds were estimated near 75 MPH, resulting in a rating of EF (Enhanced Fujita) 0.","A strong dry line or cold front moved rapidly east across the Mid-Mississippi and Lower Ohio Valleys during the midday hours. This feature trailed from a strong low pressure system that tracked from Kansas to Iowa. In advance of the front, numerous showers and thunderstorms developed. A particularly strong storm crossed the Mississippi River just north of Cairo and produced a brief tornado in Union County.",1
15495,MACON CO.,ELWIN,03/01/2007,1247,Tornado, ,EF0,0,1,37000,0,IL,CST-6, ,2954,C,115,ILX,0,0,NWS Storm Survey, ,1,30,1,SW,1,NE,ELWIN,03/01/2007,1248,39.7749,-88.9867,39.7851,-88.9733,"The tornado touched down 1/2 mile southwest of the intersection of Elwin Road and Rt. 51 and ended 1/2 mile to the north northeast.  The tornado caused damage to a house porch and church chimney as well as numerous trees.  A two foot diameter tree fell on three cars causing severe damage.  One minor injury occurred to an 18 year old female when she was blown to the ground.  Maximum wind speed with the tornado was estimated at 80 MPH.","A strong area of low pressure lifted from the central Plains into the western Great Lakes during the day. Thunderstorms fired along a frontal boundary that extended southeast from this system through central Illinois.  These storms produced several reports of severe wind gusts and hail.  A brief tornado touched down near the town of Elwin, causing one injury.",2
18577,LOGAN CO.,ATLANTA,03/28/2007,1405,Tornado, ,EF0,0,0,0,0,IL,CST-6, ,3407,C,107,ILX,0,0,Trained Spotter, ,0.1,10,1,N,1,N,ATLANTA,03/28/2007,1405,40.2845,-89.23,40.2845,-89.23,"A tornado briefly touched down in a field.  No damage was reported.","Scattered thunderstorms developed along a stationary boundary.  Several funnel clouds were reported with the storms along the boundary.  Two landspout tornadoes were also reported.  A nearly stationary thunderstorm that developed over Macon county caused flash flooding.",3
18578,MCLEAN CO.,MC LEAN,03/28/2007,1419,Tornado, ,EF0,0,0,0,0,IL,CST-6, ,3407,C,113,ILX,0,0,Trained Spotter, ,0.1,10,2,SW,2,SW,MC LEAN,03/28/2007,1419,40.2996,-89.1968,40.2996,-89.1968,"A tornado briefly touched down in a field.  No damage was reported.","Scattered thunderstorms developed along a stationary boundary.  Several funnel clouds were reported with the storms along the boundary.  Two landspout tornadoes were also reported.  A nearly stationary thunderstorm that developed over Macon county caused flash flooding.",4
20093,CHRISTIAN CO.,ASSUMPTION,04/25/2007,1340,Tornado, ,EF0,0,0,0,0,IL,CST-6, ,3638,C,21,ILX,0,0,Trained Spotter, ,0.1,10,0,N,0,N,ASSUMPTION,04/25/2007,1340,39.52,-89.05,39.52,-89.05,"The tornado briefly touched down in a field.  No damage or injuries were reported.|","Scattered thunderstorms developed along a nearly stationary boundary across central Illinois.  Numerous funnel clouds were reported as the storms developed along the boundary and one landspout tornado touched down.",5
26652,WILL CO.,PLAINFIELD,04/26/2007,1358,Tornado, ,EF0,0,0,100000,0,IL,CST-6, ,4657,C,197,LOT,0,0,NWS Storm Survey, ,3.2,5,0,N,0,N,BOLINGBROOK,04/26/2007,1409,41.6,-88.2,41.67,-88.13,"A small tornado touched down at Route 126 and Eastern Avenue in Plainfield and continued for 3.2 miles to near Patrick Henry Parkway and Essington Road in Bolingbrook.  The tornado path width was only about 5 yards wide.  The tornado was rated EF0 with winds estimated at 65 to 80 mph.|The first damage was at a nursing home just northeast of downtown Plainfield.  A minivan in the parking lot was flipped on its side and a couple other vehicles were jostled.  There was roof damage to the nursing home where shingles and a couple small sections of roofing were torn off.|The funnel then passed over an older neighborhood with mature trees and ranch homes.  There was no visible damage in this area.  The large trees may have sheltered the neighborhood.  The funnel then moved over an area of lakes with very few homes.|The next signs of damage were in a subdivision just southwest of the corner of Essington Road and 127th Street.  This is a new subdivision with large two story homes and only small trees.  These homes were more exposed.  Here there was minor damage to several homes.  Most of the damage was to shingles and playground equipment.  The tornado continued into another subdivision north of 127th where trampolines and lawn furniture were blown around by the tornado.  The flying debris damaged siding on a few homes.  The tornado damage ended in a subdivision under construction on the east side of Essington Road where a construction trailer was damaged.  The funnel dissipated over Bolingbrook golf club.","A tornado touched down in Plainfield and Bolingbrook.",6
35465,MACOUPIN CO.,GILLESPIE,05/04/2007,1604,Tornado, ,EF0,0,0,0,0,IL,CST-6, ,3601,C,117,LSX,0,0,Amateur Radio, ,0.01,40,5,W,5,W,GILLESPIE,05/04/2007,1606,39.13,-89.9232,39.13,-89.9232,"A weak tornado formed in a field west of Gillespie. There was no damage.","A strong low pressure system that caused rain across the area the previous 3 days finally lifted northeast. As it did, scattered thunderstorms developed, a few of which formed weak tornadoes. These cold-air type tornadoes lasted for only a few minutes and produced no damage. However, they were seen by many people and one was filmed by a local television station traffic helicopter.",7
35467,MADISON CO.,WOOD RIVER,05/04/2007,1650,Tornado, ,EF0,0,0,0,0,IL,CST-6, ,3601,C,119,LSX,0,0,Amateur Radio, ,0.02,40,3,E,3,E,WOOD RIVER,05/04/2007,1654,38.85,-90.0243,38.85,-90.0243,"A weak tornado formed in an open area east of Wood River. The tornado lasted for several minutes but moved very little. A local television traffic helicopter filmed the tornado for several minutes.","A strong low pressure system that caused rain across the area the previous 3 days finally lifted northeast. As it did, scattered thunderstorms developed, a few of which formed weak tornadoes. These cold-air type tornadoes lasted for only a few minutes and produced no damage. However, they were seen by many people and one was filmed by a local television station traffic helicopter.",8
35466,MACOUPIN CO.,SHIPMAN,05/04/2007,1705,Tornado, ,EF0,0,0,0,0,IL,CST-6, ,3601,C,117,LSX,0,0,Trained Spotter, ,0.01,40,2,NE,2,NE,SHIPMAN,05/04/2007,1706,39.1404,-90.0236,39.1404,-90.0236,"A weak tornado formed in a field northeast of Shipman. There was no damage.","A strong low pressure system that caused rain across the area the previous 3 days finally lifted northeast. As it did, scattered thunderstorms developed, a few of which formed weak tornadoes. These cold-air type tornadoes lasted for only a few minutes and produced no damage. However, they were seen by many people and one was filmed by a local television station traffic helicopter.",9
34648,COOK CO.,SCHAUMBURG,05/16/2007,1652,Tornado, ,EF0,0,0,50000,0,IL,CST-6, ,5940,C,31,LOT,0,0,NWS Storm Survey, ,0.5,15,0,N,0,N,SCHAUMBURG,05/16/2007,1653,42.03,-88.08,42.03,-88.08,"Based on eyewitness accounts, a condensation funnel may not have been visible, but damage to roofs of three buildings in an industrial park along Wise Road just west of Mitchell Boulevard show signs of uplift but minimal winds.  Only a couple of tree limbs were knocked down in the area.  An eyewitness observed roofing material and insulation lifted into the air and swirling rapidly.  Witnesses also observed rotation in a low hanging cloud base.","Strong thunderstorms formed over Streamwood and Hanover Park during the late afternoon hours of May 16th.",10
25901,CLARK CO.,CASEY,05/25/2007,1353,Tornado, ,EF0,0,0,0,0,IL,CST-6, ,4547,C,23,ILX,0,0,Trained Spotter, ,2.5,30,5,N,5,NW,MARTINSVILLE,05/25/2007,1403,39.3723,-87.98,39.3811,-87.9461,"The tornado touched down and remained in open fields.  No damage or injuries were reported.|","Thunderstorms fired along a nearly stationary frontal boundary during peak afternoon heating.  One of these storms produced a tornado.",11
41665,JO DAVIESS CO.,BLANDING,06/01/2007,1338,Tornado, ,EF0,0,0,0,0,IL,CST-6, ,7234,C,85,DVN,0,0,NWS Storm Survey, ,0.01,350,2,SW,2,SW,BLANDING,06/01/2007,1338,42.252,-90.404,42.252,-90.404,"A tornado moved across the Mississippi River from just south of Lock and Dam 12 near Bellevue, IA and quickly lifted.  Some trees were damaged along the banks of the river.","A line of thunderstorms pivoted northeast into parts of southeast Iowa during the mid-morning hours of June 1st. Much of the area was just breaking out of a blanket of dense fog where visibilities dropped to less than a quarter mile. Dew point temperatures were in the middle 60s to around 70 degrees.||The line of storms appeared to become more broken through the late morning hours, while the area from Iowa City to Waterloo appeared to stratify out into a large area of showers. Just before 12:00 pm CDT, rapid intensification of storm cells on the southeast end of the original line occurred as it moved into northern portions of Louisa County.||A tornado touched down just south of Grandview, IA and moved northeast through Fruitland, IA and on to the southwest parts of Muscatine, IA. The tornado then lifted and as the storm cell continued to move northeast across Muscatine County. The super-cell re-intensified as it entered the southeast part of Cedar County just before 1 pm producing a brief tornado near Wilton, IA. The storm then moved across northwest parts of Scott County and Clinton County producing damaging wind gusts and large hail. The super-cell continued northeast into Jackson County producing a tornado near Bellevue around 2:30 pm, which moved across the Mississippi River into Jo Daviess County before lifting. The storm produced yet another tornado just south of Scales Mound, IL around 3:15 pm before moving into southwest Wisconsin and dissipating.||During the early afternoon hours, additional storms strengthened on the south end of the original line of storms, which went on to produce wind damage and large hail as they moved through northwest Illinois through the late afternoon hours.",12
41667,JO DAVIESS CO.,SCALES MOUND,06/01/2007,1415,Tornado, ,EF0,0,0,0,0,IL,CST-6, ,7234,C,85,DVN,0,0,Law Enforcement, ,0.5,10,2,S,2,S,SCALES MOUND,06/01/2007,1415,42.4499,-90.25,42.4499,-90.25,"A tornado briefly touched down about 2 miles south of Scales Mound, IL.  Some trees were damaged.","A line of thunderstorms pivoted northeast into parts of southeast Iowa during the mid-morning hours of June 1st. Much of the area was just breaking out of a blanket of dense fog where visibilities dropped to less than a quarter mile. Dew point temperatures were in the middle 60s to around 70 degrees.||The line of storms appeared to become more broken through the late morning hours, while the area from Iowa City to Waterloo appeared to stratify out into a large area of showers. Just before 12:00 pm CDT, rapid intensification of storm cells on the southeast end of the original line occurred as it moved into northern portions of Louisa County.||A tornado touched down just south of Grandview, IA and moved northeast through Fruitland, IA and on to the southwest parts of Muscatine, IA. The tornado then lifted and as the storm cell continued to move northeast across Muscatine County. The super-cell re-intensified as it entered the southeast part of Cedar County just before 1 pm producing a brief tornado near Wilton, IA. The storm then moved across northwest parts of Scott County and Clinton County producing damaging wind gusts and large hail. The super-cell continued northeast into Jackson County producing a tornado near Bellevue around 2:30 pm, which moved across the Mississippi River into Jo Daviess County before lifting. The storm produced yet another tornado just south of Scales Mound, IL around 3:15 pm before moving into southwest Wisconsin and dissipating.||During the early afternoon hours, additional storms strengthened on the south end of the original line of storms, which went on to produce wind damage and large hail as they moved through northwest Illinois through the late afternoon hours.",13
45500,HANCOCK CO.,WARSAW,06/02/2007,1945,Tornado, ,EF0,0,0,5000,0,IL,CST-6, ,7915,C,67,DVN,0,0,Emergency Manager, ,0.1,25,2,SSW,2,SSW,WARSAW,06/02/2007,1945,40.3233,-91.4445,40.3233,-91.4445,"A tornado touched down briefly around 8:45 pm at the farm residence located at 875 N County Road 300E just southwest of Warsaw, IL.  The roof of a cattle barn, a corn storage silo, irrigation equipment, some trees, and the roof, siding and a window of the residence were all damaged.","Showers and thunderstorms moved east northeast across eastern Iowa, northeast Missouri, and west central Illinois during the mid evening hours of June 2nd.  One storm cell produced a brief tornado around 8:45 pm about  2 miles south southwest of Warsaw, IL.  The roof of a cattle barn, a corn storage silo, irrigation equipment, some trees, and the roof, siding and a window of the residence were all damaged.",14
38976,KANKAKEE CO.,HERSCHER,06/03/2007,1147,Tornado, ,EF0,0,0,0,0,IL,CST-6, ,6732,C,91,LOT,0,0,Law Enforcement, ,0.4,10,0,N,0,N,HERSCHER,06/03/2007,1148,41.05,-88.1,41.05,-88.1,"A brief tornado touched down near Herscher.  No damage was reported.","A brief tornado touched down near Herscher.  No damage was reported.",15
54759,WILL CO.,BOLINGBROOK,08/05/2007,1713,Tornado, ,EF0,0,0,40000,0,IL,CST-6, ,9797,C,197,LOT,0,0,NWS Storm Survey, ,0.35,50,0,N,0,N,BOLINGBROOK,08/05/2007,1714,41.67,-88.13,41.67,-88.13,"A tornado touched down in the southwest corner of Bolingbrook.  A construction trailer was flipped over and shingles were blown off a barn about a quarter mile north of the intersection of 127th and Essington Road.  There was structural damage to a townhouse about 600 feet northeast of the barn.  Other damage included portable toliets turned over, large branches blown down from a willow tree and small trees were uprooted.","A severe storm produced a brief tornado during the evening hours of Sunday, August 5th, 2007.",16
55252,DU PAGE CO.,WINFIELD,08/23/2007,1408,Tornado, ,EF1,0,0,15000,0,IL,CST-6, ,9843,C,43,LOT,0,0,NWS Storm Survey, ,2.67,500,0,N,0,N,WINFIELD,08/23/2007,1410,41.87,-88.17,41.87,-88.17,"A tornado touched down near Prince Crossing Road south of Geneva Road in Winfield.  The tornado had a path length of 2.67 miles and a path width of 300 to 500 yards.  The tornado lifted just west of Gary Avenue south of Geneva Road.  The main damage from the tornado included several large uprooted hardwood trees.  Shingles and power lines were also blown down.","Powerful and damaging thunderstorms moved across northern Illinois producing widespread wind damage.  The most intense wind damage occurred along a path which began in far western Dupage County near the intersection of Roosevelt Road and Washington Street in West Chicago and continued east through the northern portions Lombard and Glen Ellyn, into Northlake, then across the north side of Chicago to the Lake Michigan Shore near Montrose Harbor.  Wind damage along this path was consistent with winds 60 to 80 mph.  Smaller pockets of more intense damage with winds of 80 to 100 mph were noted in the Wrigleyville area.  The City of Chicago reported over 6,400 tree emergencies, over 200 damaged light poles, and over 350 downed power lines.  A 40 inch diameter tree was blown down on West Waveland Street in Chicago.  ComEd reported that a total of 615,000 customers lost power during the storms.",17
60191,JERSEY CO.,JERSEYVILLE,09/06/2007,1315,Tornado, ,EF0,0,0,0,0,IL,CST-6, ,10885,C,83,LSX,0,0,NWS Storm Survey, ,0.9,50,5,ESE,6,ESE,JERSEYVILLE,09/06/2007,1318,39.0907,-90.2288,39.0857,-90.2133,"A tornado touched down near the intersection of Woodlawn Park Drive and Lakeview Drive in the Crystal Lake Subdivision.  Numerous trees and tree limbs were blown down in the subdivision.  Also, one home sustained minor soffit and siding damage.  The tornado continued to the northeast, blowing down additional tree limbs and a couple of acres of corn on the south side of Sunderland Road as well as tree limbs on the north side of the road before lifting and dissipating.","Scattered showers and thunderstorms developed over the region ahead of an upper level system.",18
56535,SANGAMON CO.,WILLIAMSVILLE,09/06/2007,1728,Tornado, ,EF0,0,0,0,0,IL,CST-6, ,10169,C,167,ILX,0,0,Public, ,0.1,10,1,W,1,W,WILLIAMSVILLE,09/06/2007,1728,39.95,-89.5689,39.95,-89.5689,"A tornado briefly touched down in a field.  No damage or injuries were reported.","Isolated thunderstorms developed during the afternoon hours.  One thunderstorm produced a brief tornado near Williamsville.  No damage or injuries were reported.",19
60195,PIKE CO.,BAYLIS,09/30/2007,2005,Tornado, ,EF0,0,0,0,0,IL,CST-6, ,10888,C,149,LSX,0,0,Newspaper, ,0.1,30,0,N,0,N,BAYLIS,09/30/2007,2005,39.73,-90.92,39.73,-90.92,"A tornado briefly touched down on a farm on the south side of town. It destroyed a barn before lifting and dissipating.  Some of the debris from the barn was found a mile away.","A strong cold front moved through the region, triggering strong to severe thunderstorms during the evening hours.",20
60196,PIKE CO.,PERRY,09/30/2007,2015,Tornado, ,EF0,0,2,0,0,IL,CST-6, ,10888,C,149,LSX,0,0,NWS Storm Survey, ,2,40,2,WSW,0,ESE,PERRY,09/30/2007,2016,39.7706,-90.7795,39.7778,-90.7431,"A tornado touched down 1.7 miles west southwest of Perry off of Township Road 3225E.  It travelled to the east northeast with intermittent touchdowns occurring until the tornado reached the southern portion of Perry.  On the south side of Perry, a vacant mobile home had its roof and northwest corner ripped off. Another mobile home had a tree land on it causing extensive damage and two children in the home sustained minor cuts and bruises.  Also, 3 homes sustained window and shingle damage, a barn lost part of its roof, and numerous trees and tree limbs were blown down.  Two vehicles sustained damage from fallen tree limbs. The tornado then lifted and dissipated.","A strong cold front moved through the region, triggering strong to severe thunderstorms during the evening hours.",21
63904,ADAMS CO.,NORTH QUINCY,10/02/2007,1655,Tornado, ,EF0,0,0,0,0,IL,CST-6, ,11595,C,1,LSX,0,0,NWS Storm Survey, ,0.04,40,1,N,1,N,NORTH QUINCY,10/02/2007,1656,39.7879,-91.3211,39.7882,-91.3205,"A tornado briefly touched down in a field just northeast of the intersection of CR 1000E and CR 200N.  The corn field was totally flattened.","A strong cold front moved through the region, triggering showers and thunderstorms.  Several low-topped supercells produced 8 tornadoes and straight line wind damage from central and northeast Missouri to west central Illinois during the evening of October 2nd.",22
63898,EDWARDS CO.,WEST SALEM,10/18/2007,1815,Tornado, ,EF0,0,0,0,0,IL,CST-6, ,10711,C,47,PAH,0,0,Trained Spotter, ,0.1,20,2,NE,2,NE,WEST SALEM,10/18/2007,1816,38.5405,-87.9938,38.5415,-87.9925,"A funnel cloud was observed for a 20 to 30 minute period by numerous law enforcement personnel and at least one trained spotter. The trained spotter reported an apparent brief touchdown. The event was witnessed mostly from nearby Wabash County at a distance of about 3 to 10 miles. No damage was located, possibly due to the sparsely populated farmland over which it occurred. Due to their distance from the funnel, eyewitnesses were not certain of the exact duration of the touchdown. This funnel cloud and tornado was produced by the same long-lived supercell that crossed the Rend Lake area of southern Jefferson and northern Franklin County.","The second severe weather outbreak of the day occurred as a cold front swept east across the Mississippi Valley. Scattered thunderstorms developed along and ahead of the front late in the afternoon. The storms organized into supercells and short lines during the evening.",23
73813,BOONE CO.,POPLAR GROVE,01/07/2008,1530,Tornado, ,EF3,0,4,2000000,0,IL,CST-6, ,13277,C,7,LOT,0,0,NWS Storm Survey, ,6.9,100,1,N,3,NE,CAPRON,01/07/2008,1539,42.3874,-88.83,42.4307,-88.7084,"A tornado touched down at 330 pm CST about 1.2 miles north of Popular Grove in Boone County and ended at 348 pm about 3.2 miles north northeast of Harvard in McHenry County.  The tornado crossed the Boone McHenry County line near Hunter Road, about 3 miles northeast of Capron.||The first signs of damage were at Quail Trap Road just east of Popular Grove Road where trees were damaged and sections of roofing were removed from a shed.  The tornado intensified to EF2 intensity at Edwards Apple Orchard on Centerville Road.  A large barn was destroyed and other buildings were severely damaged.  Large trees were snapped or uprooted.  The tornado reached its maximum intensity of EF3 at the northeast corner of Centerville Road and Beaverton Road.  A two story farm house and garage were leveled and large trees were stripped of all branches.  The tornado was about 100 yards wide through this area.||The tornado continued east northeast across Stimes Road and eventually crossed the Boone McHenry County line near Hunter Road.  Most of the damage through this part of the tornado path was EF1, though it weakened to EF0 near the county line.  There was damage to trees, power lines, barns and sheds.  A few farm houses had shingles or small sections of roof damaged.  Four injuries were reported.","Severe thunderstorms developed ahead of a strong cold front across northern Illinois during the afternoon hours of January 7th.  The storms moved southeast across east central Illinois during the early to mid evening hours.",24
73941,MCHENRY CO.,CHEMUNG,01/07/2008,1539,Tornado, ,EF3,0,1,2000000,0,IL,CST-6, ,13277,C,111,LOT,0,0,NWS Storm Survey, ,6.3,100,2,WNW,3,NNE,HARVARD,01/07/2008,1548,42.4316,-88.708,42.4628,-88.596,"A tornado touched down at 330 pm CST about 1.2 miles north of Popular Grove in Boone County and ended at 348 pm about 3.2 miles north northeast of Harvard in McHenry County.  The tornado crossed the Boone McHenry County line near Hunter Road, about 2.1 miles west northwest of Chemung.||The tornado crossed Hunter Road into McHenry County and continued to track northeast across Ryan Road as an EF0 and caused mainly minor tree damage.  It crossed White Oaks Road then it uprooted a hardwood tree and snapped off pine trees at their base along Maxon Road.  This damage continued to be EF0 damage with winds estimated to 80 mph.  The tornado intensified as it moved toward the town of Lawrence, where it produced the worst damage in McHenry County.  Significant damage occurred in the town of Lawrence, particularly at a house that had more than half of its roof ripped off and garage blown down.||The tornado then moved across the Chicago and Northwestern Railroad where it blew 12 railroad freight cars of the track.  The train was moving at the time the tornado hit it, so as the main engine stopped, the remaining cars on the track continued along it and slammed into the front part of the train.  This caused a few more cars to derail, including one containing hazardous materials that caused the evacuation of the town of Lawrence.  The damage in Lawrence was rated as EF2 with winds up to 110 mph.||As the tornado moved east of Lawrence it once again started to weaken with some tree damage and shingles off of a few houses on the northeast side of town.  It then ran along Oak Grove Road for a stretch where it produced EF1 damage with a hardwood tree snapped at its base and knocked over an old, weakly structured barn.  The tornado headed across farm fields and headed for Highway 14 where it damaged a metal barn and sheared a few trees.  As it crossed Highway 14, it flipped a semi-trailer and injured the driver at a truck stop weigh station.  It continued across Oak Grove Road where it lifted.  The maximum width of the tornado in McHenry County was around 50 yards.","Severe thunderstorms developed ahead of a strong cold front across northern Illinois during the afternoon hours of January 7th.  The storms moved southeast across east central Illinois during the early to mid evening hours.",25
78898,TAZEWELL CO.,MACKINAW,01/07/2008,1722,Tornado, ,EF1,0,0,30000,0,IL,CST-6, ,13355,C,179,ILX,0,0,Emergency Manager, ,3,100,2,S,4,SE,MACKINAW,01/07/2008,1725,40.5011,-89.35,40.4942,-89.3029,"A tornado touched down for a few minutes near Mackinaw and moved through a farmstead.  The tornado destroyed a pole barn and damaged a house and a few other outbuildings.  In addition, a chain link fence and a few tree limbs were blown down.","Showers and thunderstorms developed across central Illinois during the afternoon hours of January 7th.  The airmass across the region was unseasonably warm and humid, and contributed to several of the thunderstorms becoming severe with one tornado, damaging wind gusts, large hail, and heavy rainfall.",26
79616,PIKE CO.,PLEASANT HILL,01/07/2008,2040,Tornado, ,EF0,0,0,0,0,IL,CST-6, ,13936,C,149,LSX,0,0,NWS Storm Survey, ,2.35,40,2,SE,1,WSW,NEBO,01/07/2008,2043,39.4289,-90.8439,39.442,-90.8031,"A tornado touched down 2 miles southeast of Pleasant Hill...then travelled to the northeast.  It caused sporadic tree damage before lifting and dissipating about a quarter of a mile west of Nebo.","A strong cold front slid across the region...triggering numerous thunderstorms...so of which became severe.",27
70115,UNION CO.,WOLF LAKE,01/29/2008,1612,Tornado, ,EF1,0,0,10000,0,IL,CST-6, ,12734,C,181,PAH,0,0,NWS Storm Survey, ,1.65,100,3,SSW,2,WNW,WARE,01/29/2008,1613,37.46,-89.46,37.46,-89.43,"The tornado crossed the Mississippi River from Cape Girardeau County, Missouri. During its short path in Union County, a large grain bin was blown onto a road. Numerous shingles were blown off a farm house. A couple of trees were uprooted. The average path width was 50 yards. Peak winds were estimated near 95 mph.","A powerful cold front moved rapidly southeast across southern Illinois during the late afternoon hours. An organized line of severe thunderstorms developed along the front as it approached southern Illinois. Widespread damaging winds accompanied the line of storms. Temperatures fell about 30 degrees in less than one hour when the very strong cold front passed through.",28
81042,MARION CO.,SEDAN,02/05/2008,1812,Tornado, ,EF0,0,0,0,0,IL,CST-6, ,14312,C,121,LSX,0,0,NWS Storm Survey, ,0.11,40,3,W,2,WNW,SEDAN,02/05/2008,1813,38.5067,-88.9962,38.507,-88.9942,"A second tornado briefly touched down at the same time about a mile south of Illinois Route 161 on Medlin Road.  A machine shed sustained major damage with the north, west and south faces of the shed buckled and collapsed.  An attached awning was completely upturned and thrown to the southeast.  Also, the entire roof was lifted and thrown 100 yards to the southeast.","A strong cold front moved through the region, triggering showers and thunderstorms.  Some of the storms were severe with large hail, damaging winds and flash flooding.  There were also two brief tornado touchdowns in Marion county Illinois.",29
81038,MARION CO.,SEDAN,02/05/2008,1812,Tornado, ,EF0,0,0,0,0,IL,CST-6, ,14312,C,121,LSX,0,0,NWS Storm Survey, ,0.22,30,3,WNW,3,WNW,SEDAN,02/05/2008,1813,38.5115,-88.9977,38.5125,-88.9937,"A tornado briefly touched down along Medlin Road half a mile south of Illinois Route 161.  It caused moderate damage to a machine shed with significant pieces of roof strewn up to a quarter of a mile southeast of the shed.  An adjacent abandoned house had two uprooted trees laid to the east across its roof.  No other damage was found.","A strong cold front moved through the region, triggering showers and thunderstorms.  Some of the storms were severe with large hail, damaging winds and flash flooding.  There were also two brief tornado touchdowns in Marion county Illinois.",30
88887,MONROE CO.,HARRISONVILLE,03/31/2008,1545,Tornado, ,EF0,0,0,0,0,IL,CST-6, ,15496,C,133,LSX,0,0,NWS Storm Survey, ,1.78,30,4,S,2,WNW,CHALFIN BRIDGE,03/31/2008,1547,38.2273,-90.3452,38.2277,-90.3124,"A weak tornado initially touched down a quarter of a mile northwest of the intersection of Levee Road and Berger Road in the flood plain.  Three witnesses saw the tornado move east across an open field.  The tornado did damage a garage about a quarter of a mile northwest of the intersection of Berger Road and B Road.  Some large tree limbs were also down at this location.  About a quarter mile east of the garage, a barn sustained minor damage before the tornado lifted and dissipated.","A strong cold front moved through the area during the afternoon and evening hours on March 31st. Damaging winds, an isolated tornado and flash flooding occurred.",31
95857,ADAMS CO.,URSA,04/10/2008,1655,Tornado, ,EF0,0,0,0,0,IL,CST-6, ,16611,C,1,LSX,0,0,NWS Storm Survey, ,9.13,50,6,W,0,N,LIMA,04/10/2008,1702,40.07,-91.4759,40.18,-91.38,"A tornado touched down in a wooded area just south of the Mark Twain National Wildlife Refuge, west of Ursa.  A few limbs and trees were blown down in this location.  As it moved to the north northeast it skipped along the path damaging a few trees from time to time before finally lifting and dissipating near Lima. Several power lines were blown down on Highway 96 and a few homes sustained minor damage from the tornado in Lima.","A storm system moved through the region during the day and into the evening hours of April 10th. Numerous reports of flash flooding, hail, wind damage and one tornado were reported with this system.",32
97720,HANCOCK CO.,SUTTER,04/10/2008,1730,Tornado, ,EF1,0,0,100000,0,IL,CST-6, ,16930,C,67,DVN,0,0,NWS Storm Survey, ,1.6,150,1,E,3,ENE,SUTTER,04/10/2008,1732,40.279,-91.306,40.2952,-91.2842,"An EF1 tornado moved northeast from 1.3 miles east of Sutter to 2.6 miles east northeast of Sutter.  A garage, barns, and sheds were destroyed.  Another barn was blown off its foundation, and a church roof, hog confinement, some homes, outbuildings, and several trees were damaged.  Time estimated.","Heavy rain-producing thunderstorms moved across Northeast Missouri, Eastern Iowa, and west central & northwest Illinois during the late afternoon and evening hours of April 10th. Some of the storms produced tornadoes ranging in intensity from EF0 to EF1.",33
97721,HANCOCK CO.,BASCO,04/10/2008,1733,Tornado, ,EF0,0,0,20000,0,IL,CST-6, ,16930,C,67,DVN,0,0,NWS Storm Survey, ,0.2,50,4,W,4,W,BASCO,04/10/2008,1734,40.33,-91.28,40.3321,-91.2775,"An EF0 tornado moved to the northeast beginning just east of Elderville.  A roof to a house and a tree were damaged.  Time estimated.","Heavy rain-producing thunderstorms moved across Northeast Missouri, Eastern Iowa, and west central & northwest Illinois during the late afternoon and evening hours of April 10th. Some of the storms produced tornadoes ranging in intensity from EF0 to EF1.",34
97723,HANCOCK CO.,ELVASTON,04/10/2008,1735,Tornado, ,EF0,0,0,30000,0,IL,CST-6, ,16930,C,67,DVN,0,0,NWS Storm Survey, ,0.75,75,1,ESE,1,ENE,ELVASTON,04/10/2008,1736,40.395,-91.236,40.4035,-91.227,"An EF0 tornado briefly touched down just northeast of Elvaston.  One residence sustained roof and tree damage, as well as damage to a garage door.  Time estimated.","Heavy rain-producing thunderstorms moved across Northeast Missouri, Eastern Iowa, and west central & northwest Illinois during the late afternoon and evening hours of April 10th. Some of the storms produced tornadoes ranging in intensity from EF0 to EF1.",35
92784,JACKSON CO.,MURPHYSBORO,05/25/2008,1735,Tornado, ,EF0,0,0,0,0,IL,CST-6, ,16115,C,77,PAH,0,0,NWS Storm Survey, ,0.21,20,5,NNW,2,WSW,FINNEY,05/25/2008,1736,37.8369,-89.3651,37.8361,-89.3613,"A weak tornado briefly touched down in a roadless area. No damage to trees could be located. The tornado touchdown was witnessed by two spotters and a deputy sheriff from about four to five miles away.","Most of the severe weather reports accompanied a supercell thunderstorm that formed along a warm front and tracked southeast across the Murphysboro and Carbondale areas. The supercell contained a rotating wall cloud that was captured on a television webcam in Carbondale for over an hour. A swath of large hail and strong winds accompanied the supercell from southwest Perry County across Jackson County.",36
104964,RICHLAND CO.,OLNEY,05/27/2008,1140,Tornado, ,EF0,0,0,0,0,IL,CST-6, ,18031,C,159,ILX,0,0,Law Enforcement, ,0.1,10,5,SSE,5,SSE,OLNEY,05/27/2008,1140,38.6631,-88.0445,38.6631,-88.0445,"A landspout tornado briefly touched down in a field.  No damage was reported.","A landspout tornado developed over Richland County, 5 miles south southeast of Olney. The tornado briefly touched down in a field. No damage was reported.  In addition, heavy rains caused flash flooding southeast of Olney.",37
104838,PIKE CO.,NEW SALEM,05/30/2008,1525,Tornado, ,EF1,0,0,5000,0,IL,CST-6, ,17712,C,149,LSX,0,0,NWS Storm Survey, ,1.42,50,2,S,2,SE,NEW SALEM,05/30/2008,1527,39.6783,-90.85,39.6795,-90.8234,"This tornado formed about 1 mile north of I-72 near mile marker 31. The tornado initially damaged trees, then moved east and destroyed a machine shed about 1/2 mile north of County Roads 1900N and 2800E. Debris from the machine shed was thrown over 1/2 mile to the east and northeast.","Late afternoon and evening severe thunderstorms triggered by a northward moving warm front produced hail, wind damage, a couple of small tornadoes, and localized flash flooding across West Central and Southwest Illinois.",38
104846,PIKE CO.,PITTSFIELD,05/30/2008,1715,Tornado, ,EF0,0,0,0,0,IL,CST-6, ,17712,C,149,LSX,0,0,NWS Storm Survey, ,3.91,40,5,ESE,2,SSE,DETROIT,05/30/2008,1720,39.5723,-90.7333,39.5999,-90.6692,"The tornado hit a rural area near Pittsfield and Detroit and only caused tree damage along its path.","Late afternoon and evening severe thunderstorms triggered by a northward moving warm front produced hail, wind damage, a couple of small tornadoes, and localized flash flooding across West Central and Southwest Illinois.",39
107015,MORGAN CO.,WAVERLY,05/30/2008,1817,Tornado, ,EF1,0,0,129000,0,IL,CST-6, ,18260,C,137,ILX,0,0,NWS Storm Survey, ,3.9,100,3,W,2,SE,WAVERLY,05/30/2008,1823,39.5783,-90.0014,39.5671,-89.9273,"The tornado touched down in an open field 3 miles west-southwest of Waverly at 7:17 pm CDT.  During the early part of the tornado track, the storm snapped trees along a 1.5 mile path, before producing minor damage to the roofs of a house and garage.  The tornado then increased in width and intensity around 7:20 pm.  It damaged two houses and a pole barn, and destroyed a garage, shed, pole barn, and two grain bins.  The tornado crossed Illinois route 111 about a mile south of Waverly, and continued southeast across 1.5 miles of open farm land, before crossing into Sangamon County around 7:23 pm.","Severe thunderstorms developed ahead of a strong cold front during the afternoon hours of the 30th.  These storms produced damaging wind gusts and large hail, as well as few tornadoes.  The heavy rains produced by many of the storms produced flooding in some areas.",40
107016,SANGAMON CO.,LOWDER,05/30/2008,1823,Tornado, ,EF1,0,0,63000,0,IL,CST-6, ,18260,C,167,ILX,0,0,NWS Storm Survey, ,0.88,100,4,WNW,3,WNW,LOWDER,05/30/2008,1825,39.5671,-89.9273,39.5621,-89.8987,"The tornado crossed into Sangamon County from Morgan County.  The tornado damaged a pole barn, house and several trees, and destroyed a garage and another pole barn, and snapped several trees and power poles.  The tornado traveled for another mile across open farmland before dissipating 8 miles west-southwest of Auburn around 7:25 pm.","Severe thunderstorms developed ahead of a strong cold front during the afternoon hours of the 30th.  These storms produced damaging wind gusts and large hail, as well as few tornadoes.  The heavy rains produced by many of the storms produced flooding in some areas.",41
107017,CHRISTIAN CO.,TAYLORVILLE,05/30/2008,1920,Tornado, ,EF0,0,0,0,0,IL,CST-6, ,18260,C,21,ILX,0,0,Emergency Manager, ,0.01,10,1,S,1,S,TAYLORVILLE,05/30/2008,1920,39.5355,-89.3,39.5355,-89.3,"A tornado briefly touched down in a field. No damage was reported.","Severe thunderstorms developed ahead of a strong cold front during the afternoon hours of the 30th.  These storms produced damaging wind gusts and large hail, as well as few tornadoes.  The heavy rains produced by many of the storms produced flooding in some areas.",42
107018,SHELBY CO.,WESTERVELT,05/30/2008,1933,Tornado, ,EF0,0,0,0,0,IL,CST-6, ,18260,C,173,ILX,0,0,Emergency Manager, ,1.14,30,1,NNE,2,NE,WESTERVELT,05/30/2008,1934,39.4934,-88.8628,39.5005,-88.8435,"A tornado briefly touched down in rural Shelby County. No damage was reported.","Severe thunderstorms developed ahead of a strong cold front during the afternoon hours of the 30th.  These storms produced damaging wind gusts and large hail, as well as few tornadoes.  The heavy rains produced by many of the storms produced flooding in some areas.",43
123765,MARION CO.,KINMUNDY,06/03/2008,654,Tornado, ,EF0,0,0,0,0,IL,CST-6, ,19396,C,121,LSX,0,0,NWS Storm Survey, ,0.06,50,4,WNW,4,WNW,KINMUNDY,06/03/2008,655,38.7927,-88.91,38.7931,-88.909,"A tornado briefly touched down in a farm destroying a machine shed and flipped over an unoccupied and unanchored mobile home.  Also, the farm house sustained minor roof damage and several trees were blown over.","A warm front lifted northward across the forecast area...triggering several rounds of thunderstorms during the evening hours of June 2nd into the morning hours of June 3rd.",44
113257,SCOTT CO.,ALSEY,06/03/2008,1932,Tornado, ,EF0,0,0,0,0,IL,CST-6, ,19197,C,171,ILX,0,0,Emergency Manager, ,6.7,75,1,E,5,NNE,MANCHESTER,06/03/2008,1952,39.55,-90.4112,39.5929,-90.2962,"A tornado touched down just east of the town of Alsey, then tracked east-northeast across a rural area.  No damage was reported.","Strong to severe thunderstorms developed across central Illinois during the evening of June 3rd.  The worst of the storms were centered along the I-72 corridor from near Winchester northeastward to Champaign-Urbana, where numerous reports of hail and gusty winds were received.  These storms also produced very heavy rainfall in some locations and produced flooding.  In addition, a tornado touched down in Scott County near Alsey.",45
120606,RANDOLPH CO.,PRAIRIE,06/04/2008,230,Tornado, ,EF0,0,0,0,0,IL,CST-6, ,19399,C,157,LSX,0,0,NWS Storm Survey, ,0.6,50,1,NE,1,ENE,PRAIRIE,06/04/2008,231,38.1878,-89.9431,38.1878,-89.932,"A tornado touched down just south of Illinois Route 154 on South Prairie Road and travelled to the east. It blew down several trees along its path.  When it reached Elm Shade Road, it caused minor damage to a couple of machine sheds and shifted a garage on its foundation before lifting and dissipating. Debris from the machine sheds was thrown approximately 300 to 400 yards to the east northeast into an open field.","Several boundaries from previous activity remained over the region with very unstable conditions.  This helped to trigger another round of severe thunderstorms and heavy rainfall.",46
120615,RANDOLPH CO.,TILDEN,06/04/2008,248,Tornado, ,EF0,0,0,0,0,IL,CST-6, ,19399,C,157,LSX,0,0,NWS Storm Survey, ,1.47,50,1,WSW,1,ESE,TILDEN,06/04/2008,250,38.212,-89.6969,38.2157,-89.6702,"A tornado initially touched down just southeast of the intersection of Illinois Routes 4 and 13.  The tornado travelled to the east along and south of Route 13.  One large tree on a farmstead was snapped near the base of the tree.  The tornado moved into the west side of Tilden where several large tree limbs were blown down.  A large tree limb crashed through the backside of a machine shed just east of Duck Lane.  The tornado then tracked just to the north of Route 13 and damaged the roofs of three homes and one building.  Also, two garages had large trees fall on them and a small shed was damaged.  Debris from the building and shed were tossed approximately 50 to 100 yards to the east and northeast.  Additional trees and tree limbs were blown down in this area.  As it continued to the east, the tornado only caused minor damage til it reached the east side of town.  Northwest of the intersection of Route 9 and Prest Road a small machine shed was destroyed.  The tornado then lifted and dissipated.","Several boundaries from previous activity remained over the region with very unstable conditions.  This helped to trigger another round of severe thunderstorms and heavy rainfall.",47
122122,RANDOLPH CO.,TILDEN,06/04/2008,249,Tornado, ,EF0,0,0,0,0,IL,CST-6, ,19399,C,157,LSX,0,0,NWS Storm Survey, ,0.7,25,1,SSW,1,SE,TILDEN,06/04/2008,250,38.2109,-89.684,38.2106,-89.671,"Another tornado formed south of the Tilden tornado...south of Route 13 along Walnut Street.  One large tree fell onto a garage causing major damage.  A nearby home sustained minor roof damage.  Several other trees were damaged along and east of Walnut Street in an open field.  As it travelled to the east it damaged more trees in a cemetery just north of Route 13 before lifting and dissipating.","Several boundaries from previous activity remained over the region with very unstable conditions.  This helped to trigger another round of severe thunderstorms and heavy rainfall.",48
111435,LIVINGSTON CO.,FLANAGAN,06/04/2008,1845,Tornado, ,EF1,0,0,40000,0,IL,CST-6, ,17213,C,105,LOT,0,0,Emergency Manager, ,3.42,200,7,SSW,4,S,FLANAGAN,06/04/2008,1850,40.7791,-88.8998,40.8106,-88.8494,"A tornado touched down in Waldo Township, south of 1100 North, between 100 East and 200 East.  A house suffered roof damage near this location.  A small agriculture building was blown around a larger agricultural machine shed and destroyed.  The larger machine shed suffered some roof damage.  Trees and a child's play set were also damaged.  Tree damage was reported south of 1200 North between 300 East and 400 East.  Some small agricultural buildings were destroyed south of 1300 North, just east of 400 East.","Severe thunderstorms developed over central Illinois during the evening hours of June 4th and moved northeast across eastern Illinois during the early morning hours of June 5th.  Some of the evening thunderstorms produced wall clouds and funnel clouds but only one tornado was confirmed.",49
114050,TAZEWELL CO.,MACKINAW,06/04/2008,1918,Tornado, ,EF0,0,0,0,0,IL,CST-6, ,19343,C,179,ILX,0,0,Trained Spotter, ,1.5,30,3,NE,3,NNW,LILLY,06/04/2008,1923,40.5612,-89.3218,40.575,-89.2999,"A tornado touched down in open fields. No damage was reported.","Scattered thunderstorms developed during the evening hours of the 4th. Two weak tornadoes developed from a couple of these storms.  One of the storms also produced severe hail.",50
114051,TAZEWELL CO.,LILLY,06/04/2008,1924,Tornado, ,EF0,0,0,0,0,IL,CST-6, ,19343,C,179,ILX,0,0,Trained Spotter, ,1.75,150,2,N,3,N,LILLY,06/04/2008,1930,40.5561,-89.2861,40.5777,-89.2688,"A tornado touched down in open fields.  No damage was reported.  The tornado continued into McLean County.","Scattered thunderstorms developed during the evening hours of the 4th. Two weak tornadoes developed from a couple of these storms.  One of the storms also produced severe hail.",51
114052,MCLEAN CO.,WOODRUFF,06/04/2008,1930,Tornado, ,EF0,0,0,0,0,IL,CST-6, ,19343,C,113,ILX,0,0,Trained Spotter, ,3.68,150,4,NNW,4,WNW,CARLOCK,06/04/2008,1939,40.5777,-89.2688,40.5954,-89.2026,"The tornado continued into McLean County from Tazewell County.  No damage was reported as the tornado moved across open fields.  The tornado continued into Woodford County.","Scattered thunderstorms developed during the evening hours of the 4th. Two weak tornadoes developed from a couple of these storms.  One of the storms also produced severe hail.",52
114053,WOODFORD CO.,CONGERVILLE,06/04/2008,1939,Tornado, ,EF0,0,0,0,0,IL,CST-6, ,19343,C,203,ILX,0,0,Trained Spotter, ,0.71,150,2,S,1,SSE,CONGERVILLE,06/04/2008,1942,40.5954,-89.2026,40.6017,-89.192,"The tornado continued into Woodford County from McLean County.  No damage was reported as the tornado moved across open fields.  The tornado lifted 1.5 miles south southeast of Congerville.","Scattered thunderstorms developed during the evening hours of the 4th. Two weak tornadoes developed from a couple of these storms.  One of the storms also produced severe hail.",53
114068,COLES CO.,TRILLA,06/06/2008,1520,Tornado, ,EF1,0,0,275000,0,IL,CST-6, ,19344,C,29,ILX,0,0,NWS Storm Survey, ,5,200,3,NNE,2,ENE,LERNA,06/06/2008,1527,39.4043,-88.333,39.4327,-88.2489,"The tornado formed in an open field 2.5 miles west southwest of Lerna, and was moving to the east northeast around 45 MPH.  The tornado damaged a barn and blew down several trees southwest of Lerna.  As the tornado moved through Lerna, it caused roof, window and siding damage to 9 homes, and roof damage to a school.  Numerous trees were also blown down in Lerna.  The tornado continued across open fields and forested areas before it dissipated 2.5 miles east northeast of Lerna.  The tornado was rated EF1 with highest estimated winds of 95 MPH.","An area of strong to severe thunderstorms with very heavy rain moved across east central Illinois during the afternoon and evening hours of the 6th.  Several storms produced wind damage and one storm produced a tornado that passed through the town of Lerna in Coles County.  Widespread flooding occurred in the wake of the storms.",54
105494,LIVINGSTON CO.,CORNELL,06/07/2008,1521,Tornado, ,EF0,0,0,0,0,IL,CST-6, ,17242,C,105,LOT,0,0,Fire Department/Rescue, ,0.91,20,3,E,3,E,CORNELL,06/07/2008,1523,40.9747,-88.6805,40.9813,-88.6654,"Video from a storm spotter along with eyewitness accounts from the Dwight Fire Department confirmed a weak tornado about four miles east of Cornell.  The tornado remained in an open field and no damage or injuries were reported.","A single supercell thunderstorm developed over western Illinois and moved northeast reaching Lake Michigan near the Illinois Indiana state line several hours later.  This single thunderstorm produced eight different tornadoes as it moved east across Illinois.",55
105497,LIVINGSTON CO.,NEVADA,06/07/2008,1531,Tornado, ,EF1,0,0,50000,0,IL,CST-6, ,17242,C,105,LOT,0,0,NWS Storm Survey, ,3.59,40,2,SSE,1,ESE,SUNBURY,06/07/2008,1545,41.0495,-88.5465,41.093,-88.5089,"A tornado touched down near 2000E and 2900N.  Utility poles were snapped along 2900N.  On 2100E north of 3000N, half of the roof of a barn was blown off.  At 3100N, a house suffered roof and tree damage.  The tornado ended near 2200E, just south of 3200N.","A single supercell thunderstorm developed over western Illinois and moved northeast reaching Lake Michigan near the Illinois Indiana state line several hours later.  This single thunderstorm produced eight different tornadoes as it moved east across Illinois.",56
105504,KANKAKEE CO.,ESSEX,06/07/2008,1618,Tornado, ,EF1,0,0,0,0,IL,CST-6, ,17242,C,91,LOT,0,0,NWS Storm Survey, ,0.4,40,2,NW,2,NW,ESSEX,06/07/2008,1619,41.1984,-88.206,41.2026,-88.2007,"A tornado touched down just west of 17000W, just south of County Line Road, in far northwest Kankakee County.  The tornado uprooted large trees and snapped a small hardwood tree before crossing into southwest Will County.","A single supercell thunderstorm developed over western Illinois and moved northeast reaching Lake Michigan near the Illinois Indiana state line several hours later.  This single thunderstorm produced eight different tornadoes as it moved east across Illinois.",57
105506,WILL CO.,GODLEY,06/07/2008,1619,Tornado, ,EF2,0,0,500000,0,IL,CST-6, ,17242,C,197,LOT,0,0,NWS Storm Survey, ,14.12,200,3,SE,2,WSW,WILTON CENTER,06/07/2008,1646,41.2026,-88.2007,41.3443,-88.005,"A tornado touched down in far northwest Kankakee County then crossed County Line Road into Will County north of Essex.  Tree tops were sheared off at Essex and Cooper Roads.  A clear path could be seen in the trees at McGuire Road.  At Route 113 and Smiley Road near Custer Park, trees were snapped and uprooted.  Across the Kankakee River, a two story house had its roof completely removed and there was extensive tree damage.  The tornado reached EF2 intensity at this point.  The tornado continued across Route 102 near Ritchie where trees were damaged.  The tornado crossed old Chicago Road near Kahler Road where power lines were blown down, a shed and barn were damaged and there was minor damage to a house.  Another shed was destroyed.  The tornado weakened as it moved from Symerton and Kennedy Roads to Warner Bridge and Arsenal Roads.  There was no damage except to one tree.  There was minor damage to a barn and tree limbs north of Arsenal Road before the tornado dissipated.","A single supercell thunderstorm developed over western Illinois and moved northeast reaching Lake Michigan near the Illinois Indiana state line several hours later.  This single thunderstorm produced eight different tornadoes as it moved east across Illinois.",58
105514,WILL CO.,WILTON,06/07/2008,1651,Tornado, ,EF2,0,0,50000,0,IL,CST-6, ,17242,C,197,LOT,0,0,NWS Storm Survey, ,2.16,400,1,SSE,1,NNW,ANDRES,06/07/2008,1654,41.3635,-87.9193,41.3821,-87.8857,"A tornado touched down northeast of Wilton Center, just north of Route 52 and east of Elevator Road, where there was minor tree damage.  Based on photos and eyewitness reports, the tornado grew to about 400 yards wide but remained in open fields with few structures or trees in its path.  At 120th Avenue, a garage was destroyed and all that remained was a cinder block base.  A metal outbuilding was severely damaged.  The tornado ended near Manhattan-Wilton Road, just west of Route 45.","A single supercell thunderstorm developed over western Illinois and moved northeast reaching Lake Michigan near the Illinois Indiana state line several hours later.  This single thunderstorm produced eight different tornadoes as it moved east across Illinois.",59
105531,WILL CO.,ANDRES,06/07/2008,1655,Tornado, ,EF2,0,0,500000,0,IL,CST-6, ,17242,C,197,LOT,0,0,NWS Storm Survey, ,3.66,150,3,NE,3,W,MONEE,06/07/2008,1708,41.3972,-87.8465,41.4261,-87.7873,"A tornado touched down along Paulding Road just west of Center Road, south of the Green Garden Country Club.  A garage was leveled and a house had part of its roof torn off and damage to the second story exterior walls.  At the southwest corner of Bruns and 88th Avenue, barns and trees were damaged.  The tornado continued along Bruns Road between 80th and 88th Avenues.  On the south side of Bruns Road, a barn and an outbuilding were completely destroyed.  The house lost a large section of the southeast wall on the second floor.  Another house was heavily damaged with siding and a west wall blown off.  North of Bruns Road, there was a barn that was practically destroyed with only a partial wall standing.  A horse barn was destroyed with the stables intact and horses still standing in them.  In the backyard of the next home, there were trees blown down and debris, such as trailers and a small rowboat were blown into the creek immediately north of Bruns Road.  A chain link fence was pulled from the ground.  Many trees were uprooted and blown over.  Power lines were also blown down.  The next house had damage to two garages.  The doors were blown out of both garages and the roof of one garage was severely damaged.  The house had siding and roof shingles blown off.  A house at the east end of this section on Bruns Road, closest to 80th Avenue, had siding blown off and chimney damage.  The tornado ended southwest of the intersection of Harlem Avenue and Manhattan-Monee Road, where there was minor tree damage.","A single supercell thunderstorm developed over western Illinois and moved northeast reaching Lake Michigan near the Illinois Indiana state line several hours later.  This single thunderstorm produced eight different tornadoes as it moved east across Illinois.",60
105544,WILL CO.,MONEE,06/07/2008,1713,Tornado, ,EF2,0,6,5500000,0,IL,CST-6, ,17242,C,197,LOT,0,0,NWS Storm Survey, ,2.42,150,3,NW,1,W,PARK FOREST SOUTH,06/07/2008,1719,41.4436,-87.7698,41.4698,-87.7387,"A tornado developed near Ridgeland Avenue and Dralle Road, where a high tension metal truss tower collapsed and four others were damaged.  Power lines blocked Interstate 57.  The tornado destroyed a mobile home and outbuildings east of Ridgeland between Dralle and Stuenkel Roads before crossing Interstate 57. The tornado was rated EF2 in this area.  Six people were injured in vehicles on Interstate 57.  Several cars were damaged and a semi trailer was completely destroyed.  East of Interstate 57 at Stuenkel Road, a large warehouse had bay doors blown in, much of the roof collapsed, and the west wall blown in.  Utility poles were pushed over along South Central Avenue.","A single supercell thunderstorm developed over western Illinois and moved northeast reaching Lake Michigan near the Illinois Indiana state line several hours later.  This single thunderstorm produced eight different tornadoes as it moved east across Illinois.",61
105564,COOK CO.,PARK FOREST SOUTH,06/07/2008,1719,Tornado, ,EF2,0,0,4000000,0,IL,CST-6, ,17242,C,31,LOT,0,0,NWS Storm Survey, ,4.1,150,1,W,1,ENE,MATTESON,06/07/2008,1730,41.4698,-87.7387,41.5054,-87.6754,"A tornado which touched down in northwest Will County, crossed Steger Road into Cook County, just west of Cicero Avenue.  The tornado hit a subdivision on the northwest corner of Steger Road and Cicero Avenue.  Large tree limbs were blown down and a couple trees were uprooted.  Homes were somewhat sheltered by large trees and only sustained minor damage.  One home near Cicero Avenue had part of its roof torn off.  East of Cicero Avenue, the tornado weakened slightly as it moved through an apartment complex.  Only minor damage to roofs, soffits and siding was noted.  The tornado hit another subdivision along Imperial Drive.  A few homes had garages partially collapsed or destroyed.  The tornado then passed through an open area before crossing Governors Highway and the Illinois Central tracks, just south of Sauk Trail.  The tornado hit an apartment complex just east of the highway and railroad tracks.  One three story building had much of the roof ripped off and part of the third floor exterior walls blown down.  Carports were collapsed and other buildings had minor damage.  The tornado was rated EF2 in this area.  The tornado moved through the intersection of Sauk Trail and Richton Square Road where a grocery store and car wash sustained damage.  The tornado then weakened to EF0 intensity as it continued northeast across Central Park Avenue and the northwest part of Central Park.  Only minor damage to trees was observed in a subdivision in this area.  The tornado crossed the E J and E tracks, then it damaged a roof at an apartment complex near North Street and Orchard Drive.  The last signs of tree damage were just southwest of the intersection of Lincoln Highway and Western Avenue.  Multiple eyewitnesses reported a dog that was picked up by the tornado and carried a few hundred feet away.  The dog, a 125 pound Rottweiler, was apparently unharmed.","A single supercell thunderstorm developed over western Illinois and moved northeast reaching Lake Michigan near the Illinois Indiana state line several hours later.  This single thunderstorm produced eight different tornadoes as it moved east across Illinois.",62
105579,COOK CO.,PARK FOREST,06/07/2008,1732,Tornado, ,EF1,0,0,1000000,0,IL,CST-6, ,17242,C,31,LOT,0,0,NWS Storm Survey, ,1.97,75,1,E,0,N,CHICAGO HGTS,06/07/2008,1737,41.4828,-87.6573,41.5025,-87.6299,"A tornado touched down in South Chicago Heights in the Schubert's Woods Forest Preserve just north of Sauk Trail and west of Forest Preserve Drive.  This tornado then tracked northeast across the forest, eventually emerging from the forest near Euclid and west 26th Streets.  At this location, large trees were uprooted and portions of a roof were lifted off a large warehouse building.  The tornado continued northeast across residential areas north of 26th Street and west of Chicago Road.  In this neighborhood, several homes sustained minor damage with two houses sustaining significant damage from large trees falling onto the homes.  The tornado continued northeast across Chicago Road eventually lifting near 16th Street and Center Street.  Damage to trees was noted all along the path including several large uprooted or snapped in half.","A single supercell thunderstorm developed over western Illinois and moved northeast reaching Lake Michigan near the Illinois Indiana state line several hours later.  This single thunderstorm produced eight different tornadoes as it moved east across Illinois.",63
105586,COOK CO.,LANSING,06/07/2008,1748,Tornado, ,EF0,0,0,10000,0,IL,CST-6, ,17242,C,31,LOT,0,0,NWS Storm Survey, ,0.44,50,1,ENE,1,ENE,LANSING,06/07/2008,1749,41.5725,-87.5339,41.5743,-87.5257,"A brief tornado touched down near 179th street, east of Burnham Road and ended near the Indiana State line and 177th Street.  Several tree limbs were blown down.  One tree limb fell onto a car.","A single supercell thunderstorm developed over western Illinois and moved northeast reaching Lake Michigan near the Illinois Indiana state line several hours later.  This single thunderstorm produced eight different tornadoes as it moved east across Illinois.",64
117696,ROCK ISLAND CO.,TAYLOR RIDGE,06/12/2008,1826,Tornado, ,EF0,0,0,0,0,IL,CST-6, ,18313,C,161,DVN,0,0,Law Enforcement, ,0.01,25,1,WNW,1,WNW,TAYLOR RIDGE,06/12/2008,1826,41.3869,-90.6873,41.3869,-90.6873,"A tornado was spotted by a law enforcement official about one mile west of Taylor Ridge, IL at 7:26 pm June 12.","A strong cold front moved through eastern Iowa, northeast Missouri, and northern Illinois from June 12 through midday June 13 bringing very heavy rains of 1 to 5 inches, flash flooding, large hail, and damaging wind gusts to much of the region.",65
111431,BOONE CO.,IRENE,06/12/2008,2330,Tornado, ,EF1,0,0,25000,0,IL,CST-6, ,17249,C,7,LOT,0,0,NWS Storm Survey, ,6.2,150,1,E,3,SW,GARDEN PRAIRIE,06/12/2008,2338,42.1721,-88.8767,42.2201,-88.7743,"A tornado touched down southwest of the intersection of Bloods Point Road and Stone Quarry Road.  The tornado snapped and uprooted trees and damaged or destroyed farm buildings.  The tornado moved northeast and crossed Pearl Street where a hay barn collapsed and a large grain bin was damaged.  The tornado passed over Route 4 near Huber Road then finally lifted southwest of Interstate 90 near Fruit Farm Road.","Strong to severe thunderstorms moved across northern Illinois during the late evening of June 12th and the early morning of June 13th.",66
114422,MCLEAN CO.,COLFAX,06/15/2008,1508,Tornado, ,EF0,0,0,50000,0,IL,CST-6, ,19366,C,113,ILX,0,0,NWS Storm Survey, ,0.8,20,0,WNW,0,ESE,COLFAX,06/15/2008,1510,40.5727,-88.6254,40.568,-88.6139,"The tornado formed in an open field northwest of Colfax and tracked to the southeast.  The tornado ripped off one fourth of the roof of a home on the northwest side of Colfax and damaged several trees.  As the tornado continued southeast into Colfax, it caused minor damage to the roofs of three more homes and one business, as well as several trees.  The tornado dissipated within the town of Colfax.  The wind speeds with the tornado were estimated as high as 85 MPH.","A line of severe thunderstorms moved across central and southeast Illinois during the afternoon and early evening hours of the 15th.  The storms produced widespread wind damage.  A few of the storms produced large hail and one produced a weak tornado.",67
119941,FAYETTE CO.,JIMTOWN,06/27/2008,1458,Tornado, ,EF0,0,0,0,0,IL,CST-6, ,20108,C,51,LSX,0,0,NWS Storm Survey, ,1.47,40,2,N,1,SW,SHAFTER,06/27/2008,1500,39.008,-89.2134,39.0133,-89.1869,"A tornado touched down about one and a half miles west southwest of Shafter.  It travelled to the east northeast before lifting and dissipating just west of Shafter. It blew down 2 power poles, several large tree limbs and damaged some corn along its path.","A cold front moved through the region, triggering showers and thunderstorms.  Some of the storms produced large hail, damaging winds and a tornado.",68
112200,JEFFERSON CO.,MT VERNON,06/27/2008,1659,Tornado, ,EF0,0,0,5000,0,IL,CST-6, ,17683,C,81,PAH,0,0,Broadcast Media, ,0.2,30,5,E,5,E,MT VERNON,06/27/2008,1700,38.32,-88.8078,38.32,-88.8041,"The funnel cloud which was observed over Mount Vernon briefly touched down several miles east of town. Trained witnesses reported very pronounced rotation with the funnel cloud. The funnel was photographed at or very close to the ground, but trees obscured the possible touchdown point. There was minimal damage, with the exception of a downed power pole and a tree. Maximum wind speeds were estimated around 70 mph.","A squall line containing several embedded bow echo structures moved eastward across southern Illinois. These bow echoes moved east-northeast around 45 mph, producing swaths of wind damage and isolated large hail. These storms were associated with a 500 mb short wave trough moving east across the mid Mississippi Valley. Sufficient moisture and instability ahead of the line, coupled with strengthening winds aloft, supported forward propagation of the line into Indiana. On the evening prior to this outbreak, an isolated severe storm occurred over White County.",69
123349,EDGAR CO.,HORACE,07/08/2008,1745,Tornado, ,EF0,0,0,60000,0,IL,CST-6, ,20773,C,45,ILX,0,0,Trained Spotter, ,4.02,50,2,SSW,2,NE,EDGAR CTY ARPT PARIS,07/08/2008,1750,39.6973,-87.7148,39.7169,-87.6436,"A trained spotter sighted a tornado for a few minutes just west of highway 1 and near 1600 Street.  It damaged several pole barns and grain bins before dissipating.","A strong cold front pushed into central Illinois on 7/8/08, triggering strong to severe thunderstorms.  The storms produced wind gusts as high as 70 mph and widespread wind damage, particularly across east-central Illinois along and east of I-57.  In addition, an EF0 tornado touched down across northwest Edgar County.",70
126741,EDGAR CO.,METCALF,07/21/2008,2134,Tornado, ,EF1,0,0,85000,0,IL,CST-6, ,21447,C,45,ILX,0,0,Emergency Manager, ,2,100,2,S,2,SW,GARNES,07/21/2008,2140,39.7769,-87.805,39.7648,-87.7708,"An EF1 tornado touched down 7.2 miles WSW of Chrisman then travelled east-southeast for 2 miles across rural Edgar County.  The tornado damaged two homes and several outbuildings and destroyed an old barn.","Thunderstorms developed in a highly unstable environment ahead of an approaching cold front.  Several discrete cells initially formed across the area, producing numerous reports of large hail.  Eventually the cells merged into a bow structure, creating an enhanced damaging wind threat.  A few discrete cells maintained themselves ahead of the bow, with one of the cells producing a tornado in Edgar County.",71
131665,DU PAGE CO.,CLOVERDALE,08/04/2008,1845,Tornado, ,EF1,0,0,40000,0,IL,CST-6, ,22322,C,43,LOT,0,0,NWS Storm Survey, ,0.55,40,1,NNW,1,N,CLOVERDALE,08/04/2008,1846,41.9442,-88.1276,41.947,-88.1174,"A brief tornado touched down in an industrial area near Fox Court.  It continued east northeast across South Gary Drive and dissipated near Stratford Square Mall.  A large warehouse had a wall blown out near Fox Court and Madsen Drive.","A powerful line of thunderstorms moved across northern Illinois during the evening hours of August 4th.  Widespread and significant wind damage was reported along with several brief tornadoes on the leading edge of this line of storms.  Close to 550,000 customers lost power during these thunderstorms.  In the City of Chicago, more than 4,400 trees suffered some amount of damage, 161 light poles were damaged and 252 power lines were blown down.",72
131658,WILL CO.,PLAINFIELD CLOW ARPT,08/04/2008,1845,Tornado, ,EF1,0,0,500000,0,IL,CST-6, ,22322,C,197,LOT,0,0,NWS Storm Survey, ,1.11,50,1,WSW,1,S,PLAINFIELD CLOW ARPT,08/04/2008,1846,41.6933,-88.1529,41.689,-88.1321,"A tornado developed about one half mile east of Plainfield Naperville Road and about one block south of Boughton Road.  There was a narrow path of more intense damage in a subdivision where several homes had sections of roofing torn off, siding and soffits torn loose, trees snapped and limbs blown down.  The most intense damage was on Sparrow Lane, Maroon Bell Lane and Silverado Street.  The tornado was rated EF1 at this point.  Here one house was likely a total loss due to structural damage to the roof, covered porch, garage and one wall.  A garage was destroyed at another home.  The tornado weakened to EF0 east of this area from Kings Road to Indian Chase Meadows.  There was sporadic damage to trees and limbs and a few homes had damage to shingles, siding and soffits.  A small section of roof was removed from a house just east of Indian Chase Meadows.  At this point, the tornado appears to have dissipated, but strong straight line winds fanned out.","A powerful line of thunderstorms moved across northern Illinois during the evening hours of August 4th.  Widespread and significant wind damage was reported along with several brief tornadoes on the leading edge of this line of storms.  Close to 550,000 customers lost power during these thunderstorms.  In the City of Chicago, more than 4,400 trees suffered some amount of damage, 161 light poles were damaged and 252 power lines were blown down.",73
131666,DU PAGE CO.,BLOOMINGDALE,08/04/2008,1847,Tornado, ,EF1,0,0,250000,0,IL,CST-6, ,22322,C,43,LOT,0,0,NWS Storm Survey, ,0.8,50,1,SW,1,SSE,BLOOMINGDALE,08/04/2008,1848,41.9425,-88.0926,41.9425,-88.0771,"A second, brief tornado touched down in Bloomingdale, near an apartment complex on Century Point Lane.  There was roof and window damage at two apartment buildings.  Significant damage was done to roofs of houses and to trees from Cardinal Drive east across Bloomingdale Road through Norton Lane and into the area around Sterling Drive.","A powerful line of thunderstorms moved across northern Illinois during the evening hours of August 4th.  Widespread and significant wind damage was reported along with several brief tornadoes on the leading edge of this line of storms.  Close to 550,000 customers lost power during these thunderstorms.  In the City of Chicago, more than 4,400 trees suffered some amount of damage, 161 light poles were damaged and 252 power lines were blown down.",74
131695,COOK CO.,ORLAND PARK,08/04/2008,1859,Tornado, ,EF0,0,0,30000,0,IL,CST-6, ,22322,C,31,LOT,0,0,NWS Storm Survey, ,0.3,30,1,NE,1,NE,ORLAND PARK,08/04/2008,1900,41.6441,-87.8517,41.6419,-87.8467,"A tornado touched down along the south side of 135th Street, one block east of LaGrange Road.  It moved southeast through the neighborhood along Howe Drive snapping off numerous tree tops, downing three or four large trees, blowing down a fence, sending a gazebo swirling 30 feet into the air before depositing it in a neighbor's yard and damaging a roof on an auto shop along Southwest Highway.  A car was also damaged by a falling tree limb.  At this point, the weakening tornado was wiped out by a microburst as it crossed the railroad trucks just east of Southwest Highway about a quarter mile south of 135th Street.","A powerful line of thunderstorms moved across northern Illinois during the evening hours of August 4th.  Widespread and significant wind damage was reported along with several brief tornadoes on the leading edge of this line of storms.  Close to 550,000 customers lost power during these thunderstorms.  In the City of Chicago, more than 4,400 trees suffered some amount of damage, 161 light poles were damaged and 252 power lines were blown down.",75
147566,ADAMS CO.,LIBERTY,12/27/2008,1030,Tornado, ,EF1,0,0,0,0,IL,CST-6, ,25260,C,1,LSX,0,0,NWS Storm Survey, ,0.93,50,3,NW,3,NNW,LIBERTY,12/27/2008,1033,39.908,-91.1333,39.9138,-91.1174,"A tornado touched down in an open field west of Illinois Route 104.  It damaged several trees in this location.  The tornado travelled to the east northeast.  It damaged the roof of one home just east of Illinois Route 104.  It then destroyed a large barn just south of County Road 1050N.  The debris field extended for a mile to the north northeast of the barn.","A strong cold front moved through the region...triggering showers and thunderstorms. Some of the thunderstorms became severe with large hail, damaging winds, tornadoes and flash flooding reported.",76
147568,ADAMS CO.,LIBERTY,12/27/2008,1033,Tornado, ,EF0,0,0,0,0,IL,CST-6, ,25260,C,1,LSX,0,0,NWS Storm Survey, ,0.73,30,3,NNE,3,NNE,LIBERTY,12/27/2008,1035,39.9078,-91.0804,39.913,-91.0686,"A tornado touched down just west of County Road 2250th Street, north of N1025th Avenue. It damaged a machine shed and a mobile home in this location.  It travelled to the northeast and caused some additional tree damage before lifting and dissipating.","A strong cold front moved through the region...triggering showers and thunderstorms. Some of the thunderstorms became severe with large hail, damaging winds, tornadoes and flash flooding reported.",77
144059,MCDONOUGH CO.,NEW PHILADELPHIA,12/27/2008,1120,Tornado, ,EF0,0,0,0,0,IL,CST-6, ,24758,C,109,DVN,0,0,Public, ,0.3,50,0,E,1,ENE,NEW PHILADELPHIA,12/27/2008,1121,40.48,-90.4643,40.4833,-90.4595,"A brief tornado touchdown occurred at about 1120 am CST 1/3 mile east of New Philadelphia near Highway 95. The EF0 tornado, about 50 yards in width, struck a garage tearing the roof off and blowing the back of the garage away. The debris littered a nearby field for up to 1/3 mile from where the garage had been. A person in the garage at the time was not injured, but described being blasted with a terrific wind filled with grass and leaves. The person also stated the event was over as fast as it had started. The temperature at the time of the tornado was 61F which was unseasonably warm for the end of December. Winds were estimated at 80 mph.","Strong low pressure tracked from Oklahoma to northern Illinois on December 27, 2008. Unseasonably warm moist air flowing northward ahead of the low, combined with a strong cold front approaching from the west, triggered isolated severe thunderstorms in western Illinois.|These storms formed during the morning hours while temperatures were in the lower 60s. Near Carthage, power poles were snapped and half of a barn roof was blown off. Near New Philadelphia, an EF0 tornado with winds estimated at 80 mph, briefly touched down. A garage was destroyed with the debris field extending about a third of a mile.",78
161770,JERSEY CO.,ROSEDALE,03/08/2009,956,Tornado, ,EF2,0,0,0,0,IL,CST-6, ,27122,C,83,LSX,0,0,NWS Storm Survey, ,0.98,100,2,NW,1,NNW,ROSEDALE,03/08/2009,957,39.0433,-90.574,39.0467,-90.5568,"The tornado touched down along the eastern shore of the Illinois River in the Hadley Landing Public Access Area.  Two cabins sustained minor roof and siding damage while a third cabin sustained severe damage.  A fourth cabin was totally destroyed.  Numerous large trees were also severed or snapped off near the base of the trunk just east of the cabin.  Debris from the destroyed cabin extended over 300 yards to the east northeast.  The damage over this area was rated low end EF2.  The tornado travelled northeastward and caused additional tree damage in the flood plain.  The tornado approached the intersection of Illinois Route 100 and Coon Creek Road.  A farmstead at this location sustained varying degrees of damage.  One machine shed sustained roof and side damage while a small garage was totally destroyed.  The farm home sustained minor roof damage before the tornado lifted and dissipated.","A strong cold front moved through the region triggering showers and thunderstorms. Damaging winds, large hail and tornadoes were reported with the storms.",79
161772,JERSEY CO.,ROSEDALE,03/08/2009,957,Tornado, ,EF0,0,0,0,0,IL,CST-6, ,27122,C,83,LSX,0,0,NWS Storm Survey, ,3.67,40,1,N,2,SSE,FIELDON,03/08/2009,1001,39.0458,-90.5486,39.0757,-90.4921,"A tornado touched down about a quarter of a mile north of Rosedale.  The roof of a machine shed was lifted off and tossed 50 to 75 yards to the north northeast.  The tornado then skipped along and north of Fieldon Rosedale Road.  There was mainly large limb and isolated tree damage along this path.  One area of large tree damage was located southwest of the intersection of Fieldon Rosedale Road and Otter Creek Road.  A water pump house was nearly destroyed at this location before the tornado lifted and dissipated.","A strong cold front moved through the region triggering showers and thunderstorms. Damaging winds, large hail and tornadoes were reported with the storms.",80
161768,GREENE CO.,ATHENSVILLE,03/08/2009,1010,Tornado, ,EF1,0,0,0,0,IL,CST-6, ,27122,C,61,LSX,0,0,NWS Storm Survey, ,4.81,352,5,WNW,4,N,ATHENSVILLE,03/08/2009,1017,39.4797,-90.2628,39.5103,-90.1817,"The tornado touched down on County Road 51, about three quarters of a mile west southwest of the intersection of Roodhouse Road and 2000E.  A large machine shed was totally destroyed at this location.  The tornado travelled northeast damaging a number of large trees between CR 51 and 2000E.  The tornado crossed 2000E and damaged a large number of trees east of 2000E.  The damage width at this location was two tenths of a mile.  Further to the northeast, the tornado damaged a church at the intersection of Roodhouse Road and County Road 2075E.  The entire church was displaced about 10 feet.  A machine shed south of the church was destroyed with debris extending to the north towards the church.  Many trees were damaged in this area.  The tornado crossed Roodhouse Road and travelled just south of a farmstead on CR 2100E.  There was minor shingle damage to the home, one machine shed was damaged.  A second farm sustained damage on CR 2600N, about a quarter of a mile west of Illinois Route 267.  At this location, one barn and three machine sheds sustained severe damage while parts of the roof and sides of the farm house were uplifted and displaced to the east.  The damage path width was a tenth of a mile at this location.  Debris from these structures were tossed over 120 yards to the east.  The tornado crossed Illinois Route 267 and travelled over an open field then crossed CR 298 where tree damage occurred.  The tornado severely damaged a large section of mature pine trees just south of CR 304 and CR 2700N in an open field before it lifted and dissipated.","A strong cold front moved through the region triggering showers and thunderstorms. Damaging winds, large hail and tornadoes were reported with the storms.",81
159920,RANDOLPH CO.,PRAIRIE,03/08/2009,1025,Tornado, ,EF1,0,0,0,0,IL,CST-6, ,27122,C,157,LSX,0,0,NWS Storm Survey, ,0.79,75,1,SSW,1,SE,PRAIRIE,03/08/2009,1026,38.169,-89.956,38.172,-89.942,"A tornado touched down just southwest of Prairie.  As it travelled to the east northeast it damaged 3 homes on Richfield Road. Two of the homes sustained minor roof damage and the other had a portion of its roof removed. The tornado lifted and dissipated just northeast of Prairie.","A strong cold front moved through the region triggering showers and thunderstorms. Damaging winds, large hail and tornadoes were reported with the storms.",82
159921,RANDOLPH CO.,GRIGGS,03/08/2009,1027,Tornado, ,EF1,0,1,0,0,IL,CST-6, ,27122,C,157,LSX,0,0,NWS Storm Survey, ,2.35,100,2,S,1,WNW,BALDWIN,03/08/2009,1030,38.175,-89.904,38.186,-89.863,"A tornado touched down one mile south of Grigg and travelled to the northeast.  It destroyed 2 mobile homes and snapped numerous trees along its path.  The tornado then caused major damage to the second floor of the two-story Kaskaskia River Hotel before lifting and dissipating one mile west of Baldwin.  One of the mobile homes was occupied.  The man sustained minor injuries from the tornado.","A strong cold front moved through the region triggering showers and thunderstorms. Damaging winds, large hail and tornadoes were reported with the storms.",83
162019,MACOUPIN CO.,ENOS,03/08/2009,1030,Tornado, ,EF1,0,0,0,0,IL,CST-6, ,27122,C,117,LSX,0,0,NWS Storm Survey, ,4.21,75,3,E,2,N,CARLINVILLE,03/08/2009,1035,39.2751,-89.948,39.3036,-89.8785,"A tornado touched down about 3.5 miles west of Carlinville.  It destroyed a lumber shed, caused minor damage to a nearby home and two grain bins sustained serious damage.  Also, a small shed and outbuilding were destroyed.  The tornado travelled to the northeast causing tree damage and knocked over two more grain bins.  The tornado finally lifted and dissipated near Route 4 about 1.5 miles north of Carlinville.","A strong cold front moved through the region triggering showers and thunderstorms. Damaging winds, large hail and tornadoes were reported with the storms.",84
157470,SANGAMON CO.,PROUTY,03/08/2009,1032,Tornado, ,EF1,0,2,610000,0,IL,CST-6, ,26878,C,167,ILX,0,0,NWS Storm Survey, ,5.13,200,1,SSW,2,S,BATES,03/08/2009,1037,39.6511,-89.9269,39.6966,-89.8507,"The tornado initially touched down in a field 6 miles southwest of Loami, then tracked northeastward and dissipated about 1 mile north of Loami.  Several houses were damaged and numerous sheds and outbuildings were destroyed along the path of the tornado.  Considerable tree damage was also observed.  Two people were injured, including a woman who was struck by flying debris in her home and a man who was inside his barn when it collapsed.","A cold front raced through the region during the afternoon of March 8th, producing strong to severe thunderstorms.  The storms spawned three tornadoes across central and southeast Illinois, as well as numerous reports of wind damage.",85
159922,RANDOLPH CO.,BALDWIN,03/08/2009,1033,Tornado, ,EF0,0,0,0,0,IL,CST-6, ,27122,C,157,LSX,0,0,NWS Storm Survey, ,3.58,50,2,ENE,2,NE,HOUSTON,03/08/2009,1037,38.189,-89.816,38.198,-89.751,"A tornado touched down 2 miles east northeast of Baldwin and travelled to the northeast.  It removed the roof from a cinder block outbuilding and tossed it across Doza Creek Road.  Also, several trees and branches were snapped along its path.  It lifted and dissipated 4 miles west southwest of Tilden.","A strong cold front moved through the region triggering showers and thunderstorms. Damaging winds, large hail and tornadoes were reported with the storms.",86
161009,WASHINGTON CO.,MC KINLEY,03/08/2009,1046,Tornado, ,EF2,0,0,0,0,IL,CST-6, ,27122,C,189,LSX,0,0,NWS Storm Survey, ,4.29,200,3,WNW,1,W,OAKDALE,03/08/2009,1051,38.25,-89.597,38.267,-89.521,"A tornado touched down 5.5 miles west southwest of Oakdale and travelled to the northeast.  A house on County Highway 29 sustained moderate damage with 4 windows blown out, a wall was buckled in, and siding and shingles were blown off.  At this location it also overturned and destroyed a camper and the back end of a machine shed was torn off.  Further down the road, a silo and two sheds were blown down.  The falling silo hit two cows, killing one of them.  The tornado then snapped off 2 large double-poled wooden high tension towers at the base.  Also, it destroyed several pole sheds with the debris scattered hundreds of yards and snapped off numerous trees.  On another farmstead, a brand new garage was destroyed and the home sustained minimal roof and siding damage before the tornado lifted and dissipated about a mile west of Oakdale.","A strong cold front moved through the region triggering showers and thunderstorms. Damaging winds, large hail and tornadoes were reported with the storms.",87
161010,WASHINGTON CO.,CORDES,03/08/2009,1056,Tornado, ,EF0,0,0,0,0,IL,CST-6, ,27122,C,189,LSX,0,0,NWS Storm Survey, ,2.33,50,3,SE,4,NW,POSEN,03/08/2009,1058,38.267,-89.417,38.284,-89.38,"A tornado touched down 2.5 miles west southwest of the entrance to the Washington County Conservation Area on Illinois Route 127 and travelled to the northeast.  It snapped off numerous trees and branches before lifting and dissipating four tenths of a mile north of the conservation area entrance.","A strong cold front moved through the region triggering showers and thunderstorms. Damaging winds, large hail and tornadoes were reported with the storms.",88
161761,WASHINGTON CO.,BEAUCOUP,03/08/2009,1101,Tornado, ,EF0,0,0,0,0,IL,CST-6, ,27122,C,189,LSX,0,0,Trained Spotter, ,1.42,40,4,SSW,3,S,BEAUCOUP,03/08/2009,1102,38.303,-89.331,38.306,-89.305,"A tornado touched down about 3.5 miles south southwest of Beaucoup and travelled to the northeast.  It blew down several trees and snapped numerous tree limbs along its path before lifting and dissipating about 3 miles south of Beaucoup.","A strong cold front moved through the region triggering showers and thunderstorms. Damaging winds, large hail and tornadoes were reported with the storms.",89
158588,JEFFERSON CO.,TEXICO,03/08/2009,1127,Tornado, ,EF1,0,0,60000,0,IL,CST-6, ,26512,C,81,PAH,0,0,NWS Storm Survey, ,2.27,150,2,E,0,S,DIVIDE,03/08/2009,1130,38.4328,-88.8674,38.4476,-88.8299,"The roof was partially blown off a school. At several properties, large and small equipment sheds were destroyed. Shingle and siding damage occurred at several homes. Trees were topped and uprooted. Carports were knocked over. Peak winds were estimated at 95 mph.","A strong 500 mb shortwave moved rapidly northeast from the Plains during the day. The shortwave became a closed low over the Great Lakes region by the evening hours. In the lower levels, a strong southwest 850 mb jet from 60 to 65 knots shifted east from the Ozarks across southern Illinois. These features provided sufficient shear and instability for a significant tornado.",90
158590,JEFFERSON CO.,STRATTON,03/08/2009,1134,Tornado, ,EF0,0,0,12000,0,IL,CST-6, ,26512,C,81,PAH,0,0,NWS Storm Survey, ,3.61,100,2,W,1,E,SHIELDS,03/08/2009,1138,38.4453,-88.7568,38.4713,-88.699,"Large tree limbs were broken. Four power poles were knocked over. Peak winds were estimated near 85 mph. The tornado continued into Wayne County.","A strong 500 mb shortwave moved rapidly northeast from the Plains during the day. The shortwave became a closed low over the Great Lakes region by the evening hours. In the lower levels, a strong southwest 850 mb jet from 60 to 65 knots shifted east from the Ozarks across southern Illinois. These features provided sufficient shear and instability for a significant tornado.",91
158591,WAYNE CO.,ORCHARDVILLE,03/08/2009,1138,Tornado, ,EF0,0,0,80000,0,IL,CST-6, ,26512,C,191,PAH,0,0,NWS Storm Survey, ,0.63,100,3,SW,3,SW,ORCHARDVILLE,03/08/2009,1139,38.4713,-88.699,38.475,-88.6883,"The tornado continued from Jefferson County just a short distance into Wayne County. A grain bin was thrown about 100 yards. A storage bin was toppled. A farm auger was knocked over. Metal decking or shingles were stripped off barns. There was shingle and siding damage to homes. Peak winds were estimated near 85 mph.","A strong 500 mb shortwave moved rapidly northeast from the Plains during the day. The shortwave became a closed low over the Great Lakes region by the evening hours. In the lower levels, a strong southwest 850 mb jet from 60 to 65 knots shifted east from the Ozarks across southern Illinois. These features provided sufficient shear and instability for a significant tornado.",92
155065,WAYNE CO.,WAYNE CITY,03/08/2009,1142,Tornado, ,EF1,0,1,40000,0,IL,CST-6, ,26512,C,191,PAH,0,0,NWS Storm Survey, ,14.44,50,5,NNE,5,NE,CISNE,03/08/2009,1156,38.4169,-88.5447,38.5712,-88.3646,"Intermittent damage was observed along the path of this tornado, which contained peak winds near 100 mph. Most of the damage was tree damage. Some trees were snapped and uprooted. Two structures were damaged, including a mobile home that was not tied down. The mobile home was rolled while a man was inside. He suffered broken ribs. The other damaged structure was a 40-by-60 foot storage shed. About one third of the shed was blown over a storage barn into a house, causing significant damage to the house. Debris was blown into a field across the street. A power pole was blown down. The tornado was witnessed about four miles north of Sims in the middle of a field. It was described as a black rotating cloud.","A strong 500 mb shortwave moved rapidly northeast from the Plains during the day. The shortwave became a closed low over the Great Lakes region by the evening hours. In the lower levels, a strong southwest 850 mb jet from 60 to 65 knots shifted east from the Ozarks across southern Illinois. These features provided sufficient shear and instability for a significant tornado.",93
155066,WAYNE CO.,ENTERPRISE,03/08/2009,1158,Tornado, ,EF2,0,0,90000,0,IL,CST-6, ,26512,C,191,PAH,0,0,NWS Storm Survey, ,4.73,100,3,N,3,W,WYNOOSE,03/08/2009,1203,38.5634,-88.35,38.6,-88.2759,"Several structures were damaged. Half of the roof was blown off one house. A well-built storage barn was blown into another house. Debris was blown several hundred yards. Debris from a house impacted a second house 250 yards away. The second house had only minor structural damage. A large metal barn partially caved in when a small grain elevator blew onto it. Peak winds were estimated near 122 mph. The tornado crossed into Clay County.","A strong 500 mb shortwave moved rapidly northeast from the Plains during the day. The shortwave became a closed low over the Great Lakes region by the evening hours. In the lower levels, a strong southwest 850 mb jet from 60 to 65 knots shifted east from the Ozarks across southern Illinois. These features provided sufficient shear and instability for a significant tornado.",94
159181,LIVINGSTON CO.,ROOKS CREEK,03/08/2009,1201,Tornado, ,EF0,0,0,20000,0,IL,CST-6, ,27115,C,105,LOT,0,0,NWS Storm Survey, ,0.5,100,3,SW,3,SSW,ROOKS CREEK,03/08/2009,1202,40.8437,-88.7145,40.8448,-88.7051,"An EF0 tornado touched down on county road 1500N between 1100E and 1200E.  A detached garage was destroyed at this location and the debris was deposited in a field to the northeast.  A hay barn at this same location suffered little damage although a trailer camper parked inside the barn was pushed through the wooden front door by straight line winds which were funneled through the open back of the barn.","Strong to severe thunderstorms moved across northern Illinois during the morning and afternoon hours of March 8th.  Heavy rain and flooding were also reported.",95
157471,CLAY CO.,CAMP TRAVIS,03/08/2009,1203,Tornado, ,EF0,0,0,20000,0,IL,CST-6, ,26878,C,25,ILX,0,0,NWS Storm Survey, ,0.91,75,6,SSE,6,SE,CAMP TRAVIS,03/08/2009,1204,38.6,-88.2759,38.6091,-88.2636,"The tornado initially touched down in the National Weather Service Paducah County Warning Area (CWA) in Wayne County at 11:58 AM CST.  It then tracked northeastward and crossed into southern Clay County at 12:03 PM CST.  The tornado quickly dissipated by 12:04 PM CST 7.3 miles southeast of Clay City.  One home experienced minor damage and numerous trees were blown down.","A cold front raced through the region during the afternoon of March 8th, producing strong to severe thunderstorms.  The storms spawned three tornadoes across central and southeast Illinois, as well as numerous reports of wind damage.",96
157472,LAWRENCE CO.,LAWRENCEVILLE ARPT,03/08/2009,1243,Tornado, ,EF1,0,1,305000,0,IL,CST-6, ,26878,C,101,ILX,0,0,NWS Storm Survey, ,4.24,100,1,E,1,SE,RUSSELLVILLE,03/08/2009,1248,38.7722,-87.5824,38.8039,-87.5149,"The tornado initially touched down 1 mile northeast of the Lawrenceville Airport, then tracked northeastward to 1 mile southeast of Russellville at the Wabash River.  The tornado then crossed the Wabash River into Knox County Indiana.  Twenty irrigation units were destroyed along the path of the tornado.  Numerous grain bins, machine sheds and pole barns were severely damaged as well.  In addition, one home experienced moderate damage. One man sustained minor injuries from flying debris.","A cold front raced through the region during the afternoon of March 8th, producing strong to severe thunderstorms.  The storms spawned three tornadoes across central and southeast Illinois, as well as numerous reports of wind damage.",97
159183,KANKAKEE CO.,ST GEORGE,03/08/2009,1256,Tornado, ,EF1,0,0,40000,0,IL,CST-6, ,27115,C,91,LOT,0,0,NWS Storm Survey, ,0.74,80,2,ESE,1,WSW,YEAGER,03/08/2009,1258,41.1912,-87.7357,41.1964,-87.7232,"An EF1 tornado touched down near the intersection of county roads 5000N and 7500E.  On the southwest corner of this intersection, a detached garage and steel shed were destroyed.  A two foot diameter tree was snapped at the base and several other trees had large branches broken off.  Debris from this location was lifted and carried approximately 100 yards into the field across the road.  The tornado also damaged property on the northeast corner of the intersection.  A corn crib and a shed which served as a blacksmith forge were both destroyed.  Debris from these buildings was scattered to the northeast in a narrow path approximately 800 yards long.  Corn stalks in a field to the northeast appeared to have been flattened and twisted by this tornado.","Strong to severe thunderstorms moved across northern Illinois during the morning and afternoon hours of March 8th.  Heavy rain and flooding were also reported.",98
159192,KANKAKEE CO.,WHITAKER,03/08/2009,1300,Tornado, ,EF1,0,0,30000,0,IL,CST-6, ,27115,C,91,LOT,0,0,NWS Storm Survey, ,0.51,120,2,ESE,2,WNW,GRANT PARK,03/08/2009,1301,41.2359,-87.6948,41.2386,-87.6857,"A tornado touched down at a farm about one half mile east of the intersection of county roads 8000N and 9000E.  Two barns at this location lost part of their roof.  Another garage and another steel building were completely destroyed.  Debris from this location was lifted and deposited in a field and treeline approximately 400 yards to the northeast.","Strong to severe thunderstorms moved across northern Illinois during the morning and afternoon hours of March 8th.  Heavy rain and flooding were also reported.",99
164151,JACKSON CO.,SATO,05/08/2009,1030,Tornado, ,EF1,0,0,80000,0,IL,CST-6, ,27278,C,77,PAH,0,0,NWS Storm Survey, ,3.11,100,2,E,2,NNW,VERGENNES,05/08/2009,1034,37.903,-89.3937,37.9263,-89.3449,"Dozens of large trees were snapped or uprooted. Structural damage occurred to two barns, mainly in the form of roof damage. Power poles were blown over, and one pole snapped. Houses received minor shingle damage. Peak winds were estimated near 95 mph.","A mature, very intense derecho moved rapidly east along a stationary front across the Mid Mississippi Valley into the Lower Ohio Valley. With a very moist and unstable atmosphere, along with strongly veering winds aloft, embedded tornadic supercells were associated with the derecho. Widespread damaging winds were the primary impact. Nearly all the damage in southern Illinois was associated with the comma head at the northern end of the bow echo. Winds were measured slightly over 100 mph under the comma head as it passed through the Carbondale area. In addition to damaging winds, the slow-moving storm complex dumped very heavy rain that flooded roads.",100
172534,JACKSON CO.,RADDLE,05/08/2009,1032,Tornado, ,EF0,0,0,0,0,IL,CST-6, ,27278,C,77,PAH,0,0,Law Enforcement, ,0.36,30,1,SSW,1,SSW,RADDLE,05/08/2009,1033,37.7531,-89.5942,37.7562,-89.5889,"The reported tornado briefly touched down in a field and caused no known damage.","A mature, very intense derecho moved rapidly east along a stationary front across the Mid Mississippi Valley into the Lower Ohio Valley. With a very moist and unstable atmosphere, along with strongly veering winds aloft, embedded tornadic supercells were associated with the derecho. Widespread damaging winds were the primary impact. Nearly all the damage in southern Illinois was associated with the comma head at the northern end of the bow echo. Winds were measured slightly over 100 mph under the comma head as it passed through the Carbondale area. In addition to damaging winds, the slow-moving storm complex dumped very heavy rain that flooded roads.",101
164152,JACKSON CO.,ELKVILLE,05/08/2009,1212,Tornado, ,EF0,0,0,10000,0,IL,CST-6, ,27278,C,77,PAH,0,0,Newspaper, ,0.14,40,4,S,0,SSE,WARD,05/08/2009,1213,37.8421,-89.23,37.8434,-89.228,"Damage was reported at a coal company, where an office trailer was blown off its foundation. There were several eyewitness accounts of a tornado. Peak winds were estimated near 70 mph.","A mature, very intense derecho moved rapidly east along a stationary front across the Mid Mississippi Valley into the Lower Ohio Valley. With a very moist and unstable atmosphere, along with strongly veering winds aloft, embedded tornadic supercells were associated with the derecho. Widespread damaging winds were the primary impact. Nearly all the damage in southern Illinois was associated with the comma head at the northern end of the bow echo. Winds were measured slightly over 100 mph under the comma head as it passed through the Carbondale area. In addition to damaging winds, the slow-moving storm complex dumped very heavy rain that flooded roads.",102
164157,FRANKLIN CO.,ROYALTON,05/08/2009,1218,Tornado, ,EF0,0,0,0,0,IL,CST-6, ,27278,C,55,PAH,0,0,Emergency Manager, ,0.29,40,2,N,2,N,ROYALTON,05/08/2009,1219,37.8917,-89.12,37.8946,-89.1163,"This brief tornado was photographed by emergency management personnel. Leaves were observed in the rotation. No damage was located.","A mature, very intense derecho moved rapidly east along a stationary front across the Mid Mississippi Valley into the Lower Ohio Valley. With a very moist and unstable atmosphere, along with strongly veering winds aloft, embedded tornadic supercells were associated with the derecho. Widespread damaging winds were the primary impact. Nearly all the damage in southern Illinois was associated with the comma head at the northern end of the bow echo. Winds were measured slightly over 100 mph under the comma head as it passed through the Carbondale area. In addition to damaging winds, the slow-moving storm complex dumped very heavy rain that flooded roads.",103
164153,FRANKLIN CO.,THOMPSONVILLE,05/08/2009,1245,Tornado, ,EF1,0,0,0,0,IL,CST-6, ,27278,C,55,PAH,0,0,NWS Storm Survey, ,2.41,150,2,SSW,2,NNW,KEGLEY,05/08/2009,1248,37.8963,-88.7778,37.8636,-88.762,"The tornado resulted in a swath of downed trees in rural areas. Peak winds were estimated near 90 mph. The tornado path continued into Williamson County.","A mature, very intense derecho moved rapidly east along a stationary front across the Mid Mississippi Valley into the Lower Ohio Valley. With a very moist and unstable atmosphere, along with strongly veering winds aloft, embedded tornadic supercells were associated with the derecho. Widespread damaging winds were the primary impact. Nearly all the damage in southern Illinois was associated with the comma head at the northern end of the bow echo. Winds were measured slightly over 100 mph under the comma head as it passed through the Carbondale area. In addition to damaging winds, the slow-moving storm complex dumped very heavy rain that flooded roads.",104
164154,WILLIAMSON CO.,CORINTH,05/08/2009,1248,Tornado, ,EF1,0,0,0,0,IL,CST-6, ,27278,C,199,PAH,0,0,NWS Storm Survey, ,3.1,150,3,NNE,3,E,CORINTH,05/08/2009,1251,37.8636,-88.762,37.825,-88.7331,"The tornado continued into Williamson County from Franklin County. There was a swath of downed trees in rural areas. Peak winds around 90 mph occurred in the Franklin County portion of the track.","A mature, very intense derecho moved rapidly east along a stationary front across the Mid Mississippi Valley into the Lower Ohio Valley. With a very moist and unstable atmosphere, along with strongly veering winds aloft, embedded tornadic supercells were associated with the derecho. Widespread damaging winds were the primary impact. Nearly all the damage in southern Illinois was associated with the comma head at the northern end of the bow echo. Winds were measured slightly over 100 mph under the comma head as it passed through the Carbondale area. In addition to damaging winds, the slow-moving storm complex dumped very heavy rain that flooded roads.",105
170213,WARREN CO.,LITTLE YORK,05/08/2009,1914,Tornado, ,EF0,0,0,0,0,IL,CST-6, ,28933,C,187,DVN,0,0,Trained Spotter, ,0.52,25,2,N,2,NNE,LITTLE YORK,05/08/2009,1915,41.05,-90.75,41.05,-90.74,"A brief tornado was observed for about one minute about 3 miles north of Little York, Illinois around 815 pm on May 8th.","A cold front moved across parts of eastern Iowa and northwest Illinois during the evening of May 8th sparking some showers and thunderstorms.|Some of the storms were severe, producing wind gusts over 58 mph, quarter-sized hail, and a tornado.",106
170836,MACOUPIN CO.,GILLESPIE,05/13/2009,2238,Tornado, ,EF0,0,0,0,0,IL,CST-6, ,29100,C,117,LSX,0,0,NWS Storm Survey, ,1.65,40,1,W,0,SE,GILLESPIE,05/13/2009,2240,39.1306,-89.8571,39.128,-89.8264,"The damage west of and in the city limits of Gillespie, Illinois was caused by downburst winds and one small tornado.  The survey of the damage indicated an intermittent tornado track from 1.5 miles west of Gillespie to the west side of Gillespie at the High School.  Several homes and outbuidings were damaged along with a power pole.  The tornado was 30 to 40 yards wide and traveled adjacent to Illinois Route 16 towards Gillespie.  A building on the high school campus lost its roof and the damage was rated EF0 on the Enhanced Fujita Scale. Then the tornado lifted and dissipated.","A strong cold front moved south across the region, triggering strong to severe thunderstorms. Several tornadoes were reported, as well as large hail and damaging winds.",107
169110,CHRISTIAN CO.,ROSAMOND,05/13/2009,2304,Tornado, ,EF1,0,0,50000,0,IL,CST-6, ,28764,C,21,ILX,0,0,NWS Storm Survey, ,0.81,60,1,NNE,2,NE,ROSAMOND,05/13/2009,2305,39.3968,-89.1562,39.4003,-89.1417,"A tornado briefly touched down 4 miles west of Pana, then tracked northeastward to 3 miles west-northwest of Pana before dissipating.  A pole barn was severely damaged and some minor roof damage occurred to a house.  In addition, several tree tops were sheared off.","An impressive upper-level wave tracking across the Northern Plains helped push a strong cold front toward the Mississippi River by the evening of May 13th.  An increasingly unstable and sheared airmass across central Illinois allowed severe thunderstorms to develop in advance of the front.  Widespread wind damage occurred with the storms, with 4 tornadoes touching down around the area as well. The thunderstorms also produced torrential rainfall, with widespread 2 to 4 inch amounts reported. This produced flash flooding in much of central and southeast Illinois from the evening of the 13th until the morning of the 14th.",108
169111,SHELBY CO.,TOWER HILL,05/13/2009,2312,Tornado, ,EF0,0,0,60000,0,IL,CST-6, ,28764,C,173,ILX,0,0,NWS Storm Survey, ,0.57,40,2,S,2,SSE,TOWER HILL,05/13/2009,2313,39.3496,-88.9642,39.3515,-88.9539,"A tornado briefly touched down 2 miles south of Tower Hill, then tracked eastward to 2 miles south-southeast of Tower Hill.  A shed was severely damaged and front porches were torn off several homes.  Shingles were blown off houses and numerous trees were damaged.","An impressive upper-level wave tracking across the Northern Plains helped push a strong cold front toward the Mississippi River by the evening of May 13th.  An increasingly unstable and sheared airmass across central Illinois allowed severe thunderstorms to develop in advance of the front.  Widespread wind damage occurred with the storms, with 4 tornadoes touching down around the area as well. The thunderstorms also produced torrential rainfall, with widespread 2 to 4 inch amounts reported. This produced flash flooding in much of central and southeast Illinois from the evening of the 13th until the morning of the 14th.",109
169112,SHELBY CO.,SHELBYVILLE,05/13/2009,2322,Tornado, ,EF0,0,0,45000,0,IL,CST-6, ,28764,C,173,ILX,0,0,NWS Storm Survey, ,1.39,50,2,S,2,SE,SHELBYVILLE,05/13/2009,2324,39.3946,-88.8047,39.4012,-88.7802,"A tornado touched down 1 mile southwest of Shelbyville, then tracked eastward to 1/2 mile southeast of Shelbyville.  Numerous shallow-rooted trees were torn or uprooted.  The tornado tracked through a campground, where several unoccupied trailers were damaged by falling trees and limbs. A carport was destroyed and porches were torn away from a few trailers.  In addition, 2 unanchored metal sheds were destroyed.","An impressive upper-level wave tracking across the Northern Plains helped push a strong cold front toward the Mississippi River by the evening of May 13th.  An increasingly unstable and sheared airmass across central Illinois allowed severe thunderstorms to develop in advance of the front.  Widespread wind damage occurred with the storms, with 4 tornadoes touching down around the area as well. The thunderstorms also produced torrential rainfall, with widespread 2 to 4 inch amounts reported. This produced flash flooding in much of central and southeast Illinois from the evening of the 13th until the morning of the 14th.",110
169113,VERMILION CO.,FAIRMOUNT,05/13/2009,2323,Tornado, ,EF0,0,0,35000,0,IL,CST-6, ,28764,C,183,ILX,0,0,Emergency Manager, ,0.06,50,5,WSW,5,WSW,FAIRMOUNT,05/13/2009,2323,40.0174,-87.9164,40.0174,-87.9164,"A tornado very briefly touched down 2 1/2 miles southeast of Homer or about 1/4 mile east of the intersection of County Roads 100E and 1050N.  A large farm machinery shed was destroyed and several main transmission power poles were snapped.","An impressive upper-level wave tracking across the Northern Plains helped push a strong cold front toward the Mississippi River by the evening of May 13th.  An increasingly unstable and sheared airmass across central Illinois allowed severe thunderstorms to develop in advance of the front.  Widespread wind damage occurred with the storms, with 4 tornadoes touching down around the area as well. The thunderstorms also produced torrential rainfall, with widespread 2 to 4 inch amounts reported. This produced flash flooding in much of central and southeast Illinois from the evening of the 13th until the morning of the 14th.",111
174002,STEPHENSON CO.,BUENA VISTA,06/01/2009,1530,Tornado, ,EF0,0,0,100000,0,IL,CST-6, ,29677,C,177,DVN,0,0,NWS Storm Survey, ,0.33,200,1,NW,1,N,BUENA VISTA,06/01/2009,1531,42.4456,-89.6842,42.4457,-89.6735,"A tornado briefly touched down about 2 miles southwest of Orangeville, IL around 430 pm June 1.  Several trees were snapped at the trunk.  Tall grasses along W Brush Creek Rd were laying down to the east.  A tin roof was blown off of a shed to the east.  A witness inside a barn described windows blown in, paint sandblasted off walls, and hay blowing out the west door being carried north of barn.  An empty grain wagon was pushed 25 yards northeast of barn.  Four calf huts were picked up by the wind, moved, and one was apparently lofted a half mile down the road to the northeast.  Sheet metal was bent and twisted inside a grain bin.  A hay conveyor rolled twice.  A witness described heavy rain, then mud preceding wind.  Another witness described seeing a funnel cloud shape before experiencing strong winds.  They were unable to determine if there was rotation due to the wind speed and rain.  A pine tree was uprooted along with small branches down.  Time estimated.","A stalled frontal boundary draped from the Iowa-Missouri border into Illinois resulted in the development of showers and thunderstorms on June 1. After some peeks of sunshine during the early afternoon, severe thunderstorms erupted mainly along and south of Highway 34, producing large hail and wind gusts over 58 mph.  One lone storm in northern Stephenson County produced some damaging winds and a tornado near Orangeville, IL.  Heavy rains also produced some flash flooding in Hancock County Illinois.",112
193758,ADAMS CO.,CLAYTON,06/02/2009,1525,Tornado, ,EF0,0,0,0,0,IL,CST-6, ,30374,C,1,LSX,0,0,Trained Spotter, ,1.91,50,3,S,3,SSE,CLAYTON,06/02/2009,1527,39.9897,-90.9503,39.9885,-90.9144,"A tornado touched down about 2.5 miles south southeast of Clayton and travelled to the east.  It only caused damage to trees and tree limbs in the area before crossing into Brown county.","A cold front moved through the region triggering numerous showers and thunderstorms.  Some of the storms produced severe weather including large hail and damaging winds.",113
193760,BROWN CO.,TIMEWELL,06/02/2009,1527,Tornado, ,EF0,0,0,0,0,IL,CST-6, ,30374,C,9,LSX,0,0,Trained Spotter, ,1.13,50,2,WSW,1,WSW,TIMEWELL,06/02/2009,1528,39.9885,-90.9144,39.9884,-90.893,"The tornado crossed the Adams/Brown county line about 2.5 miles southwest of Mound Station and continued to travel to the east.  Near the intersection of County roads 1000N and 100E some metal roofing was blown off of a barn, a 3 to 4 foot diameter tree was snapped off near the base, as well as other tree damage.  The tornado soon lifted and dissipated.","A cold front moved through the region triggering numerous showers and thunderstorms.  Some of the storms produced severe weather including large hail and damaging winds.",114
183399,ST. CLAIR CO.,SHILOH,06/08/2009,1630,Tornado, ,EF2,0,0,0,0,IL,CST-6, ,30732,C,163,LSX,0,0,NWS Storm Survey, ,11.79,176,1,W,0,SE,WOODLAND GRANGE,06/08/2009,1700,38.5514,-89.9208,38.4253,-89.7739,"The tornado touched down just northeast of the intersection of North Green Mount Road and Lebanon Avenue in the Eagles Landing Subdivision, where up to 6 homes sustained minor to moderate damage.  From this point the tornado produced a nearly continuous damage path that extended to about 1 mile southeast of the intersection of Highway 4 and Jefferson Road.  It finally lifted as it approached the Kaskaskia River.  The total path length of the tornado is estimated to be 12.8 miles, with an average width of damage of about one-tenth of a mile.  However, straight line winds did cause lesser damage over a wider swath of up to 3 miles. The greatest damage was to a home located just west of the intersection of Highway 4 and Jefferson Road.  Damage there was rated EF2 on the Enhanced Fujita Scale.  Elsewhere along the path of the tornado, the damage was generally in the EF0-EF1 range.","A strong cold front moved through the region, triggering showers and thunderstorms. Numerous reports of large hail, a tornado and some wind damage occurred with these storms.",115
171900,PERRY CO.,SUNFIELD,06/08/2009,1842,Tornado, ,EF0,0,0,4000,0,IL,CST-6, ,29295,C,145,PAH,0,0,NWS Storm Survey, ,0.44,100,3,NW,2,NW,SUNFIELD,06/08/2009,1843,38.0985,-89.2646,38.099,-89.2565,"A small shed was overturned. Several trees and limbs were downed. Peak winds were estimated near 70 mph in this small tornado.","Thunderstorms rapidly developed along a surface frontal boundary from central Illinois into southern Missouri. Extreme instability and favorable wind shear ahead of the activity promoted organized and isolated supercell storms.",116
171898,PERRY CO.,DU QUOIN,06/08/2009,1900,Tornado, ,EF1,0,0,20000,0,IL,CST-6, ,29295,C,145,PAH,0,0,NWS Storm Survey, ,3.23,300,3,E,1,ENE,OLD DUQUOIN,06/08/2009,1908,38.02,-89.1749,37.9759,-89.1554,"This tornado downed hundreds of trees over rural Perry County. The tornado was embedded within an area of widespread straight-line wind damage. Peak winds were estimated near 95 mph close to the Franklin County border along Route 14. The average path width was about 200 yards. The tornado continued into western Franklin County.","Thunderstorms rapidly developed along a surface frontal boundary from central Illinois into southern Missouri. Extreme instability and favorable wind shear ahead of the activity promoted organized and isolated supercell storms.",117
171899,FRANKLIN CO.,MULKEYTOWN,06/08/2009,1908,Tornado, ,EF1,0,0,6000,0,IL,CST-6, ,29295,C,55,PAH,0,0,NWS Storm Survey, ,1.59,100,2,WNW,1,SW,MULKEYTOWN,06/08/2009,1912,37.9759,-89.1554,37.9572,-89.1384,"The tornado continued into Franklin County from Perry County. Many trees were blown down. The tornado was embedded within a much broader area of straight-line wind damage to trees. Peak winds were estimated near 85 mph in this portion of the track.","Thunderstorms rapidly developed along a surface frontal boundary from central Illinois into southern Missouri. Extreme instability and favorable wind shear ahead of the activity promoted organized and isolated supercell storms.",118
180206,VERMILION CO.,RYAN,06/19/2009,1650,Tornado, ,EF0,0,0,0,0,IL,CST-6, ,30474,C,183,ILX,0,0,Emergency Manager, ,0.1,10,1,SE,1,SE,RYAN,06/19/2009,1650,40.0377,-87.7808,40.0377,-87.7808,"A tornado briefly touched down in a field 2 miles east-southeast of Fairmont.  The tornado was on the ground for less than one minute, and no damage was reported.","A cold front triggered severe thunderstorms across central Illinois during the late afternoon of June 19th into the early morning hours of June 20th.  An isolated supercell developed across DeWitt County during the  late afternoon, then tracked eastward to the Indiana border.  This cell produced large hail along its path and triggered a couple of brief tornadoes in Vermilion County.  Additional storms swept across the region during the late afternoon and evening, producing widespread wind damage. Heavy rain in parts of southeast Illinois late in the evening resulted in areas of flash flooding.",119
180208,VERMILION CO.,HOME GARDENS,06/19/2009,1709,Tornado, ,EF0,0,0,0,0,IL,CST-6, ,30474,C,183,ILX,0,0,Emergency Manager, ,0.1,10,2,SSE,2,SSE,HOME GARDENS,06/19/2009,1709,40.05,-87.6591,40.05,-87.6591,"A tornado briefly touched down in a field one half mile west of Westville.  The tornado was on the ground for less than one minute, and no damage was reported.","A cold front triggered severe thunderstorms across central Illinois during the late afternoon of June 19th into the early morning hours of June 20th.  An isolated supercell developed across DeWitt County during the  late afternoon, then tracked eastward to the Indiana border.  This cell produced large hail along its path and triggered a couple of brief tornadoes in Vermilion County.  Additional storms swept across the region during the late afternoon and evening, producing widespread wind damage. Heavy rain in parts of southeast Illinois late in the evening resulted in areas of flash flooding.",120
179828,MCHENRY CO.,WOODSTOCK,06/19/2009,1810,Tornado, ,EF1,0,0,75000,0,IL,CST-6, ,30608,C,111,LOT,0,0,NWS Storm Survey, ,0.74,75,2,SSE,2,SE,WOODSTOCK,06/19/2009,1812,42.295,-88.441,42.2997,-88.428,"A tornado touched down near Highway 14 and Davis Road.  At this location, several pine trees had large branches sheared and topped off with two of the trees partially uprooted.  At this point the tornado was rated EF0 with winds estimated near 85 mph and a path width of 20 yards.  The tornado continued northeast, crossing Highway 14, into a neighborhood where it increased in intensity and produced damage to structures and trees.  Damage in the area was to a garage adjacent to a main house.  This well built and fairly new garage was lifted and turned off of its foundation, which was securely bolted to a concrete finish.  Damage at this location was rated EF1 with winds estimated near 100 mph and a path width of 75 yards.  The tornado proceeded to move northeast through the neighborhood where it uprooted four old but healthy soft and hard wood trees.  Just to the northeast of this neighborhood is a commercial district where the tornado produced damage to two buildings.  Damage occurred to the roof of one building with the other building sustaining damage to one of its exterior walls.  The wall was partially collasped but it was an older structure.  EF1 damage was produced at this point with winds estimated near 100 mph and a path width of 30 yards.  The tornado weakened as it moved northeast, producing damage to trees near and along Lake Road. The tornado appeared to have lifted with no other damage evident beyond this point.","Severe thunderstorms moved across northern Illinois during the evening of June 19th producing widespread wind damage and some flash flooding.  The City of Chicago reported almost 1,000 tree emergencies which includes damage to tree limbs, partial trees or entire trees.",121
180873,PEORIA CO.,LANCASTER,07/08/2009,1555,Tornado, ,EF0,0,0,0,0,IL,CST-6, ,30811,C,143,ILX,0,0,Law Enforcement, ,0.1,10,1,W,1,W,LANCASTER,07/08/2009,1555,40.5822,-89.8583,40.5822,-89.8583,"A tornado briefly touched down in a field near the Glasford-Peoria Blacktop.","Scattered thunderstorms developed along a stationary frontal boundary extending from near Galesburg southeastward to Effingham during the afternoon of July 8th.  Two brief tornado touchdowns were reported in Peoria and Mason counties.  An isolated downburst caused minor wind damage in the town of Neoga in Cumberland County.  In addition, a heavy downpour caused street flooding in Mattoon in Coles County.",122
180874,MASON CO.,TEHERAN,07/08/2009,1603,Tornado, ,EF0,0,0,0,0,IL,CST-6, ,30811,C,125,ILX,0,0,Fire Department/Rescue, ,0.1,10,1,WNW,1,WNW,TEHERAN,07/08/2009,1603,40.2239,-89.8103,40.2239,-89.8103,"A tornado briefly touched down in a field 2 miles east-southeast of Easton.","Scattered thunderstorms developed along a stationary frontal boundary extending from near Galesburg southeastward to Effingham during the afternoon of July 8th.  Two brief tornado touchdowns were reported in Peoria and Mason counties.  An isolated downburst caused minor wind damage in the town of Neoga in Cumberland County.  In addition, a heavy downpour caused street flooding in Mattoon in Coles County.",123
191325,BUREAU CO.,PRINCETON PIPER ARPT,07/24/2009,2050,Tornado, ,EF1,0,0,150000,0,IL,CST-6, ,32327,C,11,DVN,0,0,NWS Storm Survey, ,1.21,50,2,SSW,2,SSE,PRINCETON PIPER ARPT,07/24/2009,2055,41.3485,-89.4459,41.3469,-89.4227,"On the evening of July 24, a line of severe thunderstorms moved through Bureau County.  This line intensified over Princeton, IL producing a series of down-bursts which resulted in straight-line winds of 80 to 90 mph and the formation of a brief EF1 tornado with wind speeds estimated to be around 105 mph.  The tornado formed in a field southeast of town around 950 pm and tracked east southeast where it caused damage to a farmstead near Highway 26.  It dissipated in a field east of Highway 26 around 955 pm.  The farm had one barn completely destroyed. Debris from the barn damaged the house and some vehicles.  A two by six board was driven into the side of the garage.  A grain bin just north of the house was also destroyed.  Trees and power poles at the property were snapped.","A cold front from Lake Superior across northwest Iowa coupled with an upper level low over southwest Ontario with an associated short wave dropping across southern Minnesota sparked the development of thunderstorms during the afternoon and evening of July 24. Severe storms producing copious amounts of large hail up to the size of a tennis ball and damaging wind gusts between 60 and 90 mph were common. An isolated tornado touched down near Princeton, IL around 950 pm.",124
186344,BOONE CO.,CAPRON,07/30/2009,1526,Tornado, ,EF0,0,0,0,0,IL,CST-6, ,31706,C,7,LOT,0,0,Trained Spotter, ,0.25,20,1,NNE,1,NE,CAPRON,07/30/2009,1527,42.407,-88.7465,42.4068,-88.7416,"A brief tornado was reported near Capron and Boone School Roads.  A few tree limbs were blown down but no other damage was reported.","Strong to severe thunderstorms moved across far northern Illinois producing funnel clouds and one tornado.",125
188897,GREENE CO.,BARROW,08/19/2009,1310,Tornado, ,EF0,0,0,0,0,IL,CST-6, ,32242,C,61,LSX,0,0,NWS Storm Survey, ,1.07,100,1,NW,1,N,BARROW,08/19/2009,1314,39.5114,-90.4169,39.5209,-90.4011,"A tornado touched down just north of Barrow near Illinois Route 106 and travelled to the northeast crossing County Line Road east of the railroad tracks into Scott County (WFO Lincoln's CWA).  Damage was confined to trees and rated EF0 on the Enhanced Fujita scale.","An upper level system moved northeast through the region, triggering showers and thunderstorms.  Some of the storms produced large hail, damaging winds and tornadoes.",126
194265,SCOTT CO.,ALSEY,08/19/2009,1314,Tornado, ,EF1,0,0,75000,112000,IL,CST-6, ,32994,C,171,ILX,0,0,NWS Storm Survey, ,5.92,200,3,SE,3,NE,MANCHESTER,08/19/2009,1323,39.5209,-90.4011,39.559,-90.3015,"The tornado first touched down in the National Weather Service St. Louis County Warning Area (CWA) in Greene County about 3.5 miles southeast of Alsey at 110 PM CST.  The tornado crossed into Scott County at 114 PM CST, then continued northeastward and crossed into Morgan County at 123 PM CST, eventually lifting in western Morgan County 3.5 miles southwest of Franklin at 135 PM CST.  Severe damage occurred to a mobile home north of Manchester and widespread tree and crop damage occurred along the path of the tornado.  The total length of the tornado from Greene County across Scott and Morgan counties was 18 miles.","A vigorous upper-level disturbance in conjunction with a warm front lifting northward through central Illinois triggered strong to severe thunderstorms during the afternoon and evening of August 19th.  Embedded supercells within a long line of storms produced enhanced wind damage and tornadoes.  Seven tornadoes touched down on August 19th, affecting parts of Scott, Morgan, Sangamon, Logan, DeWitt, McLean, and Vermilion counties.  The strongest tornado was rated as an EF3 by an NWS Storm Survey as it tracked across southern Logan County. Total damages to crops and property from the 7 tornadoes were estimated to be more than $25 Million.",127
194267,MORGAN CO.,MURRAYVILLE,08/19/2009,1323,Tornado, ,EF1,0,0,320000,175000,IL,CST-6, ,32994,C,137,ILX,0,0,NWS Storm Survey, ,8.12,250,3,WSW,2,NW,NORTONVILLE,08/19/2009,1335,39.559,-90.3015,39.5883,-90.1539,"The tornado crossed from Scott County into Morgan County, then lifted 3.5 miles southwest of Franklin at 135 PM CST. Widespread tree and crop damage occurred along its path. Numerous grain bins and sheds were also damaged. The tornado reached a maximum width of 250 yards as it moved across extreme western Morgan County.","A vigorous upper-level disturbance in conjunction with a warm front lifting northward through central Illinois triggered strong to severe thunderstorms during the afternoon and evening of August 19th.  Embedded supercells within a long line of storms produced enhanced wind damage and tornadoes.  Seven tornadoes touched down on August 19th, affecting parts of Scott, Morgan, Sangamon, Logan, DeWitt, McLean, and Vermilion counties.  The strongest tornado was rated as an EF3 by an NWS Storm Survey as it tracked across southern Logan County. Total damages to crops and property from the 7 tornadoes were estimated to be more than $25 Million.",128
194269,MORGAN CO.,FRANKLIN,08/19/2009,1346,Tornado, ,EF1,0,0,100000,60000,IL,CST-6, ,32994,C,137,ILX,0,0,NWS Storm Survey, ,2.78,440,2,ENE,0,WSW,ROHRER,08/19/2009,1351,39.6333,-90.0066,39.6476,-89.9578,"The tornado touched down in extreme eastern Morgan County 2 miles northeast of Franklin at 146 PM CST, then crossed into Sangamon County at 151 PM CST.  The tornado then continued northeastward across Sangamon County, impacting the southern edge of the town of Loami before lifting 1.5 miles nortwest of Chatham at 208 PM CST.  Major tree and crop damage occurred along the path of the tornado in eastern Morgan County.","A vigorous upper-level disturbance in conjunction with a warm front lifting northward through central Illinois triggered strong to severe thunderstorms during the afternoon and evening of August 19th.  Embedded supercells within a long line of storms produced enhanced wind damage and tornadoes.  Seven tornadoes touched down on August 19th, affecting parts of Scott, Morgan, Sangamon, Logan, DeWitt, McLean, and Vermilion counties.  The strongest tornado was rated as an EF3 by an NWS Storm Survey as it tracked across southern Logan County. Total damages to crops and property from the 7 tornadoes were estimated to be more than $25 Million.",129
194270,SANGAMON CO.,PROUTY,08/19/2009,1351,Tornado, ,EF2,0,3,4000000,330000,IL,CST-6, ,32994,C,167,ILX,0,0,NWS Storm Survey, ,16.37,440,3,SW,2,S,ILES,08/19/2009,1416,39.6476,-89.9578,39.7254,-89.6669,"The tornado crossed into Sangamon County from Morgan County at 151 PM CST, then continued northeastward through the town of Loami before lifting 1.5 miles northwest of Chatham at 208 PM CST.  In Loami, 13 homes were destroyed and 19 homes were severely damaged.  In addition, the tornado produced damage to several homes, farm machinery sheds, trees, and crops along the remainder of its path. Three people sustained minor injuries from flying or falling debris in Loami.","A vigorous upper-level disturbance in conjunction with a warm front lifting northward through central Illinois triggered strong to severe thunderstorms during the afternoon and evening of August 19th.  Embedded supercells within a long line of storms produced enhanced wind damage and tornadoes.  Seven tornadoes touched down on August 19th, affecting parts of Scott, Morgan, Sangamon, Logan, DeWitt, McLean, and Vermilion counties.  The strongest tornado was rated as an EF3 by an NWS Storm Survey as it tracked across southern Logan County. Total damages to crops and property from the 7 tornadoes were estimated to be more than $25 Million.",130
194276,SANGAMON CO.,TORONTO,08/19/2009,1417,Tornado, ,EF1,0,0,200000,240000,IL,CST-6, ,32994,C,167,ILX,0,0,NWS Storm Survey, ,12.93,200,2,SSE,3,S,MECHANICSBURG,08/19/2009,1437,39.7049,-89.6145,39.7802,-89.3917,"The tornado touched down 6 miles south-southeast of Springfield on the west banks of Lake Springfield at 217 PM CST.  The tornado then crossed the lake and continued northeastward just southeast of Rochester before lifting 2 miles south-southeast of Mechanicsburg at 237 PM CST.  Several large trees were snapped off along the west shore of Lake Springfield as the tornado first touched down.  Numerous trees and tree branches were knocked down further east along the path of the storm, with a few structures damaged by falling limbs, including the Lake Springfield Yacht Club.  In addition, widespread crop damage was observed.","A vigorous upper-level disturbance in conjunction with a warm front lifting northward through central Illinois triggered strong to severe thunderstorms during the afternoon and evening of August 19th.  Embedded supercells within a long line of storms produced enhanced wind damage and tornadoes.  Seven tornadoes touched down on August 19th, affecting parts of Scott, Morgan, Sangamon, Logan, DeWitt, McLean, and Vermilion counties.  The strongest tornado was rated as an EF3 by an NWS Storm Survey as it tracked across southern Logan County. Total damages to crops and property from the 7 tornadoes were estimated to be more than $25 Million.",131
194892,SANGAMON CO.,WILLIAMSVILLE,08/19/2009,1419,Tornado, ,EF3,0,17,11000000,75000,IL,CST-6, ,32994,C,167,ILX,0,0,NWS Storm Survey, ,4.37,600,1,WNW,4,ENE,WILLIAMSVILLE,08/19/2009,1426,39.9555,-89.5611,39.9726,-89.4837,"The tornado touched down on the west side of Williamsville, just west of I-55, at 319 PM CST.  It destroyed an antique mall, damaged the Casey's gas station building and collapsed the canopy over the gas pumps.  One person was injured at the mall, while 2 motorcyclists were injured when they were thrown from their bikes.  The tornado moved northeast through Williamsville and hit a church, throwing a 2-horse trailer onto the roof and collapsing the roof over half of the building.  One person inside the church was injured.  The tornado continued through the northern portion of town, causing damage to numerous trees and several homes.  Two homes lost their roof and several others lost a portion of their roof.  The tornado also caved in the southern end of a metal building, part of an agricultural business on the edge of town.  A total of 12 additional people were injured by tornado debris in the town of Williamsville. The width of the tornado through town ranged from 100 to 150 yards.  The maximum wind speed of 135 mph (EF2) in Williamsville was determined from the damage to the church. A total of 10 houses were destroyed and 35 houses damaged in Williamsville. A total of six businesses and non-residential properties were destroyed.||The tornado continued east-northeast and flattened cornfields, damaged farm outbuildings and machine sheds, and damaged homes, garages, and vehicles on Lester Rd.  Two houses were completely destroyed, and four others had extensive damage, as the tornado widened to 600 yards at this point.  A 19-month-old baby was injured as the family home was hit by the tornado. ||The maximum wind speed at this point was estimated at 140 mph (EF3).  The tornado continued through fields, causing extensive crop damage, until crossing into Logan County around 326 PM CST.  Path length through Sangamon County was 4.5 miles.","A vigorous upper-level disturbance in conjunction with a warm front lifting northward through central Illinois triggered strong to severe thunderstorms during the afternoon and evening of August 19th.  Embedded supercells within a long line of storms produced enhanced wind damage and tornadoes.  Seven tornadoes touched down on August 19th, affecting parts of Scott, Morgan, Sangamon, Logan, DeWitt, McLean, and Vermilion counties.  The strongest tornado was rated as an EF3 by an NWS Storm Survey as it tracked across southern Logan County. Total damages to crops and property from the 7 tornadoes were estimated to be more than $25 Million.",132
194893,LOGAN CO.,ELKHART,08/19/2009,1426,Tornado, ,EF3,0,2,7200000,1000000,IL,CST-6, ,32994,C,107,ILX,0,0,NWS Storm Survey, ,19.9,880,3,S,2,E,BEASON,08/19/2009,1502,39.9726,-89.4837,40.1469,-89.1656,"The tornado moved into Logan county from Sangamon county at 326 PM CST and continued heading northeast.  It widened to 1/2 mile at several locations along its path. The tornado destroyed 7 houses and damaged 15 others. Numerous grain bins and outbuildings were also destroyed. Crop losses were extensive along the 20 mile path and were estimated to be around $1 Million. Two people sustained injuries when the shed they were seeking shelter in was destroyed.||Wind speeds were estimated at 140 mph as the tornado crossed from Sangamon County, decreasing to 110 to 120 mph as it moved to areas between Lincoln and Mt. Pulaski.   The tornado continued northeast before weakening to speeds of 90 to 100 mph, with a width of 50 to 100 yards.  The tornado dissipated just east of Beason at 402 PM CST.  The path length in Logan County was nearly 20 miles.","A vigorous upper-level disturbance in conjunction with a warm front lifting northward through central Illinois triggered strong to severe thunderstorms during the afternoon and evening of August 19th.  Embedded supercells within a long line of storms produced enhanced wind damage and tornadoes.  Seven tornadoes touched down on August 19th, affecting parts of Scott, Morgan, Sangamon, Logan, DeWitt, McLean, and Vermilion counties.  The strongest tornado was rated as an EF3 by an NWS Storm Survey as it tracked across southern Logan County. Total damages to crops and property from the 7 tornadoes were estimated to be more than $25 Million.",133
195081,DE WITT CO.,MIDLAND CITY,08/19/2009,1504,Tornado, ,EF0,0,0,10000,8000,IL,CST-6, ,32994,C,39,ILX,0,0,NWS Storm Survey, ,2.38,15,1,NW,1,NNE,TABOR,08/19/2009,1509,40.1649,-89.1441,40.1886,-89.1113,"A tornado developed in an open field about 5.2 miles south-southwest of Waynesville, or about 0.2 mile east of the Logan/DeWitt County line and 1 mile north of Illinois Route 10. The tornado did damage to crops and trees before it dissipated about 3.5 miles south-southeast of Waynesville.","A vigorous upper-level disturbance in conjunction with a warm front lifting northward through central Illinois triggered strong to severe thunderstorms during the afternoon and evening of August 19th.  Embedded supercells within a long line of storms produced enhanced wind damage and tornadoes.  Seven tornadoes touched down on August 19th, affecting parts of Scott, Morgan, Sangamon, Logan, DeWitt, McLean, and Vermilion counties.  The strongest tornado was rated as an EF3 by an NWS Storm Survey as it tracked across southern Logan County. Total damages to crops and property from the 7 tornadoes were estimated to be more than $25 Million.",134
194910,MCLEAN CO.,HOLDER,08/19/2009,1527,Tornado, ,EF0,0,0,0,4000,IL,CST-6, ,32994,C,113,ILX,0,0,Storm Chaser, ,2.48,20,3,SSE,2,S,PADUA,08/19/2009,1534,40.4112,-88.806,40.4282,-88.7645,"The tornado developed in an open field 3 miles south of the town of Holder. Damage was minimal, and was confined to crops. The tornado dissipated on the west edge of a large wind farm, about 3 miles to the southeast of Holder.","A vigorous upper-level disturbance in conjunction with a warm front lifting northward through central Illinois triggered strong to severe thunderstorms during the afternoon and evening of August 19th.  Embedded supercells within a long line of storms produced enhanced wind damage and tornadoes.  Seven tornadoes touched down on August 19th, affecting parts of Scott, Morgan, Sangamon, Logan, DeWitt, McLean, and Vermilion counties.  The strongest tornado was rated as an EF3 by an NWS Storm Survey as it tracked across southern Logan County. Total damages to crops and property from the 7 tornadoes were estimated to be more than $25 Million.",135
195082,VERMILION CO.,JAMESBURG,08/19/2009,1610,Tornado, ,EF0,0,0,80000,15000,IL,CST-6, ,32994,C,183,ILX,0,0,Emergency Manager, ,4.71,50,2,SSE,0,ENE,HENNING,08/19/2009,1618,40.2424,-87.7388,40.3014,-87.694,"The tornado touched down 3.5 miles northeast of Collision at 410 PM CST, and lifted at 418 PM CST one-half mile southeast of Henning.  It damaged two homes and numerous outbuildings in addition to crop and tree damage.","A vigorous upper-level disturbance in conjunction with a warm front lifting northward through central Illinois triggered strong to severe thunderstorms during the afternoon and evening of August 19th.  Embedded supercells within a long line of storms produced enhanced wind damage and tornadoes.  Seven tornadoes touched down on August 19th, affecting parts of Scott, Morgan, Sangamon, Logan, DeWitt, McLean, and Vermilion counties.  The strongest tornado was rated as an EF3 by an NWS Storm Survey as it tracked across southern Logan County. Total damages to crops and property from the 7 tornadoes were estimated to be more than $25 Million.",136
193852,IROQUOIS CO.,PITTWOOD,08/19/2009,1700,Tornado, ,EF1,0,0,100000,0,IL,CST-6, ,33278,C,75,LOT,0,0,NWS Storm Survey, ,2.75,50,3,S,3,SE,PITTWOOD,08/19/2009,1707,40.8255,-87.7306,40.8426,-87.6829,"A tornado touched down along County Road 2100 East, north of the intersection of County Roads 2100 North and 2100 East.  The initial touchdown was in a corn field where the corn was laid down in a convergent pattern.  At this location, the tornado was approximately 20 yards wide.  The tornado then crossed County Road 2100 North where it caused damage to trees and a small corn silo next to a farm house.  Just behind this farm house, several large trees were broken near their base with one tree uprooted.  Most of these trees were around three feet in diameter.  Some internal rot was noted in a few of the trees making them more susceptible to wind damage.  The tornado then appears to have lifted briefly before touching down again just behind a home along County Road 2200 East, between County Roads 2100 North and 2150 North.  At this location, significant tree damage was observed with multiple limbs between one and two feet in diameter being broken and falling in a convergent manner.  Also at this location, a detached garage was destroyed with debris being scattered 50 to 100 feet to the northeast.  This appears to be the point along the damage path where the tornado reached its maximum intensity with an estimated peak wind speed of 105 mph and a width of 50 yards.  The tornado then crossed County Road 2100 East causing damage to corn along both County Road 2100 East and County Road 2150 North.  After crossing County Road 2150 North, the tornado destroyed a barn housing farming equipment, measuring 44 by 72 feet.  Debris from this barn was scattered in all directions from the barn's original location.  Several pieces of farm equipment estimated to weigh between 5,000 and 15,000 pounds were moved several feet north and northeast of their original location including a grain wagon which was lifted and placed on top of other farm equipment.  After destroying the barn, the tornado moved northeast through a corn field where additional crop damage was observed.  The tornado then again briefly lifted before striking a home and a detached garage along County Road 2340 East.  Siding and minor roof and shingle damage was observed on the house and the detached garage lost its roof and suffered a collapse of the south wall.  At this location, the tornado was estimated to be about 40 yards wide.  The tornado appears to have lifted as it crossed County Road 2340 East.","Severe thunderstorms developed during the afternoon hours and moved northeast across parts northern and central Illinois.  Three tornadoes were confirmed during this event.",137
193850,KANE CO.,ELBURN,08/19/2009,1700,Tornado, ,EF1,0,0,25000,0,IL,CST-6, ,33278,C,89,LOT,0,0,NWS Storm Survey, ,1,40,2,N,2,S,LILY LAKE,08/19/2009,1702,41.9084,-88.4642,41.92,-88.4758,"A tornado touched down just north of Route 38.  At this location, a field of corn was flattened in a covergent manner towards the northwest.  Damage was rated EF0 with winds near 65 mph and a path width of 20 yards.  The tornado moved northwest and intensified as it moved along Route 47 where it snapped off and uprooted multiple large hardwood and softwood trees.  The damage at this location was blown in a convergent pattern to the northwest.  EF1 damage was observed with winds estimated near 105 mph and a path width of 40 yards.  The tornado continued to the northwest maintaining its strength causing more tree damage along Route 47.  Several trees were snapped off and consistently blown in the same direction to the northwest.  Several cars were damaged by falling tree limbs.  Damage was rated EF1 at this location with winds near 105 mph and a path width of 40 yards.  Several residences along Route 47 continued to receive damage to many trees on their property even as the tornado was weakening.  The last of the damage observed was in a corn field just to the west of Route 47.  Here corn was flattened and twisted before the the tornado lifted with the damage rated EF0 with winds near 65 mph.","Severe thunderstorms developed during the afternoon hours and moved northeast across parts northern and central Illinois.  Three tornadoes were confirmed during this event.",138
193851,KANE CO.,LILY LAKE,08/19/2009,1715,Tornado, ,EF0,0,0,0,0,IL,CST-6, ,33278,C,89,LOT,0,0,NWS Storm Survey, ,0.75,30,1,SSE,1,SE,LILY LAKE,08/19/2009,1716,41.9322,-88.47,41.9429,-88.4678,"A tornado touched down in a subdivision about a half mile north of Route 64.  At this location, several large hardwood tree limbs were snapped and twisted off.  Damage here was rated EF0 with winds near 75 mph and a path width of 30 yards.  The tornado quickly moved to the northeast where it continued to cause damage to multiple large trees in this subdivision.  The tornado began to weaken and produced the last of its damage about a quarter mile north of Route 64 where several large tree limbs were snapped off.  Damage was rated EF0 with winds near 70 mph and a path width of 30 yards.","Severe thunderstorms developed during the afternoon hours and moved northeast across parts northern and central Illinois.  Three tornadoes were confirmed during this event.",139
224872,MONTGOMERY CO.,HILLSBORO,04/05/2010,1514,Tornado, ,EF0,0,0,0,0,IL,CST-6, ,38789,C,135,LSX,0,0,Law Enforcement, ,0.18,10,2,W,2,W,HILLSBORO,04/05/2010,1515,39.1452,-89.5238,39.1462,-89.5206,"A tornado briefly touched down in a field. No damage or injuries were reported.","Storms fired north of a warm front during the afternoon hours of April 5th, some of which became severe.",140
216197,JACKSON CO.,CRAIN,04/07/2010,1528,Tornado, ,EF0,0,0,5000,0,IL,CST-6, ,37174,C,77,PAH,0,0,NWS Storm Survey, ,1.88,50,2,WSW,1,NNW,CRAIN,04/07/2010,1531,37.7648,-89.5304,37.7827,-89.5044,"Half of the metal roof of a small farm shed was blown off. A large tree and less than a dozen small trees were blown down. A tree and power lines were down on Highway 3. A few signs were blown down. Less than ten percent of the metal roofing and siding was blown off a house. Some wheat less than a foot tall was blown down. A trained spotter and a local resident took photos, but the tornado was very difficult to identify through the rain. Peak winds in this tornado were estimated near 85 mph.","A cold front trailed south-southwestward from a surface low pressure center over west central Illinois through southeast Missouri. This cold front provided the low level lift for short lines of thunderstorms to develop during the late afternoon. Some breaks in the clouds allowed sunshine to destabilize the atmosphere, but mixed layer capes remained at or below 1000 j/kg due to modest lapse rates and low-level moisture. Surface dew points around 60 degrees pooled along the front. Wind profiles were unidirectional and generally parallel to the front. As a result, the storms were mainly organized into short linear structures with some bowing segments. An isolated non-supercell tornado occurred west of Murphysboro.",141
225452,MONROE CO.,MERRIMAC,04/30/2010,1950,Tornado, ,EF2,0,0,0,0,IL,CST-6, ,38853,C,133,LSX,0,0,NWS Storm Survey, ,7.24,350,2,SW,2,NE,WARNOCK,04/30/2010,1957,38.3505,-90.3498,38.4186,-90.2482,"A tornado touched down about a mile and a quarter south southeast of Kimmswick on the Illinois side of the Mississippi River.  It travelled to the northeast for about 7 miles before lifting and dissipating.   Several large trees were blown down just west the levee in a two and a half mile area along the path.  The greatest degree of damage occurred on County Road 200E just south of the intersection with Merrimac Road.  The roof of a two story home was approximately 80 percent removed.  A second roof  to a porch was totally removed and blown to the north northeast.  Window and siding damage was also observed.  Several trees and large limbs at the back of this home were severely damaged and helped to show a large convergent damage pattern.  Two other homes west of the first home sustained varying degrees of damage.  Roof, window and siding damage was common on these two homes.  A large hanger at Jacobs Field, northeast of the home damage, sustained varying degrees of damage.  Large sections of the hanger's metal roof were blown a quarter to half a mile to the north northeast.  The tornado continued to damage small to medium sized machine sheds and caused minor damage to a few homes along the rest of its path.  No injuries were reported.","Storms developed ahead of a strong cold front during the afternoon and evening hours. Numerous reports of severe weather were received including large hail, damaging winds and tornadoes.",142
225465,MONROE CO.,FOSTER POND,04/30/2010,1957,Tornado, ,EF0,0,0,0,0,IL,CST-6, ,38853,C,133,LSX,0,0,NWS Storm Survey, ,0.11,50,2,NW,2,NW,FOSTER POND,04/30/2010,1958,38.342,-90.2423,38.343,-90.2408,"A tornado briefly touched down on Deer Hill Road, about 1.5 miles southwest of the intersection of Deer Hill Road and County Road HH.  A few large trees and several large tree limbs were blown down.  One home in the path of this tornado sustained shingle damage.","Storms developed ahead of a strong cold front during the afternoon and evening hours. Numerous reports of severe weather were received including large hail, damaging winds and tornadoes.",143
227255,EDGAR CO.,HUME,05/21/2010,1120,Tornado, ,EF0,0,0,0,0,IL,CST-6, ,39141,C,45,ILX,0,0,Emergency Manager, ,0.12,10,1,S,1,S,HUME,05/21/2010,1121,39.7822,-87.869,39.7839,-87.8682,"A tornado briefly touched down 1 mile south of Hume.  No damage was reported.","A low pressure system tracked from Missouri across central Illinois on May 21st, triggering scattered strong to severe thunderstorms along and east of I-57.  Enough wind shear was present near the track of the low to create supercell thunderstorms with large hail, damaging winds and areas of flash flooding.  In addition...two brief tornado touchdowns were reported in Edgar County as the storms tracked further eastward toward Indiana.",144
227256,EDGAR CO.,MORTIMER,05/21/2010,1140,Tornado, ,EF0,0,0,0,0,IL,CST-6, ,39141,C,45,ILX,0,0,Emergency Manager, ,0.11,10,1,ESE,1,ESE,MORTIMER,05/21/2010,1141,39.8456,-87.7328,39.8468,-87.7314,"A tornado briefly touched down northeast of Metcalf.  No damage was reported.","A low pressure system tracked from Missouri across central Illinois on May 21st, triggering scattered strong to severe thunderstorms along and east of I-57.  Enough wind shear was present near the track of the low to create supercell thunderstorms with large hail, damaging winds and areas of flash flooding.  In addition...two brief tornado touchdowns were reported in Edgar County as the storms tracked further eastward toward Indiana.",145
227285,PEORIA CO.,LAURA,05/25/2010,1310,Tornado, ,EF0,0,0,0,0,IL,CST-6, ,39144,C,143,ILX,0,0,Trained Spotter, ,0.65,15,2,NW,3,NW,LAURA,05/25/2010,1314,40.9481,-89.857,40.9524,-89.8681,"A landspout tornado developed, as a gustnado on an outflow boundary spun-up and connected with a convergence line funnel, in a field northwest of Princeville. The landspout tracked slowly to the west-northwest for 4 minutes before dissipating.  No damage was reported.","An unseasonably hot and humid airmass persisted across central Illinois on May 25th.  Numerous outflow boundaries left behind by convection from the day before served as focusing mechanisms for additional thunderstorms...mainly during the afternoon and evening.  Some of the storms produced small hail and locally heavy rainfall that led to flash flooding.  In addition...a tornado briefly touched down in northern Peoria County.",146
232420,LIVINGSTON CO.,ANCONA,05/26/2010,1745,Tornado, ,EF0,0,0,0,0,IL,CST-6, ,39949,C,105,LOT,0,0,Trained Spotter, ,0.4,30,2,E,2,E,ANCONA,05/26/2010,1752,41.03,-88.8316,41.03,-88.824,"A small shower developed along intersecting outflow boundaries and produced a small tornado or landspout.  The landspout was observered moving to the east very slowly in a field about two miles east of Ancona and lasted about 7 minutes.  The landspout produced no damage.","Strong to severe thunderstorms moved across parts of northern Illinois during the afternoon of May 26th.  Very heavy rain and minor flooding was reported in some locations in addition to some hail.  A small landspout also touched down in Livingston County.",147
236515,CHRISTIAN CO.,OWANECO,06/03/2010,1206,Tornado, ,EF0,0,0,0,0,IL,CST-6, ,40662,C,21,ILX,0,0,Emergency Manager, ,0.1,15,3,W,3,WNW,OWANECO,06/03/2010,1207,39.4879,-89.2533,39.4881,-89.2514,"A tornado briefly touched down in rural Christian County.  No damage was reported.","A stationary frontal boundary extending across central Illinois served as the focus for thunderstorm development during the afternoon of June 3rd.  Enough low-level wind shear existed in the environment near the front to produce rotation within many of the storms.  Numerous funnel clouds were sighted south of the I-72 corridor from south of Jacksonville northeastward to near Paris.  One tornado briefly touched down in rural Christian County.",148
243551,KNOX CO.,EASTSIDE GALESBURG,06/05/2010,1834,Tornado, ,EF0,0,0,0,2000,IL,CST-6, ,41786,C,95,ILX,0,0,NWS Storm Survey, ,0.09,10,2,WSW,2,WSW,EASTSIDE GALESBURG,06/05/2010,1835,40.8345,-90.3554,40.8346,-90.3537,"A tornado briefly touched down in a field 3 miles northeast of Abingdon.  Minor crop damage occurred: however, no structures were impacted.","A stationary frontal boundary extending from southern Michigan across north-central Illinois served as the focus for severe thunderstorm development during the late afternoon and evening of June 5th.  A vigorous upper-level disturbance tracking across the Upper Midwest added extra wind energy to the atmosphere, allowing supercell thunderstorms to develop along the front.  Eight tornadoes were spawned by the storms, mainly along a Galesburg to Eureka line.  An isolated tornado formed further south across eastern Logan and western DeWitt counties as well.  No injuries were reported.",149
243555,KNOX CO.,DOUGLAS,06/05/2010,1856,Tornado, ,EF2,0,0,420000,50000,IL,CST-6, ,41786,C,95,ILX,0,0,NWS Storm Survey, ,5.71,50,2,NNW,2,E,YATES CITY,06/05/2010,1904,40.801,-90.0919,40.782,-89.9856,"A tornado touched down 4.5 miles west-northwest of Yates City in eastern Knox County then tracked southeastward to the Knox-Peoria County line.  Large tree limbs were snapped and crops were scoured in numerous places along this path.  A house had the roof torn off and much of the upper level of the structure severely damaged. The attached garage was also destroyed. In addition, a large garage was destroyed, and seven outbuildings were severely damaged. The tornado continued southeastward into Peoria County.","A stationary frontal boundary extending from southern Michigan across north-central Illinois served as the focus for severe thunderstorm development during the late afternoon and evening of June 5th.  A vigorous upper-level disturbance tracking across the Upper Midwest added extra wind energy to the atmosphere, allowing supercell thunderstorms to develop along the front.  Eight tornadoes were spawned by the storms, mainly along a Galesburg to Eureka line.  An isolated tornado formed further south across eastern Logan and western DeWitt counties as well.  No injuries were reported.",150
243563,PEORIA CO.,ELMWOOD,06/05/2010,1904,Tornado, ,EF2,0,0,85000000,0,IL,CST-6, ,41786,C,143,ILX,0,0,NWS Storm Survey, ,2.1,50,1,W,1,E,ELMWOOD,06/05/2010,1907,40.782,-89.9856,40.7765,-89.9461,"A tornado crossed the Knox-Peoria County line 1.1 miles west of Elmwood, then continued southeastward through the town of Elmwood.  Considerable structural damage occurred to 10 homes, 30 businesses and nearly two dozen vehicles in downtown Elmwood, amounting to approximately $85 million in damages. There was a total of about 80 people, some that were attending an outdoor festival in the downtown and some that were at a theater, that took shelter in the basement of the movie theater. As a result, there were no injuries. The tornado dissipated 1 mile east of Elmwood.","A stationary frontal boundary extending from southern Michigan across north-central Illinois served as the focus for severe thunderstorm development during the late afternoon and evening of June 5th.  A vigorous upper-level disturbance tracking across the Upper Midwest added extra wind energy to the atmosphere, allowing supercell thunderstorms to develop along the front.  Eight tornadoes were spawned by the storms, mainly along a Galesburg to Eureka line.  An isolated tornado formed further south across eastern Logan and western DeWitt counties as well.  No injuries were reported.",151
243567,PEORIA CO.,SOUTHPORT,06/05/2010,1910,Tornado, ,EF1,0,0,85000,0,IL,CST-6, ,41786,C,143,ILX,0,0,NWS Storm Survey, ,4.86,100,1,WSW,2,ESE,OAK HILL,06/05/2010,1918,40.7732,-89.9174,40.7694,-89.8247,"A tornado touched down 2.6 miles east of Elmwood, then continued eastward across southern Peoria County. Numerous trees and tree limbs were blown down along the path of the tornado.  In addition, shingles were stripped off a home, a small shed was destroyed, and a grain bin was blown one quarter of a mile into a field.  The tornado lifted 4.1 miles west-southwest of Kickapoo.","A stationary frontal boundary extending from southern Michigan across north-central Illinois served as the focus for severe thunderstorm development during the late afternoon and evening of June 5th.  A vigorous upper-level disturbance tracking across the Upper Midwest added extra wind energy to the atmosphere, allowing supercell thunderstorms to develop along the front.  Eight tornadoes were spawned by the storms, mainly along a Galesburg to Eureka line.  An isolated tornado formed further south across eastern Logan and western DeWitt counties as well.  No injuries were reported.",152
236695,PUTNAM CO.,PUTNAM,06/05/2010,1910,Tornado, ,EF2,0,0,1000000,0,IL,CST-6, ,40628,C,155,DVN,0,0,NWS Storm Survey, ,8.96,880,6,SE,3,ESE,MAGNOLIA,06/05/2010,1935,41.1289,-89.3142,41.111,-89.1438,"Between approximately 810 pm and 835 pm on June 5, an EF2 tornado moved across areas from about 2.75 miles east northeast of Henry, IL, through Magnolia, IL, into western La Salle County about 3 miles east of Magnolia, IL.  Wind speeds were estimated to be 135 mph. The tornado touched down at the shore of Sawmill Lake with a width of about 0.5 miles.  Numerous trees were snapped off and shredded, laying in scattered directions.  Extensive tree damage and some structural damage was observed toward Taylor Rd. Along County Road 150 N and Highway 18 west of Magnolia, several farm outbuildings including a large barn and steel shed were destroyed.  A 400 to 450 foot tall cell phone tower was completely destroyed. |In Magnolia, IL, the tornado caused extensive tree damage across the northern two thirds of town with minor damage to numerous residences.  On the north side of town, the tornado ripped the roofs completely off of four structures. The tornado weakened to an EF0 rating as it approached and crossed into La Salle County, where the NWS Chicago Storm Survey Team indicated it lifted about 1.23 miles east of the county line just south of Highway 18.","Strong to severe thunderstorms developed along a line extending from northeast Iowa  into north central Missouri June 5th. Some tornadoes were spawned as the line moved toward and across the Mississippi River.  Damaging winds and flooding rains also accompanied the stronger storms.",153
243569,PEORIA CO.,KRAMM,06/05/2010,1918,Tornado, ,EF1,0,0,170000,0,IL,CST-6, ,41786,C,143,ILX,0,0,NWS Storm Survey, ,3.88,75,2,WNW,1,NE,EDWARDS,06/05/2010,1924,40.7616,-89.8175,40.756,-89.7437,"A tornado touched down 4 miles west-southwest of Kickapoo, then continued eastward across southern Peoria County, eventually lifting 0.7 miles north of Edwards.  Numerous trees and tree branches were blown down along the path of the tornado.  A large barn was destroyed and the siding was stripped off the east side of another barn.  In addition, large trees were blown down onto two homes, causing considerable roof damage.","A stationary frontal boundary extending from southern Michigan across north-central Illinois served as the focus for severe thunderstorm development during the late afternoon and evening of June 5th.  A vigorous upper-level disturbance tracking across the Upper Midwest added extra wind energy to the atmosphere, allowing supercell thunderstorms to develop along the front.  Eight tornadoes were spawned by the storms, mainly along a Galesburg to Eureka line.  An isolated tornado formed further south across eastern Logan and western DeWitt counties as well.  No injuries were reported.",154
224973,LA SALLE CO.,PRISCILLA,06/05/2010,1928,Tornado, ,EF0,0,0,5000,0,IL,CST-6, ,38801,C,99,LOT,0,0,NWS Storm Survey, ,1.33,30,3,SSW,3,SSE,PRISCILLA,06/05/2010,1930,41.114,-89.1625,41.1112,-89.1371,"A NWS survey team found intermittent damage from the Putnam County line to just east of East 1st Road, about one half mile south of Illinois Route 18. The damage consisted primarily of tree and minor structural damage to farm buildings. See Stormdata for Illinois, Northwest for the beginning of this tornado.","Severe thunderstorms, including a few long tracked supercells moved across central and northern Illinois, producing damaging winds, hail and tornadoes.",155
243576,PEORIA CO.,ORANGE PRAIRIE,06/05/2010,1932,Tornado, ,EF0,0,0,100000,0,IL,CST-6, ,41786,C,143,ILX,0,0,NWS Storm Survey, ,2.02,100,0,S,1,N,SHERWOOD FOREST,06/05/2010,1935,40.7652,-89.67,40.7676,-89.6315,"A tornado touched down 6.5 miles northwest of Peoria then continued northeastward through the Bridalwood Drive neighborhood just east of Route 6.  Numerous trees were snapped and several homes experienced shingle damage.","A stationary frontal boundary extending from southern Michigan across north-central Illinois served as the focus for severe thunderstorm development during the late afternoon and evening of June 5th.  A vigorous upper-level disturbance tracking across the Upper Midwest added extra wind energy to the atmosphere, allowing supercell thunderstorms to develop along the front.  Eight tornadoes were spawned by the storms, mainly along a Galesburg to Eureka line.  An isolated tornado formed further south across eastern Logan and western DeWitt counties as well.  No injuries were reported.",156
226118,LA SALLE CO.,TWIN BLUFFS,06/05/2010,1932,Tornado, ,EF0,0,0,0,0,IL,CST-6, ,38801,C,99,LOT,0,0,NWS Storm Survey, ,0.21,50,2,W,2,W,TWIN BLUFFS,06/05/2010,1933,41.3269,-88.9365,41.3272,-88.9324,"A tornado briefly occurred just west of Ottawa and just north of Starved Rock State Park.  A damage survey conducted by the National Weather Service found some minor damage in the area with a couple large trees downed along with several other branches of varying sizes downed.","Severe thunderstorms, including a few long tracked supercells moved across central and northern Illinois, producing damaging winds, hail and tornadoes.",157
243577,MARSHALL CO.,WENONA,06/05/2010,1934,Tornado, ,EF1,0,0,40000,0,IL,CST-6, ,41786,C,123,ILX,0,0,NWS Storm Survey, ,0.81,100,4,NNW,4,NNW,WENONA,06/05/2010,1935,41.1005,-89.0869,41.1045,-89.0723,"A tornado touched down 3.8 miles north-northwest of Wenona in Marshall County, just west of County Road 2900E.  Several trees and powerlines were blown down before the tornado crossed into LaSalle County, which is part of National Weather Service Chicago's county warning area.","A stationary frontal boundary extending from southern Michigan across north-central Illinois served as the focus for severe thunderstorm development during the late afternoon and evening of June 5th.  A vigorous upper-level disturbance tracking across the Upper Midwest added extra wind energy to the atmosphere, allowing supercell thunderstorms to develop along the front.  Eight tornadoes were spawned by the storms, mainly along a Galesburg to Eureka line.  An isolated tornado formed further south across eastern Logan and western DeWitt counties as well.  No injuries were reported.",158
225533,LA SALLE CO.,EAST WENONA,06/05/2010,1935,Tornado, ,EF2,0,17,7000000,0,IL,CST-6, ,38801,C,99,LOT,0,0,NWS Storm Survey, ,16.81,800,2,NW,2,SE,KERNAN,06/05/2010,1957,41.1045,-89.0723,41.1087,-88.7496,"Shortly after the Magnolia, IL tornado lifted, the same supercell thunderstorm went on to produce another tornado near the Marshall and LaSalle County line. National Weather Service damage survey teams found the damage from this tornado began just west of 2900 E Road and about one quarter mile south of 1250 N Road, or N 12th Road, which is the road that marks the county line. The tornado crossed north of 1250 N Road at Interstate 39. See Stormdata for Illinois, Central for the beginning of this tornado. ||This tornado continued eastward tracking along and just north of 12th Road,  producing primarily EF0 to EF1 intensity damage, largely in the form of downed trees, power lines, and very minor structural damage. ||After the tornado moved past E 9th Road, the damage became more sporadic, which corresponded with spotter and storm chasers who reported that the tornado was not continuously on the ground before it reached Streator. Damage became more consistent again as the tornado moved east of E 12th Road, remaining just north of N 12th Road. The tornado appears to have remained on the ground from this point east into the city of Streator. The damage from E 9th Road east to E 15th Road was rated EF0 intensity and consisted primarily of minor tree damage.||The tornado appears to have intensified as it moved into the city of Streator with EF2 intensity damage near the Eagle Pass subdivision where there was significant tree damage, along with portions of roofs removed from well built single family homes. The tornado continued eastward across southern portions of the city of Streator, damaging numerous homes and completely destroying several homes. Some of the most intense damage in Streator occurred along Hall Street and near Southside Athletic Park, where damage was rated higher end EF2. The most intense damage occurred through an approximately one quarter mile wide path through the city of Streator.||Twenty one homes were uninhabitable and had to be destroyed. Another 33 homes were uninhabitable and had to undergo major repair. Another 150 homes had some degree of damage.  ||A few businesses were also damaged including the Engle Lane Theater, an auto salvage business, an auto repair shop, and a landscape and nursery business. ||The tornado then continued eastward out of the city of Streator producing additional EF0 to EF1 intensity damage just north of the Livingston and LaSalle county border. The tornado appears to have jogged slightly southward before lifting near the county line, just to the west of E 22nd Road.","Severe thunderstorms, including a few long tracked supercells moved across central and northern Illinois, producing damaging winds, hail and tornadoes.",159
225551,LA SALLE CO.,ALTMAR,06/05/2010,1950,Tornado, ,EF0,0,0,0,0,IL,CST-6, ,38801,C,99,LOT,0,0,Storm Chaser, ,0.15,20,1,SSW,1,S,ALTMAR,06/05/2010,1951,41.1171,-88.8841,41.1172,-88.8812,"Spotters and chasers witnessed a brief secondary tornado near Streator, in a field just south of Illinois Route 18, between County Roads 14 and 15, about 1/2 mile north of the main Streator tornado track. They observed a brief dust whirl on the ground beneath the funnel cloud, but it was over an open field and there was no damage.","Severe thunderstorms, including a few long tracked supercells moved across central and northern Illinois, producing damaging winds, hail and tornadoes.",160
243580,TAZEWELL CO.,PEKIN JCT,06/05/2010,1951,Tornado, ,EF2,0,0,560000,30000,IL,CST-6, ,41786,C,179,ILX,0,0,NWS Storm Survey, ,0.8,250,2,NW,2,NNW,PEKIN JCT,06/05/2010,1953,40.7457,-89.4,40.7482,-89.385,"A tornado touched down 2.9 miles north of Washington in northern Tazewell County, then continued eastward to the Tazewell-Woodford County line.  Numerous trees and power poles were snapped along the path of the tornado.  Three large outbuildings and two hog sheds were destroyed.  In addition, the roof of a farm house was lifted off, the roof of another house was severely damaged, a garage was destroyed, and a grain bin was blown one quarter of a mile into a field.  The tornado then continued eastward into Woodford County.","A stationary frontal boundary extending from southern Michigan across north-central Illinois served as the focus for severe thunderstorm development during the late afternoon and evening of June 5th.  A vigorous upper-level disturbance tracking across the Upper Midwest added extra wind energy to the atmosphere, allowing supercell thunderstorms to develop along the front.  Eight tornadoes were spawned by the storms, mainly along a Galesburg to Eureka line.  An isolated tornado formed further south across eastern Logan and western DeWitt counties as well.  No injuries were reported.",161
243583,WOODFORD CO.,METAMORA,06/05/2010,1953,Tornado, ,EF2,0,0,70000,0,IL,CST-6, ,41786,C,203,ILX,0,0,NWS Storm Survey, ,2.28,250,3,SW,2,SSE,METAMORA,06/05/2010,1958,40.7482,-89.385,40.755,-89.3424,"A tornado crossed into Woodford County from Tazewell County approximately 3.2 miles south-southwest of Metamora.  Several trees were snapped, five power poles were damaged, the metal roof of a barn was lifted off and windows were broken on a house. The tornado lifted 2.6 miles south-southeast of Metamora.","A stationary frontal boundary extending from southern Michigan across north-central Illinois served as the focus for severe thunderstorm development during the late afternoon and evening of June 5th.  A vigorous upper-level disturbance tracking across the Upper Midwest added extra wind energy to the atmosphere, allowing supercell thunderstorms to develop along the front.  Eight tornadoes were spawned by the storms, mainly along a Galesburg to Eureka line.  An isolated tornado formed further south across eastern Logan and western DeWitt counties as well.  No injuries were reported.",162
225558,LIVINGSTON CO.,MISSAL,06/05/2010,1958,Tornado, ,EF3,0,0,750000,0,IL,CST-6, ,38801,C,105,LOT,0,0,NWS Storm Survey, ,8.55,440,1,E,1,NNE,NEVADA,06/05/2010,2010,41.0998,-88.7302,41.0933,-88.5663,"Very quickly after the tornado that hit Streator lifted, yet another tornado touched down over extreme northern Livingston county approximately one quarter mile south of the county line and about a half mile west of 1100 E Road. Shortly after touching down, this tornado caused severe damage to homes on 1100 E Road and destroyed a barn as well. There were also several large trees downed in this location. As the tornado continued eastward, it completely collapsed a metal truss high tension electrical tower and bent over several other metal truss electrical towers in its path, which is consistent with low end EF3 damage.  At this time the tornado was moving through an extremely rural area, however there was also a lone hardwood tree in its path that was debarked, with only large de-leafed branches remaining. ||The tornado continued eastward crossing Illinois Route 170 just south of the LaSalle and Livingston county line where hardwood trees were snapped. Large trees were broken at a farm house and a machine shed and grain bins were destroyed. The tornado then moved eastward for several more miles downing multiple trees and resulting in some minor structural damage between 1700 E Road and 1800 E Road.","Severe thunderstorms, including a few long tracked supercells moved across central and northern Illinois, producing damaging winds, hail and tornadoes.",163
226101,LIVINGSTON CO.,SUNBURY,06/05/2010,2012,Tornado, ,EF2,1,13,3000000,0,IL,CST-6, ,38801,C,105,LOT,0,0,NWS Storm Survey, ,5.96,300,1,SSE,1,ENE,DWIGHT,06/05/2010,2025,41.0876,-88.5213,41.0867,-88.4068,"The beginning of the Dwight tornado occurred about 6 miles west of Dwight and about a quarter mile south of IL Route 17.  On N 2200 E Road, 0.3 miles south of IL Route 17, a farm house sustained damage to windows, siding, and shingles, with many trees uprooted or damaged. Outbuildings were also damaged. The tornado at this point was rated EF1, with a path width of 70 yards.  Debris from this farm was spread 200 yards wide across the field at N 2300E Road.  ||The tornado proceeded to strike the golf course at N 2400 E Road, where numerous large trees were snapped and uprooted. Golf cart sheds were unroofed or severely damaged.  At this point the tornado was rated low end EF2 with a path width of 300 yards.  The tornado then moved east across Interstate 55 and moved into Dwight, damaging a lumber yard and other businesses.  At Williams Street and old Route 66 a mobile home park was hit.  Fourteen people were injured. One person who was seriously injured, later died. At the mobile home park, 35 mobile homes were destroyed.  Damage here was rated EF2.  Large trees were uprooted and power poles were snapped at the railroad tracks.  At a ball field a little farther east, trees and fences were damaged and an announcer's booth was destroyed.  Slightly farther east, there was minor damage to a church, but the church's garage was destroyed. There was damage to the high school auditorium roof and facade, and a greenhouse.  A storage garage was destroyed at the high school.  ||The tornado then continued east into a subdivision between Philmar Street and Prospect Avenue, where many large trees were downed on top of homes.  At Sunset Drive and Wilmac Street a garage door and roof were taken off.  A roof was taken off a house on Linden Street a half block west of Il Route 47.  Three houses were uninhabitable and had to be destroyed. More than 100 homes had some damage. Damage in Dwight was rated high end EF1 to low end EF2.  The tornado dissipated in an open field east of Route 47.","Severe thunderstorms, including a few long tracked supercells moved across central and northern Illinois, producing damaging winds, hail and tornadoes.",164
226104,LIVINGSTON CO.,SUNBURY,06/05/2010,2016,Tornado, ,EF0,0,0,100000,0,IL,CST-6, ,38801,C,105,LOT,0,0,NWS Storm Survey, ,2.35,20,2,E,2,NNW,DWIGHT,06/05/2010,2020,41.1032,-88.4914,41.0989,-88.4466,"A secondary tornado occurred 3 miles northwest of Dwight in northern Livingston County.  The tornado began near the intersection of Rd 3300N and 2300E, where it caused minor damage to a home and surrounding trees.  The tornado continued to the southeast where it derailed a train off its tracks near 2400E Road.  At this point, the tornado moved east causing minor damage to some area trees before crossing Interstate 55, where it then lifted.  The tornado was rated EF0 with winds estimated at around 80 mph and a path width of 20 yards.","Severe thunderstorms, including a few long tracked supercells moved across central and northern Illinois, producing damaging winds, hail and tornadoes.",165
226108,LIVINGSTON CO.,BLAIR,06/05/2010,2031,Tornado, ,EF0,0,0,20000,0,IL,CST-6, ,38801,C,105,LOT,0,0,NWS Storm Survey, ,3.82,20,2,SW,2,NNE,CARDIFF,06/05/2010,2038,41.0819,-88.3435,41.0821,-88.2702,"A tornado formed along the north side of 3100 N Road, between 3100 E Road and 3200 E Road, for one quarter of a mile. The tornado was rated EF0 here.  There was additional minor damage to tree limbs and a metal farm outbuilding for about half a mile along the north side of 3100 N Road, between 3400 E Road and 3500 E Road.  The tornado here was rated EF0 with a path width of 20 yards.","Severe thunderstorms, including a few long tracked supercells moved across central and northern Illinois, producing damaging winds, hail and tornadoes.",166
226109,KANKAKEE CO.,IRWIN,06/05/2010,2102,Tornado, ,EF1,0,0,500000,0,IL,CST-6, ,38801,C,91,LOT,0,0,NWS Storm Survey, ,0.62,30,2,NNE,2,NNE,IRWIN,06/05/2010,2103,41.0785,-87.9699,41.0787,-87.9581,"A brief tornado developed about 5 miles southwest of Kankakee, or 3 miles south of Limestone, in southern Kankakee County.  This brief tornado caused damage to a farm just north of the intersection of 5000W Road and 3000S Road. Several trees were uprooted or snapped.  A machine shed on the property was destroyed, along with farm equipment and vehicles. A quonset building was damaged, and a fence was blown over.  The tornado was rated EF1 with winds estimated at around 100 mph.","Severe thunderstorms, including a few long tracked supercells moved across central and northern Illinois, producing damaging winds, hail and tornadoes.",167
226125,LIVINGSTON CO.,WING,06/05/2010,2108,Tornado, ,EF0,0,0,2000,0,IL,CST-6, ,38801,C,105,LOT,0,0,Trained Spotter, ,0.39,50,1,W,1,W,WING,06/05/2010,2110,40.8176,-88.4182,40.8178,-88.416,"A very brief and weak tornado occurred 6 miles northeast of Fairbury in southern Livingston County.  There was damage to a barn and corn crop.  Vents on this barn were torn off with the corn crop flattened and twisted throughout the field.   The tornado was rated EF0 with winds estimated at around 70 mph.","Severe thunderstorms, including a few long tracked supercells moved across central and northern Illinois, producing damaging winds, hail and tornadoes.",168
226112,KANKAKEE CO.,AROMA PARK,06/05/2010,2118,Tornado, ,EF3,0,1,600000,0,IL,CST-6, ,38801,C,91,LOT,0,0,NWS Storm Survey, ,7.75,175,3,ESE,1,SSW,TALLMADGE,06/05/2010,2137,41.0636,-87.7523,41.0826,-87.6057,"The tornado began 3 miles northwest of St. Anne in Kankakee county.  The tornado developed just west of 6000E Road and tracked to the east, where it produced damage to a home and a garage along the road.  At this location, a single family home collapsed upon itself, leaving it inhabitable. The garage sustained damage to its roof and exterior walls.  The tornado was rated EF2 with winds estimated at around 113 mph.||The tornado continued to move to the east northeast, where it increased in intensity as it encountered yet another family home at the intersection of Route 1 and 4000S Road. This home and the garage/barn next to it sustained considerable damage,  leaving the home inhabitable.  The damage to the home consisted of all the walls collapsing, with all remaining debris from the house tossed to the northeast. The garage walls collapsed with the contents tossed to the east.  Two four-wheelers and a four-door automobile inside the garage were lifted and flipped over as the tornado passed.  Further north along Route 1, there was minor structural damage to a couple of homes and several trees uprooted.  Damage at this location was rated EF3 with winds estimated at around 142 mph and a path width of 175 yards.||As this tornado continued to the northeast, it lost its intensity as it came across another residence at the intersection of 4000S Road and 8500E Road. Here, a house sustained partial damage to its roof with several surrounding trees having limbs sheared at the top. The tornado weakened at this point, and damage was rated EF1 with winds estimated at around 97 mph and a path width of 50 yards.||The tornado moved to the northeast through a wooded area, causing damage to many trees along its way. The more significant damage occurred near the intersection of 13000E Road and Gamble Road in the Hopkins Park area, where several healthy large hardwood tree tops were sheared or broken.  Some homes were damaged by falling trees. The tornado continued to weaken and damage was rated EF1, with winds estimated at around 88 mph, and a path width of 50 yards.  It was along 13000E Road where the tornado appeared to lift, with no other damage evident beyond this point.","Severe thunderstorms, including a few long tracked supercells moved across central and northern Illinois, producing damaging winds, hail and tornadoes.",169
226114,KANKAKEE CO.,WICHERT,06/05/2010,2119,Tornado, ,EF1,0,0,75000,0,IL,CST-6, ,38801,C,91,LOT,0,0,Law Enforcement, ,0.56,50,3,NW,2,NW,WICHERT,06/05/2010,2120,41.0734,-87.741,41.0738,-87.7303,"Spotters witnessed a brief secondary tornado to the north of the primary St. Anne tornado. This tornado touched down in a farm field near a creek, about 1/4 mile north of County Road 3500 S, and one quarter mile west of Illinois Route 1. It destroyed a machine shed and flipped over a large grain trailer. The tornado also blew down large tree limbs.","Severe thunderstorms, including a few long tracked supercells moved across central and northern Illinois, producing damaging winds, hail and tornadoes.",170
243609,LOGAN CO.,BEASON,06/05/2010,2157,Tornado, ,EF0,0,0,80000,15000,IL,CST-6, ,41786,C,107,ILX,0,0,NWS Storm Survey, ,5.91,300,3,SW,3,NE,CHESTNUT,06/05/2010,2206,40.1212,-89.2471,40.0858,-89.1453,"A tornado touched down 3.2 miles west-southwest of Beason in eastern Logan County, then tracked southeastward to the Logan-DeWitt County line.  Several trees and tree branches were blown down along the path of the tornado.  A shed was blown over and the roof was torn off a barn.  In addition, corn crops were flattened in a few locations.  The tornado continued southeastward into DeWitt County.","A stationary frontal boundary extending from southern Michigan across north-central Illinois served as the focus for severe thunderstorm development during the late afternoon and evening of June 5th.  A vigorous upper-level disturbance tracking across the Upper Midwest added extra wind energy to the atmosphere, allowing supercell thunderstorms to develop along the front.  Eight tornadoes were spawned by the storms, mainly along a Galesburg to Eureka line.  An isolated tornado formed further south across eastern Logan and western DeWitt counties as well.  No injuries were reported.",171
243610,DE WITT CO.,KENNEY,06/05/2010,2206,Tornado, ,EF0,0,0,90000,0,IL,CST-6, ,41786,C,39,ILX,0,0,NWS Storm Survey, ,5.92,300,4,WSW,1,SW,ROWELL,06/05/2010,2215,40.0858,-89.1453,40.0624,-89.0376,"A tornado crossed into DeWitt County from Logan County 3.2 miles west-southwest of Kenney.  A barn was blown down and two machine sheds were damaged.  In addition, a trailer was rolled over.  The tornado lifted 3.5 miles southeast of Kenney.","A stationary frontal boundary extending from southern Michigan across north-central Illinois served as the focus for severe thunderstorm development during the late afternoon and evening of June 5th.  A vigorous upper-level disturbance tracking across the Upper Midwest added extra wind energy to the atmosphere, allowing supercell thunderstorms to develop along the front.  Eight tornadoes were spawned by the storms, mainly along a Galesburg to Eureka line.  An isolated tornado formed further south across eastern Logan and western DeWitt counties as well.  No injuries were reported.",172
243043,FORD CO.,MELVIN,06/21/2010,1558,Tornado, ,EF0,0,0,0,0,IL,CST-6, ,40468,C,53,LOT,0,0,Trained Spotter, ,0.2,20,2,SW,2,SW,MELVIN,06/21/2010,1601,40.5511,-88.2619,40.5513,-88.2582,"A trained spotter witnessed a brief tornado with a debris cloud in an open field near U.S. 52, southwest of Melvin.","Strong to severe thunderstorms moved across parts of northern Illinois during the evening hours of June 21st.  Additional storms developed during the morning hours of June 21st as well as the early morning hours of June 22nd.",173
243259,VERMILION CO.,EAST LYNN,06/21/2010,1722,Tornado, ,EF0,0,0,0,0,IL,CST-6, ,41510,C,183,ILX,0,0,Emergency Manager, ,0.4,50,2,WNW,1,WNW,EAST LYNN,06/21/2010,1723,40.48,-87.8089,40.4803,-87.8016,"A tornado briefly touched down in a field.  No damage was reported.","A nearly stationary, west to east oriented, frontal boundary wobbled north and south across northern and central Illinois during the afternoon hours of the 21st into the early morning hours of the 22nd.  The movement of the front was largely modulated by outflows from various thunderstorm complexes.  A few of these storm complexes developed over or moved across central Illinois.  One complex produced two weak tornadoes and several funnel clouds as it developed over east central Illinois during the early evening.  Other storms produced damaging wind gusts, heavy rainfall, and small hail.",174
243044,IROQUOIS CO.,CISSNA PARK,06/21/2010,1724,Tornado, ,EF0,0,0,0,0,IL,CST-6, ,40468,C,75,LOT,0,0,Trained Spotter, ,0.25,20,4,S,4,S,CISSNA PARK,06/21/2010,1725,40.51,-87.89,40.5099,-87.8853,"A trained spotter observed a rain-wrapped tornado in a field. There was no damage.","Strong to severe thunderstorms moved across parts of northern Illinois during the evening hours of June 21st.  Additional storms developed during the morning hours of June 21st as well as the early morning hours of June 22nd.",175
243258,VERMILION CO.,ROSSVILLE,06/21/2010,1802,Tornado, ,EF0,0,0,0,0,IL,CST-6, ,41510,C,183,ILX,0,0,Emergency Manager, ,0.6,50,3,WNW,2,NW,ROSSVILLE,06/21/2010,1804,40.4023,-87.7142,40.4026,-87.7032,"A tornado briefly touched down in a field.  No damage was reported.","A nearly stationary, west to east oriented, frontal boundary wobbled north and south across northern and central Illinois during the afternoon hours of the 21st into the early morning hours of the 22nd.  The movement of the front was largely modulated by outflows from various thunderstorm complexes.  A few of these storm complexes developed over or moved across central Illinois.  One complex produced two weak tornadoes and several funnel clouds as it developed over east central Illinois during the early evening.  Other storms produced damaging wind gusts, heavy rainfall, and small hail.",176
247264,MCDONOUGH CO.,INDUSTRY,06/21/2010,1830,Tornado, ,EF0,0,0,5000,0,IL,CST-6, ,40651,C,109,DVN,0,0,Trained Spotter, ,0.62,25,2,E,2,E,INDUSTRY,06/21/2010,1831,40.33,-90.57,40.3304,-90.5582,"A tornado briefly touched down northeast of Industry, IL around 730 pm CDT June 21.  A spotter observed this touchdown as it took the roof off a barn.","With daytime heating, showers and thunderstorms developed and raced east across eastern Iowa and northern Illinois during the late afternoon and evening of June 21.  Some were severe producing large hail and damaging winds.  In addition, torrential rains lead to some flash flooding and some funnel clouds were also spotted.",177
239513,COOK CO.,MATTESON,06/23/2010,1726,Tornado, ,EF1,0,0,100000,0,IL,CST-6, ,40474,C,31,LOT,0,0,NWS Storm Survey, ,2.42,200,1,WNW,1,NE,PARK FOREST,06/23/2010,1728,41.5052,-87.7118,41.4909,-87.6691,"There was an intense narrow path of damage starting just southeast of the intersection of Lincoln Highway and Governors Highway. The concentrated path went from near Memorial Park to the train platform at Main Street and Hickory. In this neighborhood many large limbs were down and some trees were uprooted. A garage was destroyed and the roof of the train platform was damaged. Winds through this area were likely 90 to 105 mph, which is EF1 on the enhanced Fujita Scale.  The path of the damage was from northwest to southeast, but many of the trees were blown from southwest to northeast, across the damage path. This indicated there was likely rotation. Several residents reported seeing rotation or a funnel cloud in this area. Lighter damage continued southeast of the railroad tracks near Wildwood Park and east to the Norwood Plaza at Western and 26th Street. It appears that the tornado dissipated in the forest preserve near 26th Street.","Severe thunderstorms moved across northern Illinois during the afternoon and evening hours of June 23rd producing widespread wind and tree damage as well as flash flooding.",178
230782,JEFFERSON CO.,SHIRLEY,06/27/2010,2005,Tornado, ,EF0,0,0,2000,0,IL,CST-6, ,39723,C,81,PAH,0,0,Trained Spotter, ,0.27,50,1,WNW,1,WNW,SHIRLEY,06/27/2010,2006,38.2869,-88.8557,38.2874,-88.8507,"A brief tornado was witnessed by a trained spotter. The tornado touched down, went up, and then briefly touched down again. Metal sheeting was torn off a horse barn and a storage barn.","A squall line of thunderstorms sagged southward into southern Illinois, preceded by a gust front that produced isolated damage. The line of storms formed along a weak confluent axis. A very moist and unstable air mass and relatively steep low level lapse rates promoted an organized line of storms capable of gusty winds.",179
248462,STEPHENSON CO.,ROCK GROVE,07/12/2010,1503,Tornado, ,EF0,0,0,0,0,IL,CST-6, ,42451,C,177,DVN,0,0,Trained Spotter, ,0.07,25,2,NNW,2,NNW,ROCK GROVE,07/12/2010,1504,42.491,-89.519,42.4911,-89.519,"A trained spotter observed a brief tornado touchdown in the vicinity of Orangeville, IL moving northward toward Juda, WI at 403 pm CDT July 12.","A severe thunderstorm produced a brief tornado in northeast Stephenson County shortly after 4 pm July 12.",180
252558,VERMILION CO.,SIDELL,07/21/2010,1224,Tornado, ,EF0,0,0,0,0,IL,CST-6, ,43395,C,183,ILX,0,0,Emergency Manager, ,0.09,10,1,N,1,N,SIDELL,07/21/2010,1225,39.9321,-87.8187,39.9318,-87.817,"A tornado briefly touched down in a field north of Sidell.  No damage was reported.","Widespread showers and thunderstorms occurred along a nearly stationary frontal boundary extending from Iowa northeastward into the southern Great Lakes.  An outflow boundary from this convection served as the focus for scattered thunderstorms across central Illinois during the afternoon of July 21st.  The most concentrated area of storms developed from Lincoln eastward to the Indiana border.  Numerous funnel clouds were reported, and one tornado briefly touched down in Vermilion County.",181
259463,LEE CO.,ASHTON,10/26/2010,441,Tornado, ,EF1,0,0,100000,0,IL,CST-6, ,44757,C,103,LOT,0,0,NWS Storm Survey, ,1.1,50,4,SE,3,ESE,ASHTON,10/26/2010,443,41.8319,-89.1685,41.8471,-89.1621,"A tornado touched down near Meridian Road southeast of Ashton.  The damage path was convergent and narrow.  Some of the damage included a couple of outbuildings with poor structural integrity and a few that had their roofs ripped off.  The top of a metal silo was 'punched' in and a grain cart was flipped onto its side.  In addition to the structural damage, numerous 2x4's were speared into the ground and metal siding was strewn into the fields to the northeast of the farm.","A line of strong to severe thunderstorms moved across northern Illinois during the morning hours of October 26th.  Three tornadoes were reported along with damaging winds.",182
259461,KANE CO.,VIRGIL,10/26/2010,555,Tornado, ,EF1,0,0,100000,0,IL,CST-6, ,44757,C,89,LOT,0,0,NWS Storm Survey, ,0.93,20,3,SSE,2,SSE,VIRGIL,10/26/2010,557,41.9126,-88.5181,41.9241,-88.5088,"The tornado that was northwest of Elburn touched down in a corn field about one mile north of Route 38, west of Francis Road. The tornado closely followed Francis Road and was on the ground for about �� of a mile. At the max width, the tornado was about 20 yards wide. The path touched three farmsteads and one home. The first farmstead that was affected sustained high end EF0 damage. An old garage and a small barn were leveled on the property, the roof was damaged on another building, and the trees on the property also sustained damage. There were several tree branches down around the property, and the trunk of a healthy pine tree was completely snapped. The second farmstead affected was located about a half mile up Francis Road. A temporary storage structure on the property was not constructed with any sort of wood or metal covering, but a heavy duty tarp-like material, heavily secured to the metal skeleton. The tarp was torn away from most of the metal structure, but still remained attached at one end. Several other buildings on the property, which were permanent, remained undamaged. The third and final farmstead affected was the most heavily affected area along the tornado's path. The farmstead was located about a quarter mile up Francis Road. Two large barns and one grain bin were completely destroyed on this property, and a telephone pole was completely snapped at the base.","A line of strong to severe thunderstorms moved across northern Illinois during the morning hours of October 26th.  Three tornadoes were reported along with damaging winds.",183
260841,WABASH CO.,MAUD,10/26/2010,623,Tornado, ,EF0,0,0,4000,0,IL,CST-6, ,44908,C,185,PAH,0,0,NWS Storm Survey, ,1.44,50,2,NE,2,WNW,MT CARMEL,10/26/2010,626,38.4245,-87.8266,38.4372,-87.8055,"This tornado touched down just north of Highway 15 along County Road 850E. The tornado caused mainly tree damage. There were several large tree limbs down. Some minor siding damage occurred on a house. Siding was taken off the east side of a barn. The damage path was intermittent. Peak winds were estimated at 75 mph.","An outbreak of severe thunderstorms was triggered by an unseasonably strong low pressure system over the Upper Mississippi Valley. The trailing cold front swept east across southern Illinois. Strong south winds ahead of this front brought adequate moisture and instability for a line of low-topped convection. Minimal lightning activity was reported.",184
260842,WABASH CO.,ALLENDALE,10/26/2010,629,Tornado, ,EF1,0,0,8000,0,IL,CST-6, ,44908,C,185,PAH,0,0,NWS Storm Survey, ,1.5,75,2,SSE,2,ESE,ALLENDALE,10/26/2010,631,38.5073,-87.7046,38.515,-87.6786,"Several large trees and tree limbs were down along the intermittent damage path. A tree was down on a house. Shingles were blown off a couple of houses. The tornado was in a very rural area. Peak winds were estimated at 90 mph.","An outbreak of severe thunderstorms was triggered by an unseasonably strong low pressure system over the Upper Mississippi Valley. The trailing cold front swept east across southern Illinois. Strong south winds ahead of this front brought adequate moisture and instability for a line of low-topped convection. Minimal lightning activity was reported.",185
265258,WILL CO.,PEOTONE,10/26/2010,640,Tornado, ,EF2,0,2,500000,0,IL,CST-6, ,44757,C,197,LOT,0,0,NWS Storm Survey, ,2.32,200,3,SE,3,ENE,PEOTONE,10/26/2010,644,41.309,-87.7393,41.3403,-87.7231,"A tornado touched down about 4 miles east of Peotone. The tornado produced its most intense damage along South Will Center Road, about halfway between Corning Road and Peotone-Beacher Road, removing a house's roof, collapsing exterior walls on the second floor of the house, and completely destroying a garage and three other outbuildings.  Two teenage boys were injured in the house. Four power poles were also downed just northeast of the area along Peotone-Beecher Road.  Additional EF1 and EF0 damage was found along a path running southwest toward Kennedy Road.  This damage consisted of collapsed outbuildings, snapped cedar trees, and damage to homes. One home on Corning Road was pushed off its foundation and the chimney collapsed.","A line of strong to severe thunderstorms moved across northern Illinois during the morning hours of October 26th.  Three tornadoes were reported along with damaging winds.",186
268259,WINNEBAGO CO.,HARLEM,11/22/2010,1500,Tornado, ,EF2,0,6,5000000,0,IL,CST-6, ,46247,C,201,LOT,0,0,NWS Storm Survey, ,18.1,200,3,E,15,ENE,ARGYLE,11/22/2010,1525,42.3307,-88.97,42.4446,-88.6507,"Based on an eyewitness report, a tornado touched in the backyard of a home just west of Interstate 39, on the eastern edge of a subdivision.  The tornado then blew over a school bus near the intersection of Argyle and Harlem Roads.  There were six people on the bus, the driver and five children.  All six people were taken to the hospital but none of the injuries were serious.  The tornado then knocked down eleven electrical high tension towers just southwest of the same intersection.  The tornado continued northeast into western Boone county, and moved across largely open rural fields towards the town of Caledonia.  Significant damage occured to at least six buildings in Caledonia, with approximately 20 additional buildings sustaining minor damage.  Several large trees were snapped or uprooted and a grain bin was partially collapsed.  The tornado then continued northeast from Caledonia, downing  several power poles, and causing damage ranging from blown off roofs to completely destroying at least three farm outbuildings.  One of these buildings, located 2 miles northwest of Capron, had also been damaged during the January 2008 tornado.  The tornado path, consisting mainly of sporadic tree damage at this point, then continued to a location roughly one mile west of Lawrence, where the tornado appears to have dissipated at 325 pm.","Strong to severe thunderstorms moved across parts of northern Illinois during the afternoon hours of November 22nd.  These storms produced two tornadoes, hail, heavy rain and some flooding.",187
268262,MCHENRY CO.,BIG FOOT PRAIRIE,11/22/2010,1531,Tornado, ,EF0,0,0,0,0,IL,CST-6, ,46247,C,111,LOT,0,0,NWS Storm Survey, ,0.12,50,1,SE,1,SE,BIG FOOT PRAIRIE,11/22/2010,1532,42.4932,-88.5704,42.4949,-88.5697,"A tornado touched down in the extreme northern part of McHenry County and then quickly moved north into Walworth County in southern Wisconsin.","Strong to severe thunderstorms moved across parts of northern Illinois during the afternoon hours of November 22nd.  These storms produced two tornadoes, hail, heavy rain and some flooding.",188
273733,CALHOUN CO.,MOZIER,12/31/2010,1156,Tornado, ,EF0,0,0,0,0,IL,CST-6, ,45931,C,13,LSX,0,0,NWS Storm Survey, ,3.64,50,2,WNW,3,E,BELLEVIEW,12/31/2010,1159,39.3114,-90.7808,39.3425,-90.7258,"A tornado touched down three miles north northwest of Mozier in the Calhoun County conservation area called Rip Rap Landing.  It crossed Illinois Route 96 near West Panther Creek Road and then traveled northeast crossing Hootowl Hollow Road before dissipating just west of Hillcrest.  Damage was confined to uprooted trees.","Severe thunderstorms developed ahead of a strong cold front, triggering numerous showers and thunderstorms.  A number of tornadoes were reported as well as damaging winds and large hail.",189
272958,ST. CLAIR CO.,LEBANON,12/31/2010,1230,Tornado, ,EF0,0,0,0,0,IL,CST-6, ,45931,C,163,LSX,0,0,NWS Storm Survey, ,0.14,50,2,NNE,2,NNE,LEBANON,12/31/2010,1231,38.6247,-89.7812,38.6259,-89.779,"A tornado touched down just west of Emerald Mound Grange Road, south of Midgley Neiss Road.  It traveled to the northeast crossing Emerald Mound Grange Road, then lifted a short time later.  The tornado damaged a few outbuildings and trees on a farmstead on the west side of the road.","Severe thunderstorms developed ahead of a strong cold front, triggering numerous showers and thunderstorms.  A number of tornadoes were reported as well as damaging winds and large hail.",190
267414,MENARD CO.,LINCNS NEW SALEM ST,12/31/2010,1237,Tornado, ,EF3,0,1,12000000,0,IL,CST-6, ,46131,C,129,ILX,0,0,NWS Storm Survey, ,3.63,200,2,WNW,2,N,TICE,12/31/2010,1240,39.9842,-89.862,40.0133,-89.8049,"A tornado touched down on the west side of Lake Petersburg at 12:37 PM CST, then tracked northeast over the lake and across Sunny Acres Road, before lifting southeast of the intersection of Tice Road and Illinois 123 at 12:40 PM CST.  A total of 29 homes sustained significant structural damage, four of which could not be repaired. Two barns were also destroyed, and nearly 100 houses and a nursing home had minor damage along the path of the tornado.  One person was seriously injured when the tornado caused a large tree limb to fall on their automobile, crushing the car and trapping the occupant.","A strong cold front pushed across central Illinois on December 31st, triggering a line of strong to severe thunderstorms.  Unseasonably warm and moist air ahead of the front aided in initial storm development, while a strong upper-level disturbance created a highly sheared environment.  One of the resulting supercell thunderstorms produced an EF3 tornado that tracked across the Lake Petersburg area in Menard County, creating considerable damage.",191
273739,BOND CO.,DURLEY,12/31/2010,1305,Tornado, ,EF0,0,0,0,0,IL,CST-6, ,45931,C,5,LSX,0,0,NWS Storm Survey, ,1.74,100,3,SW,1,SSW,DURLEY,12/31/2010,1307,38.9006,-89.3979,38.9171,-89.3735,"A tornado touched down on the north side of Greenville near the intersection of North Hena Street and North Dewey Street.  An agricultural building at the high school sustained roof damage with some additional minor roof and tree damage noticed at an adjacent house.  The tornado then moved northeast causing significant damage to a large tree on the north side of Illinois Route 140.  Minor roof and siding damage was noted on several houses on Cloverfield Lane and North Idler Lane.  The tornado continued northeast producing additional minor roof and tree damage on Country Club and Woburn Roads before dissipating.","Severe thunderstorms developed ahead of a strong cold front, triggering numerous showers and thunderstorms.  A number of tornadoes were reported as well as damaging winds and large hail.",192
284639,MADISON CO.,GRANITE CITY,02/27/2011,2335,Tornado, ,EF1,0,0,0,0,IL,CST-6, ,48538,C,119,LSX,0,0,NWS Storm Survey, ,3.26,100,2,WSW,1,WSW,FOUR CORNERS,02/27/2011,2338,38.7138,-90.1643,38.7124,-90.1038,"It was determined that an EF1 tornado cut a 100 yard wide, over 3 mile long path through Granite City. The tornado first touched down at approximately 11:35 PM near the intersection of Illinois Route 3 and Rock Road.  There, a large storage facility lost much of its roof.  The tornado rapidly moved eastward at nearly 60 mph, causing significant tree and roof damage in its path.  The tornado reached Maryville Road at around 11:38 PM where it dissipated.","A quasi-stationary frontal boundary was the main focusing mechanism for a round of significant severe weather over the forecast area.  A strong shortwave moved along the boundary triggering widespread showers and thunderstorms.  Numerous reports of large hail, damaging winds and 22 tornadoes occurred with this system.",193
286532,MADISON CO.,GLEN CARBON,02/27/2011,2339,Tornado, ,EF1,0,0,0,0,IL,CST-6, ,48538,C,119,LSX,0,0,NWS Storm Survey, ,2.41,150,2,N,1,SE,LE CLAIRE,02/27/2011,2341,38.7807,-89.9818,38.7872,-89.9378,"The tornado touched down between Edwardsville and Glen Carbon near the intersection of Ginger Creek Drive and Illinois Route 157. There were several cedar trees uprooted at this location. The tornado continued east-northeast through the Ginger Creek Subdivision to the intersection of Center Grove Road and Illinois Route 159. This is where a metal industrial building sustained roof and siding damage. The tornado also crossed the intersection of Center Grove Road and Troy Road where a few signs of local businesses were damaged and a Home Depot sustained some damage to small preconstructed sheds sitting outside. The tornado continued east-northeast to near the intersection of Gerber Road and Governors Parkway where several houses sustained minor roof and siding damage. The tornado dissipated just beyond this location. The path length of this tornado was 2.4 miles long. Most of the damage along the path was rated EF0 with the maximum intensity rated EF1 for some tree damage and the industrial building damage. The maximum path width was 150 yards.","A quasi-stationary frontal boundary was the main focusing mechanism for a round of significant severe weather over the forecast area.  A strong shortwave moved along the boundary triggering widespread showers and thunderstorms.  Numerous reports of large hail, damaging winds and 22 tornadoes occurred with this system.",194
286537,MADISON CO.,KUHN,02/27/2011,2342,Tornado, ,EF1,0,0,0,0,IL,CST-6, ,48538,C,119,LSX,0,0,NWS Storm Survey, ,1.96,50,1,WSW,1,E,KUHN,02/27/2011,2345,38.775,-89.9019,38.7794,-89.866,"The tornado formed just west of Interstate 55 near Mick Road approximately 2 miles north of the Interstate 55/70/255 interchange where a few power poles were knocked over. The tornado crossed Interstate 55 and produced minor tree damage. It continued east-northeast where it produced roof and siding damage to a couple of homes. One home had part of the roof decking on the south side of the house removed while another had a flag pole located well to the north of the structure bent over almost to ground level. This pole was pointing south. Further along the path, a barn was destroyed along Staunton Road with debris strewn several hundred yards across the road into an open field. The tornado continued east-northeast until it snapped several mature pine trees off several feet above the ground along Nealy Lane. The tornado dissipated before reaching Illinois Route 4. The path length was 2 miles. The tornado had a maximum width of 50 yards and maximum intensity of EF1 for the destroyed barn and the snapped pine trees.","A quasi-stationary frontal boundary was the main focusing mechanism for a round of significant severe weather over the forecast area.  A strong shortwave moved along the boundary triggering widespread showers and thunderstorms.  Numerous reports of large hail, damaging winds and 22 tornadoes occurred with this system.",195
284640,MADISON CO.,CHINATOWN,02/27/2011,2345,Tornado, ,EF2,0,1,0,0,IL,CST-6, ,48538,C,119,LSX,0,0,NWS Storm Survey, ,2.7,200,0,ENE,0,W,TROY,02/27/2011,2348,38.7308,-89.9266,38.7294,-89.8766,"It was determined that a tornado touched down on Weathervane Road on the west side of Troy at approximately 11:45 PM.  It was there that the tornado was at its strongest, an EF2, as it completely removed the roof from a well constructed home.  One occupant received a serious head laceration and was treated at a local hospital.  The tornado moved eastward at 60 mph, with a damage swath of 100 to 200 yards wide.  Numerous trees, power lines, and roofs sustained minor to moderate damage along its path.  The tornado continued to near the intersection of North Dewey Street and East Market Street, where it lifted at approximately 11:48 PM.  The path length was 2.7 miles long.","A quasi-stationary frontal boundary was the main focusing mechanism for a round of significant severe weather over the forecast area.  A strong shortwave moved along the boundary triggering widespread showers and thunderstorms.  Numerous reports of large hail, damaging winds and 22 tornadoes occurred with this system.",196
284641,BOND CO.,OLD RIPLEY,02/27/2011,2357,Tornado, ,EF1,0,0,0,0,IL,CST-6, ,48538,C,5,LSX,0,0,NWS Storm Survey, ,2.7,50,1,SE,2,WNW,STUBBLEFIELD,02/28/2011,0,38.8669,-89.5493,38.8642,-89.4993,"A tornado touched down approximately 2.5 miles north of Pocahontas at a farm and residence along File Avenue.  A concentrated area of extensive tree damage was found next to the residence. Every hardwood and softwood tree in this area was snapped at the trunk. Tree tops were thrown 30 to 50 yards. Several trees were also uprooted. The house sustained shingle damage and two supporting posts on the house were blown out.  A granary was destroyed with debris thrown between 50 and 100 yards.  A large metal storage shed lost its roof and two walls were blown out with debris scattered between 1/4 and 1/2 mile. The tornado skipped east, hitting another farmstead on Shawnee Road, causing damage to a silo and roof.  The debris was tossed to the north over 300 yards. The maximum damage was rated EF1 with a maximum wind speed around 100 mph. The total length of the tornado was 2.7 miles with a maximum width of 50 yards.","A quasi-stationary frontal boundary was the main focusing mechanism for a round of significant severe weather over the forecast area.  A strong shortwave moved along the boundary triggering widespread showers and thunderstorms.  Numerous reports of large hail, damaging winds and 22 tornadoes occurred with this system.",197
286541,WASHINGTON CO.,OKAWVILLE,02/28/2011,3,Tornado, ,EF0,0,0,0,0,IL,CST-6, ,48538,C,189,LSX,0,0,NWS Storm Survey, ,2.77,50,1,SW,2,E,OKAWVILLE,02/28/2011,6,38.423,-89.5574,38.4274,-89.5066,"The tornado formed just to the southwest of Okawville. The tornado moved across the south side of town and damaged the local grain elevator, produced some minor roof and exterior damage to houses along the south side of East Schumacher Street. The Emmanuel Lutheran School also sustained some minor roof damage. The tornado continued to the east where it produced some additional damage and snapped an 8-10 inch diameter tree trunk approximately 6 feet off the ground. The tornado continued east until it damaged a house on Hummingbird Road. This house suffered an unknown amount of roof damage because it was in the process of being repaired. There was also minor tree damage and an outbuilding that was destroyed with the debris scattered several hundred yards to the northeast. The tornado lifted just to the east of this location. Path length was 2.8 miles with a maximum width of 50 yards and rated EF0.","A quasi-stationary frontal boundary was the main focusing mechanism for a round of significant severe weather over the forecast area.  A strong shortwave moved along the boundary triggering widespread showers and thunderstorms.  Numerous reports of large hail, damaging winds and 22 tornadoes occurred with this system.",198
286550,WASHINGTON CO.,COVINGTON,02/28/2011,8,Tornado, ,EF2,0,0,0,0,IL,CST-6, ,48538,C,189,LSX,0,0,NWS Storm Survey, ,2.34,100,1,SE,1,NNW,NEW MINDEN,02/28/2011,11,38.444,-89.4215,38.4426,-89.3783,"The tornado touched down approximately 6 miles east of Okawville on Illinois Route 177 near the Kuhl Lumber and Pallet Company. Minor roof and siding damage occurred to an ongoing construction project at the saw mill. A few trees along a tree line to the east of the complex were topped. The tornado continued east where it struck a farmstead causing considerable damage. A 48 by 96 foot machine shed was completely destroyed with much of the debris scattered up to almost one mile to the east. Another building was lost at this location as well as a grain bin. Two other barns sustained damage with one being pushed off the foundation by several feet. The debris from the machine shed impacted the house, garage and workshop with several missiles not only in the ground but also into other structures. The home sustained several broken windows from flying debris. The roof of the home had at least five rafters damaged when an unknown heavy object hit the roof, but was blown away during the storm. The tornado continued to the east and dissipated approximately one mile west of New Minden. The path length was 2.3 miles with a maximum intensity of EF2 due to the damage at the farmstead. Maximum damage width was 100 yards.","A quasi-stationary frontal boundary was the main focusing mechanism for a round of significant severe weather over the forecast area.  A strong shortwave moved along the boundary triggering widespread showers and thunderstorms.  Numerous reports of large hail, damaging winds and 22 tornadoes occurred with this system.",199
284642,FAYETTE CO.,CONFIDNECE,02/28/2011,27,Tornado, ,EF2,0,0,0,0,IL,CST-6, ,48538,C,51,LSX,0,0,NWS Storm Survey, ,1.26,90,0,NNE,1,E,CONFIDNECE,02/28/2011,28,38.9221,-88.9293,38.9206,-88.9059,"A tornado touched down in Confidence, Illinois approximately 8 miles southwest of St. Elmo or 9.5 miles east-southeast of Vandalia.  The tornado touched down near the intersection of County Road 1750E and County Road 1275N.  In this location it damaged a residence, trees, and outbuildings.  A convergent pattern was found in the debris.  The tornado then continued east northeast and damaged several residences and farm buildings along County Road 1275N.  One residence was shifted 22 feet off the foundation and another was shifted 6 feet off the foundation.  Lumber from the roof was driven into the siding and into the foundation at a third residence.  The tornado then skipped through a wooded area north of County Road 1275N before lifting west of Illinois Route 185.  The maximum damage was rated EF2 with a maximum wind speed around 120 mph.  The total length of this tornado was approximately 1.3 miles with a maximum width of 90 yards.","A quasi-stationary frontal boundary was the main focusing mechanism for a round of significant severe weather over the forecast area.  A strong shortwave moved along the boundary triggering widespread showers and thunderstorms.  Numerous reports of large hail, damaging winds and 22 tornadoes occurred with this system.",200
284646,FAYETTE CO.,ST ELMO,02/28/2011,32,Tornado, ,EF1,0,0,0,0,IL,CST-6, ,48538,C,51,LSX,0,0,NWS Storm Survey, ,0.15,10,1,SE,1,SE,ST ELMO,02/28/2011,33,39.0163,-88.8341,39.0161,-88.8314,"A tornado briefly touched down approximately 1 mile southeast of St. Elmo at a farm building located a tenth of a mile south of Interstate 70 and two tenths of a mile north of County Road 1900N along County Road 2250E.  The south facing wall of a large metal farm storage building was blown out with debris scattered over one half mile into an adjacent field. Several 2x4s were driven several feet into the ground.  A billboard just south of the farm building supported by 16 wooden posts, each 5 to 10 inches in diameter.  All of these posts were snapped but there was no damage to the power poles directly across the road. Since the billboard was found on the road directly in front of the posts rather than farther downstream, it appears that straight line winds caused damage to the billboard while the tornado was responsible for damage to the farm building. The maximum damage was rated EF1 with a maximum wind speed around 95 mph.  The total length of this tornado was approximately two tenths of a mile with a maximum width of 10 yards.","A quasi-stationary frontal boundary was the main focusing mechanism for a round of significant severe weather over the forecast area.  A strong shortwave moved along the boundary triggering widespread showers and thunderstorms.  Numerous reports of large hail, damaging winds and 22 tornadoes occurred with this system.",201
284645,FAYETTE CO.,ST ELMO,02/28/2011,33,Tornado, ,EF2,0,0,0,0,IL,CST-6, ,48538,C,51,LSX,0,0,NWS Storm Survey, ,0.08,50,3,SE,3,SE,ST ELMO,02/28/2011,34,38.9964,-88.8072,38.9956,-88.8062,"A tornado briefly touched down near the Fayette and Effingham county line approximately two tenths of a mile south of County Road 1800N.  Two large farm buildings were destroyed and debris was thrown 1 mile to the east into Effingham County.  Other farm buildings also sustained damage. There were four spots on the property with evidence that heavy debris, including a cinderblock, was thrown a substantial distance to the northwest.  Several 2x4s were driven several feet into the ground.  The tornado did not go into Effingham county. The maximum damage was rated EF2 with a maximum wind speed around 115 mph.  The total length of this tornado was a tenth of a mile with a maximum width of 50 yards.","A quasi-stationary frontal boundary was the main focusing mechanism for a round of significant severe weather over the forecast area.  A strong shortwave moved along the boundary triggering widespread showers and thunderstorms.  Numerous reports of large hail, damaging winds and 22 tornadoes occurred with this system.",202
288495,MASON CO.,POPLAR CITY,04/15/2011,1630,Tornado, ,EF1,0,1,300000,0,IL,CST-6, ,49255,C,125,ILX,0,0,NWS Storm Survey, ,3.08,100,3,SSW,1,WNW,POPLAR CITY,04/15/2011,1638,40.2132,-89.9536,40.2578,-89.953,"A tornado touched down in a field about 6.5 miles west-southwest of Easton at 530 PM CDT.  It knocked over an irrigation unit and damaged an outbuilding before traveling north and damaging several sheds, breaking windows, tearing roofing and siding off a house, and pushing a house a few inches off its foundation.  One person was injured by flying glass.  The tornado then damaged another outbuilding and several trees before dissipating 7 miles west-northwest of Easton at 538 PM CDT.","A vigorous upper-level disturbance interacting with an approaching cold front triggered severe thunderstorms across central and southeast Illinois during the afternoon and evening of April 15th.  The airmass ahead of the front was moderately unstable and highly sheared.  As a result, several supercell thunderstorms developed along and west of the I-55 corridor.  The storms produced numerous funnel clouds and three confirmed tornadoes.  Hail up to 2 inches in diameter was observed as well.  The storms eventually congealed into a linear structure and weakened as they pushed into east-central and southeast Illinois during the mid to late evening.",203
288496,MENARD CO.,ATHENS,04/15/2011,1722,Tornado, ,EF0,0,0,10000,0,IL,CST-6, ,49255,C,129,ILX,0,0,NWS Storm Survey, ,1.24,50,2,NE,2,WSW,CULVER,04/15/2011,1725,39.9704,-89.7098,39.9878,-89.7156,"A tornado touched down in a field 1 mile northeast of Athens at 622 PM CDT.  It moved north-northwest...damaging a window, siding, and gutters on a house before dissipating 2 miles north-northeast of Athens at 624 PM CDT.","A vigorous upper-level disturbance interacting with an approaching cold front triggered severe thunderstorms across central and southeast Illinois during the afternoon and evening of April 15th.  The airmass ahead of the front was moderately unstable and highly sheared.  As a result, several supercell thunderstorms developed along and west of the I-55 corridor.  The storms produced numerous funnel clouds and three confirmed tornadoes.  Hail up to 2 inches in diameter was observed as well.  The storms eventually congealed into a linear structure and weakened as they pushed into east-central and southeast Illinois during the mid to late evening.",204
288497,MENARD CO.,CULVER,04/15/2011,1725,Tornado, ,EF1,0,0,450000,0,IL,CST-6, ,49255,C,129,ILX,0,0,NWS Storm Survey, ,1.72,150,1,W,2,S,SWEET WATER,04/15/2011,1731,39.9988,-89.6946,40.0232,-89.7006,"A tornado touched down in a field 3 miles northeast of Athens at 625 PM CDT.  It tracked northward...damaging the roof of a house, destroying a small garage, and damaging several automobiles.  Further north, the tornado knocked two trees down onto a house, doing severe damage to its roof and interior walls.  It then tipped over a semi-trailer and damaged several trees before dissipating 4.8 miles north-northeast of Athens at 631 PM CDT.","A vigorous upper-level disturbance interacting with an approaching cold front triggered severe thunderstorms across central and southeast Illinois during the afternoon and evening of April 15th.  The airmass ahead of the front was moderately unstable and highly sheared.  As a result, several supercell thunderstorms developed along and west of the I-55 corridor.  The storms produced numerous funnel clouds and three confirmed tornadoes.  Hail up to 2 inches in diameter was observed as well.  The storms eventually congealed into a linear structure and weakened as they pushed into east-central and southeast Illinois during the mid to late evening.",205
314471,MACOUPIN CO.,GIRARD,04/19/2011,1658,Tornado, ,EF3,0,2,0,0,IL,CST-6, ,51672,C,117,LSX,0,0,NWS Storm Survey, ,4.32,200,2,WSW,2,E,GIRARD,04/19/2011,1705,39.4427,-89.825,39.4503,-89.7447,"The path of this tornado was a very curved one as it initially tornado touched down about 2.5 miles west of Girard, Illinois, on Emerson Airline Road.  It caused extensive damage to a couple of houses in this location.  It then travelled to the northeast crossing Henry Road, north of the intersection with Emerson Airline Road, and damaging 3 farmsteads.  One home was destroyed and another home sustained moderate damage, trapping the residents in the basement until they could be rescued.  Also, several barns were destroyed in this area.  The tornado began to travel on a more easterly course, damaging or destroying several farmsteads on Neff Road.  Numerous outbuildings were destroyed in this area and one house was destroyed.  As it approached Pleasant Hill Road approximately 1.2 miles northwest of Girard, it caused major damage to a brick home and destroyed all of the outbuildings.  The tornado continued to travel to the east, destroying a farm about a mile north of town on Illinois Route 4.  Several cows were killed in this location.  Then the tornado began to curve back to the southeast, crossing  Prose Road about half a mile south of the intersection with Substation Road.  In this location it caused extensive damage to a brick home with most of the exterior walls destroyed but with the interior wall structure intact.  This damage was rated EF3.  The tornado continued to the southeast.  It caused moderate roof damage to a house on Kimes Road near intersection with Adams Road.  The tornado then lifted and dissipated on Adams Road after hitting one last farmstead and causing minor damage.  Several farms sustained damage along the path of the tornado with many of the houses that were damaged rated EF2 with large portions of the roofs badly damaged.  Numerous outbuildings were either destroyed or sustained major damage along this track as well.   Also, about 20 power poles were blown down along Illinois Route 4 just north of town.  The average path width of the tornado was 150 yards with a maximum width of 200 yards.  The highest rating of the damage was EF3 and with peak wind speeds of 150 mph.  Two miles west of Girard, two people heading for the basement to seek shelter from the tornado, sustained minor cuts and bruises.  Because the path of the tornado was curved the actual total path length of the tornado was 5.1 miles, not 4.3 miles as displayed in the main header for this event.","A warm front was lifting northward through the region, triggering numerous showers and thunderstorms.  Some of the storms produced tornadoes as well as a lot of large hail.  There were 6 tornadoes with this event, including an EF3.",206
308598,MONTGOMERY CO.,FARMERSVILLE,04/19/2011,1708,Tornado, ,EF2,0,0,0,0,IL,CST-6, ,51672,C,135,LSX,0,0,NWS Storm Survey, ,3.16,150,2,N,3,SSW,WHITE OAK,04/19/2011,1712,39.4614,-89.6483,39.4581,-89.5893,"The tornado began around 608 pm, one third of a mile northwest of the intersection of Studebaker Avenue and West Frontage Road, or around one and a quarter miles north of Farmersville.  The tornado moved east snapping 3 power poles along the frontage road just to the west of Interstate 55.  A grain bin originally located just to the west of I-55 was rolled across the interstate and deposited in a tree line a quarter mile to the east of the interstate.  A number of trees were also snapped or uprooted in the vicinity of the grain bin.  The tornado moved slightly south of due east damaging or destroying two machine sheds along County Road 400E.  Debris was scattered well to the east and the tornado appeared to lift near County Road 600E.   The maximum damage from this tornado was rated EF-2.  The path length was around 3.2 miles with a maximum width of 150 yards.","A warm front was lifting northward through the region, triggering numerous showers and thunderstorms.  Some of the storms produced tornadoes as well as a lot of large hail.  There were 6 tornadoes with this event, including an EF3.",207
315095,MONTGOMERY CO.,HONEY BEND,04/19/2011,1715,Tornado, ,EF2,0,0,0,0,IL,CST-6, ,51672,C,135,LSX,0,0,NWS Storm Survey, ,3.51,200,2,W,2,E,HONEY BEND,04/19/2011,1719,39.2476,-89.6611,39.2465,-89.5957,"A tornado touched down about five miles north of Litchfield, Illinois, where it snapped off a dozen power poles on East 2nd Road near intersection with North 17th Avenue.  As it travelled to the east along North 17th Avenue it destroyed several outbuildings, sheds and silos and caused minor to moderate damage to couple of homes just west of Interstate 55.  The tornado then crossed I-55 knocking down several power lines onto the highway, causing the interstate to be shut down for about 4 hours until they could be removed.  Just east of I-55, the tornado caused extensive damage to a two story log home.  A section of the roof was removed and the north and south outer walls were removed as well.  Further to the east several farmsteads had minor to moderate damage to homes, barns and other outbuildings.   Most of the homes and outbuildings sustained damage rated EF1.  One home on Rugby Trail near intersection with North 17th Avenue, approximately three quarters of a mile southeast of Honey Bend, sustained extensive damage with the entire west facing roof was removed.  A large outbuilding was also completely destroyed at this farmstead.  The damage was rated EF2, with peak winds of 120 mph.  The tornado then continued to the east causing minor damage to a home on Shady Lane, then lifted and dissipated near the northern end of Lake Lou Yaeger.  The maximum path width of the tornado was 200 yards and the length of the tornado was 3.5 miles.  No injuries were reported with this tornado.","A warm front was lifting northward through the region, triggering numerous showers and thunderstorms.  Some of the storms produced tornadoes as well as a lot of large hail.  There were 6 tornadoes with this event, including an EF3.",208
298622,CHRISTIAN CO.,TOVEY,04/19/2011,1717,Tornado, ,EF1,0,0,90000,0,IL,CST-6, ,50652,C,21,ILX,0,0,NWS Storm Survey, ,1.99,100,2,SSW,1,SSW,JEISYVILLE,04/19/2011,1720,39.5464,-89.4616,39.5537,-89.4254,"A tornado touched down 4 miles southwest of Kincaid at 517 PM CST.  It destroyed several grain bins and a large farm storage building before dissipating 2.5 miles south-southwest of Kincaid at 520 PM CST.","A deepening area of low pressure tracked along the I-72 corridor during the evening of April 19th.  A very sharp temperature gradient existed across central Illinois at the time, with readings ranging from the middle 40s north of the low track to around 80 degrees to the south.  Severe thunderstorms developed along this strong frontal boundary in advance of the approaching low, producing widespread wind damage and large hail.  In addition, 6 tornadoes touched down from Christian County east-northeast into Vermilion and Edgar counties.",209
298633,CHRISTIAN CO.,HARVEL,04/19/2011,1730,Tornado, ,EF0,0,0,95000,0,IL,CST-6, ,50652,C,21,ILX,0,0,NWS Storm Survey, ,3.48,100,2,NNE,3,SSE,MORRISONVILLE,04/19/2011,1732,39.3765,-89.5106,39.3784,-89.4454,"A tornado touched down 2 miles northeast of Taylorville at 532 PM CST.  It traveled eastward, knocking over 8 empty rail cars before dissipating 2.5 miles northeast of Taylorville at 533 PM CST.","A deepening area of low pressure tracked along the I-72 corridor during the evening of April 19th.  A very sharp temperature gradient existed across central Illinois at the time, with readings ranging from the middle 40s north of the low track to around 80 degrees to the south.  Severe thunderstorms developed along this strong frontal boundary in advance of the approaching low, producing widespread wind damage and large hail.  In addition, 6 tornadoes touched down from Christian County east-northeast into Vermilion and Edgar counties.",210
298647,CHRISTIAN CO.,TAYLORVILLE,04/19/2011,1732,Tornado, ,EF1,0,0,60000,0,IL,CST-6, ,50652,C,21,ILX,0,0,NWS Storm Survey, ,0.91,100,2,NE,2,SW,WILLEYS,04/19/2011,1733,39.5717,-89.2741,39.5722,-89.2571,"A tornado touched down 4 miles southwest of Morrisonville at 530 PM CST.  It traveled eastward, knocking down several power poles along Rt. 48.  The tornado then tore the roof off a hog pen, collapsed the north doors of a large metal farm building, and destroyed a small barn before dissipating 3 miles south of Morrisonville at 532 PM CST.","A deepening area of low pressure tracked along the I-72 corridor during the evening of April 19th.  A very sharp temperature gradient existed across central Illinois at the time, with readings ranging from the middle 40s north of the low track to around 80 degrees to the south.  Severe thunderstorms developed along this strong frontal boundary in advance of the approaching low, producing widespread wind damage and large hail.  In addition, 6 tornadoes touched down from Christian County east-northeast into Vermilion and Edgar counties.",211
298648,EDGAR CO.,CHRISMAN,04/19/2011,1859,Tornado, ,EF1,0,0,140000,0,IL,CST-6, ,50652,C,45,ILX,0,0,Emergency Manager, ,1.14,100,2,NNE,3,NE,CHRISMAN,04/19/2011,1901,39.8245,-87.6562,39.8337,-87.6384,"A tornado touched down 1.7 miles northeast of Chrisman at 659 PM CST.  It traveled northeastward, tearing the roof off a house, destroying two pole barns, and damaging a garage.  The tornado dissipated 2.8 miles northeast of Chrisman at 701 PM CST.","A deepening area of low pressure tracked along the I-72 corridor during the evening of April 19th.  A very sharp temperature gradient existed across central Illinois at the time, with readings ranging from the middle 40s north of the low track to around 80 degrees to the south.  Severe thunderstorms developed along this strong frontal boundary in advance of the approaching low, producing widespread wind damage and large hail.  In addition, 6 tornadoes touched down from Christian County east-northeast into Vermilion and Edgar counties.",212
298652,VERMILION CO.,HENNING,04/19/2011,1902,Tornado, ,EF0,0,0,225000,0,IL,CST-6, ,50652,C,183,ILX,0,0,Emergency Manager, ,2.71,25,0,N,1,SSW,ROSSVILLE JCT,04/19/2011,1905,40.3064,-87.7006,40.333,-87.6627,"A tornado touched down near Henning at 702 PM CST.  It traveled northeastward, damaging roofs, siding, and awnings on numerous houses.  The tornado also knocked down a number of trees before dissipating 3 miles northeast of Henning at 705 PM CST.","A deepening area of low pressure tracked along the I-72 corridor during the evening of April 19th.  A very sharp temperature gradient existed across central Illinois at the time, with readings ranging from the middle 40s north of the low track to around 80 degrees to the south.  Severe thunderstorms developed along this strong frontal boundary in advance of the approaching low, producing widespread wind damage and large hail.  In addition, 6 tornadoes touched down from Christian County east-northeast into Vermilion and Edgar counties.",213
298654,VERMILION CO.,GUNDY,04/19/2011,1911,Tornado, ,EF1,0,0,360000,0,IL,CST-6, ,50652,C,183,ILX,0,0,Emergency Manager, ,2.56,100,3,NNE,2,SE,HEATON,04/19/2011,1914,40.3661,-87.5862,40.4001,-87.567,"A tornado touched down 4.4 miles east of Rossvile at 711 PM CST.  It traveled northeastward, damaging 6 grain bins, 2 farmsteads, 2 large sheds, and a combine before dissipating 5.6 miles east-northeast of Rossville at 714 PM CST.","A deepening area of low pressure tracked along the I-72 corridor during the evening of April 19th.  A very sharp temperature gradient existed across central Illinois at the time, with readings ranging from the middle 40s north of the low track to around 80 degrees to the south.  Severe thunderstorms developed along this strong frontal boundary in advance of the approaching low, producing widespread wind damage and large hail.  In addition, 6 tornadoes touched down from Christian County east-northeast into Vermilion and Edgar counties.",214
289117,JACKSON CO.,ELKVILLE,04/19/2011,1935,Tornado, ,EF0,0,0,70000,0,IL,CST-6, ,49367,C,77,PAH,0,0,NWS Storm Survey, ,3.94,100,2,W,1,NE,DOWELL,04/19/2011,1940,37.9,-89.263,37.9423,-89.2144,"The weak tornado destroyed several carports, a small camper, and a small garage in Dowell. Numerous trees were uprooted. Numerous homes and barns received some roof damage. An amateur radio tower was bent over. Peak winds were estimated near 75 mph. The average path width was 50 yards.","Thunderstorms organized into a bow echo that produced widespread very damaging winds and isolated tornadoes. A shortwave trough over the central and southern high Plains moved northeast through the Mid-Mississippi Valley into the upper Great Lakes. A surface low attendant to this system moved from west central Missouri northeast to north of St. Louis. The trailing cold front advanced southeast across the Lower Ohio Valley and served as the primary focus for thunderstorms.",215
289118,FRANKLIN CO.,ROYALTON,04/19/2011,1940,Tornado, ,EF1,0,0,80000,0,IL,CST-6, ,49367,C,55,PAH,0,0,NWS Storm Survey, ,0.3,50,1,SW,1,SW,ROYALTON,04/19/2011,1941,37.8577,-89.1356,37.8608,-89.1317,"One home had partial roof loss. Several other homes received either roof or structural damage due to trees falling. Several large branches were driven into the side of a house and barn. Peak winds were estimated near 100 mph. The average path width was 50 yards.","Thunderstorms organized into a bow echo that produced widespread very damaging winds and isolated tornadoes. A shortwave trough over the central and southern high Plains moved northeast through the Mid-Mississippi Valley into the upper Great Lakes. A surface low attendant to this system moved from west central Missouri northeast to north of St. Louis. The trailing cold front advanced southeast across the Lower Ohio Valley and served as the primary focus for thunderstorms.",216
290647,FRANKLIN CO.,BENTON,04/19/2011,1949,Tornado, ,EF1,0,0,10000,0,IL,CST-6, ,49367,C,55,PAH,0,0,NWS Storm Survey, ,0.15,50,0,N,0,N,BENTON,04/19/2011,1949,38.0029,-88.92,38.0029,-88.92,"Extremely large oak trees were snapped 30 feet off the ground and thrown several yards and left intertwined. Other large trees were uprooted, and a fence was damaged. Peak winds in this brief tornado were estimated near 105 mph.","Thunderstorms organized into a bow echo that produced widespread very damaging winds and isolated tornadoes. A shortwave trough over the central and southern high Plains moved northeast through the Mid-Mississippi Valley into the upper Great Lakes. A surface low attendant to this system moved from west central Missouri northeast to north of St. Louis. The trailing cold front advanced southeast across the Lower Ohio Valley and served as the primary focus for thunderstorms.",217
308593,MARION CO.,CENTRALIA MUNI ARPT,04/19/2011,2002,Tornado, ,EF1,0,0,0,0,IL,CST-6, ,51672,C,121,LSX,0,0,NWS Storm Survey, ,0.36,75,2,E,2,SSE,CENTRALIA RES,04/19/2011,2003,38.5233,-89.0708,38.5278,-89.0675,"A tornado touched down approximately 1 mile east of the Centralia Municipal Airport, west of Moonglow Road and south of Illinois Route 161.  Several large healthy trees were uprooted in this area and a convergent pattern was found.  A house on the southwest corner of Moonglow Road and Illinois Route 161 sustained EF1 damage when the roof of an attached workshop or garage on the south side of the house was uplifted and thrown to the northwest.  At least one 2x4 was driven into the roof on the north side of the house.  A house on the southeast corner of Moonglow Rd. and Illinois Route 161 sustained minor roof damage.  A trampoline on the south side of this house was blown back to the northwest and was found on the north side of Illinois Route 161.  Debris was scattered into a field on the northwest corner of Moonglow Road and Illinois Route 161.  As the tornado travelled to the northeast, it crossed Illinois Route 161 and damaged the east facing side of a small outbuilding on the northeast corner of Moonglow Road and Illinois Route 161.  Further to the northeast, a new pole barn located east of Moonglow Road and south of Firewood Lane collapsed. Then the tornado lifted and dissipated.  The total length of this tornado was about 0.4 miles with a maximum width of 50 to 75 yards. Maximum damage was rated EF1 with winds of 95 mph.","A warm front was lifting northward through the region, triggering numerous showers and thunderstorms.  Some of the storms produced tornadoes as well as a lot of large hail.  There were 6 tornadoes with this event, including an EF3.",218
289119,JEFFERSON CO.,MT VERNON,04/19/2011,2003,Tornado, ,EF1,0,0,70000,0,IL,CST-6, ,49367,C,81,PAH,0,0,NWS Storm Survey, ,4.27,100,3,NW,5,NNE,MT VERNON,04/19/2011,2007,38.3476,-88.9352,38.3802,-88.8682,"There was shingle damage to houses. Awnings and overhangs were destroyed. Many trees were snapped or uprooted. In the immediate vicinity of the tornado damage path, straight-line winds from the same storm damaged the roof and chimney of a house. Peak winds were around 105 mph. The average path width was 90 yards.","Thunderstorms organized into a bow echo that produced widespread very damaging winds and isolated tornadoes. A shortwave trough over the central and southern high Plains moved northeast through the Mid-Mississippi Valley into the upper Great Lakes. A surface low attendant to this system moved from west central Missouri northeast to north of St. Louis. The trailing cold front advanced southeast across the Lower Ohio Valley and served as the primary focus for thunderstorms.",219
289120,JEFFERSON CO.,BLUFORD,04/19/2011,2006,Tornado, ,EF1,0,0,90000,0,IL,CST-6, ,49367,C,81,PAH,0,0,NWS Storm Survey, ,1.43,100,2,SE,3,ESE,BLUFORD,04/19/2011,2008,38.3147,-88.7304,38.3151,-88.704,"Many trees were snapped or uprooted. A hay barn was partially pushed over. An old wooden barn was destroyed. A newer wood-frame equipment shed was nearly destroyed. A house roof was heavily damaged, with loosening of roof decking. In the immediate vicinity of the tornado, straight-line winds from the same storm caused a large tree to fall on the roof of a house. Peak winds were near 110 mph. The average path width was 80 yards.","Thunderstorms organized into a bow echo that produced widespread very damaging winds and isolated tornadoes. A shortwave trough over the central and southern high Plains moved northeast through the Mid-Mississippi Valley into the upper Great Lakes. A surface low attendant to this system moved from west central Missouri northeast to north of St. Louis. The trailing cold front advanced southeast across the Lower Ohio Valley and served as the primary focus for thunderstorms.",220
289122,HAMILTON CO.,MC LEANSBORO,04/19/2011,2019,Tornado, ,EF1,0,0,150000,0,IL,CST-6, ,49367,C,65,PAH,0,0,NWS Storm Survey, ,3.36,150,6,SE,8,ESE,MC LEANSBORO,04/19/2011,2024,38.0386,-88.452,38.0557,-88.3941,"Hundreds of trees were uprooted, and a small grain bin was destroyed. Peak winds were estimated near 90 mph. The average path width was 150 yards.","Thunderstorms organized into a bow echo that produced widespread very damaging winds and isolated tornadoes. A shortwave trough over the central and southern high Plains moved northeast through the Mid-Mississippi Valley into the upper Great Lakes. A surface low attendant to this system moved from west central Missouri northeast to north of St. Louis. The trailing cold front advanced southeast across the Lower Ohio Valley and served as the primary focus for thunderstorms.",221
289175,WHITE CO.,CONCORD,04/19/2011,2028,Tornado, ,EF2,0,0,2000000,0,IL,CST-6, ,49367,C,193,PAH,0,0,NWS Storm Survey, ,1.8,125,2,NNW,3,N,CONCORD,04/19/2011,2032,37.9925,-88.134,38.0113,-88.1112,"This tornado several miles southeast of Carmi severely damaged two farms. Over a dozen grain bins were destroyed. One of the grain bins followed a curved path that crossed a fence twice. A seven-ton truck that was parked in a shed was overturned onto its side. An equipment shed was unroofed. Windows were blown out on all sides of a large, multi-story house. The house sustained considerable loss of roofing material and collapse of a non load-bearing wall. Several objects in the house were found across the street, including a mirror and curtains. Power poles were snapped. Irrigation pivots were overturned. The pattern of flattened corn stubble indicated convergent winds in a field. Peak winds were estimated near 130 mph. The average path width was 125 yards.","Thunderstorms organized into a bow echo that produced widespread very damaging winds and isolated tornadoes. A shortwave trough over the central and southern high Plains moved northeast through the Mid-Mississippi Valley into the upper Great Lakes. A surface low attendant to this system moved from west central Missouri northeast to north of St. Louis. The trailing cold front advanced southeast across the Lower Ohio Valley and served as the primary focus for thunderstorms.",222
289184,WHITE CO.,EPWORTH,04/19/2011,2030,Tornado, ,EF1,0,0,300000,0,IL,CST-6, ,49367,C,193,PAH,0,0,NWS Storm Survey, ,1.44,100,2,N,2,WSW,GARNERVILLE,04/19/2011,2032,38.0956,-88.1012,38.1088,-88.0807,"A house lost the entire roof, and most windows were broken. A trailer home was blown a couple of feet off its foundation. Two to three grain bins were blown less than a hundred yards away. Utility poles were snapped. Numerous trees were snapped or uprooted. Peak winds were estimated around 110 mph. The average path width was 100 yards.","Thunderstorms organized into a bow echo that produced widespread very damaging winds and isolated tornadoes. A shortwave trough over the central and southern high Plains moved northeast through the Mid-Mississippi Valley into the upper Great Lakes. A surface low attendant to this system moved from west central Missouri northeast to north of St. Louis. The trailing cold front advanced southeast across the Lower Ohio Valley and served as the primary focus for thunderstorms.",223
289121,WAYNE CO.,FAIRFIELD,04/19/2011,2030,Tornado, ,EF2,0,2,400000,0,IL,CST-6, ,49367,C,191,PAH,0,0,NWS Storm Survey, ,10.57,150,5,SE,9,NE,FAIRFIELD,04/19/2011,2037,38.3268,-88.3021,38.4742,-88.2498,"One house was destroyed, with part of the roof removed and separation of some walls. A machine shed and several grain bins were destroyed. About a dozen power poles were snapped. Dozens of trees were snapped or uprooted. A tank was blown about 150 yards. An outbuilding was blown across Route 15. The average path width was 100 yards. Peak winds were estimated near 120 mph.","Thunderstorms organized into a bow echo that produced widespread very damaging winds and isolated tornadoes. A shortwave trough over the central and southern high Plains moved northeast through the Mid-Mississippi Valley into the upper Great Lakes. A surface low attendant to this system moved from west central Missouri northeast to north of St. Louis. The trailing cold front advanced southeast across the Lower Ohio Valley and served as the primary focus for thunderstorms.",224
289166,WABASH CO.,KEENSBURG,04/19/2011,2048,Tornado, ,EF2,0,0,2500000,0,IL,CST-6, ,49367,C,185,PAH,0,0,NWS Storm Survey, ,11.25,250,4,W,1,N,MT CARMEL,04/19/2011,2055,38.35,-87.9475,38.4345,-87.77,"Three steel towers carrying high-voltage power lines were bent or partially collapsed. A single wide mobile home was demolished. The frame was blown about 50 yards but was not bent. There was curvature in the debris field. A grain bin was blown one mile into a tree line, and three other grain bins were destroyed. Machine sheds were unroofed, with some walls collapsing. Barns were destroyed, and hundreds of trees were uprooted or snapped. Power poles were snapped. There was minor to moderate damage to house roofs. The tornado reached EF-2 intensity in sparsely populated areas. Where it crossed through the north and west part of Mount Carmel near the end of its path, the tornado weakened to EF-1 intensity. The damage in Mount Carmel consisted of numerous uprooted and snapped trees, moderate roof damage to at least 4 or 5 houses, and destroyed sheds. In the vicinity of where the tornado crossed Route 15, damage was minimal, consisting of just a few downed trees. Peak winds were near 125 mph. The average path width was about 100 yards.","Thunderstorms organized into a bow echo that produced widespread very damaging winds and isolated tornadoes. A shortwave trough over the central and southern high Plains moved northeast through the Mid-Mississippi Valley into the upper Great Lakes. A surface low attendant to this system moved from west central Missouri northeast to north of St. Louis. The trailing cold front advanced southeast across the Lower Ohio Valley and served as the primary focus for thunderstorms.",225
289168,WABASH CO.,ALLENDALE,04/19/2011,2053,Tornado, ,EF1,0,0,50000,0,IL,CST-6, ,49367,C,185,PAH,0,0,NWS Storm Survey, ,2.75,125,4,W,4,NW,ALLENDALE,04/19/2011,2056,38.53,-87.7866,38.5668,-87.7671,"A mobile home was rolled. Numerous large and mature trees were snapped and uprooted. Power poles were down. Siding was blown off a house. The well-defined path extended through dense cedar and pine groves, where nearly every tree was snapped or uprooted.  A back porch was blown off. Peak winds were estimated around 110 mph.","Thunderstorms organized into a bow echo that produced widespread very damaging winds and isolated tornadoes. A shortwave trough over the central and southern high Plains moved northeast through the Mid-Mississippi Valley into the upper Great Lakes. A surface low attendant to this system moved from west central Missouri northeast to north of St. Louis. The trailing cold front advanced southeast across the Lower Ohio Valley and served as the primary focus for thunderstorms.",226
317911,MADISON CO.,GRANITE CITY,04/22/2011,1924,Tornado, ,EF2,0,0,0,0,IL,CST-6, ,52846,C,119,LSX,0,0,NWS Storm Survey, ,5.1,150,3,WNW,1,NW,FOUR CORNERS,04/22/2011,1931,38.7456,-90.1859,38.7326,-90.0927,"During the evening of Friday April 22nd, an intense supercell thunderstorm produced a long-track tornado which tore a path of destruction from west to east across the St. Louis Metropolitan Area, from St. Louis County Missouri eastward through the far northern portions of the City of St. Louis, then across the Mississippi River into Madison County Illinois. The tornado reached a maximum intensity of EF4 on the Enhanced Fujita Scale as it tracked through the community of Bridgeton, just west of Lambert St. Louis International Airport, in St. Louis County. The total path length was 21.3 miles, with a width of up to half a mile.||The tornado crossed the Mississippi River from the far northern portions of the City of St. Louis into Madison County Illinois approximately 1.5 miles south of Interstate 270 . The tornado continued east to half a mile north of the intersection of Illinois Route 203 and Pontoon Road. Damage east of this intersection included uprooted and snapped trees and three homes had roofs removed. At least one hundred homes were damaged in the area. The maximum damage found was in a neighborhood along Bern and Dawn Avenues. The tornadic damage then curved southeast and ended near the intersection of Alton Street and Pontoon Road. Damage width over this area varied from 50 to 150 yards with a path length of 5.1 miles.  The damage east of Illinois Route 203 was rated low-end EF2. The highest wind speeds associated with the EF2 damage were approximately 120 mph.","A strong cold front moved through region. With plenty of moisture, instability and decent low level shear, severe storms developed along the Interstate 70 corridor in Missouri and Illinois.  Numerous reports of large hail and 5 tornadoes occurred with this event.  One of the tornadoes was a long track one that moved through the St. Louis metropolitan area with it being rated an EF4, with only a few minor injuries and no deaths. Also, quite a bit of rain fell during this event and caused flash flooding.  The flash flooding persisted for several days as additional rounds of heavy rain fell over the same region through the 26th of April.",227
317675,MONROE CO.,WATERLOO,04/22/2011,1950,Tornado, ,EF2,0,1,0,0,IL,CST-6, ,52846,C,133,LSX,0,0,NWS Storm Survey, ,3.52,90,1,N,3,ENE,WATERLOO,04/22/2011,1955,38.3493,-90.1548,38.3398,-90.091,"A tornado touched down on the north side of Waterloo, Illinois near the intersection of Leah Drive and James Street.  Several homes and businesses sustained varying degrees of damage; from displaced roofing materials to businesses with structural damage. Two large air conditioners were tossed 30 yards from the roof of a business.  Several large trees were snapped near the base of the trunk. Four power poles were snapped south of the intersection of North Market Street and Kolmer Avenue.  One large garage was also destroyed behind a church with debris tossed southeastward 30 to 40 yards.  The tornado skipped eastward and crossed Floraville Road on the north side of Ridge Club Golf Course then traveled down the first fairway. A number of cedar and pine trees were snapped. The tornado then crossed Ridge Road where several homes sustained minor roof damage, with 30 to 40 percent of the shingles removed. The tornado then traveled across the northern part of Konarcik Park. Numerous old growth pine trees were snapped at the base of the trunk. Trees three feet in diameter were common in this area. The tornado caused damage to the siding of one home near the intersection of Konarcik and Kopp Roads before lifting.  There was one minor injury at Canterbury Manor Nursing Center due to flying glass when a window broke.  The maximum intensity was low end EF2, with a maximum estimated wind speed of 115 mph.  The maximum width of the tornado was 80 to 90 yards with a total path length of 3.5 miles.","A strong cold front moved through region. With plenty of moisture, instability and decent low level shear, severe storms developed along the Interstate 70 corridor in Missouri and Illinois.  Numerous reports of large hail and 5 tornadoes occurred with this event.  One of the tornadoes was a long track one that moved through the St. Louis metropolitan area with it being rated an EF4, with only a few minor injuries and no deaths. Also, quite a bit of rain fell during this event and caused flash flooding.  The flash flooding persisted for several days as additional rounds of heavy rain fell over the same region through the 26th of April.",228
317867,MADISON CO.,ST MORGAN,04/22/2011,1955,Tornado, ,EF2,0,0,0,0,IL,CST-6, ,52846,C,119,LSX,0,0,NWS Storm Survey, ,6.54,700,3,NW,1,NNE,SEBASTOPOL,04/22/2011,2010,38.7034,-89.7144,38.7277,-89.5972,"The tornado first touched down 3 miles southwest of Highland in Madison County, just to the east of Bluemound Road around 855 pm. It quickly moved east snapping and uprooting trees. Just before reaching Illinois Route 160, it destroyed a large metal farm building and carried the metal panels about a mile downwind.  On Old Trenton Road, it snapped three wooden power poles and snapped trees and caused minor damage to a barn roof on a farmstead.  As it continued to move east it widened to 700 yards as it passed south of Highland. It caused significant damage to trees, power poles and farm outbuildings in addition to minor roof damage. Near the intersection of St. Rose Road and Iberg Road, extensive tree damage occurred with one tree falling on a home and a second falling on a prefabricated carport. The tornado continued to move east causing varying degrees of damage to five homes in a subdivision just north of St. Rose Road. The tornado then moved across Waage Road blowing out multiple windows of a farm house and destroying a large metal shed. The tornado then crossed Baumann Road into Clinton County.  The maximum intensity for this segment was rated EF2 and was on the ground for 6.5 miles before crossing into Clinton County.  The maximum width of damage was 700 yards. As for the entire tornado, it was rated EF2, with maximum wind speeds of 130 mph.  The maximum width of the tornado was 700 yards and the total length of the tornado was 18.2 miles.","A strong cold front moved through region. With plenty of moisture, instability and decent low level shear, severe storms developed along the Interstate 70 corridor in Missouri and Illinois.  Numerous reports of large hail and 5 tornadoes occurred with this event.  One of the tornadoes was a long track one that moved through the St. Louis metropolitan area with it being rated an EF4, with only a few minor injuries and no deaths. Also, quite a bit of rain fell during this event and caused flash flooding.  The flash flooding persisted for several days as additional rounds of heavy rain fell over the same region through the 26th of April.",229
317863,ST. CLAIR CO.,PADERBORN,04/22/2011,2002,Tornado, ,EF1,0,0,0,0,IL,CST-6, ,52846,C,163,LSX,0,0,NWS Storm Survey, ,1.75,80,1,SW,1,ESE,PADERBORN,04/22/2011,2006,38.3599,-90.0468,38.3631,-90.0147,"A tornado touched down half a mile northeast of Paderborn in southwestern St. Clair County and moved east southeastward towards the Sportsman Lake Subdivision. Two power poles were snapped on Knab Road while six homes at the lake sustained minor roof damage in which 30 to 40 percent of the shingles were removed. A number of medium to large trees were uprooted or snapped along the damage track in this subdivision.  The tornado lifted and dissipated on the far south side of the subdivision near Live Oak Drive.  The maximum intensity was EF1, with a maximum estimated wind speed of 100 mph.  The maximum width of the tornado was 60 to 80 yards and the total path length was 1.75 miles.","A strong cold front moved through region. With plenty of moisture, instability and decent low level shear, severe storms developed along the Interstate 70 corridor in Missouri and Illinois.  Numerous reports of large hail and 5 tornadoes occurred with this event.  One of the tornadoes was a long track one that moved through the St. Louis metropolitan area with it being rated an EF4, with only a few minor injuries and no deaths. Also, quite a bit of rain fell during this event and caused flash flooding.  The flash flooding persisted for several days as additional rounds of heavy rain fell over the same region through the 26th of April.",230
317881,CLINTON CO.,ST ROSE,04/22/2011,2010,Tornado, ,EF2,0,0,0,0,IL,CST-6, ,52846,C,27,LSX,0,0,NWS Storm Survey, ,3.05,500,4,NW,2,WNW,JAMESTOWN,04/22/2011,2016,38.7277,-89.5972,38.7418,-89.5435,"The tornado crossed from Madison County into Clinton County along Baumann Road.  It continued to produce damage to farm outbuildings and minor roof damage to homes. On Keyesport Road, the tornado reached its maximum intensity between Baumann Road and Watertower Road. A farm house was destroyed when it lost its entire roof structure and the front wall partially collapsed. The rest of the farm had six buildings that were either destroyed or severely damaged. A hog farm also suffered extensive damage farther to the east on Keyesport Road. The tornado then turned east northeast and crossed into Bond County.  The maximum intensity for this segment was rated EF2 and was on the ground for 3.1 miles before crossing into Bond County.  The maximum width of damage was 500 yards. As for the entire tornado, it was rated EF2, with maximum wind speeds of 130 mph.  The maximum width of the tornado was 700 yards and the total length of the tornado was 18.2 miles.","A strong cold front moved through region. With plenty of moisture, instability and decent low level shear, severe storms developed along the Interstate 70 corridor in Missouri and Illinois.  Numerous reports of large hail and 5 tornadoes occurred with this event.  One of the tornadoes was a long track one that moved through the St. Louis metropolitan area with it being rated an EF4, with only a few minor injuries and no deaths. Also, quite a bit of rain fell during this event and caused flash flooding.  The flash flooding persisted for several days as additional rounds of heavy rain fell over the same region through the 26th of April.",231
317887,BOND CO.,BADEN BADEN,04/22/2011,2016,Tornado, ,EF1,0,0,0,0,IL,CST-6, ,52846,C,5,LSX,0,0,NWS Storm Survey, ,8.6,500,2,SSW,2,NNW,BEAVER CREEK,04/22/2011,2030,38.7418,-89.5435,38.7921,-89.3975,"The tornado crossed from Clinton County into Bond County where it continued to snap and uproot trees, severely damage outbuildings and cause minor roof damage to homes before it finally dissipated around 930 pm about 7 miles south of Greenville. The maximum intensity for this segment was rated EF1 and was on the ground for 8.6 miles before lifting and dissipating.  The maximum width of damage was 500 yards. As for the entire tornado, it was rated EF2, with maximum wind speeds of 130 mph.  The maximum width of the tornado was 700 yards and the total length of the tornado was 18.2 miles.","A strong cold front moved through region. With plenty of moisture, instability and decent low level shear, severe storms developed along the Interstate 70 corridor in Missouri and Illinois.  Numerous reports of large hail and 5 tornadoes occurred with this event.  One of the tornadoes was a long track one that moved through the St. Louis metropolitan area with it being rated an EF4, with only a few minor injuries and no deaths. Also, quite a bit of rain fell during this event and caused flash flooding.  The flash flooding persisted for several days as additional rounds of heavy rain fell over the same region through the 26th of April.",232
289981,ALEXANDER CO.,CAIRO ARPT,04/23/2011,1315,Tornado, ,EF2,0,0,700000,0,IL,CST-6, ,49470,C,3,PAH,0,0,NWS Storm Survey, ,2.9,175,1,WNW,2,ESE,CAIRO ARPT,04/23/2011,1319,37.0728,-89.2284,37.0567,-89.1798,"At the Cairo Regional Airport, a twenty-foot tall hangar was completely destroyed, along with two light aircraft and a camper. The debris was blown onto airport runways. The airport manager was an eyewitness to the tornado and noted an anemometer reading of 118 mph. One mobile home was destroyed on Route 3. Several trees were snapped or uprooted, along with minor to moderate roof damage on two homes. In Urbandale, large trees damaged two trailers and one house. Peak winds were measured near 120 mph at the airport. The average path width was 150 yards.","Bands of thunderstorms developed along a surface cold front extending from northern Arkansas northeastward along the Ohio River. Relatively strong diurnal heating occurred south of the front, where mixed-layer cape values increased to around 1500 j/kg. Steep mid-level lapse rates and rather strong deep-layer wind shear promoted a few supercell structures within these bands of storms.",233
289982,MASSAC CO.,CHOAT,04/23/2011,1347,Tornado, ,EF1,0,0,450000,0,IL,CST-6, ,49470,C,127,PAH,0,0,NWS Storm Survey, ,6.64,250,2,S,3,ENE,METROPOLIS,04/23/2011,1359,37.1849,-88.7949,37.172,-88.6754,"The tornado began along the Ohio River, where power poles were damaged at a barge-loading facility. Further east along the track, the roof was blown off a trailer, and some roof and utility pole damage occurred at an industrial complex. Portable buildings were destroyed and a trailer was overturned just east of the industrial complex. On the north end of Metropolis, several trees were blown down. There was tree damage to at least one garage, two homes, and two vehicles. There was minor roof damage to two other homes. Several utility poles were snapped. Near Interstate 24, part of the metal roof was torn off a large building in an industrial park. One trailer was overturned. One barn was heavily damaged. Peak winds were estimated near 110 mph. The average path width was 225 yards.","Bands of thunderstorms developed along a surface cold front extending from northern Arkansas northeastward along the Ohio River. Relatively strong diurnal heating occurred south of the front, where mixed-layer cape values increased to around 1500 j/kg. Steep mid-level lapse rates and rather strong deep-layer wind shear promoted a few supercell structures within these bands of storms.",234
299169,FORD CO.,PAXTON,05/07/2011,1506,Tornado, ,EF0,0,0,0,0,IL,CST-6, ,50710,C,53,LOT,0,0,Trained Spotter, ,0.05,10,5,W,5,W,PAXTON,05/07/2011,1507,40.47,-88.1951,40.47,-88.1942,"A small and brief tornado reportedly touched down in a field about five miles west of Paxton.  No damage was reported.","Strong to severe thunderstorms moved across parts of east central Illinois during the afternoon hours of May 17th producing mainly hail and one brief tornado.",235
305529,VERMILION CO.,ALLERTON ARPT,05/07/2011,1708,Tornado, ,EF0,0,0,0,0,IL,CST-6, ,51429,C,183,ILX,0,0,Emergency Manager, ,0.22,25,2,E,2,E,ALLERTON ARPT,05/07/2011,1709,39.9017,-87.9001,39.8997,-87.8968,"A tornado briefly touched down in a field about 2 miles southeast of Allerton at 6:08 PM CDT.  No damage was reported.","Isolated supercell thunderstorms developed along a warm front extending along the I-74 corridor during the late afternoon and early evening hours of May 7th.  The storms dropped large hail across parts of Champaign, Vermilion, and Edgar counties and produced a brief tornado near Allerton in Vermilion County.",236
300781,DE KALB CO.,MC GIRR,05/13/2011,1230,Tornado, ,EF0,0,0,0,0,IL,CST-6, ,50718,C,37,LOT,0,0,Broadcast Media, ,0.09,50,1,ENE,1,ENE,MC GIRR,05/13/2011,1232,41.8283,-88.7761,41.8285,-88.7744,"A tornado briefly touched down in an open field near the town of McGirr.  No damage was reported.","Strong to severe thunderstorms developed over parts of northern Illinois during the afternoon hours of May 13th.  These storms produced very heavy rain and were slow moving, which led to flooding in some areas.",237
304270,OGLE CO.,FORRESTON,05/22/2011,1725,Tornado, ,EF1,0,0,50000,0,IL,CST-6, ,50721,C,141,LOT,0,0,NWS Storm Survey, ,12.41,200,2,E,3,NNE,MYRTLE,05/22/2011,1737,42.1257,-89.5406,42.2026,-89.3215,"A tornado touched down just east of Forreston, on Columbine Road near Illinois Route 72 in Ogle County.  The tornado continued to the northeast with a near continuous path into Winnebago County.  A mobile home lost part of its roof with walls partially collapsed in Adeline.  Another double wide home lost a portion of its roof on Leaf River Road at Myrtle road.  A couple of utility poles were also snapped or leaning over.  The tornado crossed into Winnebago County on East Montague Road near South Conger Road.","Severe thunderstorms moved across many areas of northern Illinois during the afternoon and evening hours of May 22nd.  Heavy rain produced flash flooding in some areas and tornadoes were reported with some of the strongest storms that moved across far northern Illinois during the early evening hours.",238
304813,OGLE CO.,POLO RADIO RANCH ARP,05/22/2011,1728,Tornado, ,EF1,0,0,50000,0,IL,CST-6, ,50721,C,141,LOT,0,0,NWS Storm Survey, ,1.67,200,0,S,2,ESE,POLO RADIO RANCH ARP,05/22/2011,1731,41.9739,-89.5696,41.9741,-89.538,"The tornado touched down south of unincorporated Polo, just south of the intersection of Union Road and Judson Road.  The roof of a cattle shed was blown off along Judson Road.  Several beef cattle were in the shed and one was injured severely enough it had to be euthanized.  A power pole on the east side of Union Road was blown down, leaning over the road toward the west.  At this point the tornado was rated low end EF1 with winds estimated at 85-90 mph.  The tornado widened slightly as it progressed to the east along Judson Road, and uprooted a 20 inch diameter fir tree.  At this point the tornado was still at EF1 strength, and there were branches down.  The tornado then moved east and its width widened to its maximum 200 yards.  There was roof damage to sheet metal roofing on 4 buildings and a wood outbuilding that was left leaning over by the tornado.  In this area several 2x4���s were speared into the ground from different directions and insulation was plastered on the east and northeast face of buildings.  Another property just to the northeast of this point experienced six 16 inch diameter Norway Spruce trees snapped off, and a new wood power pole was snapped in half.  It was here where the tornado reached its maximum intensity with winds at 100 mph.  The tornado continued to the east maintaining its intensity (EF1 strength) another quarter mile to the east where a grain bin was ripped off its foundation and a portion of the roof blown off to the north up against a fence.  After this the winds weakened as the tornado lifted.  A couple of additional grain bins were blown over, small branches snapped off, and shingles blown off roofs.  Winds were estimated at 70-80 mph.  The tornado lifted at 10506 Judson Road at Bailey Road.","Severe thunderstorms moved across many areas of northern Illinois during the afternoon and evening hours of May 22nd.  Heavy rain produced flash flooding in some areas and tornadoes were reported with some of the strongest storms that moved across far northern Illinois during the early evening hours.",239
307239,WINNEBAGO CO.,SEWARD,05/22/2011,1737,Tornado, ,EF1,0,0,100000,0,IL,CST-6, ,50721,C,201,LOT,0,0,NWS Storm Survey, ,16.73,200,2,SE,1,WSW,COLONIAL GARDENS,05/22/2011,1754,42.2026,-89.3215,42.3469,-89.0588,"This is a continuation of a tornado that started in Ogle County and crossed into Winnebago County on East Montague Road near South Conger Road.  The path was nearly continuous briefly lifting near Kelly Road east of just Alworth Road, then continuing again into the west side of Machesney Park past the Kennedy Middle School which had part of its roof blown off.  A persistent path of damage was observed until the end of the tornado���s life when damage became sporadic.  Several damage indicators indicating a persistent EF1 rating were observed throughout the tornado���s path.  There were numerous softwood trees snapped or uprooted, some up to 24-30 inches in diameter.  A few hardwood trees up to 18 inches in diameter were also snapped. Many tree limbs were also downed.  Structural damage included several collapsed outbuildings, damaged siding and fascia to homes, and shingles blown off roofs.  Debris in numerous locations was deposited downstream from its origin, sometimes up to 400 yards.  All of the damage suggested winds from 90-110 mph.","Severe thunderstorms moved across many areas of northern Illinois during the afternoon and evening hours of May 22nd.  Heavy rain produced flash flooding in some areas and tornadoes were reported with some of the strongest storms that moved across far northern Illinois during the early evening hours.",240
304267,OGLE CO.,STILLMAN VLY,05/22/2011,1740,Tornado, ,EF1,0,0,50000,0,IL,CST-6, ,50721,C,141,LOT,0,0,NWS Storm Survey, ,0.5,100,3,N,3,NNE,STILLMAN VLY,05/22/2011,1742,42.1465,-89.1759,42.1488,-89.164,"A brief tornado took out a dual wood truss electrical transmission line tower, tore off the gable and part of the roof of a house, peeled soffit and shingles from a couple other houses, and knocked down trees and limbs. Truck trailers were also overturned. The tornado was rated EF1 with estimated winds of 90 to 110 mph.","Severe thunderstorms moved across many areas of northern Illinois during the afternoon and evening hours of May 22nd.  Heavy rain produced flash flooding in some areas and tornadoes were reported with some of the strongest storms that moved across far northern Illinois during the early evening hours.",241
305416,WINNEBAGO CO.,WEMPLETON,05/22/2011,1755,Tornado, ,EF1,0,0,0,0,IL,CST-6, ,50721,C,201,LOT,0,0,NWS Storm Survey, ,2.73,50,2,NE,4,SW,ROCKTON WGN WHEEL AR,05/22/2011,1758,42.372,-89.1681,42.3946,-89.1242,"A tornado touched down just west of Latham Park.  A pocket of intense and concentrated damage embedded in a more widespread area of straight-line wind damage was classified as tornadic with winds estimated at 90 to 100 mph.  No structural damage was observed except where trees fell on houses.","Severe thunderstorms moved across many areas of northern Illinois during the afternoon and evening hours of May 22nd.  Heavy rain produced flash flooding in some areas and tornadoes were reported with some of the strongest storms that moved across far northern Illinois during the early evening hours.",242
305420,WINNEBAGO CO.,SOUTH BELOIT,05/22/2011,1759,Tornado, ,EF1,0,0,15000,0,IL,CST-6, ,50721,C,201,LOT,0,0,NWS Storm Survey, ,0.9,50,2,SSE,2,ESE,SOUTH BELOIT,05/22/2011,1801,42.4584,-89.0128,42.4652,-88.9977,"A brief tornado touched down in the Rockton area between Route 251 and Interstate 90, just north of Rockton Road.  Damage was observed around the Roscoe Fire Station, where a large garage door was blown in.  Winds were estimated to be as high as 90-100 mph.","Severe thunderstorms moved across many areas of northern Illinois during the afternoon and evening hours of May 22nd.  Heavy rain produced flash flooding in some areas and tornadoes were reported with some of the strongest storms that moved across far northern Illinois during the early evening hours.",243
301289,GALLATIN CO.,EQUALITY,05/23/2011,1625,Tornado, ,EF1,0,0,250000,0,IL,CST-6, ,50951,C,59,PAH,0,0,NWS Storm Survey, ,11.84,200,3,SE,4,NE,SHAWNEETOWN,05/23/2011,1635,37.7044,-88.2977,37.7358,-88.0847,"Several homes and buildings sustained minor to moderate damage in the Junction and Shawneetown areas. Several barns or sheds were destroyed, and many dozens of trees were uprooted or snapped. Several trained spotters reported seeing a funnel cloud in the Shawneetown area. Peak winds were estimated near 105 mph. The average path width was 150 yards.","A large cluster of thunderstorms increased in coverage and intensity as it accelerated eastward into a rapidly destabilizing air mass. The activity was closely related to a mid-level shortwave trough moving across Iowa and Missouri, along with a low level wind maximum. The storms were associated with isolated large hail, damaging winds, and a tornado.",244
306005,MACON CO.,SANGAMON,05/25/2011,635,Tornado, ,EF1,0,0,165000,0,IL,CST-6, ,51473,C,115,ILX,0,0,Emergency Manager, ,0.99,75,2,SSW,1,SSW,SANGAMON,05/25/2011,637,39.857,-88.8445,39.8694,-88.835,"A tornado touched down in eastern Macon County about 6 miles east-northeast of Decatur at 7:35 AM CDT.  The tornado travelled 1 mile to the northeast, damaging grain bins and outbuildings before lifting at 7:37 AM CDT.","Strong thunderstorms developed along an advancing warm front between 2 AM and 9 AM on May 25th.  Some of the storms became severe, producing scattered wind damage from Morgan County northeastward to Tazewell County.  Other damage was noted across Champaign, Vermilion, and Douglas counties.  In addition, two brief tornadoes touched down in eastern Macon County.",245
306007,MACON CO.,OAKLEY,05/25/2011,639,Tornado, ,EF1,0,0,100000,0,IL,CST-6, ,51473,C,115,ILX,0,0,Emergency Manager, ,1.48,75,2,ENE,3,NE,OAKLEY,05/25/2011,642,39.8804,-88.7739,39.8987,-88.7593,"A tornado touched down in eastern Macon County about 1.7 miles east of Oakley at 7:39 AM CDT.  The tornado travelled 1.5 miles to the northeast, damaging grain bins and outbuildings before lifting at 7:42 AM CDT.","Strong thunderstorms developed along an advancing warm front between 2 AM and 9 AM on May 25th.  Some of the storms became severe, producing scattered wind damage from Morgan County northeastward to Tazewell County.  Other damage was noted across Champaign, Vermilion, and Douglas counties.  In addition, two brief tornadoes touched down in eastern Macon County.",246
306758,KANKAKEE CO.,LEESVILLE,05/25/2011,804,Tornado, ,EF1,0,0,250000,0,IL,CST-6, ,51200,C,91,LOT,0,0,NWS Storm Survey, ,5.78,50,4,W,1,NNE,HOPKINS PARK,05/25/2011,812,41.0229,-87.6272,41.0907,-87.5622,"Tree damage was observed at multiple locations along the path of this tornado including snapped hardwood trees.  Additional damage included snapped utility poles, roof and shingle damage to homes, overturned campers, and an attached garage removed from a home that was under construction.  Two people reported watching this tornado as it just missed their property.  Two buildings, built from concrete blocks, were destroyed near 11580E and 7000S.  At 4702S and 14000E, storage sheds were destroyed and a metal grain bin was blown over.  Shingles were also blown off the roof of a house.","A line of thunderstorms moved across parts of northeast and eastern Illinois during the morning hours of May 25th producing a tornado near St. Anne as well as heavy rain and some flooding.",247
311348,MCLEAN CO.,HEYWORTH,05/25/2011,1706,Tornado, ,EF0,0,0,8000,0,IL,CST-6, ,52217,C,113,ILX,0,0,Emergency Manager, ,0.9,25,4,E,4,E,HEYWORTH,05/25/2011,1707,40.311,-88.8986,40.3242,-88.8955,"A tornado formed about 4 miles east of Heyworth. The tornado damaged a grain bin and then tracked into an open field before dissipating.","A deep area of low pressure lifting from the Plains into the Upper Midwest pulled a strong cold front eastward toward the Mississippi River during the afternoon of May 25th.  Severe thunderstorms developed ahead of the cold front, as well as along a warm front lifting northward through the area.  Many of the storms produced large hail up to the size of golf balls and damaging winds in excess of 60 mph.  In addition, 6 tornadoes touched down across central Illinois, including an EF2 tornado that caused significant damage south of Robinson in Crawford County.",248
311351,MCLEAN CO.,LE ROY,05/25/2011,1709,Tornado, ,EF1,0,0,10000,0,IL,CST-6, ,52217,C,113,ILX,0,0,Emergency Manager, ,10.3,75,3,WNW,1,ESE,MERNA,05/25/2011,1720,40.3601,-88.8209,40.5091,-88.8067,"A tornado formed about 2 miles southeast of Downs. It crossed Interstate 74 and overturned a semi-truck. The tornado continued tracking to the north-northeast through open fields until it dissipated.","A deep area of low pressure lifting from the Plains into the Upper Midwest pulled a strong cold front eastward toward the Mississippi River during the afternoon of May 25th.  Severe thunderstorms developed ahead of the cold front, as well as along a warm front lifting northward through the area.  Many of the storms produced large hail up to the size of golf balls and damaging winds in excess of 60 mph.  In addition, 6 tornadoes touched down across central Illinois, including an EF2 tornado that caused significant damage south of Robinson in Crawford County.",249
307040,JEFFERSON CO.,WOODLAWN,05/25/2011,1728,Tornado, ,EF2,0,0,4000000,0,IL,CST-6, ,50963,C,81,PAH,0,0,NWS Storm Survey, ,13.48,250,6,WNW,3,NNE,DIX,05/25/2011,1744,38.3605,-89.1238,38.4634,-88.9123,"At least three houses lost portions of roof substructure, including roof decking. Numerous other homes sustained various degrees of shingle damage. Some houses lost siding. A total of 101 residences sustained damage, with 23 of those homes deemed uninhabitable. A folded up pop-up camper and adjacent shed were blown 50 to 75 feet. Dozens of trees and power poles were snapped. A twin-pole wooden tower carrying high-voltage power lines was leaning. The community of Boyd was directly impacted. In Boyd, a large machine shed/sawmill was destroyed. A church lost some shingles and roofing. There were numerous eyewitnesses and at least one photo of the tornado funnel. Peak winds were estimated near 115 mph. The average path width was 200 yards.","Numerous strong to severe thunderstorms occurred in the warm sector of a low pressure system over central Missouri. The air mass in the warm sector was very unstable, with afternoon mixed-layer cape values in the 2500 to 4000 j/kg range. A 65 to 75 knot mid level jet was located across Arkansas, with the nose of the jet moving into western Kentucky. This feature enhanced the lift and strong deep-layer shear already in place, creating an environment very favorable for supercells and tornadoes. A 40 to 55 knot low level jet across eastern Arkansas moved into western Kentucky during the evening, resulting in isolated tornadoes and widespread damaging winds.",250
307063,UNION CO.,ANNA,05/25/2011,1739,Tornado, ,EF1,0,0,150000,0,IL,CST-6, ,50963,C,181,PAH,0,0,NWS Storm Survey, ,2,125,1,NNE,3,NNE,ANNA,05/25/2011,1742,37.4834,-89.243,37.5101,-89.2291,"Several dozen trees were uprooted or snapped. A vehicle was destroyed by a falling tree. At least a couple of buildings and houses sustained mostly minor roof damage, including the loss of some shingles. Peak winds were estimated near 90 mph. The average path width was 100 yards.","Numerous strong to severe thunderstorms occurred in the warm sector of a low pressure system over central Missouri. The air mass in the warm sector was very unstable, with afternoon mixed-layer cape values in the 2500 to 4000 j/kg range. A 65 to 75 knot mid level jet was located across Arkansas, with the nose of the jet moving into western Kentucky. This feature enhanced the lift and strong deep-layer shear already in place, creating an environment very favorable for supercells and tornadoes. A 40 to 55 knot low level jet across eastern Arkansas moved into western Kentucky during the evening, resulting in isolated tornadoes and widespread damaging winds.",251
301424,PULASKI CO.,MOUND CITY,05/25/2011,1740,Tornado, ,EF1,0,0,50000,0,IL,CST-6, ,50963,C,153,PAH,0,0,NWS Storm Survey, ,5.5,250,1,SW,5,NE,MOUND CITY,05/25/2011,1747,37.0749,-89.1764,37.1312,-89.1058,"The tornado moved northeast across Mound City, where much of the damage occurred. One small mobile home was picked up and thrown into a power pole. There was roof damage to several homes, mainly shingles. Numerous trees were uprooted and snapped. The tornado damage path ended at the Ohio River. Peak winds were estimated near 105 mph. The average path width was 200 yards.","Numerous strong to severe thunderstorms occurred in the warm sector of a low pressure system over central Missouri. The air mass in the warm sector was very unstable, with afternoon mixed-layer cape values in the 2500 to 4000 j/kg range. A 65 to 75 knot mid level jet was located across Arkansas, with the nose of the jet moving into western Kentucky. This feature enhanced the lift and strong deep-layer shear already in place, creating an environment very favorable for supercells and tornadoes. A 40 to 55 knot low level jet across eastern Arkansas moved into western Kentucky during the evening, resulting in isolated tornadoes and widespread damaging winds.",252
301428,PULASKI CO.,PULASKI,05/25/2011,1745,Tornado, ,EF1,0,0,40000,0,IL,CST-6, ,50963,C,153,PAH,0,0,NWS Storm Survey, ,10.04,120,2,SE,7,NW,GRAND CHAIN,05/25/2011,1758,37.2047,-89.1807,37.3365,-89.1036,"Mainly tree damage was observed. Some trees were uprooted and snapped. One small shed was damaged. There was minor damage to business roofs in Pulaski. Some straight-line wind damage was observed on the southeast end of the path. Peak winds were estimated near 90 mph. The average path width was 100 yards.","Numerous strong to severe thunderstorms occurred in the warm sector of a low pressure system over central Missouri. The air mass in the warm sector was very unstable, with afternoon mixed-layer cape values in the 2500 to 4000 j/kg range. A 65 to 75 knot mid level jet was located across Arkansas, with the nose of the jet moving into western Kentucky. This feature enhanced the lift and strong deep-layer shear already in place, creating an environment very favorable for supercells and tornadoes. A 40 to 55 knot low level jet across eastern Arkansas moved into western Kentucky during the evening, resulting in isolated tornadoes and widespread damaging winds.",253
301431,PULASKI CO.,NEW GRAND CHAIN,05/25/2011,1755,Tornado, ,EF0,0,0,30000,0,IL,CST-6, ,50963,C,153,PAH,0,0,NWS Storm Survey, ,3.82,80,3,SE,2,SE,KARNAK,05/25/2011,1759,37.22,-88.99,37.2599,-88.9419,"The tornado was very weak as it touched down along the Ohio River. In this area, trees were uprooted, and a few trees were snapped. At a campground east of Grand Chain, several campers were damaged, and one was overturned. Peak winds were estimated near 70 mph. The tornado remained weak as it crossed into Massac County.","Numerous strong to severe thunderstorms occurred in the warm sector of a low pressure system over central Missouri. The air mass in the warm sector was very unstable, with afternoon mixed-layer cape values in the 2500 to 4000 j/kg range. A 65 to 75 knot mid level jet was located across Arkansas, with the nose of the jet moving into western Kentucky. This feature enhanced the lift and strong deep-layer shear already in place, creating an environment very favorable for supercells and tornadoes. A 40 to 55 knot low level jet across eastern Arkansas moved into western Kentucky during the evening, resulting in isolated tornadoes and widespread damaging winds.",254
311355,CHAMPAIGN CO.,RISING,05/25/2011,1758,Tornado, ,EF0,0,0,5000,0,IL,CST-6, ,52217,C,19,ILX,0,0,Emergency Manager, ,0.2,15,1,N,1,N,RISING,05/25/2011,1759,40.1676,-88.3339,40.169,-88.3306,"A tornado developed 3.5 miles southeast of Mahomet. It did minor damage to trees before dissipating less than a minute later.","A deep area of low pressure lifting from the Plains into the Upper Midwest pulled a strong cold front eastward toward the Mississippi River during the afternoon of May 25th.  Severe thunderstorms developed ahead of the cold front, as well as along a warm front lifting northward through the area.  Many of the storms produced large hail up to the size of golf balls and damaging winds in excess of 60 mph.  In addition, 6 tornadoes touched down across central Illinois, including an EF2 tornado that caused significant damage south of Robinson in Crawford County.",255
307059,MASSAC CO.,HILLERMAN,05/25/2011,1759,Tornado, ,EF2,0,0,150000,0,IL,CST-6, ,50963,C,127,PAH,0,0,NWS Storm Survey, ,7.98,325,3,NW,4,WNW,SAMOTH,05/25/2011,1807,37.2599,-88.9419,37.3445,-88.843,"The tornado gained strength after crossing into Massac County from Pulaski County. North of the Mermet Lake Conservation Area, the tornado reached peak intensity. A barn was destroyed, and debris was thrown several hundred yards. Two grain bins were destroyed, including one that was thrown over 265 yards. Other small outbuildings were destroyed. There was minor to moderate damage to four homes from falling trees and strong winds. As the tornado moved northeast, it damaged a house near the Massac/Johnson County line. The back porch was ripped off. Trees were snapped and thrown into a vehicle and garage. There was roof, siding, soffit, and shutter damage to the home as well. In a nearby field, an irrigation system was overturned. The tornado funnel was photographed from a residence near Round Knob. Peak winds were estimated near 115 mph. The average path width was 300 yards. The tornado continued northeast into Johnson County.","Numerous strong to severe thunderstorms occurred in the warm sector of a low pressure system over central Missouri. The air mass in the warm sector was very unstable, with afternoon mixed-layer cape values in the 2500 to 4000 j/kg range. A 65 to 75 knot mid level jet was located across Arkansas, with the nose of the jet moving into western Kentucky. This feature enhanced the lift and strong deep-layer shear already in place, creating an environment very favorable for supercells and tornadoes. A 40 to 55 knot low level jet across eastern Arkansas moved into western Kentucky during the evening, resulting in isolated tornadoes and widespread damaging winds.",256
307060,JOHNSON CO.,CROSSROADS,05/25/2011,1807,Tornado, ,EF1,0,0,75000,0,IL,CST-6, ,50963,C,87,PAH,0,0,NWS Storm Survey, ,8.07,200,1,WSW,3,NE,GRANTSBURG,05/25/2011,1814,37.3445,-88.843,37.4056,-88.7178,"The tornado crossed into Johnson County from Massac County in the vicinity of Interstate 24. A barn was destroyed just before where the tornado crossed Interstate 24. Significant tree damage was observed near the community of Ganntown, where trees were snapped and uprooted and a home had minor damage. The metal roof of the house was damaged. On the west side of Grantsburg, a 20-by-50 foot pole barn was destroyed, and swirls were seen in tall grass. Near the end of the damage path in the Shawnee National Forest, over 100 trees were snapped or uprooted. Peak winds were estimated near 100 mph. The average path width was 150 yards.","Numerous strong to severe thunderstorms occurred in the warm sector of a low pressure system over central Missouri. The air mass in the warm sector was very unstable, with afternoon mixed-layer cape values in the 2500 to 4000 j/kg range. A 65 to 75 knot mid level jet was located across Arkansas, with the nose of the jet moving into western Kentucky. This feature enhanced the lift and strong deep-layer shear already in place, creating an environment very favorable for supercells and tornadoes. A 40 to 55 knot low level jet across eastern Arkansas moved into western Kentucky during the evening, resulting in isolated tornadoes and widespread damaging winds.",257
311367,CLAY CO.,CLAY CITY,05/25/2011,1818,Tornado, ,EF1,0,0,510000,0,IL,CST-6, ,52217,C,25,ILX,0,0,Emergency Manager, ,1,75,1,WSW,0,NNW,CLAY CITY,05/25/2011,1819,38.6764,-88.3688,38.683,-88.3523,"A tornado developed about 1 mile southwest of Clay City. The tornado tracked northeast and dissipated near Clay City High School. Structures damaged along the path of the tornado included a barn and several garages, and 15 homes sustained minor to moderate roof damage. One concrete block storage building collapsed. Numerous trees were also damaged.","A deep area of low pressure lifting from the Plains into the Upper Midwest pulled a strong cold front eastward toward the Mississippi River during the afternoon of May 25th.  Severe thunderstorms developed ahead of the cold front, as well as along a warm front lifting northward through the area.  Many of the storms produced large hail up to the size of golf balls and damaging winds in excess of 60 mph.  In addition, 6 tornadoes touched down across central Illinois, including an EF2 tornado that caused significant damage south of Robinson in Crawford County.",258
311370,RICHLAND CO.,HIGGINS,05/25/2011,1835,Tornado, ,EF0,0,0,0,0,IL,CST-6, ,52217,C,159,ILX,0,0,Emergency Manager, ,0.2,10,3,NE,3,WNW,OLNEY,05/25/2011,1836,38.7447,-88.131,38.7457,-88.1275,"A tornado briefly touched down in a field, causing no damage.","A deep area of low pressure lifting from the Plains into the Upper Midwest pulled a strong cold front eastward toward the Mississippi River during the afternoon of May 25th.  Severe thunderstorms developed ahead of the cold front, as well as along a warm front lifting northward through the area.  Many of the storms produced large hail up to the size of golf balls and damaging winds in excess of 60 mph.  In addition, 6 tornadoes touched down across central Illinois, including an EF2 tornado that caused significant damage south of Robinson in Crawford County.",259
311375,CRAWFORD CO.,NEW HEBRON,05/25/2011,1857,Tornado, ,EF2,0,0,920000,0,IL,CST-6, ,52217,C,33,ILX,0,0,Emergency Manager, ,5.5,200,1,NW,1,SSW,ROBINSON MUNI ARPT,05/25/2011,1903,38.9618,-87.7422,39.0047,-87.6557,"A tornado touched down about 3 miles south of Robinson, and tracked to the northeast. Fourteen homes sustained damage, with three homes losing most of their roof and one home being pushed three feet off its foundation. In addition, numerous outbuildings and garages were destroyed, numerous trees and power poles were blown down, and a large camper was rolled over.","A deep area of low pressure lifting from the Plains into the Upper Midwest pulled a strong cold front eastward toward the Mississippi River during the afternoon of May 25th.  Severe thunderstorms developed ahead of the cold front, as well as along a warm front lifting northward through the area.  Many of the storms produced large hail up to the size of golf balls and damaging winds in excess of 60 mph.  In addition, 6 tornadoes touched down across central Illinois, including an EF2 tornado that caused significant damage south of Robinson in Crawford County.",260
318244,SCHUYLER CO.,LITTLETON,06/10/2011,1805,Tornado, ,EF0,0,0,0,0,IL,CST-6, ,53210,C,169,ILX,0,0,Storm Chaser, ,0.23,10,1,W,1,WSW,LITTLETON,06/10/2011,1806,40.2281,-90.634,40.228,-90.6296,"A tornado briefly touched down in an open field southwest of Littleton.  No damage was observed.","An area of low pressure tracking from northern Missouri into the southern Great Lakes triggered scattered thunderstorms across central Illinois during the afternoon and evening of June 10th into the early morning hours of the 11th.  A few of the storms produced large hail up to the size of golf balls, as well as gusty winds of 50 to 60 mph.  In addition, a brief tornado touch down occurred in rural Schuyler County near Littleton.",261
319422,SHELBY CO.,SEXSON CORNER,06/15/2011,1425,Tornado, ,EF0,0,0,0,0,IL,CST-6, ,53383,C,173,ILX,0,0,Emergency Manager, ,0.3,10,3,NE,3,NE,SEXSON CORNER,06/15/2011,1426,39.4376,-88.4855,39.4372,-88.4799,"A tornado briefly touched down in a field about 6 miles east of Windsor.  No damage occurred.","Widely scattered thunderstorms developed along a stationary frontal boundary during the afternoon of June 15th.  One of the cells began to rotate and eventually produced two weak tornadoes across Shelby County.  Other storms dropped penny-sized hail near Robinson in Crawford County.",262
319425,SHELBY CO.,KINGMAN,06/15/2011,1430,Tornado, ,EF0,0,0,20000,0,IL,CST-6, ,53383,C,173,ILX,0,0,Emergency Manager, ,0.27,20,1,SSW,1,SSW,KINGMAN,06/15/2011,1431,39.2905,-88.5777,39.2901,-88.5726,"A tornado touched down about 3.5 miles northeast of Stewardson.  It damaged two cattle barns, resulting in the death of two cows.","Widely scattered thunderstorms developed along a stationary frontal boundary during the afternoon of June 15th.  One of the cells began to rotate and eventually produced two weak tornadoes across Shelby County.  Other storms dropped penny-sized hail near Robinson in Crawford County.",263
322104,COOK CO.,BERGER,06/15/2011,1718,Tornado, ,EF0,0,0,25000,0,IL,CST-6, ,53138,C,31,LOT,0,0,NWS Storm Survey, ,0.8,20,1,SE,2,S,BURNHAM,06/15/2011,1720,41.606,-87.5823,41.6048,-87.5687,"The tornado began at approximately 518 PM CST at the Bishop Ford Expressway north of 159th Street.  The tornado ended at 520 PM CST near the intersection of 158th Place and Paxton Avenue.  It had a path length of 0.8 miles and a width of about 20 yards.  The tornado was rated EF0 with winds 65 to 85 mph.  The first signs of damage were at the Brown Meat Packing Company on Dutch Valley Road.  The tornado caused damage to the roof of the meat packing plant.  A 40 foot by 60 foot section of roofing was torn off and pieces of the roof were thrown 150 to 250 feet to the left of the tornado path, indicating rotation.  An air conditioning unit was flipped and roof debris damaged a brick parapet.  There was damage to a few shingles at the Sand Ridge Apartments on 158th Place.  A few small tree limbs were also damaged.  Debris from the roof of the plant also fell around the apartment complex.","Strong thunderstorms moved across parts of northern Illinois during the early morning hours of June 15th.  Behind this area of thunderstorms strong winds developed from a wake low, which produced damage in some areas.",264
314506,PERRY CO.,CLINCH,06/19/2011,248,Tornado, ,EF1,0,1,550000,0,IL,CST-6, ,52632,C,145,PAH,0,0,NWS Storm Survey, ,3.22,250,1,W,2,NW,OLD DUQUOIN,06/19/2011,251,37.9723,-89.2521,37.9878,-89.1964,"A tornado crossed through the DuQuoin State Fairgrounds, where damage was estimated around one-half million dollars. Dozens of large trees were snapped or uprooted. Several small camper trailers were overturned. One unoccupied trailer was demolished. Three persons were trapped inside a camper at the DuQuoin State Fairgrounds. They were extricated by fire and rescue personnel. One person sustained minor injuries in an overturned trailer. Several homes lost some shingles and sustained mainly minor damage from fallen trees. At the state fairgrounds, a shower/restroom facility and the Farm Service building were destroyed by falling trees. Large hvac units were lifted off the roof of the main arena building and overturned. The doors of the building were damaged. A couple of uprooted trees ruptured gas lines. The peak winds were estimated near 100 mph. The average path width was 200 yards.","A long-lived bow echo raced eastward across parts of southern Illinois at 60 mph. An extensive rain shield in the wake of the fast-moving line of storms supported development of a cold pool that sustained its growth. A corridor of moderate instability existed in advance of the storms. A 40 to 50-knot southwesterly low-level jet veered more westerly, further aiding in the eastward movement of the bow echo. A westerly rear-inflow jet around 70 knots developed attendant to the developing bow echo. Vertically veering low-level winds promoted the formation of an isolated tornado along the leading edge of the bow echo.",265
322113,KANKAKEE CO.,LEHIGH,06/20/2011,514,Tornado, ,EF0,0,0,100000,0,IL,CST-6, ,53141,C,91,LOT,0,0,NWS Storm Survey, ,2.43,100,0,WSW,2,NNE,LEHIGH,06/20/2011,517,41.1179,-88.0257,41.1472,-87.9998,"The survey team reported a housing residence along Route 17 that had a shed completely destroyed, with the walls collapsed and the roof blown approximately 25 feet away.  There was extensive hardwood tree damage for most of the damage path.  Most of the trees damaged were either uprooted or snapped off at the base.  These were large, mostly healthy trees.  There were several trees where the break was a third to half of the way up the tree trunk.  One of the housing structures along 7000W had a glass window blown out.  An additional building had damage in the siding from a branch piercing the outer wall.  Along 2000N, there were several occurrences of damage to man-made objects at several homesteads.  The door on a large tin barn was blown into the structure and several panels of the siding collapsed.  On the same property, a wooden corn shed was completely destroyed, and a house sustained shingle damage.  A metal siding fence also blew down on the property line, as well as a chain link fence.  Another property on 2000N incurred heavy structural damage due to fallen trees.  Along the damage path, there were convergent wind patterns in several corn and wheat fields.  In addition, the fallen trees laid in a convergent pattern.  Many branches were speared into the ground in a convergent pattern, as well.  The nature of this damage was consistent with an EF1 tornado with winds of 100 to 110 mph.","Strong to severe thunderstorms moved across parts of central Illinois during the morning hours of June 20th.",266
322315,DU PAGE CO.,THE MEADOWS,06/21/2011,1931,Tornado, ,EF1,0,0,500000,0,IL,CST-6, ,53175,C,43,LOT,0,0,NWS Storm Survey, ,2.06,200,2,SE,1,SSW,DOWNERS GROVE,06/21/2011,1933,41.7621,-88.0324,41.7867,-88.0098,"A National Weather Service storm survey confirmed an EF1 tornado touched down near Sunnydale Park and lifted near 55th and Main in Downers Grove.  Most of the damage was to trees.  Many mature hardwood trees had been snapped or knocked down.  A fence was blown down at Downers Grove High School. An estimated 35 homes were damaged by falling trees.","A powerful line of severe thunderstorms moved northeast across northern Illinois during the evening hours of June 21st producing damaging winds and widespread wind damage.",267
324639,COOK CO.,CUMBERLAND,06/21/2011,1948,Tornado, ,EF1,0,0,50000,0,IL,CST-6, ,53175,C,31,LOT,0,0,NWS Storm Survey, ,2.37,200,2,W,1,NNW,MT PROSPECT,06/21/2011,1950,42.0474,-87.9504,42.0807,-87.9392,"A tornado touched down near the intersection of We Go Trail and Golf Road and moved north-northeast before lifting near the intersection of North Pine Street and Kensington Road.  Most of the damage was fallen trees, a few of which fell onto houses causing structural damage.  An estimated 2,000 trees were damaged in Mt. Prospect with 130 completely blown down or that needed to be removed.  Most of the tree damage was in and near the path of the tornado.","A powerful line of severe thunderstorms moved northeast across northern Illinois during the evening hours of June 21st producing damaging winds and widespread wind damage.",268
332686,JO DAVIESS CO.,GALENA,07/27/2011,1818,Tornado, ,EF0,0,0,0,0,IL,CST-6, ,54870,C,85,DVN,0,0,Trained Spotter, ,0.05,17,4,NW,4,NW,GALENA,07/27/2011,1819,42.462,-90.473,42.462,-90.472,"At 718 pm CDT July 27, a tornado was sited 1 mile northwest of the intersection of Highway 20 and Highway 84 or about 4 miles northwest of Galena, IL.","Hot and humid conditions prevailed across the region July 27, as a warm front lifted northward into northeast Iowa.  Showers and thunderstorms developed along the Highway 20 corridor in Dubuque, Jo Daviess and Stephenson Counties during the early evening hours of July 27.  They continued to redevelop and move over the same areas for about 18 hours.  Record-setting rainfall totals of 7 to 15 inches resulted in flash flooding of much of the area.  The Mississippi River at Dubuque, IA even rose about 4 feet in 12 hours due to the excessive rainfall.  In addition to the heavy rains and flooding, some of the stronger storms producing large hail and a brief tornado.  High temperatures on July 27 topped out in the lower and middle 90s.  Due to the high humidity levels, low temperatures the morning of July 28 only managed to slip into the 70s and lower 80s.",269
332690,JO DAVIESS CO.,STOCKTON,07/27/2011,1855,Tornado, ,EF0,0,0,0,0,IL,CST-6, ,54870,C,85,DVN,0,0,Public, ,0.51,17,4,NE,4,NE,STOCKTON,07/27/2011,1856,42.3847,-89.9481,42.3885,-89.9396,"Around 755 pm CDT July 27, a tornado was reported about 3 miles northeast of Stockton, IL near Tiger Whip Road.  This report was relayed by the emergency manager.","Hot and humid conditions prevailed across the region July 27, as a warm front lifted northward into northeast Iowa.  Showers and thunderstorms developed along the Highway 20 corridor in Dubuque, Jo Daviess and Stephenson Counties during the early evening hours of July 27.  They continued to redevelop and move over the same areas for about 18 hours.  Record-setting rainfall totals of 7 to 15 inches resulted in flash flooding of much of the area.  The Mississippi River at Dubuque, IA even rose about 4 feet in 12 hours due to the excessive rainfall.  In addition to the heavy rains and flooding, some of the stronger storms producing large hail and a brief tornado.  High temperatures on July 27 topped out in the lower and middle 90s.  Due to the high humidity levels, low temperatures the morning of July 28 only managed to slip into the 70s and lower 80s.",270
356524,WHITE CO.,ENFIELD,01/22/2012,2218,Tornado, ,EF2,0,0,250000,0,IL,CST-6, ,59623,C,193,PAH,0,0,NWS Storm Survey, ,18.03,100,5,SSW,3,NNE,CENTERVILLE,01/22/2012,2232,38.0331,-88.3652,38.2334,-88.1524,"The tornado's strength was EF-0 to EF-1 for most of its path, except near the intersection of Route 14 and U.S. Highway 45. Near this intersection just south of Enfield, a 60-by-105 foot storage barn with wooden truss and steel wall construction was destroyed. Debris from the barn was blown up to 400 yards away. Many of the contents of the barn were lost. Two combines were damaged. A nearby car-and-a-half cinder block garage was destroyed, with concrete blocks thrown over 100 yards. One block was hurled through a window of a pickup truck. A dog pen on the north side of the garage was blown away, and two dogs were missing. A 40-foot tower was bent halfway up. A nearby house and barn sustained minimal damage. Several smaller barns were damaged or destroyed along the path. A greenhouse was destroyed near Centerville. Several trees were down and snapped. Two power lines were blown down across Illinois Route 14 just east of Highway 45. Route 14 was closed for about an hour and a half. Many utility poles were snapped off or leaning along both U.S. 45 and Illinois Route 14, as well as a few other locations along the path. This tornado struck some of the same property that the 1925 Tri-State Tornado devastated. Peak winds were estimated near 120 mph. The average path width was about 50 yards.","A potent upper-level trough moved east into eastern Kansas and Oklahoma, before assuming a negative tilt and accelerating east-northeast across the Mid-Mississippi and Lower Ohio Valleys. The associated surface low tracked northeast from Kansas across northern Missouri to southern Wisconsin. Ahead of the low and trough, a south-southwesterly low-level jet in excess of 50 knots expanded east across the Mid-Mississippi Valley. An expansive quasi-linear convective system formed along the lead cold front trailing southward from the surface low. Despite rather meager instability, very strong low and mid-level wind fields resulted in organized storm structures with pockets of damaging wind, large hail, and a few isolated tornadoes.",271
356527,EDWARDS CO.,ALBION,01/22/2012,2242,Tornado, ,EF1,0,0,30000,0,IL,CST-6, ,59623,C,47,PAH,0,0,NWS Storm Survey, ,6.09,100,4,SSW,5,ESE,ALBION,01/22/2012,2248,38.3299,-88.0765,38.3534,-87.9681,"The tornado produced mainly tree damage. One steel high tension power pole was damaged. The average path width was 50 yards. Peak winds were estimated near 100 mph.","A potent upper-level trough moved east into eastern Kansas and Oklahoma, before assuming a negative tilt and accelerating east-northeast across the Mid-Mississippi and Lower Ohio Valleys. The associated surface low tracked northeast from Kansas across northern Missouri to southern Wisconsin. Ahead of the low and trough, a south-southwesterly low-level jet in excess of 50 knots expanded east across the Mid-Mississippi Valley. An expansive quasi-linear convective system formed along the lead cold front trailing southward from the surface low. Despite rather meager instability, very strong low and mid-level wind fields resulted in organized storm structures with pockets of damaging wind, large hail, and a few isolated tornadoes.",272
359713,UNION CO.,ALDRIDGE,02/29/2012,400,Tornado, ,EF2,0,0,100000,0,IL,CST-6, ,60247,C,181,PAH,0,0,NWS Storm Survey, ,16.79,300,3,W,4,NW,WATER VLY,02/29/2012,418,37.5555,-89.5207,37.5978,-89.2188,"The tornado crossed the Mississippi River from Cape Girardeau County into northwestern Union County. After exiting cropland in the Mississippi River floodplain, the tornado tracked through the Shawnee National Forest. The damage path extended just north of Bald Knob, then directly across Alto Pass. Thousands of trees were snapped or uprooted, and several houses were damaged. The houses that were damaged suffered primarily partial roof loss. The houses were located in Alto Pass, where EF-2 damage occurred. Numerous barns and grain bins were destroyed. Many power lines were blown down. Peak winds were estimated near 115 mph. The average path width was 250 yards. The tornado path crossed into Giant City State Park and into the southeast corner of Jackson County.","A squall line with embedded sustained supercells crossed southern Illinois. The embedded supercells raced east-northeast at 60 to 70 mph, while the line moved southeast at a slower rate. The storms strengthened as they encountered richer low-level moisture, with surface dew points around 60 degrees spreading rapidly north-northeastward up the Mississippi Valley. Intense low to mid-level wind fields maintained the intensity of tornadic storms despite weak instability due to lack of solar heating. A south-southwesterly low level jet from 60 to 70 knots veered to west-southwest around 75 knots at 500 mb.",273
359917,JACKSON CO.,MAKANDA,02/29/2012,418,Tornado, ,EF2,0,0,100000,0,IL,CST-6, ,60247,C,77,PAH,0,0,NWS Storm Survey, ,2.99,300,2,SW,2,ESE,MAKANDA,02/29/2012,420,37.5978,-89.2188,37.611,-89.1668,"The tornado passed into southeast Jackson County from Union County. The tornado was only on the ground for a short time in Jackson County before it lifted. The damage path ended in Giant City State Park. Thousands of trees were snapped or uprooted. Barns and grain bins were destroyed, along with downed power lines. Peak winds were estimated near 115 mph. The average path width was 250 yards.","A squall line with embedded sustained supercells crossed southern Illinois. The embedded supercells raced east-northeast at 60 to 70 mph, while the line moved southeast at a slower rate. The storms strengthened as they encountered richer low-level moisture, with surface dew points around 60 degrees spreading rapidly north-northeastward up the Mississippi Valley. Intense low to mid-level wind fields maintained the intensity of tornadic storms despite weak instability due to lack of solar heating. A south-southwesterly low level jet from 60 to 70 knots veered to west-southwest around 75 knots at 500 mb.",274
359690,WILLIAMSON CO.,WOLF CREEK,02/29/2012,426,Tornado, ,EF2,0,0,100000,0,IL,CST-6, ,60247,C,199,PAH,0,0,NWS Storm Survey, ,14.91,300,1,N,1,E,SARAVILLE,02/29/2012,440,37.63,-89.05,37.6719,-88.7826,"The tornado was spawned by the same supercell that produced an EF-2 tornado in Union and extreme southeast Jackson Counties. The tornado touched down in the Crab Orchard National Wildlife Refuge, just southeast of Little Grassy Lake. The tornado moved east-northeast across Interstate 57, passing south of Marion. A large metal warehouse building was heavily damaged. Numerous homes sustained mainly minor roof damage. Hundreds of trees were snapped or uprooted, and many power lines were blown down. Several barns and outbuildings were destroyed or heavily damaged. The peak EF-2 intensity estimate was based on damage southeast of Marion, near the location where the tornado crossed Highway 166. Peak winds were estimated near 120 mph. The average path width was 250 yards.","A squall line with embedded sustained supercells crossed southern Illinois. The embedded supercells raced east-northeast at 60 to 70 mph, while the line moved southeast at a slower rate. The storms strengthened as they encountered richer low-level moisture, with surface dew points around 60 degrees spreading rapidly north-northeastward up the Mississippi Valley. Intense low to mid-level wind fields maintained the intensity of tornadic storms despite weak instability due to lack of solar heating. A south-southwesterly low level jet from 60 to 70 knots veered to west-southwest around 75 knots at 500 mb.",275
359691,SALINE CO.,CARRIERS MILLS,02/29/2012,451,Tornado, ,EF4,8,95,2000000,0,IL,CST-6, ,60247,C,165,PAH,0,0,NWS Storm Survey, ,15.93,325,1,N,1,E,BROOKLYN,02/29/2012,504,37.6945,-88.65,37.771,-88.3751,"The tornado touched down about a mile north of Carrier Mills, then moved east-northeast through Harrisburg. The violent tornado produced a swath of devastation in south and southeast parts of Harrisburg. In Harrisburg, over 200 homes and about 25 businesses were heavily damaged or destroyed. The damage was in residential neighborhoods in the far south and southeast sections of Harrisburg. The commercial strip along U.S. Highway 45 in the south part of the city was directly impacted. A strip mall on the east side of U.S. Route 45 was destroyed. The tornado struck the Harrisburg medical center and surrounding residences on the southeast side of town. At least ten homes or other buildings were levelled, with several home structures displaced from their foundations. The neighborhood with the levelled homes and fatalities was adjacent to the destroyed strip mall. The tornado proceeded across Illinois Route 13 a few miles east of Harrisburg, destroying a farm house and a business. Hundreds of large trees were snapped or uprooted, along with many downed power lines. Peak winds were estimated near 180 mph based on numerous levelled and displaced homes. The average path width was 275 yards. The tornado continued into Gallatin County shortly after crossing Highway 142.","A squall line with embedded sustained supercells crossed southern Illinois. The embedded supercells raced east-northeast at 60 to 70 mph, while the line moved southeast at a slower rate. The storms strengthened as they encountered richer low-level moisture, with surface dew points around 60 degrees spreading rapidly north-northeastward up the Mississippi Valley. Intense low to mid-level wind fields maintained the intensity of tornadic storms despite weak instability due to lack of solar heating. A south-southwesterly low level jet from 60 to 70 knots veered to west-southwest around 75 knots at 500 mb.",276
359692,PULASKI CO.,MOUNDS,02/29/2012,500,Tornado, ,EF2,0,0,0,0,IL,CST-6, ,60247,C,153,PAH,0,0,NWS Storm Survey, ,6.03,150,1,S,2,NE,AMERICA,02/29/2012,507,37.11,-89.2,37.1439,-89.0991,"The EF2 tornado touched down just southwest of Mounds, moved east-northeast through Mounds, and crossed Interstate 57 near exit 8. A cross arm was ripped off a railroad sign and driven into a vehicle. The tornado crossed the Ohio River near the town of America, where it proceeded to cause damage in Ballard County, Kentucky.","A squall line with embedded sustained supercells crossed southern Illinois. The embedded supercells raced east-northeast at 60 to 70 mph, while the line moved southeast at a slower rate. The storms strengthened as they encountered richer low-level moisture, with surface dew points around 60 degrees spreading rapidly north-northeastward up the Mississippi Valley. Intense low to mid-level wind fields maintained the intensity of tornadic storms despite weak instability due to lack of solar heating. A south-southwesterly low level jet from 60 to 70 knots veered to west-southwest around 75 knots at 500 mb.",277
359697,GALLATIN CO.,EQUALITY,02/29/2012,504,Tornado, ,EF4,0,13,1000000,0,IL,CST-6, ,60247,C,59,PAH,0,0,NWS Storm Survey, ,10.16,300,4,NW,2,SSW,INMAN,02/29/2012,513,37.771,-88.3751,37.7996,-88.1926,"The tornado crossed into Gallatin County from Saline County in the vicinity of Illinois Highway 142. The tornado moved east-northeast through very sparsely populated farm country before striking Ridgway directly. In Ridgway, the tornado damaged about 140 homes and businesses, causing one critical injury and about a dozen relatively minor injuries. Numerous cars were tossed around, mainly on the east side of Ridgway. A large historic church was completely destroyed. Hundreds of large trees were snapped or uprooted, along with many power lines down. A half dozen grain bins were destroyed. The tornado lifted about 4 miles east-northeast of Ridgway. The average path width was 275 yards. Peak winds were estimated near 180 mph.","A squall line with embedded sustained supercells crossed southern Illinois. The embedded supercells raced east-northeast at 60 to 70 mph, while the line moved southeast at a slower rate. The storms strengthened as they encountered richer low-level moisture, with surface dew points around 60 degrees spreading rapidly north-northeastward up the Mississippi Valley. Intense low to mid-level wind fields maintained the intensity of tornadic storms despite weak instability due to lack of solar heating. A south-southwesterly low level jet from 60 to 70 knots veered to west-southwest around 75 knots at 500 mb.",278
359693,MASSAC CO.,METROPOLIS MUNI ARPT,02/29/2012,535,Tornado, ,EF2,0,0,50000,0,IL,CST-6, ,60247,C,127,PAH,0,0,NWS Storm Survey, ,2.38,150,2,WSW,0,ENE,METROPOLIS MUNI ARPT,02/29/2012,539,37.173,-88.7846,37.1828,-88.7431,"The tornado crossed the Ohio River from McCracken County, Kentucky. The tornado crossed U.S. Highway 45 before it lifted near the airport. Trees were uprooted and snapped. Barns and sheds were damaged or destroyed. The average path width was 125 yards. Peak winds were estimated near 120 mph.","A squall line with embedded sustained supercells crossed southern Illinois. The embedded supercells raced east-northeast at 60 to 70 mph, while the line moved southeast at a slower rate. The storms strengthened as they encountered richer low-level moisture, with surface dew points around 60 degrees spreading rapidly north-northeastward up the Mississippi Valley. Intense low to mid-level wind fields maintained the intensity of tornadic storms despite weak instability due to lack of solar heating. A south-southwesterly low level jet from 60 to 70 knots veered to west-southwest around 75 knots at 500 mb.",279
369714,CLINTON CO.,NEW BADEN,03/02/2012,1011,Tornado, ,EF0,0,0,0,0,IL,CST-6, ,61215,C,27,LSX,0,0,Trained Spotter, ,0.65,50,2,NNE,2,NNE,NEW BADEN,03/02/2012,1012,38.5528,-89.6933,38.553,-89.6814,"A tornado briefly touched down just west of Illinois Route 160 about a mile north of New Baden.  As it travelled to the east it caused minor roof damage to several homes in a subdivision and topped off several trees.  A couple of fences were blow over as well.  It crossed Illinois Route 160, just south of intersection with Court Road, lifting and dissipating about a quarter of a mile east of Illinois Route 160.","Elevated convection fired up across the region north of a warm front that was just south of the Missouri/Arkansas border.  There were numerous reports of large hail.",280
393596,WHITE CO.,CARMI,03/02/2012,1228,Tornado, ,EF0,0,0,15000,0,IL,CST-6, ,62167,C,193,PAH,0,0,Emergency Manager, ,2.6,100,3,S,3,SSW,EPWORTH,03/02/2012,1231,38.0378,-88.1708,38.0386,-88.1231,"The tornado touchdown was witnessed by the county emergency management director. The intermittent damage path followed County Road 1100 fairly closely. Near the beginning of the track, a body shop was damaged. Some tree and power line damage occurred. A metal carport was blown away.","Supercells developed and moved across southern Illinois. The supercells raced east-northeast at 50 to 60 mph as a strong storm system moved northeast from Oklahoma to lower Michigan with it's associated cold front sweeping east across the Ohio and Tennessee valleys. Strong wind shear with the storm system combined with warm, moist and unstable air provided the fuel for supercell thunderstorms.",281
374202,JACKSON CO.,BARR,03/23/2012,1114,Tornado, ,EF0,0,0,0,0,IL,CST-6, ,62539,C,77,PAH,0,0,NWS Storm Survey, ,1.82,50,1,NNW,1,WNW,(MDH)CRBNDL/MRFYSBRO,03/23/2012,1115,37.7599,-89.2742,37.7851,-89.2643,"The tornado touched down near Highway 13 about 3 miles east of Murphysboro and ended about 3 miles southwest of De Soto. A few tree limbs and small trees were blown down. Peak winds were estimated at 70 mph.","A large upper level low pressure system moved east from Missouri into an area of warm, moist air with dewpoint temperatures in the 60s. Strong mid level winds helped to produce severe thunderstorms, including supercells.",282
374197,JACKSON CO.,DOWELL,03/23/2012,1124,Tornado, ,EF1,0,0,75000,0,IL,CST-6, ,62539,C,77,PAH,0,0,NWS Storm Survey, ,7.45,125,3,ENE,2,WNW,WARD,03/23/2012,1139,37.9472,-89.1812,37.8578,-89.2577,"The tornado began 3.5 miles northwest of De Soto along Truax Traer Road and traveled northeast to 3.5 southeast of DuQuoin. Dozens of trees were uprooted and snapped. One barn was destroyed and several sheds and carports were damaged. A few homes had minor damage to siding and roof shingles. The tornado was observed and recorded by numerous spotters and citizens. Peak winds were about 90 mph.","A large upper level low pressure system moved east from Missouri into an area of warm, moist air with dewpoint temperatures in the 60s. Strong mid level winds helped to produce severe thunderstorms, including supercells.",283
374200,JEFFERSON CO.,SHIRLEY,03/23/2012,1226,Tornado, ,EF2,1,2,150000,0,IL,CST-6, ,62539,C,81,PAH,0,0,Trained Spotter, ,2.58,100,1,ESE,1,SW,MARLOW,03/23/2012,1230,38.273,-88.814,38.3064,-88.7929,"A tied down double wide mobile home was destroyed. A elderly lady was killed and a teenage boy was injured when the mobile home was lofted by the tornado and carried approximately 100 yards to the northeast, with the mobile home undercarriage carried approximately 200 yards. One home had windows blown out on the second story. One barn was heavily damaged with 2 others receiving moderate damage. Several trees were blown down or snapped. Peak winds were estimated near 130 mph.","A large upper level low pressure system moved east from Missouri into an area of warm, moist air with dewpoint temperatures in the 60s. Strong mid level winds helped to produce severe thunderstorms, including supercells.",284
371042,MARION CO.,IUKA,03/23/2012,1257,Tornado, ,EF0,0,0,0,0,IL,CST-6, ,62021,C,121,LSX,0,0,Storm Chaser, ,0.01,10,3,S,3,S,IUKA,03/23/2012,1258,38.5766,-88.78,38.5766,-88.78,"A storm chaser reported a brief tornado in an open field south of Iuka.  No damage was reported.","An upper level low was moving through the region, triggering scattered showers and thunderstorms.  A few of the storms produced large hail and a tornado.",285
371646,PIATT CO.,MONTICELLO ARPT,05/01/2012,1459,Tornado, ,EF0,0,0,0,0,IL,CST-6, ,62114,C,147,ILX,0,0,Emergency Manager, ,0.13,10,3,ESE,4,ESE,MONTICELLO ARPT,05/01/2012,1500,39.9821,-88.4897,39.9829,-88.4875,"A tornado briefly touched down in a field southeast of Monticello.  No damage was reported.","Isolated supercell thunderstorms developed along an advancing warm front during the afternoon of May 1st.  The storms produced 4 tornadoes across portions of Piatt, Champaign, and Vermilion counties.  Only minor damage was noted.",286
371650,CHAMPAIGN CO.,IVESDALE,05/01/2012,1506,Tornado, ,EF1,0,0,25000,0,IL,CST-6, ,62114,C,19,ILX,0,0,Emergency Manager, ,8.07,75,3,N,2,WNW,(CMI)WILLARD FLD CHA,05/01/2012,1517,39.9767,-88.438,40.0373,-88.3076,"A tornado touched down about 3.5 miles northeast of Ivesdale at 4:06 PM CDT then tracked northeastward for 8 miles before lifting 2 miles west of Willard Airport at 4:17 PM CDT.  The tornado damaged the roof and windows of a house, overturned a trailer, damaged a corn crib and chicken coop, and knocked down 6 trees along its path.","Isolated supercell thunderstorms developed along an advancing warm front during the afternoon of May 1st.  The storms produced 4 tornadoes across portions of Piatt, Champaign, and Vermilion counties.  Only minor damage was noted.",287
371651,CHAMPAIGN CO.,SIDNEY,05/01/2012,1540,Tornado, ,EF0,0,0,0,0,IL,CST-6, ,62114,C,19,ILX,0,0,Emergency Manager, ,0.09,20,1,WNW,1,WNW,SIDNEY,05/01/2012,1541,40.024,-88.0801,40.0241,-88.0784,"A tornado briefly touched down in a field west of Sidney.  No damage was reported.","Isolated supercell thunderstorms developed along an advancing warm front during the afternoon of May 1st.  The storms produced 4 tornadoes across portions of Piatt, Champaign, and Vermilion counties.  Only minor damage was noted.",288
371652,VERMILION CO.,HEGELER,05/01/2012,1618,Tornado, ,EF0,0,0,8000,0,IL,CST-6, ,62114,C,183,ILX,0,0,Emergency Manager, ,0.46,30,0,NW,0,NNE,HEGELER,05/01/2012,1619,40.0857,-87.635,40.0858,-87.6263,"A tornado touched down just southeast of Tilton at 4:18 PM CDT.  The tornado blew a small carport garage about 75 yards onto a trailer before lifting at 4:19 PM CDT.","Isolated supercell thunderstorms developed along an advancing warm front during the afternoon of May 1st.  The storms produced 4 tornadoes across portions of Piatt, Champaign, and Vermilion counties.  Only minor damage was noted.",289
371786,IROQUOIS CO.,WATSEKA,05/06/2012,1548,Tornado, ,EF1,0,0,25000,0,IL,CST-6, ,61830,C,75,LOT,0,0,NWS Storm Survey, ,1.3,200,2,ESE,2,WSW,EASTBURN,05/06/2012,1551,40.7651,-87.6868,40.7624,-87.6622,"An EF1 tornado touched down east-southeast of Watseka with maximum winds of 85 to 95 mph.  Two farmsteads experienced damage.  A small barn was destroyed with its cinder block walls toppled and roof thrown one half mile.  Multiple outbuildings had mainly minor damage.  One utility pole was blown down.  At one farmstead, there were several impaled objects, including pieces of wood into a camper and the ground, as well as a stop sign into the soil of an uprooted tree base.","A warm front slowly lifted northward across portions of central Illinois during the afternoon of May 6th. Severe thunderstorms developed along this boundary with slow storm motions leading to flooding.  Additional thunderstorms developed late in the evening and overnight leading to additional flooding.",290
374447,VERMILION CO.,EAST LYNN,05/06/2012,1618,Tornado, ,EF0,0,0,65000,0,IL,CST-6, ,62607,C,183,ILX,0,0,Emergency Manager, ,2.12,75,3,ESE,1,SW,HOOPESTON,05/06/2012,1623,40.4572,-87.7268,40.4601,-87.6867,"A tornado touched down about 3.2 miles west-southwest of Hoopeston at 5:18 PM CDT.  The tornado tracked eastward, destroying a grain silo, throwing a grain auger into a 20 X 40 shed, and ripping shingles off two houses before lifting 1.1 miles southwest of Hoopeston at 5:23 PM CDT.","An outflow boundary from early morning convection across Iowa and a lake-enhanced boundary from Lake Michigan combined to create a cluster of strong to severe thunderstorms across north-central Illinois during the afternoon and evening of May 6th.  The storms primarily impacted locations along and northeast of a Henry...to Rantoul...to Danville line.  One cell spawned an EF0 tornado southwest of Hoopeston in Vermilion County, while other storms produced strong winds that derailed part of a train near Toluca in Marshall County. In addition, very heavy rain produced flash flooding in northeast Vermilion County during the evening.",291
404743,FORD CO.,GIBSON CITY,07/31/2012,1218,Tornado, ,EF0,0,0,0,0,IL,CST-6, ,65561,C,53,LOT,0,0,Trained Spotter, ,0.01,20,2,S,2,S,GIBSON CITY,07/31/2012,1219,40.4411,-88.3735,40.4411,-88.3734,"A trained spotter reported that a very brief tornado touched down on the east side of Illinois Route 47 approximately two miles south of Gibson City.  No damage occurred.","Strong to severe thunderstorms moved across parts of northern Illinois producing hail and one brief tornado.",292
432100,JERSEY CO.,FIELDON,08/31/2012,1336,Tornado, ,EF0,0,0,0,0,IL,CST-6, ,68705,C,83,LSX,0,0,Law Enforcement, ,0.18,40,2,ENE,2,ENE,FIELDON,08/31/2012,1337,39.1126,-90.4656,39.1149,-90.467,"A tornado touched down just north of Illinois Route 16 between St. Marys Road and Washington School Road. As it travelled to the north northwest it caused some minor crop damage.  It then hit a residence and caused minor damage.  Several trees around the house were snapped off.  The tornado continued to the north northwest for a little bit more before lifting and dissipating.  The damage was rated EF-0.","With the remnant low of the Hurricane Isaac centered over southwestern Missouri, numerous showers and thunderstorms developed and rotated cyclonically around the remnant low.  A few of the thunderstorms produced brief spinup tornadoes.",293
412012,MADISON CO.,ST THOMAS,08/31/2012,1350,Tornado, ,EF0,0,0,0,0,IL,CST-6, ,68705,C,119,LSX,0,0,Trained Spotter, ,0.2,50,1,NW,1,NW,ST THOMAS,08/31/2012,1351,38.7787,-90.1336,38.7817,-90.133,"A tornado briefly touched down on the north end of Chouteau Island...north of Interstate 270.  No damage was reported.","With the remnant low of the Hurricane Isaac centered over southwestern Missouri, numerous showers and thunderstorms developed and rotated cyclonically around the remnant low.  A few of the thunderstorms produced brief spinup tornadoes.",294
412013,GREENE CO.,CARROLLTON,08/31/2012,1427,Tornado, ,EF0,0,0,0,0,IL,CST-6, ,68705,C,61,LSX,0,0,NWS Storm Survey, ,1.44,60,1,SSE,1,ENE,CARROLLTON,08/31/2012,1430,39.2823,-90.4076,39.3031,-90.4088,"The tornado first touched down about 200 yards south of County Road 1150, about 80 yards west of U.S. Highway 67, damaging a four car garage.  The roof of the garage was mostly removed from the structure with some small sections of the roof displaced a quarter of a mile to the north in an open field.  The tornado travelled to the north over County Road 1150 and snapped some medium sized tree limbs.  One power pole was snapped in this area. Also, a medium size storage unit was damaged with pieces of the storage unit displaced over 100 yards to the north.  The tornado moved north nearly parallel to 6th Street where small and large tree limbs were snapped.  Several witnesses including the local street department observed the tornado as it entered and moved through a residential area west of downtown Carrollton.  One home near the southern part of the residential area sustained minor roof damage with shingles removed from the roof.  The tornado crossed Illinois Route 108 just west of U.S. Highway 67 before lifting and dissipating.  Mainly small to medium tree limbs were blown down as the tornado travelled north through this area.  The path length of the tornado was approximately 1.44 miles and had a damage width which varied between 40 and 60 yards.  The damage was rated EF0.","With the remnant low of the Hurricane Isaac centered over southwestern Missouri, numerous showers and thunderstorms developed and rotated cyclonically around the remnant low.  A few of the thunderstorms produced brief spinup tornadoes.",295
402175,MORGAN CO.,FRANKLIN,08/31/2012,1612,Tornado, ,EF1,0,1,230000,0,IL,CST-6, ,67018,C,137,ILX,0,0,Emergency Manager, ,0.25,75,1,SE,0,SE,FRANKLIN,08/31/2012,1613,39.6112,-90.0419,39.6142,-90.0446,"A tornado touched down about 0.8 miles south of Franklin at 5:12 PM CDT, then tracked north-northwest before lifting 0.5 miles south of Franklin at 5:13 PM CDT.  The tornado destroyed an auto shop and damaged the roof of a house on the south side of Franklin.  A mobile home was rolled off its foundation onto Illinois Route 104, injuring one person inside.  Several trees were blown down and numerous tree branches were knocked down as well.","Remnants of Hurricane Isaac tracked northward into Missouri on August 31st, producing showers and and isolated thunderstorms across west-central Illinois.  One of the cells produced two brief tornado touch-downs near the town of Franklin in Morgan County.  Tree and structural damage occurred on the south side of Franklin and one person was injured when his mobile home was damaged.",296
402183,MORGAN CO.,REES STATION,08/31/2012,1632,Tornado, ,EF0,0,0,0,0,IL,CST-6, ,67018,C,137,ILX,0,0,Emergency Manager, ,0.16,10,1,NE,1,NNE,REES STATION,08/31/2012,1633,39.6371,-90.0916,39.6381,-90.0944,"A tornado briefly touched down in a field about 3 miles northwest of Franklin at 5:32 PM CDT.  No damage occurred.","Remnants of Hurricane Isaac tracked northward into Missouri on August 31st, producing showers and and isolated thunderstorms across west-central Illinois.  One of the cells produced two brief tornado touch-downs near the town of Franklin in Morgan County.  Tree and structural damage occurred on the south side of Franklin and one person was injured when his mobile home was damaged.",297
409678,WOODFORD CO.,BENSON,09/01/2012,1048,Tornado, ,EF0,0,0,0,0,IL,CST-6, ,68291,C,203,ILX,0,0,Emergency Manager, ,0.06,20,2,ESE,2,ESE,BENSON,09/01/2012,1049,40.8415,-89.0868,40.8412,-89.0878,"A tornado briefly touched down in a field about 2 miles east-southeast of Benson in Woodford County at 11:48 AM CDT.  No damage was reported.","The remnants of Hurricane Isaac passed through central Illinois on September 1st, triggering widespread showers and thunderstorms.  Due to strong low-level wind shear near a surface boundary stretched across north-central Illinois, many of the storms began to rotate and produce funnel clouds.  A total of seven tornadoes touched down across portions of Woodford, Marshall, and Stark counties around midday.  Most of the tornadoes were short-lived and did little or no damage.",298
409679,WOODFORD CO.,BENSON,09/01/2012,1103,Tornado, ,EF0,0,0,0,0,IL,CST-6, ,68291,C,203,ILX,0,0,Emergency Manager, ,0.69,20,3,N,3,NNW,BENSON,09/01/2012,1104,40.8944,-89.1222,40.8949,-89.1353,"A tornado touched down in a field about 3 miles north of Benson in Woodford County at 12:03 PM CDT.  The tornado traveled west across County Road 2200E before dissipating at 12:04 PM CDT.  No damage was reported.","The remnants of Hurricane Isaac passed through central Illinois on September 1st, triggering widespread showers and thunderstorms.  Due to strong low-level wind shear near a surface boundary stretched across north-central Illinois, many of the storms began to rotate and produce funnel clouds.  A total of seven tornadoes touched down across portions of Woodford, Marshall, and Stark counties around midday.  Most of the tornadoes were short-lived and did little or no damage.",299
409680,WOODFORD CO.,BENSON,09/01/2012,1105,Tornado, ,EF0,0,0,1000,4000,IL,CST-6, ,68291,C,203,ILX,0,0,Emergency Manager, ,1.75,75,4,NNW,6,NNW,BENSON,09/01/2012,1108,40.9039,-89.152,40.9265,-89.1672,"A tornado touched down in a field about 4 miles north-northwest of Benson in Woodford County at 12:05 PM CDT.  The tornado traveled northwestward and crossed into Marshall County 1.2 miles southeast of Pattonsburg at 12:08 PM CDT.  While in Woodford County, the tornado tore the tin roof off a shed and did minor damage to a corn field.","The remnants of Hurricane Isaac passed through central Illinois on September 1st, triggering widespread showers and thunderstorms.  Due to strong low-level wind shear near a surface boundary stretched across north-central Illinois, many of the storms began to rotate and produce funnel clouds.  A total of seven tornadoes touched down across portions of Woodford, Marshall, and Stark counties around midday.  Most of the tornadoes were short-lived and did little or no damage.",300
409681,MARSHALL CO.,PATTONSBURG,09/01/2012,1108,Tornado, ,EF0,0,0,0,0,IL,CST-6, ,68291,C,123,ILX,0,0,Emergency Manager, ,0.5,50,1,ESE,1,ENE,PATTONSBURG,09/01/2012,1109,40.9265,-89.1672,40.9333,-89.1707,"This tornado formed about 4 miles north-northwest of Benson in Woodford County then crossed into Marshall County 1.2 miles southeast of Pattonsburg at 12:08 PM CDT.  The tornado tracked northwestward for 0.5 miles, then dissipated 0.8 miles east-southeast of Pattonsburg at 12:09 PM CDT.  No damage was reported.","The remnants of Hurricane Isaac passed through central Illinois on September 1st, triggering widespread showers and thunderstorms.  Due to strong low-level wind shear near a surface boundary stretched across north-central Illinois, many of the storms began to rotate and produce funnel clouds.  A total of seven tornadoes touched down across portions of Woodford, Marshall, and Stark counties around midday.  Most of the tornadoes were short-lived and did little or no damage.",301
409682,MARSHALL CO.,SPARLAND,09/01/2012,1132,Tornado, ,EF0,0,0,0,0,IL,CST-6, ,68291,C,123,ILX,0,0,Emergency Manager, ,0.09,20,5,S,5,S,SPARLAND,09/01/2012,1133,40.9624,-89.447,40.9637,-89.4474,"A tornado briefly touched down on the Illinois River about 1.6 miles south-southeast of Hopewell in Marshall County at 12:32 PM CDT.  The tornado dissipated at 12:33 PM CDT.  No damage was reported.","The remnants of Hurricane Isaac passed through central Illinois on September 1st, triggering widespread showers and thunderstorms.  Due to strong low-level wind shear near a surface boundary stretched across north-central Illinois, many of the storms began to rotate and produce funnel clouds.  A total of seven tornadoes touched down across portions of Woodford, Marshall, and Stark counties around midday.  Most of the tornadoes were short-lived and did little or no damage.",302
409683,STARK CO.,WYOMING,09/01/2012,1208,Tornado, ,EF0,0,0,0,0,IL,CST-6, ,68291,C,175,ILX,0,0,Emergency Manager, ,1.3,50,5,ESE,3,ESE,WYOMING,09/01/2012,1211,41.0485,-89.687,41.0603,-89.7064,"A tornado touched down in a field about 4.6 miles east-southeast of Wyoming in Stark County at 1:08 PM CDT.  The tornado traveled northwestward for 1.3 miles, crossing County Road 1500 E, before dissipating 3.5 miles east of Wyoming at 1:11 PM CDT.  No damage was reported.","The remnants of Hurricane Isaac passed through central Illinois on September 1st, triggering widespread showers and thunderstorms.  Due to strong low-level wind shear near a surface boundary stretched across north-central Illinois, many of the storms began to rotate and produce funnel clouds.  A total of seven tornadoes touched down across portions of Woodford, Marshall, and Stark counties around midday.  Most of the tornadoes were short-lived and did little or no damage.",303
409684,STARK CO.,CASTLETON,09/01/2012,1211,Tornado, ,EF0,0,0,0,0,IL,CST-6, ,68291,C,175,ILX,0,0,Emergency Manager, ,1.1,20,5,SE,3,SE,CASTLETON,09/01/2012,1214,41.0786,-89.6521,41.0895,-89.6675,"A tornado touched down in a field 3.9 miles southeast of Castleton in Stark County at 1:11 PM CDT.  The tornado traveled northwestward for 1.1 miles, crossing Illinois 40 before dissipating 2.8 miles southeast of Castleton at 1:14 PM CDT.  No damage was reported.","The remnants of Hurricane Isaac passed through central Illinois on September 1st, triggering widespread showers and thunderstorms.  Due to strong low-level wind shear near a surface boundary stretched across north-central Illinois, many of the storms began to rotate and produce funnel clouds.  A total of seven tornadoes touched down across portions of Woodford, Marshall, and Stark counties around midday.  Most of the tornadoes were short-lived and did little or no damage.",304
409685,STARK CO.,MODENA,09/01/2012,1224,Tornado, ,EF0,0,0,0,0,IL,CST-6, ,68291,C,175,ILX,0,0,Emergency Manager, ,0.94,50,1,SSW,1,W,MODENA,09/01/2012,1226,41.1198,-89.7729,41.1295,-89.7856,"A tornado touched down in a field about 4 miles north of Wyoming in Stark County at 1:24 PM CDT.  The tornado traveled northwestward for 0.9 miles before dissipating 4.8 miles north-northwest of Wyoming at 1:26 PM CDT.  No damage was reported.","The remnants of Hurricane Isaac passed through central Illinois on September 1st, triggering widespread showers and thunderstorms.  Due to strong low-level wind shear near a surface boundary stretched across north-central Illinois, many of the storms began to rotate and produce funnel clouds.  A total of seven tornadoes touched down across portions of Woodford, Marshall, and Stark counties around midday.  Most of the tornadoes were short-lived and did little or no damage.",305
432102,CLINTON CO.,DAMIANSVILLE,09/25/2012,1617,Tornado, ,EF0,0,0,0,0,IL,CST-6, ,69267,C,27,LSX,0,0,Storm Chaser, ,0.16,30,1,W,1,W,DAMIANSVILLE,09/25/2012,1618,38.5233,-89.6472,38.5226,-89.6443,"A tornado briefly touched down in a field just northwest of Damiansville.  No damage or injuries were reported with this tornado.","A strong cold front moved through the region, triggering showers and thunderstorms.  There were numerous reports of large hail and damaging winds, as well as a tornado.",306
415886,WASHINGTON CO.,OKAWVILLE,09/25/2012,1623,Tornado, ,EF1,0,1,0,0,IL,CST-6, ,69267,C,189,LSX,0,0,NWS Storm Survey, ,3.95,100,1,NNE,2,WSW,COVINGTON,09/25/2012,1629,38.4475,-89.5425,38.4354,-89.4711,"A tornado touched down near I-64 on the north side of Okawville where it blew an eastbound tractor trailer to the southwest into the median.  The driver sustained minor injuries.  The tornado travelled east and damaged a barn and other outbuildings at a farm along Illinois Route 177 about a quarter of a mile west of Cord Road.  Roof panels were blown off, some large tree limbs blown down and several calf hutches blown about, some of which had calves in them.  At Cord Road and Illinois Route 177, tin roof panels were blown off of another barn.  About a quarter of a mile east of Cord Road, along Illinois Route 177, power lines were blown down, a small barn lost its roof and a mason block building was blown down.  The tornado continued to move almost due east along Illinois Route 177 where it damaged a home at the intersection of IL Route 177 and Phobe Road.  Roof shingles were blown off and several large tree branches were broken.  One branch went through the roof of the garage and another damaged a car in the driveway.  All of the damage so far was EF0.  Near the intersection of Illinois Route 177 and County Road 4, the tornado destroyed a small barn.  This damage was rated EF1 with a maximum wind speed of 100 mph.  The tornado then turned a bit to the southeast and quickly dissipated over open fields.  Overall, the path length was approximately 4 miles with a max path width of 100 yards.","A strong cold front moved through the region, triggering showers and thunderstorms.  There were numerous reports of large hail and damaging winds, as well as a tornado.",307
428114,FRANKLIN CO.,MULKEYTOWN,01/29/2013,2138,Tornado, ,EF0,0,0,0,0,IL,CST-6, ,70736,C,55,PAH,0,0,Trained Spotter, ,0.58,75,1,E,1,ENE,MULKEYTOWN,01/29/2013,2139,37.97,-89.11,37.9764,-89.1032,"Two spotters eyewitnessed a brief tornado touchdown along Highway 14 near Old Du Quoin, about 1/4 mile east of the Franklin/Perry county line. Winds were estimated at 85 mph. No damage was reported with the tornado, partly because this stretch of road was devoid of trees and power lines.","A line of thunderstorms intensified as it moved east from Missouri. The storms increased as they moved into slightly more unstable air associated with a strengthening low level jet. The storms were aided by the approach of a strong upper level trough. Despite weak instability, winds of 90 knots in the lowest 3 kilometers coupled with extreme shear values resulted in damaging winds and isolated tornadoes with the strongest storms. Ahead of the thunderstorms, strong southerly gradient winds gusted up to 55 mph in spots. A wind gust to 53 mph was measured in Hamilton County ahead of the storms.",308
424803,SALINE CO.,GALATIA,01/29/2013,2216,Tornado, ,EF2,0,2,200000,0,IL,CST-6, ,70736,C,165,PAH,0,0,NWS Storm Survey, ,0.97,125,1,N,2,NE,GALATIA,01/29/2013,2218,37.8424,-88.6174,37.8478,-88.6009,"One home was destroyed. The home was unroofed, and three out of four exterior walls collapsed. Several homes sustained roof damage, including roof decking. Windows were blown out of at least one house. A poorly constructed garage and an awning were destroyed. A machine shed was levelled, and the doors were blown out of another one. One home lost a brick chimney. A hay bale feeder was thrown 250 yards. Huge trees up to 14 feet in circumference were uprooted and snapped. There was an eyewitness to the funnel cloud. One person was critically injured by a large tree which fell on his mobile home, trapping him inside. Another person received minor injuries. The average path width was 100 yards. Peak winds were estimated near 115 mph.","A line of thunderstorms intensified as it moved east from Missouri. The storms increased as they moved into slightly more unstable air associated with a strengthening low level jet. The storms were aided by the approach of a strong upper level trough. Despite weak instability, winds of 90 knots in the lowest 3 kilometers coupled with extreme shear values resulted in damaging winds and isolated tornadoes with the strongest storms. Ahead of the thunderstorms, strong southerly gradient winds gusted up to 55 mph in spots. A wind gust to 53 mph was measured in Hamilton County ahead of the storms.",309
441168,FORD CO.,GIBSON CITY,04/18/2013,736,Tornado, ,EF0,0,0,15000,0,IL,CST-6, ,72722,C,53,LOT,0,0,Emergency Manager, ,0.57,20,3,ESE,2,WSW,ELLIOTT,04/18/2013,737,40.4563,-88.3207,40.4622,-88.3133,"Witnesses described a tornado briefly touching down and hitting a barn, killing two horses, then lifting back up.  Six power poles were also blown down. Emergency managers found debris as far as approximately six miles away.","Strong storms kicked off record setting heavy rains which resulted in record crests across area streams and rivers.  Many locations across northern Illinois received 4 to 7 inches of rainfall, with several reports of over 7 inches of rain out of Du Page County.",310
451248,CHRISTIAN CO.,OWANECO,05/09/2013,1641,Tornado, ,EF0,0,0,0,0,IL,CST-6, ,74618,C,21,ILX,0,0,Emergency Manager, ,0.55,20,3,N,3,N,OWANECO,05/09/2013,1642,39.5158,-89.1932,39.5237,-89.1922,"A tornado touched down in a field 2.4 miles north of Owaneco at 4:41 PM CST.  The tornado traveled northward, then lifted 2.9 miles north of Owaneco at East 1200 North Road at 4:42 PM CST.  No damage was reported.","Low pressure tracking out of the Plains was responsible for scattered thunderstorms across central Illinois during the afternoon and evening of May 9th.  One storm produced wind damage to a few structures in rural Coles County, while another caused a lightning strike and ensuing fire in Clay County.  Yet another cell produced a brief tornado in an open field in Christian County.",311
454690,CARROLL CO.,IDEAL,05/19/2013,1902,Tornado, ,EF0,0,0,0,0,IL,CST-6, ,73898,C,15,DVN,0,0,Emergency Manager, ,0.1,50,1,NNW,1,NNW,IDEAL,05/19/2013,1902,42,-89.99,42,-89.99,"Confirmed tornado heading towards Chadwick.","A very unstable airmass on May 19, 2013 led to the development of severe thunderstorms that produced large hail and damaging winds. Temperatures were in the 80s with dewpoints around 70 with a mid level speed maximum rotating around the base of a developing upper low in the Plains states. This increased the deep layer shear during the afternoon and evening hours. Some of the storms produced golf to baseball size hail and 70 to 80 mph winds. A trained spotter reported baseball size hail knocked out sky lights at the Walmart store in northeast Keokuk. Golfball to baseball size hail was reported on the north end of the city, with nickel to quarter size hail on the south end of the city. A downburst produced wind damage in Benton county from the county line 3.5 miles southeast of Blairstown to 2.8 miles southeast of Shellsburg. There was a mile wide swath of near continuous damage to farm outbuildings, tree branches and some power poles. The greatest damage was from 3 miles south of Newhall, where a machine shed and garage were completely destroyed, to about 3 miles northwest of Atkins, where significant damage occurred to outbuildings. The emergency manager in Buchanan county reported a downburst with winds more than 70 mph struck Independence, Iowa. The northwest side of town sustained the most damage with trees down, power poles snapped and signs blown down.",312
452529,MACOUPIN CO.,MT OLIVE,05/20/2013,2114,Tornado, ,EF2,0,3,0,0,IL,CST-6, ,74420,C,117,LSX,0,0,NWS Storm Survey, ,0.2,75,0,NE,0,ENE,MT OLIVE,05/20/2013,2115,39.072,-89.7264,39.0718,-89.7226,"A tornado touched down in the downtown portion of Mt. Olive and traveled to the east.  The damage path was 4 blocks long and ranged from 50 to 75 yards wide.  The second story of a brick building was blown off.  Large sections of several roofs were blown 2 blocks to the north.  A historic 2 story home had the roof blown off and windows were blown out of several homes and businesses.  Three people sustained minor injuries.","A line of severe storms moved through the region.  There were numerous reports of large hail and damaging winds, as well as a couple of tornadoes and flash flooding.",313
450019,GRUNDY CO.,GORMAN,05/28/2013,1918,Tornado, ,EF0,0,0,5000,0,IL,CST-6, ,74399,C,63,LOT,0,0,NWS Storm Survey, ,1.85,20,2,WSW,1,NW,GORMAN,05/28/2013,1920,41.2565,-88.3852,41.2764,-88.3613,"An EF0 tornado touched down northeast of Mazon near Reed Road, west of Higgins Road where a power pole was blown down.  The tornado moved northeast and blew down part of a tree on Higgins Road just south of Spring Road.  Three more power poles were blown down on Campbell Road.  Doors were blown off an outbuilding nearby before the tornado dissipated west of Coal City.","Severe thunderstorms moved across parts of northern Illinois during the evening of May 28th producing strong winds, heavy rain and flash flooding.  Additional thunderstorms moved across parts of northern Illinois during the early morning hours of May 29th.",314
451693,ROCK ISLAND CO.,ANDALUSIA,05/30/2013,1544,Tornado, ,EF0,0,0,40000,0,IL,CST-6, ,73915,C,161,DVN,0,0,NWS Storm Survey, ,1.25,150,0,NW,2,N,ANDALUSIA,05/30/2013,1545,41.4345,-90.7256,41.4523,-90.7217,"An EF1 tornado touched down in Andalusia, IL around 445 pm CDT and traveled north-northeast.  This weak tornado crossed the Mississippi River into Scott County and moved through eastern sections of Buffalo, IA.  Wind speeds were estimated to be 95 mph.  Some large trees were snapped and uprooted along the path.  Some of the fallen trees fell onto houses.","A cold front pushing into a very moist and unstable airmass triggered numerous severe thunderstorms on May 30, 2013. Deep layer shear was moderate to strong and freezing levels were in the 11-12k foot level, which was ideal for large hail. The storms produced damaging winds, large hail and several weak tornadoes. An EF1 tornado touched down in Andalusia, IL around 445 pm CDT and traveled due north. This weak tornado crossed the Mississippi River and moved through eastern sections of Buffalo, IA. Wind speeds were estimated to be 95 mph. Some large trees were snapped and uprooted along the path. Some of the fallen trees fell onto houses. In extreme northeast Missouri, wind gusts estimated to be 70 mph produced heavy tree damage throughout Scotland County. Several outbuildings were damaged and about 30 power poles were snapped. The tree damage was mainly located between Bible Grove and Memphis.",315
451692,WHITESIDE CO.,PORTLAND CORNERS,05/30/2013,1635,Tornado, ,EF0,0,0,0,0,IL,CST-6, ,73915,C,195,DVN,0,0,Law Enforcement, ,0.57,25,1,S,1,SE,PORTLAND CORNERS,05/30/2013,1636,41.657,-89.9809,41.6614,-89.9715,"An EF0 tornado briefly touched down about 2 miles southwest of Prophetstown, IL around 535 pm CDT.  Wind speeds were estimated to be about 70 mph.  No damage was reported.","A cold front pushing into a very moist and unstable airmass triggered numerous severe thunderstorms on May 30, 2013. Deep layer shear was moderate to strong and freezing levels were in the 11-12k foot level, which was ideal for large hail. The storms produced damaging winds, large hail and several weak tornadoes. An EF1 tornado touched down in Andalusia, IL around 445 pm CDT and traveled due north. This weak tornado crossed the Mississippi River and moved through eastern sections of Buffalo, IA. Wind speeds were estimated to be 95 mph. Some large trees were snapped and uprooted along the path. Some of the fallen trees fell onto houses. In extreme northeast Missouri, wind gusts estimated to be 70 mph produced heavy tree damage throughout Scotland County. Several outbuildings were damaged and about 30 power poles were snapped. The tree damage was mainly located between Bible Grove and Memphis.",316
461887,MADISON CO.,OLDENBURG,05/31/2013,1929,Tornado, ,EF3,0,0,0,0,IL,CST-6, ,76367,C,119,LSX,0,0,NWS Storm Survey, ,8.63,150,1,NW,2,NNW,EDWARDSVILLE,05/31/2013,1937,38.8131,-90.1155,38.8442,-89.9602,"The tornado crossed the Mississippi River from St. Louis County Missouri into Madison County Illinois, about 1.1 miles northwest of the intersection of Illinois Routes 3 and 203.  It blew down several trees once it made landfall.  As it traveled to the east northeast, it took about a quarter of the roof off of a business on the northwest corner of the intersection of Illinois Route 3 and Piasa Lane.  On the east side of Illinois Route 3, a gas station sustained minor damage.  Damage in this area was rated EF1.  Further northeast, several power poles were snapped along S. Delmar Avenue.  Just south of the intersection of Robbins Road and Illinois Route 111, 5 large wooden power poles were snapped and there was a convergent pattern in the tree damage to the north.  As it crossed the far southern portions of South Roxana, there was minor damage to several homes, then the tornado crossed Highway 255. It buckled in a wall on a large steel framework building and twisted the roof steel girders just south of Old Alton Edwardsville Road, about a quarter of a mile east of the intersection of Old Alton Edwardsville Road and Section Line Road.  On the same property, another very large and well-built wood framed metal sided storage building was completely destroyed by the tornado.  Damage was rated EF3 in this location.  The tornado continued to the northeast crossing Illinois Route 143 just north of the intersection with N. University Dr.  Before lifting and dissipating, the tornado crossed Illinois Route 159, just south of Fox Creek Golf Club and snapped off several large fir trees as well as a wooden power pole.  The tornado path length in Madison County was 8.6 miles with a max path width of 150 yards.  The damage in this segment was rated EF3 with max wind speeds of 160 MPH.  Overall, the entire tornado path length was 10.6 miles with a max path width of 150 yards.  The tornado was rated EF3 with max wind speeds of 160 MPH.","Storms developed along an outflow boundary that was laid out along the I-70 corridor.  The storms produced wind damage, large hail as well as 9 tornadoes.  Two of the tornadoes were rated EF3 as they moved through the St. Louis metro area.",317
460730,MACOUPIN CO.,GILLESPIE,05/31/2013,1949,Tornado, ,EF2,0,0,0,0,IL,CST-6, ,76367,C,117,LSX,0,0,NWS Storm Survey, ,1.47,150,0,ESE,1,N,EAST GILLESPIE,05/31/2013,1952,39.1287,-89.8272,39.1399,-89.8039,"The tornado began on the west side of Gillespie, causing minor damage to an apartment complex on the southwest side of the intersection of Broadway Street and LJ Avenue.  It blew out several windows on one of the apartment buildings.  It then caused major damage to the north end of a brick gymnasium at Gillespie High School.  The damage to the gymnasium was rated EF2.  Then it proceeded to travel northeast, blowing the roof off of a house just northeast of the high school.  Also, a large pine tree was snapped off at the base next to the house.  The tornado continued to the northeast.  There was extensive damage to trees and roofs along a west southwest to east northeast path through the town.  The tornado destroyed a garage at the corner of Henry Street and Fulton Street.  The tornado lifted and dissipated just north of the intersection of Harding Avenue and Illinois Route 16.  The tornado path length was 1.5 miles with max path width of 150 yards.  The damage was rated EF2 with max wind speeds of 115 MPH.","Storms developed along an outflow boundary that was laid out along the I-70 corridor.  The storms produced wind damage, large hail as well as 9 tornadoes.  Two of the tornadoes were rated EF3 as they moved through the St. Louis metro area.",318
461752,MONTGOMERY CO.,WAGGONER,05/31/2013,2002,Tornado, ,EF1,0,0,0,0,IL,CST-6, ,76367,C,135,LSX,0,0,NWS Storm Survey, ,4.26,50,4,SSW,2,ESE,WAGGONER,05/31/2013,2006,39.3309,-89.6815,39.3705,-89.6204,"A tornado touched down half a mile north of the intersection of County Road 100E and 2200N or 3.5 miles south-southwest of Waggoner, Illinois.  Several large tree limbs 6 to 10 inches in diameter were blown down by the tornado. The tornado path at this location was 30 yards wide. The tornado traveled northeast and damaged one barn and a few outbuildings on Goby Avenue, about 1.5 miles west of I-55.  The roof of two outbuildings were uplifted and tossed 100 to 150 yards to the northeast.  Another outbuilding was severely damaged on Coalfield Avenue, half a quarter of a mile west of I-55. Damage intensity was rated EF1.  Debris from this machine shed was tossed across a corn field and across I-55. The tornado then crossed I-55, blowing over three tractor trailers.  No injuries were reported.  The tornado then damaged a third farmstead on County Road 2500N approximately a quarter of a mile east of I-55. Windows were blown inward on a two story farm home and two machine sheds were severely damaged. The damage intensity was rated EF1 and damage was 40 yards wide. The tornado continued to move northeast and downed large tree branches 6 to 10 inches in diameter on East Waggoner Road, about 2 miles east southeast of Waggoner, Illinois.  The tornado then lifted and dissipated.  The tornado path length was 4.3 miles with a max path width of 50 yards.  The damage was rated EF1 with max wind speeds estimated between 90 and 100 MPH.","Storms developed along an outflow boundary that was laid out along the I-70 corridor.  The storms produced wind damage, large hail as well as 9 tornadoes.  Two of the tornadoes were rated EF3 as they moved through the St. Louis metro area.",319
453073,MACON CO.,DECATUR,05/31/2013,2103,Tornado, ,EF1,0,0,500000,0,IL,CST-6, ,74927,C,115,ILX,0,0,Emergency Manager, ,1.99,100,2,WNW,1,N,DECATUR,05/31/2013,2107,39.8586,-88.9856,39.8685,-88.9504,"A tornado touched down at 10:03 PM CDT on the northwest side of Decatur near the intersection of Division Street and Summit Avenue.  The tornado tracked northeastward through Graceland Cemetery, across Oakland Avenue, and just south of the Decatur Memorial Hospital before dissipating near East Maywood Court at 10:07 PM CDT.  Numerous trees and tree branches were blown down along the path of the tornado, with the most significant tree damage occurring in Graceland Cemetery.  The Plaza TV shop on Oakland Avenue lost its roof and suffered broken windows and siding damage.  Other minor roofing damage occurred along the path of the tornado, with numerous trees and tree branches knocked down for several blocks south of the tornado as well.  No injuries were reported.","An approaching cold front brought showers and thunderstorms to central Illinois during the evening of May 31st.  Many of the storms became severe, producing widespread wind damage across the area.  Two tornadoes briefly touched down as well.  The first tornado occurred in Decatur in Macon County, while the second one touched down just southeast of Westville in Vermilion County.  In addition, excessive rainfall rates of 2 to 3 inches per hour associated with some of the storms produced localized flash flooding that lingered into the morning hours of June 1st.",320
453088,VERMILION CO.,MEEKS,05/31/2013,2224,Tornado, ,EF1,0,0,50000,0,IL,CST-6, ,74927,C,183,ILX,0,0,Emergency Manager, ,0.49,70,2,NNW,2,NNW,MEEKS,05/31/2013,2225,40.0232,-87.5961,40.025,-87.5872,"A tornado touched down in an open field 2.6 miles southeast of Westville at 11:24 PM CDT.  The tornado tracked to the northeast, crossing North 1850 East Road, then severely damaged an attached garage and part of a house.  The garage was pulled from its foundation and pushed about 10 feet on top of the car inside.  A large barn was damaged and several trees were splintered as well.  The tornado dissipated about one tenth of a mile northeast of the property at 11:25 PM CDT.  No injuries were reported.","An approaching cold front brought showers and thunderstorms to central Illinois during the evening of May 31st.  Many of the storms became severe, producing widespread wind damage across the area.  Two tornadoes briefly touched down as well.  The first tornado occurred in Decatur in Macon County, while the second one touched down just southeast of Westville in Vermilion County.  In addition, excessive rainfall rates of 2 to 3 inches per hour associated with some of the storms produced localized flash flooding that lingered into the morning hours of June 1st.",321
454190,DE KALB CO.,SHABBONA,06/12/2013,1532,Tornado, ,EF1,0,0,20000,0,IL,CST-6, ,75138,C,37,LOT,0,0,NWS Storm Survey, ,2.27,100,3,SSW,1,W,SHABBONA GROVE,06/12/2013,1537,41.7344,-88.8923,41.7314,-88.8485,"A National Weather Service storm survey determined an EF-1 tornado with maximum winds around 95 mph occurred near Shabbona.  The maximum damage occurred along approximately a mile long path where the tornado snapped numerous utility poles and around 80 percent of the large hardwood trees. Along the remainder of the path there was minor tree damage and minor shingle peeling, but for the most part the tornado did not intersect any structures.","A potent upper level disturbance interacted with a very warm and moist air mass on Wednesday afternoon and evening, leading to the development of severe thunderstorms. Widespread large hail and damaging winds occurred, as well as several tornadoes.",322
450887,JO DAVIESS CO.,HANOVER,06/12/2013,1750,Tornado, ,EF0,0,0,0,0,IL,CST-6, ,74569,C,85,DVN,0,0,NWS Storm Survey, ,0.5,20,3,SE,3,SE,HANOVER,06/12/2013,1750,42.2178,-90.2422,42.2178,-90.2422,"A NWS Survey Team determined that there was a brief tornado touchdown 3 miles south of Hanover with no significant damage.","A surface low moved along a warm front into northwest Illinois and helped to focus thunderstorms along the Highway 20 corridor where the warm front was sitting in the early evening hours. Two supercell thunderstorms developed along the warm front and tracked southeastward, producing damaging winds along with two tornadoes. The first tornado touched down 3 miles south of Hanover and caused no significant damage. The tornado was on the ground for a half a mile. The second tornado touched down 6 miles north of Savanna and ended 4 miles west of Mount Carroll Illinois. The tornado was rated EF-2 with maximum winds of 135 mph, and one person was injured.",323
450890,CARROLL CO.,SAVANNA,06/12/2013,1753,Tornado, ,EF2,0,1,0,0,IL,CST-6, ,74569,C,15,DVN,0,0,NWS Storm Survey, ,6.6,880,6,N,4,W,MT CARROLL,06/12/2013,1803,42.1668,-90.15,42.1,-90.058,"A NWS Survey team determined that EF2 tornado with maximum winds of 135 mph. The track began 6 miles north of Savanna and ended 4 miles west of Mount Carroll Illinois. The tornado was well defined with significant tree damage. Several farm outbuildings were damaged and one house was pushed off its foundation where the one injury occurred.","A surface low moved along a warm front into northwest Illinois and helped to focus thunderstorms along the Highway 20 corridor where the warm front was sitting in the early evening hours. Two supercell thunderstorms developed along the warm front and tracked southeastward, producing damaging winds along with two tornadoes. The first tornado touched down 3 miles south of Hanover and caused no significant damage. The tornado was on the ground for a half a mile. The second tornado touched down 6 miles north of Savanna and ended 4 miles west of Mount Carroll Illinois. The tornado was rated EF-2 with maximum winds of 135 mph, and one person was injured.",324
457324,WILL CO.,WILTON CENTER,06/12/2013,1850,Tornado, ,EF0,0,0,35000,0,IL,CST-6, ,75138,C,197,LOT,0,0,NWS Storm Survey, ,0.24,50,5,SE,5,SE,WILTON CENTER,06/12/2013,1851,41.2924,-87.9086,41.2918,-87.904,"A tornado briefly touched down at a farmstead just south of the intersection of County Line Road and North 1500 West Road.  The tornado collapsed a barn killing a horse.  Debris was tossed almost 75 yards southeast across the road into an adjacent field.  Maximum estimated winds were 85 mph.","A potent upper level disturbance interacted with a very warm and moist air mass on Wednesday afternoon and evening, leading to the development of severe thunderstorms. Widespread large hail and damaging winds occurred, as well as several tornadoes.",325
462370,HENRY CO.,ATKINSON,06/24/2013,1500,Tornado, ,EF1,0,0,50000,0,IL,CST-6, ,76627,C,73,DVN,0,0,NWS Storm Survey, ,6.21,50,1,NE,4,NNE,ANNAWAN,06/24/2013,1505,41.4302,-90.0064,41.4539,-89.8907,"The tornado snapped several tree trunks, destroyed a grain bin, downed large limbs, and damaged the roof of one residence.","A disturbance moving northeastward across the region led to the development of a severe squall line with bowing segments that moved from eastern Iowa into northwest Illinois during the early evening hours. This line of thunderstorms produced widespread wind damage along and to the north of Interstate 80. There was an EF-1 tornado near Atkinson in Henry County and an EF-0 near Van Orin in Bureau County.",326
461038,LEE CO.,HARMON,06/24/2013,1532,Tornado, ,EF0,0,0,10000,0,IL,CST-6, ,76456,C,103,LOT,0,0,NWS Storm Survey, ,2.79,100,1,SSW,2,ENE,HARMON,06/24/2013,1536,41.6995,-89.5562,41.7261,-89.5154,"The tornado mainly traveled over farm fields but did take down numerous utility poles, including a few that were bent sharply to the south, opposite of the storm motion which was to the northeast.  A weakly constructed barn was destroyed near the end of the path.","During the late afternoon and evening of June 24th, a bow echo raced across northern Illinois causing widespread wind damage and spawning at least one tornado.",327
462380,BUREAU CO.,VAN ORIN,06/24/2013,1533,Tornado, ,EF0,0,0,10000,0,IL,CST-6, ,76627,C,11,DVN,0,0,Trained Spotter, ,0.63,75,1,NNE,2,NNE,VAN ORIN,06/24/2013,1534,41.5642,-89.3444,41.5687,-89.3339,"Over a dozen large pine trees were downed, including several that had been snapped across two farmsteads. There was minor damage to one of the homes from a tree falling on it. In addition, the corn crop was severely bent between the two properties.","A disturbance moving northeastward across the region led to the development of a severe squall line with bowing segments that moved from eastern Iowa into northwest Illinois during the early evening hours. This line of thunderstorms produced widespread wind damage along and to the north of Interstate 80. There was an EF-1 tornado near Atkinson in Henry County and an EF-0 near Van Orin in Bureau County.",328
453439,COLES CO.,COOKS MILLS,06/29/2013,1305,Tornado, ,EF0,0,0,4000,0,IL,CST-6, ,74989,C,29,ILX,0,0,Emergency Manager, ,0.14,20,1,W,1,WSW,COOKS MILLS,06/29/2013,1306,39.5781,-88.4143,39.5781,-88.4117,"A tornado briefly touched down near Cooks Mills at 2:05 PM CDT.  The tornado did minor damage to the siding and gutters of a home.  It also damaged a garage door and knocked down several tree limbs before dissipating at 2:06 PM CDT.","Scattered showers and thunderstorms developed across central Illinois during the afternoon of June 29th.  Many of the cells interacted with a weak boundary dropping southward through the area to produce funnel clouds.  One brief tornado touchdown occurred in Coles County, where minor damage was reported to a home near Cooks Mills.",329
459160,WABASH CO.,BELLMONT,07/01/2013,1841,Tornado, ,EF0,0,0,0,0,IL,CST-6, ,76134,C,185,PAH,0,0,Storm Chaser, ,0.8,50,2,ENE,1,NE,BELLMONT,07/01/2013,1842,38.3963,-87.8887,38.3972,-87.9033,"The tornado, just north of Bellmont, primarily impacted a grove of trees south of the Highway 15 and East 500th Road intersection. The tornado moved west, snapping tree branches and lofting them vertically as witnessed by a storm chaser. The storm chaser sent video of the tornado to the National Weather Service for review and confirmation. The storm chaser stated that other fog columns or low-hanging clouds were observed that day, but they did not rotate.","A few mini-supercells occurred beneath a 500 mb low centered over the Lower Ohio Valley. A surface trough axis extended from central Kentucky southward. A moist low level air mass combined with diurnal heating resulted in scattered thunderstorms. A few of these storms were mini-supercells, including one cell that produced a weak tornado. A larger cluster of showers and thunderstorms remained nearly stationary for several hours, producing locally very heavy rainfall amounts over four inches.",330
459161,WAYNE CO.,MT ERIE,07/02/2013,1755,Tornado, ,EF0,0,0,0,0,IL,CST-6, ,76135,C,191,PAH,0,0,Storm Chaser, ,0.67,50,5,SSW,5,SSW,MT ERIE,07/02/2013,1756,38.45,-88.2781,38.4596,-88.2779,"The storm chaser witnessed the relatively weak tornado circulation about seven miles northeast of Fairfield as it briefly touched down, causing little to no damage aside from vegetation aggravation. This feature actually began as a slowly rising fog column that was visually non-tornadic. However, the rising motion in the column gradually increased, followed by the gradual onset of rotation. The storm chaser sent video of the tornado to the National Weather Service for review and confirmation. The storm chaser stated that other fog columns or low-hanging clouds were observed that day, but they did not rotate.","A mini-supercell occurred in the vicinity of a 500 mb low centered over the middle Mississippi Valley. A surface low pressure center was located near Louisville, Kentucky. A moist low level air mass combined with diurnal heating resulted in isolated showers and thunderstorms. One of these storms was a mini-supercell which produced a weak tornado. During the early morning hours, a stationary cluster of showers and thunderstorms produced flooding of creeks and small rivers.",331
477294,LA SALLE CO.,BAKER,09/01/2013,1742,Tornado, ,EF0,0,0,0,0,IL,CST-6, ,79600,C,99,LOT,0,0,Trained Spotter, ,1.63,50,3,ESE,3,WSW,BURGESS JCT,09/01/2013,1747,41.5305,-88.7745,41.507,-88.772,"A NWS storm survey did not locate any damage, however detailed reports from trained spotters and public accounts combined with photos and videos indicate that a brief tornado likely occurred.","During the evening of September 1st, an isolated supercell developed over La Salle County producing an EF-0 tornado and hail.",332
477100,ALEXANDER CO.,GALE,10/31/2013,1820,Tornado, ,EF0,0,0,100000,0,IL,CST-6, ,79553,C,3,PAH,0,0,NWS Storm Survey, ,1.24,200,5,NW,4,WSW,MC CLURE,10/31/2013,1822,37.2956,-89.5108,37.2953,-89.4883,"The tornado passed through East Cape Girardeau with estimated peak winds near 80 mph. Numerous trees and tree branches were blown down. There was shingle and other minor damage to several houses. A church steeple was blown off a church. Some damage occurred to fencing and small sheds. The average path width was 175 yards.","An outbreak of severe thunderstorms and isolated tornadoes occurred ahead of a cold front. Thunderstorms increased in coverage over southeast Missouri and then spread east-northeast into southern Illinois and western Kentucky during the late afternoon and evening. A surface low pressure wave over the Ozark Mountain region accelerated eastward in advance of a compact upper-level shortwave over the southern Plains. A mid-level dry slot overspread the surface warm sector, where dew points were in the low to mid 60's. Extremely strong wind shear compensated for weak instability. Strong forcing along the front and a moist low level air mass contributed to a forced line of storms, including some without lightning.",333
480652,ALEXANDER CO.,TAMMS,10/31/2013,1835,Tornado, ,EF1,0,0,10000,0,IL,CST-6, ,79553,C,3,PAH,0,0,NWS Storm Survey, ,2.67,50,6,N,7,NNE,TAMMS,10/31/2013,1840,37.3168,-89.27,37.3223,-89.222,"The tornado produced only tree damage along its path through this forested area. Hardwood tree trunks were snapped. Peak winds were estimated near 100 mph as the tornado approached the Pulaski County line. The tornado continued into northwest Pulaski County.","An outbreak of severe thunderstorms and isolated tornadoes occurred ahead of a cold front. Thunderstorms increased in coverage over southeast Missouri and then spread east-northeast into southern Illinois and western Kentucky during the late afternoon and evening. A surface low pressure wave over the Ozark Mountain region accelerated eastward in advance of a compact upper-level shortwave over the southern Plains. A mid-level dry slot overspread the surface warm sector, where dew points were in the low to mid 60's. Extremely strong wind shear compensated for weak instability. Strong forcing along the front and a moist low level air mass contributed to a forced line of storms, including some without lightning.",334
480654,PULASKI CO.,WETAUG,10/31/2013,1840,Tornado, ,EF1,0,0,10000,0,IL,CST-6, ,79553,C,153,PAH,0,0,NWS Storm Survey, ,3.84,50,3,W,1,NE,WETAUG,10/31/2013,1843,37.3223,-89.222,37.3301,-89.1528,"The tornado continued from Alexander County into northwest Pulaski County. Numerous hardwood trees were snapped. There was no structural damage noted in this rural area. Peak winds were estimated near 105 mph.","An outbreak of severe thunderstorms and isolated tornadoes occurred ahead of a cold front. Thunderstorms increased in coverage over southeast Missouri and then spread east-northeast into southern Illinois and western Kentucky during the late afternoon and evening. A surface low pressure wave over the Ozark Mountain region accelerated eastward in advance of a compact upper-level shortwave over the southern Plains. A mid-level dry slot overspread the surface warm sector, where dew points were in the low to mid 60's. Extremely strong wind shear compensated for weak instability. Strong forcing along the front and a moist low level air mass contributed to a forced line of storms, including some without lightning.",335
477105,WILLIAMSON CO.,CREAL SPGS,10/31/2013,1851,Tornado, ,EF1,0,0,40000,0,IL,CST-6, ,79553,C,199,PAH,0,0,NWS Storm Survey, ,6.43,175,1,S,4,SE,PALZO,10/31/2013,1859,37.6055,-88.83,37.6092,-88.7127,"This tornado contained estimated peak winds near 100 mph. Three barns and two homes were damaged. Numerous trees were uprooted and snapped. Power lines were blown down. The tornado crossed into Saline County near the southern outskirts of Stonefort.","An outbreak of severe thunderstorms and isolated tornadoes occurred ahead of a cold front. Thunderstorms increased in coverage over southeast Missouri and then spread east-northeast into southern Illinois and western Kentucky during the late afternoon and evening. A surface low pressure wave over the Ozark Mountain region accelerated eastward in advance of a compact upper-level shortwave over the southern Plains. A mid-level dry slot overspread the surface warm sector, where dew points were in the low to mid 60's. Extremely strong wind shear compensated for weak instability. Strong forcing along the front and a moist low level air mass contributed to a forced line of storms, including some without lightning.",336
480659,JOHNSON CO.,BELKNAP,10/31/2013,1856,Tornado, ,EF1,0,0,30000,0,IL,CST-6, ,79553,C,87,PAH,0,0,NWS Storm Survey, ,0.7,50,2,WNW,2,NW,BELKNAP,10/31/2013,1858,37.3321,-88.9701,37.3363,-88.9585,"Hardwood trees were uprooted. Shingles were blown off two residences. Another residence had a tarp over the roof. Part of the roof was lifted off a small barn. Several hardwood tree trunks were snapped. Peak winds were estimated near 105 mph.","An outbreak of severe thunderstorms and isolated tornadoes occurred ahead of a cold front. Thunderstorms increased in coverage over southeast Missouri and then spread east-northeast into southern Illinois and western Kentucky during the late afternoon and evening. A surface low pressure wave over the Ozark Mountain region accelerated eastward in advance of a compact upper-level shortwave over the southern Plains. A mid-level dry slot overspread the surface warm sector, where dew points were in the low to mid 60's. Extremely strong wind shear compensated for weak instability. Strong forcing along the front and a moist low level air mass contributed to a forced line of storms, including some without lightning.",337
477106,SALINE CO.,STONEFORT,10/31/2013,1859,Tornado, ,EF1,0,0,70000,0,IL,CST-6, ,79553,C,165,PAH,0,0,NWS Storm Survey, ,3.47,175,1,SE,4,E,STONEFORT,10/31/2013,1904,37.6104,-88.7091,37.62,-88.6469,"This tornado, which began in Williamson County, crossed into Saline County near Stonefort. The tornado contained estimated peak winds near 100 mph. Three barns and four homes were damaged. The damage consisted mainly of roof damage, including one home with its roof torn off. Numerous trees were uprooted and snapped. Power lines were blown down.","An outbreak of severe thunderstorms and isolated tornadoes occurred ahead of a cold front. Thunderstorms increased in coverage over southeast Missouri and then spread east-northeast into southern Illinois and western Kentucky during the late afternoon and evening. A surface low pressure wave over the Ozark Mountain region accelerated eastward in advance of a compact upper-level shortwave over the southern Plains. A mid-level dry slot overspread the surface warm sector, where dew points were in the low to mid 60's. Extremely strong wind shear compensated for weak instability. Strong forcing along the front and a moist low level air mass contributed to a forced line of storms, including some without lightning.",338
483766,PEORIA CO.,ORCHARD MINES,11/17/2013,1052,Tornado, ,EF0,0,0,40000,0,IL,CST-6, ,80819,C,143,ILX,0,0,NWS Storm Survey, ,0.16,100,1,ESE,1,WNW,PEKIN,11/17/2013,1053,40.5756,-89.6569,40.5768,-89.6542,"A tornado touched down in far eastern Peoria County about 4 miles ENE of Mapleton at 10:52 AM CST.  The tornado uprooted dozens of trees and snapped several power poles before crossing the Illinois River into Tazewell County at 10:53 AM CST.","A powerful low pressure system tracked from the central Rockies toward the southern Great Lakes on November 17th. As the system approached central Illinois, unseasonably warm and humid air was pulled northward into the area, resulting in high temperatures soaring into the 70s. This very unstable airmass coupled with strong jet stream level winds aloft created numerous strong to severe thunderstorms. Many of the storms became supercells, producing damaging long-track tornadoes.  A total of 10 tornadoes touched down across central Illinois, including an EF4 tornado that severely impacted the community of Washington in Tazewell County.  Three people were killed and 142 others were injured as the storms tracked through the area.  Total damage was estimated at 1.06 billion dollars across central Illinois.",339
483772,TAZEWELL CO.,PEKIN,11/17/2013,1053,Tornado, ,EF2,0,10,45000000,0,IL,CST-6, ,80819,C,179,ILX,0,0,NWS Storm Survey, ,2.1,100,1,WNW,2,NNE,PEKIN,11/17/2013,1055,40.5768,-89.6542,40.5922,-89.6198,"This tornado crossed the Illinois River from Peoria County at 10:53 AM CST.  It tracked through the northwest side of Pekin before lifting 2 miles northeast of Pekin at 10:54 AM CST.  Approximately 179 houses and 6 businesses suffered major damage, while 182 houses experienced minor roof damage.  In addition, 3 apartment buildings lost their roofs, a power substation had minor damage, and hundreds of cars were damaged.  Ten people were injured.","A powerful low pressure system tracked from the central Rockies toward the southern Great Lakes on November 17th. As the system approached central Illinois, unseasonably warm and humid air was pulled northward into the area, resulting in high temperatures soaring into the 70s. This very unstable airmass coupled with strong jet stream level winds aloft created numerous strong to severe thunderstorms. Many of the storms became supercells, producing damaging long-track tornadoes.  A total of 10 tornadoes touched down across central Illinois, including an EF4 tornado that severely impacted the community of Washington in Tazewell County.  Three people were killed and 142 others were injured as the storms tracked through the area.  Total damage was estimated at 1.06 billion dollars across central Illinois.",340
483775,TAZEWELL CO.,MARQUETTE HGTS,11/17/2013,1059,Tornado, ,EF4,3,121,910000000,0,IL,CST-6, ,80819,C,179,ILX,0,0,NWS Storm Survey, ,14.16,880,2,E,2,NNE,PEKIN JCT,11/17/2013,1112,40.622,-89.5678,40.7482,-89.3549,"A tornado touched down 2.4 miles SE of East Peoria at 10:59 AM CST, then tracked northeastward through parts of East Peoria and Washington before crossing the border into Woodford County at 11:12 AM CST.  One man in Washington was killed by the tornado, one woman from Washington died 11 days later from multiple serious injuries sustained by the tornado, one man died six weeks later from injuries sustained by the tornado, and 121 people were injured.|  |In East Peoria: 20 homes were destroyed, while 75 homes, 7 businesses, and 5 apartment buildings suffered major damage.  Minor damage occurred to 137 homes and 3 businesses.  In addition, nearly 400 vehicles were damaged, thousands of trees and numerous power poles were destroyed.  The estimated damage in East Peoria stands at $110 million.||In Washington: The tornado increased to EF4 intensity and widened to between 1/4 and 1/2 mile wide.  633 homes, 7 businesses, 7 apartment buildings, and 2,500 vehicles were destroyed.  Major damage occurred to 280 homes, 2 businesses, the roof of a school, and several outbuildings.  Minor damage occurred to another 190 homes.  Thousands of trees and power poles were snapped.  Nearly 5,000 people were in the path of this tornado: however, injury and fatality totals were relatively low due to early warning and the fact that many people were either in church or out of town at the time. The tornado moved out of the Washington city limits and across another 2 miles of rural Tazewell County before crossing the border into Woodford County.  Total damage in Washington is estimated at $800 million.","A powerful low pressure system tracked from the central Rockies toward the southern Great Lakes on November 17th. As the system approached central Illinois, unseasonably warm and humid air was pulled northward into the area, resulting in high temperatures soaring into the 70s. This very unstable airmass coupled with strong jet stream level winds aloft created numerous strong to severe thunderstorms. Many of the storms became supercells, producing damaging long-track tornadoes.  A total of 10 tornadoes touched down across central Illinois, including an EF4 tornado that severely impacted the community of Washington in Tazewell County.  Three people were killed and 142 others were injured as the storms tracked through the area.  Total damage was estimated at 1.06 billion dollars across central Illinois.",341
483781,WOODFORD CO.,METAMORA,11/17/2013,1112,Tornado, ,EF3,0,4,25000000,0,IL,CST-6, ,80819,C,203,ILX,0,0,NWS Storm Survey, ,20.7,880,2,S,2,N,MINONK,11/17/2013,1133,40.7482,-89.3549,40.926,-89.0363,"This tornado crossed the border from Tazewell County at 11:12 AM CST, then tracked northeastward across rural Woodford County before entering into far southern LaSalle County in National Weather Service Chicago's County Warning Area (CWA) at 11:33 AM CST.  It weakened a bit to EF3 intensity but remained between 1/4 and 1/2 mile wide as it crossed into Woodford County.  During much of its time in Woodford County, the tornado traveled across open fields, impacting dozens of farmsteads.  Nearly 70 farm buildings and 7 homes were destroyed.  Major damage occurred to 17 homes, while 23 others received minor damage.  About 100 vehicles were damaged, including several semi trucks at a truck stop north of Minonk.  Three people were injured in overturned semi trucks.  One cell tower was toppled and hundreds of power poles and trees were snapped.  Total damage from the tornado was estimated at $25 million.","A powerful low pressure system tracked from the central Rockies toward the southern Great Lakes on November 17th. As the system approached central Illinois, unseasonably warm and humid air was pulled northward into the area, resulting in high temperatures soaring into the 70s. This very unstable airmass coupled with strong jet stream level winds aloft created numerous strong to severe thunderstorms. Many of the storms became supercells, producing damaging long-track tornadoes.  A total of 10 tornadoes touched down across central Illinois, including an EF4 tornado that severely impacted the community of Washington in Tazewell County.  Three people were killed and 142 others were injured as the storms tracked through the area.  Total damage was estimated at 1.06 billion dollars across central Illinois.",342
482454,MACOUPIN CO.,WOMAC,11/17/2013,1130,Tornado, ,EF0,0,0,0,0,IL,CST-6, ,80439,C,117,LSX,0,0,NWS Storm Survey, ,2.11,20,4,SE,4,E,WOMAC,11/17/2013,1133,39.2346,-89.7255,39.2592,-89.702,"Despite photographic evidence of a large tornado northwest of Litchfield, only minor damage to power poles and one barn was observed.  The tornado initially touched down in Macoupin County on Litchfield Road about 1.3 miles west of the Macoupin/Montgomery county line.  It travelled to the northeast only causing minor tree damage rated EF0 in Macoupin County.  It then crossed the Macoupin/Montgomery county line about four tenths of a mile south of North 18th Avenue.  Most of the area where the tornado occurred was bare farm fields which did not have any damage indicators.  The path length of the tornado in Macoupin County was 2.11 miles with a max path width of 20 yards.  The damage for this segment was estimated to be EF0.  Overall, the entire tornado path length was 3.98 miles with a max path width of 50 yards and a maximum damage rating of EF0.","Strong cold front moved through the region with plenty of lift, moisture and instability. Numerous severe storms developed and raced east across forecast area.  There were numerous reports of large hail, damaging winds and tornadoes. Also, because of a tight gradient with this system non-thunderstorm winds gusted in excess of 40 mph in a number of locations.",343
482457,MONTGOMERY CO.,BARNETT,11/17/2013,1133,Tornado, ,EF0,0,0,0,0,IL,CST-6, ,80439,C,135,LSX,0,0,NWS Storm Survey, ,1.87,50,1,S,1,ENE,BARNETT,11/17/2013,1134,39.2592,-89.702,39.2794,-89.6787,"Despite photographic evidence of a large tornado northwest of Litchfield, only minor damage to power poles and one barn was observed.  The tornado crossed the Macoupin/Montgomery county line into Montgomery County about four tenths of a mile south of North 18th Avenue.  The tornado caused some minor tree damage on Barnett Trail.  It continued to the northeast causing moderate roof damage to a barn on the south side of Illinois Route 108, just west of intersection with Pipeline Road before lifting and dissipating.  Most of the area where the tornado occurred was bare farm fields which did not have any damage indicators.  The path length of the tornado in Montgomery County was 1.87 miles with a max path width of 50 yards.  The damage for this segment was estimated to be EF0.  Overall, the entire tornado path length was 3.98 miles with a max path width of 50 yards and a maximum damage rating of EF0.","Strong cold front moved through the region with plenty of lift, moisture and instability. Numerous severe storms developed and raced east across forecast area.  There were numerous reports of large hail, damaging winds and tornadoes. Also, because of a tight gradient with this system non-thunderstorm winds gusted in excess of 40 mph in a number of locations.",344
484024,LA SALLE CO.,RUTLAND,11/17/2013,1133,Tornado, ,EF2,0,0,150000,0,IL,CST-6, ,79818,C,99,LOT,0,0,NWS Storm Survey, ,6.53,200,4,S,2,NNE,DANA,11/17/2013,1141,40.926,-89.0363,40.9768,-88.9308,"This is a continuation of a tornado that began in Tazewell County (NWS Central Illinois) and tracked across Woodford County, entering NWS Chicago county warning area in La Salle County, and finally ending in Livingston County.  The tornado entered La Salle County approximately half a mile east of State Route 251 north of Minonk where several power poles were snapped at the base along County Line Road.  On E 7th Road, a home had large portions of the roof removed.  Small outbuildings were completely destroyed.  More power poles were snapped on E 8th Road and again on N 2nd Road near the intersection of E 10th Road.  A machinery shed was completely destroyed on N 2nd Road about half a mile west of Dana.  On E 11th Road just north of Dana, an addition to a home was completely leveled with several outbuildings destroyed.  This tornado entered Livingston County just northeast of Dana around 11:41 AM CST.  Maximum wind speeds were estimated to be up to 135 mph.","A major tornado outbreak impacted the Midwest and Ohio Valley on November 17th. A powerful low pressure system across the plains states steered warmth and moisture northward for nearly two days, with dew points rising into the mid 60's.  This coupled with temperatures around 70�� resulted in unseasonably strong instability for thunderstorms to develop.  High wind shear and a cold front sweeping eastward made up the remaining ingredients of an environment favorable for supercells capable of long-lived significant tornadoes. Within the WFO LOT county warning area, ten tornadoes were confirmed, including three EF-2 tornadoes.  As the event evolved, the system became linear with numerous reports of straight line wind damage.  Behind the thunderstorms, a wake low developed with wind gusts to around 60 mph.",345
484025,LIVINGSTON CO.,LONG PT,11/17/2013,1141,Tornado, ,EF2,0,0,75000,0,IL,CST-6, ,79818,C,105,LOT,0,0,NWS Storm Survey, ,4.97,200,3,WSW,2,ENE,LONG PT,11/17/2013,1147,40.9768,-88.9308,41.0063,-88.8439,"This is a continuation of a tornado that began in Tazewell County (NWS Central Illinois) and tracked across Woodford County, entering NWS Chicago county warning area in La Salle County, and finally ending in Livingston County. The tornado entered Livingston County about a third of a mile north of E 2400 N Road where power poles were leaning.  Several outbuildings were heavily damaged or destroyed on E 2475 N Road.  Hardwood trees were snapped on N 200 E Road as well as wooden power poles.  A large shed housing a fire engine was completely destroyed with the fire engine rolled onto its side on Long Point Blacktop Road near the intersection of N 400 E Road.  On the northeast side of that intersection, a wooded area saw extensive tree damage with numerous trees sheared off about 20 to 30 feet from their bases.  The damage path ended about half a mile north of Long Point Blacktop Road between N 450 E Road and Route 23.  Maximum wind speeds were estimated to be up to 135 mph.","A major tornado outbreak impacted the Midwest and Ohio Valley on November 17th. A powerful low pressure system across the plains states steered warmth and moisture northward for nearly two days, with dew points rising into the mid 60's.  This coupled with temperatures around 70�� resulted in unseasonably strong instability for thunderstorms to develop.  High wind shear and a cold front sweeping eastward made up the remaining ingredients of an environment favorable for supercells capable of long-lived significant tornadoes. Within the WFO LOT county warning area, ten tornadoes were confirmed, including three EF-2 tornadoes.  As the event evolved, the system became linear with numerous reports of straight line wind damage.  Behind the thunderstorms, a wake low developed with wind gusts to around 60 mph.",346
484026,LIVINGSTON CO.,LONG PT,11/17/2013,1143,Tornado, ,EF0,0,0,0,0,IL,CST-6, ,79818,C,105,LOT,0,0,Storm Chaser, ,2.6,50,4,SW,1,S,LONG PT,11/17/2013,1146,40.9587,-88.9251,40.98,-88.884,"Video was received from a storm chaser showing a satellite tornado that formed just south of the long tracked tornado that moved across Livingston County.  This tornado only lasted a few minutes and appeared to stay over open fields with no damage evident.  Maximum wind speeds were estimated to be up to 75 mph.","A major tornado outbreak impacted the Midwest and Ohio Valley on November 17th. A powerful low pressure system across the plains states steered warmth and moisture northward for nearly two days, with dew points rising into the mid 60's.  This coupled with temperatures around 70�� resulted in unseasonably strong instability for thunderstorms to develop.  High wind shear and a cold front sweeping eastward made up the remaining ingredients of an environment favorable for supercells capable of long-lived significant tornadoes. Within the WFO LOT county warning area, ten tornadoes were confirmed, including three EF-2 tornadoes.  As the event evolved, the system became linear with numerous reports of straight line wind damage.  Behind the thunderstorms, a wake low developed with wind gusts to around 60 mph.",347
482458,CLINTON CO.,JAMESTOWN,11/17/2013,1147,Tornado, ,EF1,0,0,0,0,IL,CST-6, ,80439,C,27,LSX,0,0,NWS Storm Survey, ,0.37,50,1,S,1,SSE,JAMESTOWN,11/17/2013,1148,38.7099,-89.5175,38.7121,-89.5113,"A tornado touched down on Jamestown Road about seven tenths of a mile south of the intersection with Low Bridge Road and moved east northeast about four tenths of a mile before dissipating.  It destroyed a garage, removed shingles from a house, destroyed a pole barn and snapped a number of large trees.  This tornado was photographed by numerous people.  Overall, the entire tornado path length was 0.37 miles with a max path width of 50 yards. The tornado was rated EF1 with max wind speed of 100 MPH.","Strong cold front moved through the region with plenty of lift, moisture and instability. Numerous severe storms developed and raced east across forecast area.  There were numerous reports of large hail, damaging winds and tornadoes. Also, because of a tight gradient with this system non-thunderstorm winds gusted in excess of 40 mph in a number of locations.",348
482450,WASHINGTON CO.,ADDIEVILLE,11/17/2013,1204,Tornado, ,EF4,2,2,0,0,IL,CST-6, ,80439,C,189,LSX,0,0,NWS Storm Survey, ,10.59,200,2,NE,2,N,HOYLETON,11/17/2013,1213,38.42,-89.45,38.48,-89.27,"A tornado touchdown on Interstate 64, about 4.4 miles southwest of New Minden, blowing a tractor trailer off the interstate and causing minor injuries to the driver.  The tornado then began moving northeast towards New Minden.  The worst damage was about 2 miles west southwest of New Minden, where a small farm sustained a direct hit.  The outbuildings and barns sustained varying degrees of damage, but the homestead was totally destroyed with only the foundation remaining.  The damage at the homestead was rated EF4, and two fatalities occurred at this location.  Also, a large full size van was rolled over.  Less than a quarter of a mile east of the house, a single wide mobile home was destroyed.  There were 4 people at this location, three of them sought shelter in the creek bed just east of the mobile home while one went back to mobile home to retrieve something.  This person rode out the tornado in the bathtub, but was thrown about 50 feet into a field.  One of his ankles was broken.  He was treated and released from a local hospital.  The tornado then continued to race northeast, hitting the far north side of New Minden north of Illinois Route 177, and producing significant damage to St. Johns Lutheran Church and to several homes just northwest of the church.  Damage to two of the homes was rated EF3.  The tornado continued northeast, producing sporadic damage to just north of Hoyleton. A farm 2 miles west-northwest of Hoyleton sustained significant damage, as did a newly constructed home 2 miles north of Hoyleton.  Damage at these two locations were rated EF2.  The tornado then veered a bit northwest and dissipated.  Overall, the entire tornado path length was 10.59 miles with a max path width of 200 yards. The tornado was rated EF4 with max wind speeds of at least 166 MPH.  There were two fatalities and 2 minor injuries.","Strong cold front moved through the region with plenty of lift, moisture and instability. Numerous severe storms developed and raced east across forecast area.  There were numerous reports of large hail, damaging winds and tornadoes. Also, because of a tight gradient with this system non-thunderstorm winds gusted in excess of 40 mph in a number of locations.",349
482451,WASHINGTON CO.,ALDA,11/17/2013,1213,Tornado, ,EF1,0,0,0,0,IL,CST-6, ,80439,C,189,LSX,0,0,NWS Storm Survey, ,3.58,100,1,NW,2,NNE,NOLTINGS,11/17/2013,1216,38.48,-89.245,38.5051,-89.187,"As the EF4 tornado dissipated, another tornado formed one mile to the east on Sycamore Road just west of intersection with Peach Tree Road.  At this location, a barn had several of its walls collapsed on the south side of Sycamore Road.  The tornado then travelled to the northeast.  It crossed Peach Tree Road and destroyed a barn about four tenths of a mile north of Sycamore Road.  It continued to the northeast causing sporadic tree damage.  The most widespread damage occurred near the Flying M Ranch Golf Course, about 3 miles southwest of the city limits of Centralia, Illinois.  In this area the tornado lifted some panels off of a barn roof on Kuhn Road and caused significant roof damage to a house on County Highway 18 just south of Klub House Lane.  The damage to the house was rated EF1.  Just northeast of the house, the golf course club house sustained considerable roof damage and several windows were blown out.  The tornado continued to the northeast crossing from Washington County into far southeastern Clinton County, about a third of a mile west of Wilkin Road.  The path length of the tornado in Washington County was 3.58 miles with a max path width of 100 yards.  The damage for this segment was estimated to be EF1 with max wind speeds of 95 to 100 MPH.  Overall, the entire tornado path length was 4.76 miles with a max path width of 100 yards and a maximum damage rating of EF1.","Strong cold front moved through the region with plenty of lift, moisture and instability. Numerous severe storms developed and raced east across forecast area.  There were numerous reports of large hail, damaging winds and tornadoes. Also, because of a tight gradient with this system non-thunderstorm winds gusted in excess of 40 mph in a number of locations.",350
483782,CHRISTIAN CO.,PANA,11/17/2013,1215,Tornado, ,EF1,0,0,300000,0,IL,CST-6, ,80819,C,21,ILX,0,0,NWS Storm Survey, ,2.52,100,1,N,3,S,DUNKEL,11/17/2013,1218,39.3968,-89.0791,39.4314,-89.0641,"A tornado touched down on the north side of Pana at 12:15 PM CST, then tracked northeastward before lifting 3.1 miles NNE of Pana at 12:18 PM CST.  Several homes suffered roof damage near the intersection of Almond and Elm streets on the north side of Pana.  Trees were blown down, damaging 3 cars.  Numerous power lines were knocked down as well.  The tornado moved NNE, damaging a house and destroying an outbuilding before dissipating in an open field.","A powerful low pressure system tracked from the central Rockies toward the southern Great Lakes on November 17th. As the system approached central Illinois, unseasonably warm and humid air was pulled northward into the area, resulting in high temperatures soaring into the 70s. This very unstable airmass coupled with strong jet stream level winds aloft created numerous strong to severe thunderstorms. Many of the storms became supercells, producing damaging long-track tornadoes.  A total of 10 tornadoes touched down across central Illinois, including an EF4 tornado that severely impacted the community of Washington in Tazewell County.  Three people were killed and 142 others were injured as the storms tracked through the area.  Total damage was estimated at 1.06 billion dollars across central Illinois.",351
482452,CLINTON CO.,WAMAC,11/17/2013,1216,Tornado, ,EF0,0,0,0,0,IL,CST-6, ,80439,C,27,LSX,0,0,NWS Storm Survey, ,1.18,20,2,WSW,1,WSW,WAMAC,11/17/2013,1218,38.5051,-89.187,38.512,-89.167,"The tornado continued to the northeast crossing from Washington County into far southeastern Clinton County, about a third of a mile west of Wilkin Road.  It travelled to the northeast causing only tree damage before lifting and dissipating only three quarters of a mile west of a large mobile home park in Wamac.  The path length of the tornado in Clinton County was 1.18 miles with a max path width of 20 yards.  The damage for this segment was estimated to be EF0.  Overall, the entire tornado path length was 4.76 miles with a max path width of 100 yards and a maximum damage rating of EF1.","Strong cold front moved through the region with plenty of lift, moisture and instability. Numerous severe storms developed and raced east across forecast area.  There were numerous reports of large hail, damaging winds and tornadoes. Also, because of a tight gradient with this system non-thunderstorm winds gusted in excess of 40 mph in a number of locations.",352
482459,FAYETTE CO.,AVENA,11/17/2013,1222,Tornado, ,EF2,0,0,0,0,IL,CST-6, ,80439,C,51,LSX,0,0,NWS Storm Survey, ,8.5,200,1,WSW,3,SE,MAGNOLIA CORNER,11/17/2013,1228,38.9965,-88.929,39.0737,-88.8057,"A strong tornado developed between U.S. Highway 40 and Interstate 70 about 1.4 miles east of Brownstown on County Road 1750E.  The tornado destroyed a barn, depositing the debris downstream into the adjacent open field.  The tornado continued northeast across U.S. Highway 40 damaging a few outbuildings and silos on a farmstead.  The tornado strengthened and grew in size as it moved just to the west of St. Elmo.  Here it caused significant damage to three homes and severe damage/complete destruction to numerous outbuildings.  Two of the houses were moved from their foundations. This damage was rated EF-2.  The tornado continued northeast toward the St. Elmo Golf Club, causing significant damage to trees and destroying a garage and two outbuildings at a residence located on St. Elmo Country Club Road.  The tornado continued northeast crossing Illinois Route 128 into Effingham County (WFO ILX���s county warning area).  The path length of the tornado in Fayette County was 8.5 miles with a max path width of 200 yards.  The damage for this segment was estimated to be EF2 with max wind speeds of 120 MPH.  Overall, the entire tornado path length was 11.4 miles with a max path width of 200 yards and a maximum damage rating of EF2.","Strong cold front moved through the region with plenty of lift, moisture and instability. Numerous severe storms developed and raced east across forecast area.  There were numerous reports of large hail, damaging winds and tornadoes. Also, because of a tight gradient with this system non-thunderstorm winds gusted in excess of 40 mph in a number of locations.",353
484027,GRUNDY CO.,CENTRAL CITY,11/17/2013,1222,Tornado, ,EF2,0,5,10750000,0,IL,CST-6, ,79818,C,63,LOT,0,0,NWS Storm Survey, ,4.42,200,1,WNW,0,NNE,DIAMOND,11/17/2013,1226,41.2372,-88.3033,41.2851,-88.2469,"The tornado formed just northwest of the intersection of E Braceville Road and S Carbon Hill Road where several softwood trees were uprooted.  The tornado moved northeast just north of E Reed Road where a single family residence sustained visible damage to its exterior while a metal outbuilding sustained roof and exterior wall damage.  A single family home sustained considerable damage near the intersection of Berta Road and Spring Road where two people were injured.  The tornado continued into a subdivision north of Spring Road where widespread minor damage occurred to several dozen homes.  Several homes received more substantial damage though, including partial loss of roofs and second story walls.  The tornado continued into Will County around 12:26 PM CST.  Maximum wind speeds were estimated to be up to 125 mph.","A major tornado outbreak impacted the Midwest and Ohio Valley on November 17th. A powerful low pressure system across the plains states steered warmth and moisture northward for nearly two days, with dew points rising into the mid 60's.  This coupled with temperatures around 70�� resulted in unseasonably strong instability for thunderstorms to develop.  High wind shear and a cold front sweeping eastward made up the remaining ingredients of an environment favorable for supercells capable of long-lived significant tornadoes. Within the WFO LOT county warning area, ten tornadoes were confirmed, including three EF-2 tornadoes.  As the event evolved, the system became linear with numerous reports of straight line wind damage.  Behind the thunderstorms, a wake low developed with wind gusts to around 60 mph.",354
483783,JASPER CO.,WEST LIBERTY,11/17/2013,1225,Tornado, ,EF1,0,0,250000,0,IL,CST-6, ,80819,C,79,ILX,0,0,NWS Storm Survey, ,3.53,100,1,NW,2,NW,RAFETOWN,11/17/2013,1229,38.8547,-88.0877,38.8679,-88.0244,"A tornado touched down on the northwest side of West Liberty at 12:25 PM CST, then tracked northeastward before lifting 3.4 miles ENE of West Liberty at 12:29 PM CST.  Roof and siding damage occurred to 12 homes, while the roof was completely torn off an older one-story house.  A semi-truck was overturned and several trees were uprooted.  A barn was destroyed and 2 sheds had their roofs torn off about 1 mile ENE of West Liberty before the tornado dissipated.","A powerful low pressure system tracked from the central Rockies toward the southern Great Lakes on November 17th. As the system approached central Illinois, unseasonably warm and humid air was pulled northward into the area, resulting in high temperatures soaring into the 70s. This very unstable airmass coupled with strong jet stream level winds aloft created numerous strong to severe thunderstorms. Many of the storms became supercells, producing damaging long-track tornadoes.  A total of 10 tornadoes touched down across central Illinois, including an EF4 tornado that severely impacted the community of Washington in Tazewell County.  Three people were killed and 142 others were injured as the storms tracked through the area.  Total damage was estimated at 1.06 billion dollars across central Illinois.",355
484030,WILL CO.,BRAIDWOOD,11/17/2013,1226,Tornado, ,EF2,0,0,2000000,0,IL,CST-6, ,79818,C,197,LOT,0,0,NWS Storm Survey, ,7.6,200,2,NW,3,NNE,WILMINGTON,11/17/2013,1233,41.2851,-88.2469,41.3542,-88.133,"This is a continuation of a tornado that began at 12:22 PM CST in Grundy County. The tornado moved into  Will County on N Will Road just south of State Route 113.  There was considerable damage to businesses on State Route 113 between N Will Road and I-55.  An RV dealership had numerous vehicles overturned and damaged.  A two story structure lost its roof and had portions of its walls ripped off.  A model home was completely removed from its foundation on the north side of State Route 113.  A manufactured building had its roof ripped off with all the walls collapsed. Widespread tree damage was observed along the west side of I-55 where the tornado almost tracked parallel to as it weakened.  The tornado crossed I-55 near Widows Road where several hardwood trees were uprooted.  The tornado tracked into the Midewin Tallgrass Prairie where it damaged several metal structures just west of Route 53.  The tornado lifted just east of Route 53.  Maximum wind speeds were estimated to be up to 125 mph.","A major tornado outbreak impacted the Midwest and Ohio Valley on November 17th. A powerful low pressure system across the plains states steered warmth and moisture northward for nearly two days, with dew points rising into the mid 60's.  This coupled with temperatures around 70�� resulted in unseasonably strong instability for thunderstorms to develop.  High wind shear and a cold front sweeping eastward made up the remaining ingredients of an environment favorable for supercells capable of long-lived significant tornadoes. Within the WFO LOT county warning area, ten tornadoes were confirmed, including three EF-2 tornadoes.  As the event evolved, the system became linear with numerous reports of straight line wind damage.  Behind the thunderstorms, a wake low developed with wind gusts to around 60 mph.",356
483784,EFFINGHAM CO.,ALTAMONT,11/17/2013,1228,Tornado, ,EF1,0,0,400000,0,IL,CST-6, ,80819,C,49,ILX,0,0,NWS Storm Survey, ,2.9,100,3,W,2,NNW,ALTAMONT,11/17/2013,1232,39.0737,-88.8057,39.1023,-88.7661,"This tornado continued from Fayette County in National Weather Service St. Louis' County Warning Area (CWA).  The tornado crossed into Effingham County 3.2 miles WNW of Altamont at 12:28 PM CST before tracking northeastward and dissipating 2.9 miles NNW of Altamont at 12:32 PM CST.  About a dozen outbuildings were damaged and minor damage occurred to the roofs of 3 homes.  Several power poles were blown down as well.  The tornado dissipated near North 200th Street and East 1300th Avenue in rural Effingham County.","A powerful low pressure system tracked from the central Rockies toward the southern Great Lakes on November 17th. As the system approached central Illinois, unseasonably warm and humid air was pulled northward into the area, resulting in high temperatures soaring into the 70s. This very unstable airmass coupled with strong jet stream level winds aloft created numerous strong to severe thunderstorms. Many of the storms became supercells, producing damaging long-track tornadoes.  A total of 10 tornadoes touched down across central Illinois, including an EF4 tornado that severely impacted the community of Washington in Tazewell County.  Three people were killed and 142 others were injured as the storms tracked through the area.  Total damage was estimated at 1.06 billion dollars across central Illinois.",357
483785,MOULTRIE CO.,WILLIAMSBURG,11/17/2013,1230,Tornado, ,EF1,0,0,860000,0,IL,CST-6, ,80819,C,139,ILX,0,0,NWS Storm Survey, ,7.02,440,3,NW,5,NE,FAIRBANKS,11/17/2013,1237,39.7499,-88.5981,39.7833,-88.4732,"A tornado touched down in an open field about 3 miles NE of Lovington at 12:30 PM CST, then tracked northeastward and crossed into Douglas County about 5 miles north of Arthur at 12:37 PM CST.  Major roof damage occurred to 8 homes, while 1 garage was destroyed and 17 outbuildings were severely damaged.  Numerous trees and power poles were snapped.","A powerful low pressure system tracked from the central Rockies toward the southern Great Lakes on November 17th. As the system approached central Illinois, unseasonably warm and humid air was pulled northward into the area, resulting in high temperatures soaring into the 70s. This very unstable airmass coupled with strong jet stream level winds aloft created numerous strong to severe thunderstorms. Many of the storms became supercells, producing damaging long-track tornadoes.  A total of 10 tornadoes touched down across central Illinois, including an EF4 tornado that severely impacted the community of Washington in Tazewell County.  Three people were killed and 142 others were injured as the storms tracked through the area.  Total damage was estimated at 1.06 billion dollars across central Illinois.",358
483786,DOUGLAS CO.,GARRETT,11/17/2013,1237,Tornado, ,EF1,0,0,825000,0,IL,CST-6, ,80819,C,41,ILX,0,0,NWS Storm Survey, ,3.52,440,3,WSW,1,E,GARRETT,11/17/2013,1241,39.7833,-88.4732,39.7991,-88.4102,"This tornado crossed into Douglas County from Moultrie County about 5 miles north of Arthur at 12:37 PM CST, then tracked northeastward before lifting 0.8 miles east of Garrett at 12:41 PM CST.  The tornado damaged the roofs of 3 homes and 5 outbuildings, as well as, numerous trees and power poles in rural western Douglas County.  It then crossed U.S. Highway 36 and tracked into the town of Garrett where it damaged the roofs of about two dozen homes and mobile homes before dissipating.","A powerful low pressure system tracked from the central Rockies toward the southern Great Lakes on November 17th. As the system approached central Illinois, unseasonably warm and humid air was pulled northward into the area, resulting in high temperatures soaring into the 70s. This very unstable airmass coupled with strong jet stream level winds aloft created numerous strong to severe thunderstorms. Many of the storms became supercells, producing damaging long-track tornadoes.  A total of 10 tornadoes touched down across central Illinois, including an EF4 tornado that severely impacted the community of Washington in Tazewell County.  Three people were killed and 142 others were injured as the storms tracked through the area.  Total damage was estimated at 1.06 billion dollars across central Illinois.",359
484032,WILL CO.,WILTON,11/17/2013,1242,Tornado, ,EF2,0,0,750000,0,IL,CST-6, ,79818,C,197,LOT,0,0,NWS Storm Survey, ,5.21,200,2,N,1,SW,FRANKFORT ARPT,11/17/2013,1248,41.4093,-87.9312,41.4692,-87.8701,"The tornado touched down south of W Bruns Road and east of S Kankakee Street.  This tornado quickly intensified to EF-2 damaging five houses along Bruns Road rendering them uninhabitable by removing large sections of the roofs and leading to partial wall collapse. Four high tension power line towers were bent along S Schoolhouse Road.  Two houses and a barn were heavily damaged on W Dralle Road where large portions of the roofs were ripped off.  Several trees were snapped and uprooted as well.  Another farm on S Scheer Road had roof damage consistent to EF-1 intensity.  The last sign of damage occurred just south of Steger Road where large branches were blown down.  Maximum winds were estimated to around 125 mph.","A major tornado outbreak impacted the Midwest and Ohio Valley on November 17th. A powerful low pressure system across the plains states steered warmth and moisture northward for nearly two days, with dew points rising into the mid 60's.  This coupled with temperatures around 70�� resulted in unseasonably strong instability for thunderstorms to develop.  High wind shear and a cold front sweeping eastward made up the remaining ingredients of an environment favorable for supercells capable of long-lived significant tornadoes. Within the WFO LOT county warning area, ten tornadoes were confirmed, including three EF-2 tornadoes.  As the event evolved, the system became linear with numerous reports of straight line wind damage.  Behind the thunderstorms, a wake low developed with wind gusts to around 60 mph.",360
483864,DOUGLAS CO.,FICKLIN,11/17/2013,1244,Tornado, ,EF3,0,0,1200000,0,IL,CST-6, ,80819,C,41,ILX,0,0,NWS Storm Survey, ,8.04,440,3,NNE,1,NW,VILLA GROVE,11/17/2013,1252,39.8413,-88.3291,39.8796,-88.1859,"A tornado touched down 3.7 miles NW of Tuscola at 12:44 PM CST, then tracked northeastward and crossed into Champaign County about 1.5 miles NW of Villa Grove at 12:52 PM CST.  The roof of a house and 2 outbuildings were damaged during the first 2 miles of the track.  The tornado strengthened after it crossed U.S. Highway 45 doing major damage to 2 homes, several large farm buildings, numerous power poles, and a garage.  The tornado then turned to the east, damaging the roofs of two homes and destroying several outbuildings.  It then crossed I-57 near mile marker 218 where it destroyed a mobile home just east of the highway.  The tornado did major damage to several more roofs and outbuildings before it merged with another tornado 2 miles WNW of Villa Grove, turned to the northeast, and crossed into Champaign County.","A powerful low pressure system tracked from the central Rockies toward the southern Great Lakes on November 17th. As the system approached central Illinois, unseasonably warm and humid air was pulled northward into the area, resulting in high temperatures soaring into the 70s. This very unstable airmass coupled with strong jet stream level winds aloft created numerous strong to severe thunderstorms. Many of the storms became supercells, producing damaging long-track tornadoes.  A total of 10 tornadoes touched down across central Illinois, including an EF4 tornado that severely impacted the community of Washington in Tazewell County.  Three people were killed and 142 others were injured as the storms tracked through the area.  Total damage was estimated at 1.06 billion dollars across central Illinois.",361
483893,CHAMPAIGN CO.,THOMASBORO,11/17/2013,1245,Tornado, ,EF3,0,6,60000000,0,IL,CST-6, ,80819,C,19,ILX,0,0,NWS Storm Survey, ,14.67,880,1,ENE,4,NNE,PENFIELD,11/17/2013,1300,40.2351,-88.1663,40.3485,-87.931,"A tornado touched down in an open field about 1 mile SE of Thomasboro at 12:45 PM CST and rapidly moved to the northeast.  In less than a minute it increased in intensity, causing damage to 3 nearby farms and pushing 2 farm houses off their foundations.  The tornado moved through open fields for about 2 miles at which time it widened to nearly 1/4 mile wide and became wrapped in rain.  It destroyed 3 homes, several outbuildings, and damaged a few other homes before it moved into the town of Gifford.  The rain-wrapped tornado was about 1/2 mile wide when it moved through the center of Gifford.  Nearly 30 homes were destroyed, more than 40 suffered major damage, and around 125 had minor damage.  Around 15 businesses sustained moderate to major damage and the roof of a school was peeled back.  Hundreds of vehicles were damaged or destroyed.  The tornado tracked for another 5 miles to the northeast, destroying 3 homes and numerous outbuildings, damaging several other homes, and snapping many trees and power poles.  The tornado crossed into Vermilion County about 3 miles NNE of Penfield at 1:00 PM CST.  Six people were injured and total damage was estimated at $60 million.","A powerful low pressure system tracked from the central Rockies toward the southern Great Lakes on November 17th. As the system approached central Illinois, unseasonably warm and humid air was pulled northward into the area, resulting in high temperatures soaring into the 70s. This very unstable airmass coupled with strong jet stream level winds aloft created numerous strong to severe thunderstorms. Many of the storms became supercells, producing damaging long-track tornadoes.  A total of 10 tornadoes touched down across central Illinois, including an EF4 tornado that severely impacted the community of Washington in Tazewell County.  Three people were killed and 142 others were injured as the storms tracked through the area.  Total damage was estimated at 1.06 billion dollars across central Illinois.",362
483895,DOUGLAS CO.,TUSCOLA,11/17/2013,1246,Tornado, ,EF1,0,0,220000,0,IL,CST-6, ,80819,C,41,ILX,0,0,NWS Storm Survey, ,4.51,440,2,NNE,2,W,VILLA GROVE,11/17/2013,1251,39.8326,-88.2655,39.8726,-88.1983,"A tornado touched down in a field just west of mile marker 216 along I-57 at 12:46 PM CST, then tracked northeastward before dissipating 2 miles WNW of Villa Grove at 12:51 PM CST.  The tornado crossed the interstate, then destroyed 3 outbuildings and damaged the roofs of 2 homes.  For the next 4 miles, it moved through mainly open fields, damaging trees and power lines.  The tornado dissipated about 2 miles WNW of Villa Grove when it merged with a larger tornado that was moving ENE across north-central Douglas County.","A powerful low pressure system tracked from the central Rockies toward the southern Great Lakes on November 17th. As the system approached central Illinois, unseasonably warm and humid air was pulled northward into the area, resulting in high temperatures soaring into the 70s. This very unstable airmass coupled with strong jet stream level winds aloft created numerous strong to severe thunderstorms. Many of the storms became supercells, producing damaging long-track tornadoes.  A total of 10 tornadoes touched down across central Illinois, including an EF4 tornado that severely impacted the community of Washington in Tazewell County.  Three people were killed and 142 others were injured as the storms tracked through the area.  Total damage was estimated at 1.06 billion dollars across central Illinois.",363
483887,CHAMPAIGN CO.,BONGARD,11/17/2013,1252,Tornado, ,EF2,0,0,800000,0,IL,CST-6, ,80819,C,19,ILX,0,0,NWS Storm Survey, ,10.7,440,4,SW,2,N,BROADLANDS,11/17/2013,1302,39.8796,-88.1859,39.9474,-88.0044,"This tornado crossed from Douglas County into Champaign County 5.3 miles SE of Pesotum at 12:52 PM CST, then tracked northeastward before lifting 2.7 NNW of Broadlands at 1:02 PM CST.  The tornado moved through open fields for the first 2.5 miles in Champaign County, then took the roof off 1 home, destroyed about a dozen outbuildings, snapped numerous power poles and trees, and did roof damage to 6 homes.  The tornado dissipated in a field 2.7 NNW of Broadlands.","A powerful low pressure system tracked from the central Rockies toward the southern Great Lakes on November 17th. As the system approached central Illinois, unseasonably warm and humid air was pulled northward into the area, resulting in high temperatures soaring into the 70s. This very unstable airmass coupled with strong jet stream level winds aloft created numerous strong to severe thunderstorms. Many of the storms became supercells, producing damaging long-track tornadoes.  A total of 10 tornadoes touched down across central Illinois, including an EF4 tornado that severely impacted the community of Washington in Tazewell County.  Three people were killed and 142 others were injured as the storms tracked through the area.  Total damage was estimated at 1.06 billion dollars across central Illinois.",364
483894,VERMILION CO.,ELLIS,11/17/2013,1300,Tornado, ,EF2,0,0,2500000,0,IL,CST-6, ,80819,C,183,ILX,0,0,NWS Storm Survey, ,14.16,440,3,W,3,ENE,EAST LYNN,11/17/2013,1314,40.3485,-87.931,40.488,-87.7339,"This tornado crossed from Champaign County into Vermilion County 4.1 miles NW of Armstrong at 1:00 PM CST, then tracked northeastward across rural northwest Vermilion County.  The tornado destroyed 1 home, 20 outbuildings, and a camper.  It also damaged 7 other homes and snapped numerous power poles and trees.  The tornado weakened as it moved out of Vermilion County into Iroquois County in National Weather Service Chicago's County Warning Area (CWA) about 3.7 miles WNW of Hoopeston at 1:14PM CST.","A powerful low pressure system tracked from the central Rockies toward the southern Great Lakes on November 17th. As the system approached central Illinois, unseasonably warm and humid air was pulled northward into the area, resulting in high temperatures soaring into the 70s. This very unstable airmass coupled with strong jet stream level winds aloft created numerous strong to severe thunderstorms. Many of the storms became supercells, producing damaging long-track tornadoes.  A total of 10 tornadoes touched down across central Illinois, including an EF4 tornado that severely impacted the community of Washington in Tazewell County.  Three people were killed and 142 others were injured as the storms tracked through the area.  Total damage was estimated at 1.06 billion dollars across central Illinois.",365
484033,KANKAKEE CO.,PUDER,11/17/2013,1300,Tornado, ,EF1,0,0,0,0,IL,CST-6, ,79818,C,91,LOT,0,0,NWS Storm Survey, ,0.05,75,3,NE,3,NE,PUDER,11/17/2013,1301,41.2973,-87.5461,41.2979,-87.5454,"The tornado formed along the Kankakee-Will County Line just west of N 17480 E Road.  Large branches from hardwood trees were broken off while an older softwood tree was snapped at the base.  A hardwood tree was also snapped in half.  The tornado had estimated winds to around 100 mph.  The tornado continued into Will County at 1:01 PM CST.","A major tornado outbreak impacted the Midwest and Ohio Valley on November 17th. A powerful low pressure system across the plains states steered warmth and moisture northward for nearly two days, with dew points rising into the mid 60's.  This coupled with temperatures around 70�� resulted in unseasonably strong instability for thunderstorms to develop.  High wind shear and a cold front sweeping eastward made up the remaining ingredients of an environment favorable for supercells capable of long-lived significant tornadoes. Within the WFO LOT county warning area, ten tornadoes were confirmed, including three EF-2 tornadoes.  As the event evolved, the system became linear with numerous reports of straight line wind damage.  Behind the thunderstorms, a wake low developed with wind gusts to around 60 mph.",366
484035,WILL CO.,EAGLE LAKE,11/17/2013,1301,Tornado, ,EF1,0,0,100000,0,IL,CST-6, ,79818,C,197,LOT,0,0,NWS Storm Survey, ,0.11,150,5,S,4,S,EAGLE LAKE,11/17/2013,1302,41.2979,-87.5454,41.3068,-87.535,"This is a continuation of a tornado that formed in Kankakee County at 1:00 PM CST.  The tornado moved northeast into Will County just west of N 17480 E Road.  A large barn sustained significant damage to its roof and outer walls.  Two adjacent metal outbuildings also had partial roof loss.   Several softwood trees were snapped at the base or half way up with debris lofted about a thousand feet.  A 400 lb tractor blade was moved about 60 feet while a grain pipe that had been riveted to the silo was ripped away.  Minor tree damage was noted along E Delite Inn Road as well as minor damage to small barns and outbuildings.  The tornado had estimated winds to around 100 mph.","A major tornado outbreak impacted the Midwest and Ohio Valley on November 17th. A powerful low pressure system across the plains states steered warmth and moisture northward for nearly two days, with dew points rising into the mid 60's.  This coupled with temperatures around 70�� resulted in unseasonably strong instability for thunderstorms to develop.  High wind shear and a cold front sweeping eastward made up the remaining ingredients of an environment favorable for supercells capable of long-lived significant tornadoes. Within the WFO LOT county warning area, ten tornadoes were confirmed, including three EF-2 tornadoes.  As the event evolved, the system became linear with numerous reports of straight line wind damage.  Behind the thunderstorms, a wake low developed with wind gusts to around 60 mph.",367
483896,VERMILION CO.,ALLERTON,11/17/2013,1303,Tornado, ,EF2,0,1,9500000,0,IL,CST-6, ,80819,C,183,ILX,0,0,NWS Storm Survey, ,19.68,440,3,WNW,2,NNE,GRAPE GREEK,11/17/2013,1323,39.9445,-87.9026,40.0967,-87.5882,"A tornado touched down in an open field 2.8 miles NE of Allerton at 1:03 PM CST.  The tornado tracked to the northeast for about 15 miles and did major damage to 2 homes, roof damage to 4 other homes, and destroyed 9 outbuildings, 4 garages, and 2 grain bins.  Numerous trees and power poles were also snapped.  The tornado crossed State Route 1 about 2 miles north of Westville, impacting the villages of Belgium and Hegeler where 1 person was injured.  Nine homes sustained major damage, 26 had significant roof damage, and more than 100 had minor roof damage.  The tornado also damaged more than 50 mobile homes, numerous garages and vehicles, and destroyed about 25 outbuildings.  The tornado crossed the Vermilion River and moved through about a mile of forested area before dissipating 4.4 miles NE of Westville and 3 miles W of the Indiana border.  Total damage was estimated at $9.5 million.","A powerful low pressure system tracked from the central Rockies toward the southern Great Lakes on November 17th. As the system approached central Illinois, unseasonably warm and humid air was pulled northward into the area, resulting in high temperatures soaring into the 70s. This very unstable airmass coupled with strong jet stream level winds aloft created numerous strong to severe thunderstorms. Many of the storms became supercells, producing damaging long-track tornadoes.  A total of 10 tornadoes touched down across central Illinois, including an EF4 tornado that severely impacted the community of Washington in Tazewell County.  Three people were killed and 142 others were injured as the storms tracked through the area.  Total damage was estimated at 1.06 billion dollars across central Illinois.",368
482624,JEFFERSON CO.,OPDYKE,11/17/2013,1305,Tornado, ,EF1,0,0,3000,0,IL,CST-6, ,80292,C,81,PAH,0,0,NWS Storm Survey, ,0.15,25,2,NNE,2,NE,OPDYKE,11/17/2013,1306,38.2779,-88.7577,38.2784,-88.755,"Several trees were snapped during this brief touchdown on the north side of Interstate 64. Peak winds were estimated near 105 mph.","Supercell thunderstorms developed along a pre-frontal low pressure trough over Missouri and then moved east across southern Illinois. Very strong wind fields coupled with moderate amounts of instability resulted in several supercell thunderstorms, some of which produced tornadoes. The storms moved through the warm sector of a low pressure system characterized by mixed-layer capes around 1000 j/kg. Southerly surface winds transported rich low-level moisture north of the Ohio River, with dew points in the mid 60's. Areas of partial sunshine immediately preceding the convection bolstered instability. The low level wind shear was very strong, with 0 to 1 km storm-relative helicity at or above 500. Strong southerly surface winds ahead of the storms gusted to around 45 mph from Mount Vernon to Carbondale during the midday hours.",369
482626,WAYNE CO.,SIMS,11/17/2013,1308,Tornado, ,EF2,0,0,150000,0,IL,CST-6, ,80292,C,191,PAH,0,0,NWS Storm Survey, ,9.48,150,0,N,1,NE,FAIRFIELD,11/17/2013,1320,38.37,-88.53,38.3902,-88.3569,"This tornado touched down on the southwest side of Sims. It quickly intensified and destroyed a double wide mobile home on the northeast side of Sims. The tornado continued northeast and crossed Highway 15, producing tree and power pole damage. The tornado moved east across the Wayne County landfill, damaging the building on the grounds. The tornado continued into the north side of Fairfield, producing mainly minor damage to homes. Peak winds in this tornado were estimated near 135 mph. The maximum intensity was on the northeast side of Sims.","Supercell thunderstorms developed along a pre-frontal low pressure trough over Missouri and then moved east across southern Illinois. Very strong wind fields coupled with moderate amounts of instability resulted in several supercell thunderstorms, some of which produced tornadoes. The storms moved through the warm sector of a low pressure system characterized by mixed-layer capes around 1000 j/kg. Southerly surface winds transported rich low-level moisture north of the Ohio River, with dew points in the mid 60's. Areas of partial sunshine immediately preceding the convection bolstered instability. The low level wind shear was very strong, with 0 to 1 km storm-relative helicity at or above 500. Strong southerly surface winds ahead of the storms gusted to around 45 mph from Mount Vernon to Carbondale during the midday hours.",370
484039,IROQUOIS CO.,FOUNTAIN CREEK,11/17/2013,1314,Tornado, ,EF0,0,0,0,0,IL,CST-6, ,79818,C,75,LOT,0,0,NWS Storm Survey, ,1,100,4,ESE,3,SW,WELLINGTON,11/17/2013,1315,40.488,-87.7334,40.4999,-87.7227,"This is a continuation of a tornado that begin in Champaign County (NWS Central Illinois) and tracked across Vermilion County before entering NWS Chicago county warning area in southern Iroquois County.  Three homes had minor damage to either outbuildings or large trees.","A major tornado outbreak impacted the Midwest and Ohio Valley on November 17th. A powerful low pressure system across the plains states steered warmth and moisture northward for nearly two days, with dew points rising into the mid 60's.  This coupled with temperatures around 70�� resulted in unseasonably strong instability for thunderstorms to develop.  High wind shear and a cold front sweeping eastward made up the remaining ingredients of an environment favorable for supercells capable of long-lived significant tornadoes. Within the WFO LOT county warning area, ten tornadoes were confirmed, including three EF-2 tornadoes.  As the event evolved, the system became linear with numerous reports of straight line wind damage.  Behind the thunderstorms, a wake low developed with wind gusts to around 60 mph.",371
484068,IROQUOIS CO.,WELLINGTON,11/17/2013,1319,Tornado, ,EF0,0,0,20000,0,IL,CST-6, ,79818,C,75,LOT,0,0,NWS Storm Survey, ,4.52,75,1,S,2,WNW,HALLOCK STATION,11/17/2013,1323,40.5168,-87.6733,40.5805,-87.6171,"Four farms were impacted with several large trees down or snapped.  One outbuilding had its roof torn off.  Maximum winds were estimated to 80 mph.","A major tornado outbreak impacted the Midwest and Ohio Valley on November 17th. A powerful low pressure system across the plains states steered warmth and moisture northward for nearly two days, with dew points rising into the mid 60's.  This coupled with temperatures around 70�� resulted in unseasonably strong instability for thunderstorms to develop.  High wind shear and a cold front sweeping eastward made up the remaining ingredients of an environment favorable for supercells capable of long-lived significant tornadoes. Within the WFO LOT county warning area, ten tornadoes were confirmed, including three EF-2 tornadoes.  As the event evolved, the system became linear with numerous reports of straight line wind damage.  Behind the thunderstorms, a wake low developed with wind gusts to around 60 mph.",372
482620,WAYNE CO.,GOLDEN GATE,11/17/2013,1329,Tornado, ,EF1,0,0,10000,0,IL,CST-6, ,80292,C,191,PAH,0,0,NWS Storm Survey, ,1.03,100,4,NNE,5,NE,GOLDEN GATE,11/17/2013,1331,38.425,-88.1666,38.4287,-88.1482,"This tornado began in extreme eastern Wayne County about one mile from the Edwards County line. The peak intensity rating in Wayne County was EF-1, but the tornado strengthened to EF-2 in Edwards County. In Wayne County, damage was mainly to trees, many of which were snapped or uprooted. The tornado moved into Edwards County. This tornado was spawned by the same supercell that produced the EF-2 tornado that tracked from Sims to Fairfield in Wayne County.","Supercell thunderstorms developed along a pre-frontal low pressure trough over Missouri and then moved east across southern Illinois. Very strong wind fields coupled with moderate amounts of instability resulted in several supercell thunderstorms, some of which produced tornadoes. The storms moved through the warm sector of a low pressure system characterized by mixed-layer capes around 1000 j/kg. Southerly surface winds transported rich low-level moisture north of the Ohio River, with dew points in the mid 60's. Areas of partial sunshine immediately preceding the convection bolstered instability. The low level wind shear was very strong, with 0 to 1 km storm-relative helicity at or above 500. Strong southerly surface winds ahead of the storms gusted to around 45 mph from Mount Vernon to Carbondale during the midday hours.",373
482622,EDWARDS CO.,BLACK,11/17/2013,1331,Tornado, ,EF2,0,0,200000,0,IL,CST-6, ,80292,C,47,PAH,0,0,NWS Storm Survey, ,6.83,300,4,SW,1,W,BONE GAP,11/17/2013,1344,38.4287,-88.1482,38.4486,-88.0245,"The tornado crossed into Edwards County from Wayne County. Numerous trees were snapped or uprooted. A new addition to a house was destroyed. An attached garage was destroyed, with two vehicles turned 180 degrees. Two 100-year-old barns were totally destroyed. Several 100-year-old trees were snapped or uprooted. Other residences in the area sustained minor damage. The estimated peak winds in this tornado were 130 mph. The maximum intensity was attained just west of Illinois Route 130, almost due north of Albion. A second shorter track EF-2 tornado occurred simultaneously just south of this tornado. Both tornadoes were witnessed on the ground at the same time. This tornado was spawned by the same supercell that produced the EF-2 tornado that tracked from Sims to Fairfield in Wayne County.","Supercell thunderstorms developed along a pre-frontal low pressure trough over Missouri and then moved east across southern Illinois. Very strong wind fields coupled with moderate amounts of instability resulted in several supercell thunderstorms, some of which produced tornadoes. The storms moved through the warm sector of a low pressure system characterized by mixed-layer capes around 1000 j/kg. Southerly surface winds transported rich low-level moisture north of the Ohio River, with dew points in the mid 60's. Areas of partial sunshine immediately preceding the convection bolstered instability. The low level wind shear was very strong, with 0 to 1 km storm-relative helicity at or above 500. Strong southerly surface winds ahead of the storms gusted to around 45 mph from Mount Vernon to Carbondale during the midday hours.",374
482623,EDWARDS CO.,BLACK,11/17/2013,1333,Tornado, ,EF2,0,0,150000,0,IL,CST-6, ,80292,C,47,PAH,0,0,NWS Storm Survey, ,4.14,100,4,SW,3,SSE,BLACK,11/17/2013,1338,38.419,-88.1483,38.4361,-88.0749,"This tornado travelled just south of and nearly parallel to another EF-2 tornado. Two machine sheds were destroyed along with a barn. Several trees were snapped. More than one eyewitness saw both tornadoes on the ground at the same time. Peak winds were estimated near 110 mph. This tornado was spawned by the same supercell that produced the EF-2 tornado that tracked from Sims to Fairfield in Wayne County.","Supercell thunderstorms developed along a pre-frontal low pressure trough over Missouri and then moved east across southern Illinois. Very strong wind fields coupled with moderate amounts of instability resulted in several supercell thunderstorms, some of which produced tornadoes. The storms moved through the warm sector of a low pressure system characterized by mixed-layer capes around 1000 j/kg. Southerly surface winds transported rich low-level moisture north of the Ohio River, with dew points in the mid 60's. Areas of partial sunshine immediately preceding the convection bolstered instability. The low level wind shear was very strong, with 0 to 1 km storm-relative helicity at or above 500. Strong southerly surface winds ahead of the storms gusted to around 45 mph from Mount Vernon to Carbondale during the midday hours.",375
482625,WABASH CO.,GARDS PT,11/17/2013,1344,Tornado, ,EF2,0,1,250000,0,IL,CST-6, ,80292,C,185,PAH,0,0,NWS Storm Survey, ,10.28,225,1,N,2,SE,ADAMS CORNER,11/17/2013,1354,38.4892,-87.9229,38.5007,-87.7333,"Four homes were damaged, and two mobile homes were destroyed. One mobile home was thrown across the road and the frame was wrapped around a tree. One woman inside was injured. Another nearby mobile home was turned on its side. One home had part of the roof lifted off. The garage of the residence was destroyed, but most of the articles inside were left untouched. Debris from this residence was thrown several hundred yards. Several outbuildings were destroyed. Peak winds in this tornado were estimated near 125 mph. The peak intensity occurred almost due north of Mount Carmel. This tornado was spawned by the same supercell that produced EF-2 tornadoes in Wayne and Edwards Counties.","Supercell thunderstorms developed along a pre-frontal low pressure trough over Missouri and then moved east across southern Illinois. Very strong wind fields coupled with moderate amounts of instability resulted in several supercell thunderstorms, some of which produced tornadoes. The storms moved through the warm sector of a low pressure system characterized by mixed-layer capes around 1000 j/kg. Southerly surface winds transported rich low-level moisture north of the Ohio River, with dew points in the mid 60's. Areas of partial sunshine immediately preceding the convection bolstered instability. The low level wind shear was very strong, with 0 to 1 km storm-relative helicity at or above 500. Strong southerly surface winds ahead of the storms gusted to around 45 mph from Mount Vernon to Carbondale during the midday hours.",376
480989,MASSAC CO.,BROOKPORT,11/17/2013,1420,Tornado, ,EF3,3,33,5500000,0,IL,CST-6, ,80292,C,127,PAH,0,0,NWS Storm Survey, ,7.77,500,0,NW,3,E,UNIONVILLE,11/17/2013,1426,37.1246,-88.6368,37.1225,-88.4958,"The tornado crossed the Ohio River from McCracken County, Kentucky into Massac County, Illinois. Video of the tornado taken by a barge operator as it crossed the Ohio River indicated it was completely rain-wrapped. This long-track tornado attained its peak intensity as it came onshore into Brookport, a small community along the Ohio River. Peak winds here were estimated near 145 mph. About a half dozen mobile homes were obliterated. Dozens of mobile homes were destroyed, many of which were blown 100 feet or more. Three mobile home residents were killed. A 62-year-old woman died at a local hospital within hours of sustaining blunt force trauma injuries in the tornado. A 58-year-old woman died at her residence as a result of blunt force trauma injuries. A 56-year-old man also died of blunt force trauma injuries sustained at his residence. An exact injury count was unavailable, but local hospitals reported over two dozen injuries. The Metropolis hospital reported 15 victims were brought to the emergency room, with no patient admissions. Three patients were transferred to other hospitals by air or ambulance. Injuries ranged from cuts and scrapes to broken bones and head injuries. One home was leveled. Dozens of homes, garages, storage buildings, businesses, and other buildings were structurally damaged. Emergency management officials reported 233 residences were affected from Brookport east to the Pope County line. 130 of those homes were habitable with minor to moderate damage, 27 were uninhabitable, and 76 homes were destroyed. 184 were located in the city of Brookport, and 49 were outside the city limits. Several cars and a school bus were tossed around. Hundreds if not thousands of trees were snapped and uprooted. The tornado caused some minor damage to guard rails on the Ohio River bridge that carries traffic from Paducah to Brookport on U.S. Highway 45. The tornado continued east along Unionville Road, eventually crossing into Pope County. The total path length of this tornado was 42 miles. The parent supercell tracked from southeast Missouri across the Mississippi River through the Paducah area, then east to the Kentucky Lake area of western Kentucky.","Supercell thunderstorms developed along a pre-frontal low pressure trough over Missouri and then moved east across southern Illinois. Very strong wind fields coupled with moderate amounts of instability resulted in several supercell thunderstorms, some of which produced tornadoes. The storms moved through the warm sector of a low pressure system characterized by mixed-layer capes around 1000 j/kg. Southerly surface winds transported rich low-level moisture north of the Ohio River, with dew points in the mid 60's. Areas of partial sunshine immediately preceding the convection bolstered instability. The low level wind shear was very strong, with 0 to 1 km storm-relative helicity at or above 500. Strong southerly surface winds ahead of the storms gusted to around 45 mph from Mount Vernon to Carbondale during the midday hours.",377
480990,POPE CO.,NEW LIBERTY,11/17/2013,1426,Tornado, ,EF2,0,0,500000,0,IL,CST-6, ,80292,C,151,PAH,0,0,NWS Storm Survey, ,3.3,300,3,W,1,SW,HAMLETSBURG,11/17/2013,1429,37.1225,-88.4958,37.1238,-88.436,"The tornado crossed into Pope County from Massac County. The most intense damage in Pope County was rated EF-2 with estimated 130 mph peak winds. At least two mobile homes were completely destroyed. The mobile home units separated from their frame undercarriage and were rolled several times. The tornado continued east across the Ohio River into Livingston County, Kentucky. The total path length of this tornado was 42 miles. The parent supercell tracked from southeast Missouri across the Mississippi River through the Paducah area, then east to the Kentucky Lake area of western Kentucky.","Supercell thunderstorms developed along a pre-frontal low pressure trough over Missouri and then moved east across southern Illinois. Very strong wind fields coupled with moderate amounts of instability resulted in several supercell thunderstorms, some of which produced tornadoes. The storms moved through the warm sector of a low pressure system characterized by mixed-layer capes around 1000 j/kg. Southerly surface winds transported rich low-level moisture north of the Ohio River, with dew points in the mid 60's. Areas of partial sunshine immediately preceding the convection bolstered instability. The low level wind shear was very strong, with 0 to 1 km storm-relative helicity at or above 500. Strong southerly surface winds ahead of the storms gusted to around 45 mph from Mount Vernon to Carbondale during the midday hours.",378
503087,PIKE CO.,MARTINSBURG,02/20/2014,1425,Tornado, ,EF2,0,1,0,0,IL,CST-6, ,83358,C,149,LSX,0,0,NWS Storm Survey, ,12.09,80,1,ESE,1,NNE,DETROIT,02/20/2014,1435,39.518,-90.841,39.633,-90.67,"The tornado developed over the north side of Martinsburg, Illinois. One home sustained minor roof and fascia damage and one window was damaged along the south side of the home.  A few large trees and several large branches were downed by the tornado.  The tornado then traveled east-northeast and sheared a path of large pine trees 30 to 40 feet tall half a mile north of Martinsburg along and west of County Road 11.  Many of the pine trees were snapped from near the base to half way up the trunk.  The width of this damage area was 80 yards.  The next damage was found approximately 300 yards south of the intersection of County Road 7 and 205th Avenue.  A one story residence home sustained minor fascia damage and a few pine trees were snapped at the bases.  The tornado then totally destroyed a medium size machine shed on the south side of Watsons Cemetery east of the intersection. Several tomb stones were damaged.  Approximately 300 yards east of the cemetery another farmstead sustained damage.  Two empty medium size grain bins were destroyed while another machine shed was destroyed.  Damage was found again at another farmstead located 1 mile west of Detroit, Illinois.  The east side of a two story farm house was moved off its foundation by 5 inches while part of the east side of the roof was tossed to the east.  The upper half of a large barn was removed and tossed to the east. One old machine shed was completely destroyed while two canvas hoop sheds were completely destroyed.  Debris from the machine sheds were tossed a quarter of a mile to the east.  The tornado crossed Illinois Route 106 about a mile west of Detroit and damaged several large trees.  The tornado then directly hit a hog building which was supported by steel I-beams.  The southern part of the structure was pushed to the north and northeast.  Debris from the roof of this structure was tossed over half a mile to the northeast.  The damage width over this area was 80 yards wide.  Damage to this structure was rated EF-2. The tornado continued to the northeast destroying a shed before lifting and dissipating about a mile north northeast of Detroit. Several people were in the area of the shed working on repairing fencing.  One man sustained a minor shoulder injury and was taken to the hospital. The maximum intensity was EF2 with a maximum wind speed of 120 mph. The total path length was 12.09 miles with a maximum width 80 yards.","A strong cold front moved through the region, triggering showers and thunderstorms.  There were several reports of damaging winds and large hail. Also, four tornadoes occurred in our area.",379
499880,MORGAN CO.,CHAPIN,02/20/2014,1448,Tornado, ,EF0,0,0,0,0,IL,CST-6, ,82869,C,137,ILX,0,0,Storm Chaser, ,0.27,25,2,NW,2,NW,CHAPIN,02/20/2014,1449,39.7853,-90.4215,39.788,-90.4178,"A tornado briefly touched down in an open field about 0.7 miles north of Bethel.  No damage was reported.","A rapidly deepening area of low pressure tracked from near Kansas City to southwest Wisconsin by the evening of February 20th.  Thunderstorms developed along the trailing cold front across Missouri during the early afternoon, then pushed eastward into central Illinois during the late afternoon into the early evening.  Eight tornadoes touched down across central Illinois, including an EF-2 tornado south of Pana in Christian County.  In addition, high rainfall rates associated with the storms combined with rapid snow-melt to produce widespread flash flooding, mainly east of the I-55 corridor.",380
499898,MORGAN CO.,CONCORD,02/20/2014,1452,Tornado, ,EF0,0,0,0,0,IL,CST-6, ,82869,C,137,ILX,0,0,NWS Storm Survey, ,7.25,50,3,W,4,NW,ARCADIA,02/20/2014,1459,39.8193,-90.4178,39.8743,-90.3015,"A tornado touched down in an open field 2.4 miles west of Concord at 2:52 PM CST.  The tornado tracked northeastward and crossed into Cass County 5.5 miles northeast of Concord at 2:59 PM CST.  No damage was reported.","A rapidly deepening area of low pressure tracked from near Kansas City to southwest Wisconsin by the evening of February 20th.  Thunderstorms developed along the trailing cold front across Missouri during the early afternoon, then pushed eastward into central Illinois during the late afternoon into the early evening.  Eight tornadoes touched down across central Illinois, including an EF-2 tornado south of Pana in Christian County.  In addition, high rainfall rates associated with the storms combined with rapid snow-melt to produce widespread flash flooding, mainly east of the I-55 corridor.",381
499900,CASS CO.,ARENZVILLE,02/20/2014,1459,Tornado, ,EF0,0,0,0,0,IL,CST-6, ,82869,C,17,ILX,0,0,NWS Storm Survey, ,0.92,25,4,E,4,ENE,ARENZVILLE,02/20/2014,1500,39.8743,-90.3015,39.8832,-90.2887,"This tornado crossed into Cass County from Morgan County 3.8 miles east of Arenzville at 2:59 PM CST.  It dissipated 4.5 miles east of Arenzville at 3:00 PM CST with no damage reported.","A rapidly deepening area of low pressure tracked from near Kansas City to southwest Wisconsin by the evening of February 20th.  Thunderstorms developed along the trailing cold front across Missouri during the early afternoon, then pushed eastward into central Illinois during the late afternoon into the early evening.  Eight tornadoes touched down across central Illinois, including an EF-2 tornado south of Pana in Christian County.  In addition, high rainfall rates associated with the storms combined with rapid snow-melt to produce widespread flash flooding, mainly east of the I-55 corridor.",382
499885,SANGAMON CO.,CIMIC,02/20/2014,1543,Tornado, ,EF0,0,0,30000,0,IL,CST-6, ,82869,C,167,ILX,0,0,NWS Storm Survey, ,0.22,75,2,SE,2,ESE,CIMIC,02/20/2014,1544,39.5671,-89.6256,39.568,-89.6216,"A tornado briefly touched down about 1.7 miles east of Divernon at 3:43 PM CST.  The tornado tore the roof off a barn before lifting at 3:44 PM CST.","A rapidly deepening area of low pressure tracked from near Kansas City to southwest Wisconsin by the evening of February 20th.  Thunderstorms developed along the trailing cold front across Missouri during the early afternoon, then pushed eastward into central Illinois during the late afternoon into the early evening.  Eight tornadoes touched down across central Illinois, including an EF-2 tornado south of Pana in Christian County.  In addition, high rainfall rates associated with the storms combined with rapid snow-melt to produce widespread flash flooding, mainly east of the I-55 corridor.",383
503101,MADISON CO.,HIGHLAND WINET ARPT,02/20/2014,1557,Tornado, ,EF1,0,0,0,0,IL,CST-6, ,83358,C,119,LSX,0,0,NWS Storm Survey, ,1.06,50,2,SSE,2,ESE,HIGHLAND WINET ARPT,02/20/2014,1558,38.7575,-89.6151,38.7651,-89.598,"The tornado touched down about 3.4 miles northeast of Highland, in Madison County, on Trestle Road causing window, roof and tree damage to a home, and then totally destroyed a large commercial metal storage building just northeast of the home.  The tornado then crossed the county line into Bond County. For the Madison County portion of the tornado, the maximum intensity was EF1 with a path length of 1.06 miles and a max path width of 50 yards. Overall, the maximum intensity for the entire tornado was EF1 with a maximum wind speed of 105 mph. The total path length was 12.31 miles with a maximum width 50 yards.","A strong cold front moved through the region, triggering showers and thunderstorms.  There were several reports of damaging winds and large hail. Also, four tornadoes occurred in our area.",384
499888,SANGAMON CO.,BUCKHART,02/20/2014,1557,Tornado, ,EF1,0,0,990000,0,IL,CST-6, ,82869,C,167,ILX,0,0,NWS Storm Survey, ,8.25,300,3,ENE,3,E,LANESVILLE,02/20/2014,1606,39.7648,-89.391,39.8562,-89.291,"A tornado touched down at 3:57 PM CST 3 miles south of Mechanicsburg.  The tornado tracked northeastward damaging numerous outbuildings and the roofs of several homes.  A trailer was flipped over, multiple power poles were snapped, and numerous trees were damaged as well before the tornado lifted 2.6 miles west of Illiopolis at 4:06 PM CST.","A rapidly deepening area of low pressure tracked from near Kansas City to southwest Wisconsin by the evening of February 20th.  Thunderstorms developed along the trailing cold front across Missouri during the early afternoon, then pushed eastward into central Illinois during the late afternoon into the early evening.  Eight tornadoes touched down across central Illinois, including an EF-2 tornado south of Pana in Christian County.  In addition, high rainfall rates associated with the storms combined with rapid snow-melt to produce widespread flash flooding, mainly east of the I-55 corridor.",385
503102,BOND CO.,PIERRON,02/20/2014,1558,Tornado, ,EF1,0,0,0,0,IL,CST-6, ,83358,C,5,LSX,0,0,NWS Storm Survey, ,11.25,50,1,SW,2,N,DUDLEYVILLE,02/20/2014,1612,38.7651,-89.598,38.8432,-89.4147,"After crossing from Madison County into Bond County, the tornado continued to produce intermittent tree damage as it headed northeast and crossed Illinois Route 143 and then totally destroyed a farm outbuilding along Pokey Road. Another farmstead was struck northeast of the farm outbuilding, where the tornado totally destroyed a pole barn and produced extensive damage to a home from a falling oak tree. The tornado continued to produce damage to trees and outbuildings as it moved northeast with roof and siding damage also occurring to a home on Millersburg Road. It lifted and dissipated just southwest of the intersection of Airport Avenue and Dudleyville Road, three miles south of Greenville. For the Bond County portion of the tornado, the maximum intensity was EF1 with a path length of 11.25 miles and a max path width of 50 yards. Overall, the maximum intensity for the entire tornado was EF1 with a maximum wind speed of 105 mph. The total path length was 12.31 miles with a maximum width 50 yards.","A strong cold front moved through the region, triggering showers and thunderstorms.  There were several reports of damaging winds and large hail. Also, four tornadoes occurred in our area.",386
503088,MONTGOMERY CO.,NOKOMIS,02/20/2014,1609,Tornado, ,EF1,0,0,0,0,IL,CST-6, ,83358,C,135,LSX,0,0,NWS Storm Survey, ,6.3,50,4,SE,5,ESE,OHLMAN,02/20/2014,1614,39.2586,-89.234,39.3132,-89.1396,"The tornado touched down 4 miles south southeast of Nokomis at the intersection of E 25th Road and Mt. Zion Trail. In this location it took a large section of shingles off of a garage roof and twisted the entire structure slightly off its foundation.  A little further to the northeast it took a large section of roof off of a barn. Some of the metal panels from the roof were thrown about half a mile to the northeast of the structure.  Just northeast of the barn, a double trussed metal transmission tower was blown down. Damage in this area was rated EF1.  The tornado continued to the northeast. Just north of the intersection of Oconee Avenue and E 28th Road, a two foot diameter oak tree was uprooted. Also, in this location there was a 50 yard wide path of major tree damage.  Several trees were uprooted on the west side of Litz Road, about six tenths of a mile north of the intersection of Litz Road and CR 2050N.  From there the tornado continued to the northeast and crossed into Shelby County (WFO Lincoln���s county warning area), about a third of a mile south of the intersection of E 30th Road and N 22nd Avenue. For Montgomery County portion of the tornado, the maximum intensity was EF1 with a max wind speed of 100 mph. The path length of this segment was 6.3 miles and a max width of 50 yards. Overall the maximum intensity was EF2 (in Shelby County about 3.5 miles north northwest of Tower Hill).  The total path length was 22.2 miles with a max path width of 200 yards.","A strong cold front moved through the region, triggering showers and thunderstorms.  There were several reports of damaging winds and large hail. Also, four tornadoes occurred in our area.",387
499891,SHELBY CO.,OCONEE,02/20/2014,1614,Tornado, ,EF0,0,0,20000,0,IL,CST-6, ,82869,C,173,ILX,0,0,NWS Storm Survey, ,3.77,50,3,NNW,5,NNE,OCONEE,02/20/2014,1619,39.3132,-89.1396,39.3471,-89.0844,"This tornado crossed from Montgomery County in the National Weather Service St. Louis County Warning Area (CWA) into Shelby County about 2.6 miles northwest of Oconee at 4:14 PM CST.  Mainly tree damage occurred along the path of the tornado before it crossed into Christian County 4.4 miles north-northeast of Oconee at 4:19 PM CST.","A rapidly deepening area of low pressure tracked from near Kansas City to southwest Wisconsin by the evening of February 20th.  Thunderstorms developed along the trailing cold front across Missouri during the early afternoon, then pushed eastward into central Illinois during the late afternoon into the early evening.  Eight tornadoes touched down across central Illinois, including an EF-2 tornado south of Pana in Christian County.  In addition, high rainfall rates associated with the storms combined with rapid snow-melt to produce widespread flash flooding, mainly east of the I-55 corridor.",388
499893,CHRISTIAN CO.,PANA,02/20/2014,1619,Tornado, ,EF1,0,0,500000,0,IL,CST-6, ,82869,C,21,ILX,0,0,NWS Storm Survey, ,4.77,100,2,S,3,ENE,PANA,02/20/2014,1625,39.3471,-89.0844,39.399,-89.0256,"This tornado crossed into Christian County from Shelby County 2.9 miles south of Pana at 4:19 PM CST.  The tornado damaged several outbuildings, trees and a garage south and east of Pana before crossing back into Shelby County 3.0 miles east of Pana at 4:25 PM CST.","A rapidly deepening area of low pressure tracked from near Kansas City to southwest Wisconsin by the evening of February 20th.  Thunderstorms developed along the trailing cold front across Missouri during the early afternoon, then pushed eastward into central Illinois during the late afternoon into the early evening.  Eight tornadoes touched down across central Illinois, including an EF-2 tornado south of Pana in Christian County.  In addition, high rainfall rates associated with the storms combined with rapid snow-melt to produce widespread flash flooding, mainly east of the I-55 corridor.",389
499894,SHELBY CO.,DOLLVILLE,02/20/2014,1625,Tornado, ,EF2,0,1,80000,0,IL,CST-6, ,82869,C,173,ILX,0,0,NWS Storm Survey, ,7.54,200,3,SW,1,W,HENTON,02/20/2014,1633,39.399,-89.0256,39.4689,-88.917,"This tornado crossed into Shelby County from Christian County 3.6 miles west of Tower Hill at 4:25 PM CST.  The tornado increased in intensity, doing significant damage to the roof of a house and causing one minor injury about 3 miles north-northwest of Tower Hill.  The tornado continued to the northeast, dissipating near the intersection of county roads 1700 North and 1200 East, or 3 miles west-southwest of Westerveldt at 4:33 PM CST.","A rapidly deepening area of low pressure tracked from near Kansas City to southwest Wisconsin by the evening of February 20th.  Thunderstorms developed along the trailing cold front across Missouri during the early afternoon, then pushed eastward into central Illinois during the late afternoon into the early evening.  Eight tornadoes touched down across central Illinois, including an EF-2 tornado south of Pana in Christian County.  In addition, high rainfall rates associated with the storms combined with rapid snow-melt to produce widespread flash flooding, mainly east of the I-55 corridor.",390
503090,FAYETTE CO.,BROWNSTOWN,02/20/2014,1636,Tornado, ,EF1,0,0,0,0,IL,CST-6, ,83358,C,51,LSX,0,0,NWS Storm Survey, ,4.8,50,3,WNW,1,ESE,SEFTON,02/20/2014,1642,39.0158,-88.998,39.0627,-88.932,"The tornado developed 2.8 miles northwest of Brownstown or 0.3 miles north of the intersection of County Roads 1900N and 1375E. One large old tree was down while several large branches along a row of trees were snapped two thirds up the trunk. The damage path was approximately 40 yards wide and damage intensity was rated EF0. Two witnesses observed the tornado near the intersection of County Roads 2000N and 1450E. The tornado was rain wrapped and skipped over this area. One large machine shed was damaged about 150 yards southwest of this intersection while the southern part of another barn southeast of the intersection was severely damaged. Debris from both structures were tossed about one third mile to the northeast. At the intersection of 2100N and 1600E three tall wooden transmission line poles were snapped two thirds up the pole at this intersection.  Approximately 50 yards to the southeast of this intersection a medium size machine shed was severely damaged with the east and south sides of the shed shredded and tossed one third mile to the northeast. The tornado continued northeast and destroyed a large machine shed housing farm equipment. The tornado totally shredded the metal panels and tossed them over one third mile to the north. A medium size machine shed approximately one half mile to the northeast of the large machine shed lost a few metal roof panels.  The tornado lifted and dissipated about 5.5 miles north northeast of Brownstown. The maximum intensity was EF1 with a maximum wind speed of 105 mph. The total path length was 4.8 miles with a maximum width 50 yards.","A strong cold front moved through the region, triggering showers and thunderstorms.  There were several reports of damaging winds and large hail. Also, four tornadoes occurred in our area.",391
499895,SHELBY CO.,FINDLAY,02/20/2014,1640,Tornado, ,EF0,0,0,0,0,IL,CST-6, ,82869,C,173,ILX,0,0,NWS Storm Survey, ,0.28,50,3,W,3,W,FINDLAY,02/20/2014,1641,39.5176,-88.8109,39.5201,-88.8067,"A tornado briefly touched down in an open field 3.3 miles west-southwest of Findlay at 4:40 PM CST.  The tornado dissipated at 4:41 PM CST with no damage reported.","A rapidly deepening area of low pressure tracked from near Kansas City to southwest Wisconsin by the evening of February 20th.  Thunderstorms developed along the trailing cold front across Missouri during the early afternoon, then pushed eastward into central Illinois during the late afternoon into the early evening.  Eight tornadoes touched down across central Illinois, including an EF-2 tornado south of Pana in Christian County.  In addition, high rainfall rates associated with the storms combined with rapid snow-melt to produce widespread flash flooding, mainly east of the I-55 corridor.",392
496819,JACKSON CO.,ETHERTON,02/20/2014,1640,Tornado, ,EF1,0,0,10000,0,IL,CST-6, ,82519,C,77,PAH,0,0,NWS Storm Survey, ,0.39,50,3,WNW,3,WNW,ETHERTON,02/20/2014,1641,37.6987,-89.3713,37.7016,-89.3651,"Trees were snapped, and there was siding and soffit damage to a home. Tree tops were damaged along the path. Maximum winds were estimated near 95 mph. The damage area was in the Shawnee National Forest a few miles east of the Big Muddy River.","Thunderstorms organized into line segments and isolated supercells as a cold front moved east from Missouri. The storms strengthened within a corridor of weak to moderate instability just ahead of the eastward-moving cold front. The combination of instability, moisture, and wind shear resulted in a few funnel clouds and/or tornadoes. The isolated tornadoes occurred in the region of strongest wind shear north of a line from Anna to Vienna. Scattered to numerous reports of damaging winds over 60 mph accompanied the storms, mainly north of a line from Anna to Vienna. Isolated large hail accompanied the strongest storm cells.",393
499896,EFFINGHAM CO.,MOCCASIN,02/20/2014,1654,Tornado, ,EF1,0,0,80000,0,IL,CST-6, ,82869,C,49,ILX,0,0,NWS Storm Survey, ,1.54,100,2,NE,2,SE,HOLLAND,02/20/2014,1656,39.1784,-88.7233,39.1953,-88.7045,"A tornado touched down in an open field 4 miles west-southwest of Shumway at 4:54 PM CST.  The tornado tracked northeastward, crossing state highway 33 between Shumway and Beecher City.  The tornado snapped several power poles as it crossed the highway before dissipating in an open field 3 miles west-northwest of Shumway at 4:56 PM CST.","A rapidly deepening area of low pressure tracked from near Kansas City to southwest Wisconsin by the evening of February 20th.  Thunderstorms developed along the trailing cold front across Missouri during the early afternoon, then pushed eastward into central Illinois during the late afternoon into the early evening.  Eight tornadoes touched down across central Illinois, including an EF-2 tornado south of Pana in Christian County.  In addition, high rainfall rates associated with the storms combined with rapid snow-melt to produce widespread flash flooding, mainly east of the I-55 corridor.",394
499897,EDGAR CO.,GARNES,02/20/2014,1743,Tornado, ,EF0,0,0,0,0,IL,CST-6, ,82869,C,45,ILX,0,0,NWS Storm Survey, ,3,75,1,ENE,1,NNE,CHERRY PT,02/20/2014,1746,39.7821,-87.7409,39.8195,-87.7123,"A tornado touched down 3.9 miles west-southwest of Chrisman.  It crossed U.S. Highway 36 near 1275th St. and tracked another 1.5 miles, dissipating before it reached 1400th St.  No damage was reported.","A rapidly deepening area of low pressure tracked from near Kansas City to southwest Wisconsin by the evening of February 20th.  Thunderstorms developed along the trailing cold front across Missouri during the early afternoon, then pushed eastward into central Illinois during the late afternoon into the early evening.  Eight tornadoes touched down across central Illinois, including an EF-2 tornado south of Pana in Christian County.  In addition, high rainfall rates associated with the storms combined with rapid snow-melt to produce widespread flash flooding, mainly east of the I-55 corridor.",395
504426,WHITE CO.,TRUMBULL,04/03/2014,730,Tornado, ,EF1,0,0,50000,0,IL,CST-6, ,83513,C,193,PAH,0,0,NWS Storm Survey, ,0.99,90,2,N,2,NE,TRUMBULL,04/03/2014,733,38.1057,-88.2256,38.1059,-88.2074,"At a home with an attached garage, the roof was lifted and partially separated from the walls. A large 42-by-66 foot machine shed with an attached lean-to was partially unroofed, and the doors were blown inward. Several small outbuildings were overturned. Approximately a dozen trees, mainly pine trees, were snapped or uprooted. Some debris was blown at least one-half mile away. The most intense damage occurred on County Road 1560N, northwest of Carmi. Peak winds were estimated near 100 mph.","Thunderstorms intensified within a zone of strong southerly low level winds that provided abundant warmth and moisture. These strong low level winds enhanced wind shear, which promoted the development of supercells with isolated tornadoes. The storms formed near a warm front that was draped across southeast Missouri, southern Illinois, and western Kentucky. The storms occurred within a moist and moderately unstable air mass along and behind the warm front. The strong moisture feed contributed to torrential downpours that produced flash flooding in a number of counties. There was some major flash flooding in a corridor from Union County to Saline and Gallatin Counties during the evening.",396
504201,UNION CO.,KAOLIN,04/03/2014,1940,Tornado, ,EF0,0,0,8000,0,IL,CST-6, ,83513,C,181,PAH,0,0,NWS Storm Survey, ,0.27,50,2,SSW,2,S,KAOLIN,04/03/2014,1941,37.4657,-89.3103,37.4686,-89.307,"Two barns sustained partial loss of roof and wall metal panels. Two individuals witnessed the tornado. The tornado occurred along Route 146 near the intersection of Route 127. Peak winds were estimated near 75 mph.","Thunderstorms intensified within a zone of strong southerly low level winds that provided abundant warmth and moisture. These strong low level winds enhanced wind shear, which promoted the development of supercells with isolated tornadoes. The storms formed near a warm front that was draped across southeast Missouri, southern Illinois, and western Kentucky. The storms occurred within a moist and moderately unstable air mass along and behind the warm front. The strong moisture feed contributed to torrential downpours that produced flash flooding in a number of counties. There was some major flash flooding in a corridor from Union County to Saline and Gallatin Counties during the evening.",397
504203,UNION CO.,WESTERN SARATOGA,04/03/2014,1952,Tornado, ,EF0,0,0,7000,0,IL,CST-6, ,83513,C,181,PAH,0,0,NWS Storm Survey, ,5.03,85,1,NNE,1,SSE,PROGRESS,04/03/2014,1959,37.5092,-89.167,37.5701,-89.1167,"A storm damage survey conducted by National Weather Service meteorologists indicated mainly tree damage along the tornado path. There was loss of roofing material from an outbuilding. A few hardwood trees were uprooted. Branches were broken off. The tornado occurred on Shawnee National Forest property. Peak winds were estimated near 80 mph.","Thunderstorms intensified within a zone of strong southerly low level winds that provided abundant warmth and moisture. These strong low level winds enhanced wind shear, which promoted the development of supercells with isolated tornadoes. The storms formed near a warm front that was draped across southeast Missouri, southern Illinois, and western Kentucky. The storms occurred within a moist and moderately unstable air mass along and behind the warm front. The strong moisture feed contributed to torrential downpours that produced flash flooding in a number of counties. There was some major flash flooding in a corridor from Union County to Saline and Gallatin Counties during the evening.",398
504204,UNION CO.,LICK CREEK,04/03/2014,2000,Tornado, ,EF0,0,0,7000,0,IL,CST-6, ,83513,C,181,PAH,0,0,NWS Storm Survey, ,3.18,75,2,NW,1,E,WAYSIDE,04/03/2014,2006,37.5429,-89.0922,37.5715,-89.0468,"A National Weather Service damage survey indicated only tree damage along the tornado path, which ran parallel to and just northwest of Interstate 57. The tornado occurred in wooded areas of national forest property. Branches were broken. Hardwood trees were uprooted near the end of the damage path. Peak winds were estimated near 80 mph.","Thunderstorms intensified within a zone of strong southerly low level winds that provided abundant warmth and moisture. These strong low level winds enhanced wind shear, which promoted the development of supercells with isolated tornadoes. The storms formed near a warm front that was draped across southeast Missouri, southern Illinois, and western Kentucky. The storms occurred within a moist and moderately unstable air mass along and behind the warm front. The strong moisture feed contributed to torrential downpours that produced flash flooding in a number of counties. There was some major flash flooding in a corridor from Union County to Saline and Gallatin Counties during the evening.",399
504468,WILLIAMSON CO.,PULLEYS MILL,04/03/2014,2025,Tornado, ,EF1,0,0,10000,0,IL,CST-6, ,83513,C,199,PAH,0,0,NWS Storm Survey, ,0.77,50,1,NNE,2,NNE,PULLEYS MILL,04/03/2014,2027,37.6192,-88.8914,37.6284,-88.8835,"Roofing from two barns was torn off. One hardwood tree was uprooted. Some branches were blown down. This small tornado occurred between Creal Springs and Lake of Egypt. Peak winds were estimated near 95 mph.","Thunderstorms intensified within a zone of strong southerly low level winds that provided abundant warmth and moisture. These strong low level winds enhanced wind shear, which promoted the development of supercells with isolated tornadoes. The storms formed near a warm front that was draped across southeast Missouri, southern Illinois, and western Kentucky. The storms occurred within a moist and moderately unstable air mass along and behind the warm front. The strong moisture feed contributed to torrential downpours that produced flash flooding in a number of counties. There was some major flash flooding in a corridor from Union County to Saline and Gallatin Counties during the evening.",400
506501,JACKSON CO.,MT CARBON,04/24/2014,2145,Tornado, ,EF1,0,0,35000,0,IL,CST-6, ,83914,C,77,PAH,0,0,NWS Storm Survey, ,2.21,100,2,SSW,1,ESE,MT CARBON,04/24/2014,2149,37.7305,-89.3434,37.7422,-89.3058,"The tornado damage was mostly along Highway 127, where a large portion of a farm shed roof was blown off. The metal roofing and attached wooden roof framing was lofted into trees up to several hundred feet away. A large utility pole was broken along Highway 127. At this location and elsewhere along the path, several trees or tree limbs were broken, along with other minor damage. The tornado lifted just northeast of Old Highway 13. Peak winds were estimated near 90 mph.","An isolated tornado formed in association with a severe thunderstorm that was along a line of weaker showers and storms over southwest Illinois. A compact, fairly potent 500 mb shortwave trough moved east-northeast across Missouri and northern Arkansas as it assumed a slight negative tilt. This trough provided plenty of upper-level support for the convective activity. A surface low pressure center consolidated and deepened as it tracked from central Missouri into central Illinois. The trailing cold front served to focus thunderstorm development in the moistening low-level environment over southern Illinois.",401
521517,MCLEAN CO.,LE ROY,05/28/2014,1147,Tornado, ,EF0,0,0,0,0,IL,CST-6, ,86450,C,113,ILX,0,0,Emergency Manager, ,0.2,50,1,NNE,1,NE,LE ROY,05/28/2014,1150,40.3673,-88.7569,40.3666,-88.7532,"A landspout tornado touched down in a field 1.1 miles NNE of Leroy at 12:47 PM CDT.  The tornado was on the ground for 3 minutes before dissipating at 12:50 PM CDT.  No damage was reported.","A nearly stationary frontal boundary triggered widely scattered showers and thunderstorms across north-central Illinois during the afternoon of May 28th.  A couple of the cells produced weak landspout tornadoes across McLean and Woodford counties.  No damage was reported.",402
521519,WOODFORD CO.,PANOLA,05/28/2014,1240,Tornado, ,EF0,0,0,0,0,IL,CST-6, ,86450,C,203,ILX,0,0,Emergency Manager, ,0.61,100,2,SE,2,SE,PANOLA,05/28/2014,1250,40.7632,-89.0007,40.7595,-88.9901,"A landspout tornado touched down in a field 1.9 miles NNE of El Paso at 1:40 PM CDT.  The tornado was on the ground for 10 minutes before dissipating at 1:50 PM CDT.  No damage was reported.","A nearly stationary frontal boundary triggered widely scattered showers and thunderstorms across north-central Illinois during the afternoon of May 28th.  A couple of the cells produced weak landspout tornadoes across McLean and Woodford counties.  No damage was reported.",403
525714,JERSEY CO.,JERSEYVILLE,06/04/2014,425,Tornado, ,EF0,0,0,0,0,IL,CST-6, ,87060,C,83,LSX,0,0,NWS Storm Survey, ,1.44,30,4,N,3,NNE,JERSEYVILLE,06/04/2014,426,39.1737,-90.3107,39.1632,-90.2875,"The tornado first touched down just south of Owl Branch Road west of the intersection with Cherry Lane.  Several large tree branches were snapped off in this location and several tree tops were broken.  The tornado travelled to the southeast.  On the west side of Cherry Lane, a wall of a garage on the north side of the home was pushed in about 6 inches and some shingles were removed.  Also, several large tree limbs were snapped off.  The tornado crossed Cherry Lane and damaged a few more trees before lifting and dissipating.  The tornado was rated EF0.  It was on the ground for 1.44 miles and the max path width was 30 yards.","Mesoscale complex developed along and north of a warm front.  Several storms produced severe weather.",404
525711,MONROE CO.,FULTS,06/07/2014,1619,Tornado, ,EF0,0,0,0,0,IL,CST-6, ,87079,C,133,LSX,0,0,NWS Storm Survey, ,0.34,40,0,SSE,0,ESE,FULTS,06/07/2014,1620,38.1657,-90.218,38.1685,-90.2129,"A tornado touched down on the north end of Fults, just north of Ivy Road, southwest of where the train tracks cross Ivy Road.  In this location the corn crop was snapped off.  The tornado continued to the northeast snapping off half of a large maple tree.  The tree fell onto a house causing moderate damage.  Also, several smaller trees in the area were damaged.  The tornado then crossed Ivy Road and took off a side section of an old barn before lifting and dissipating on the south side of Bluff Road.  The tornado was rated EF0.  It was on the ground for a third of a mile with a max path width of 40 yards.","An area of low pressure tracked east across northern Missouri. Showers and thunderstorms developed along a trough associated with it during the afternoon and early evening hours.  Some of the storms produced weak tornadoes. Five tornadoes occurred in the forecast area.",405
525712,MONROE CO.,AMES,06/07/2014,1643,Tornado, ,EF0,0,0,0,0,IL,CST-6, ,87079,C,133,LSX,0,0,NWS Employee, ,0.3,30,4,N,4,N,AMES,06/07/2014,1644,38.2023,-90.0563,38.2043,-90.0514,"A tornado touched down just north of Lohrberg Drive and broke several large tree limbs.  The tornado continued to the northeast and crossed Ames Road.  More tree damage occurred on the east side of Ames Road just north of intersection with Lohrberg Drive before lifting and dissipating.  The tornado was rated EF0.  It was on the ground for a third of a mile with a max path width of 30 yards.","An area of low pressure tracked east across northern Missouri. Showers and thunderstorms developed along a trough associated with it during the afternoon and early evening hours.  Some of the storms produced weak tornadoes. Five tornadoes occurred in the forecast area.",406
523224,WAYNE CO.,FAIRFIELD,06/23/2014,1622,Tornado, ,EF0,0,0,2000,0,IL,CST-6, ,86694,C,191,PAH,0,0,NWS Storm Survey, ,2.89,200,4,WSW,1,SW,FAIRFIELD,06/23/2014,1628,38.3579,-88.4382,38.3672,-88.3863,"This widely photographed and videotaped tornado caused very little damage. Much of its track was over open fields. Where the tornado crossed tree lines, tree limbs were broken. The tornado began southeast of the intersection of Illinois Highway 15 and County Road 10. The tornado travelled east-northeast before curving southeast as it approached the southwest side of Fairfield. Peak winds were estimated near 75 mph.","Scattered thunderstorms occurred ahead of a cold front that extended from central Illinois southwest across the St. Louis metro area to western Arkansas. A small cluster of storms in Wayne County produced a couple of tornadoes and damaging straight-line winds.",407
523226,WAYNE CO.,FAIRFIELD,06/23/2014,1626,Tornado, ,EF0,0,0,2000,2000,IL,CST-6, ,86694,C,191,PAH,0,0,NWS Storm Survey, ,1.8,150,3,WSW,2,SSW,FAIRFIELD,06/23/2014,1629,38.3662,-88.4126,38.3519,-88.3848,"Near the beginning of the tornado track, just southwest of the intersection of County Road 1650E and County Road 700N, the tornado downed a tree onto a house. There was some structural damage to the house. Otherwise, this videotaped tornado tracked across mostly open fields. There was some disturbance to corn fields as it tracked southeast toward County Road 1800E. Peak winds were estimated near 85 mph.","Scattered thunderstorms occurred ahead of a cold front that extended from central Illinois southwest across the St. Louis metro area to western Arkansas. A small cluster of storms in Wayne County produced a couple of tornadoes and damaging straight-line winds.",408
518367,CARROLL CO.,THOMSON,06/29/2014,2330,Tornado, ,EF1,0,0,50000,0,IL,CST-6, ,85861,C,15,DVN,0,0,NWS Storm Survey, ,2.24,600,1,SW,2,N,THOMSON,06/29/2014,2333,41.9613,-90.1153,41.9917,-90.1,"A downburst spawned a brief tornado near Thomson.  A old outbuilding was destroyed and extensive damage occurred to large, healthy trees (mostly snapped and some uprooted).  Collateral damage to homes and vehicles also occurred from falling trees.    Radar indicated gate-to-gate cyclonic shear.  The damage path was approximately 3/8 mile wide.  The tornado damage was rated EF1 and peak winds were estimated at 100 mph.","A strong cold front pushed into a very warm unstable air mass as a significant upper level storm system tracked into the northern Great Lakes on June 29-30, 2014. A major severe weather and flash flood event unfolded across the area. This event resulted in the direct deaths of 2 people and direct injuries to 7 others. Three weak tornadoes, widespread damaging winds of 60 to 80 mph, and life-threatening flash flooding due to 4 to 6 inches of rainfall was reported. Two of the tornadoes were in northeast Iowa while another tornado was spotted in northwest Illinois. Law enforcement reported a business building destroyed by high winds from a severe thunderstorm in Fairfax, Iowa. One person was killed and another injured due to the collapsed structure. A severe thunderstorm packing 80 mph winds blew a tarp on top of several people trying to cover the infield at Veterans Memorial Stadium in Cedar Rapids, Iowa. Three people suffered concussions while another person had a dislocated shoulder. In North Liberty, Iowa a tree fell on a person who was then transported to a local hospital. Severe flash flooding in Cedar Rapids, Iowa resulted in the drowning death of a teenage boy with another boy injured. They were swept into a storm sewer and were found a mile away in a lake.",409
530902,LA SALLE CO.,EARLVILLE,06/30/2014,2016,Tornado, ,EF1,0,0,250000,0,IL,CST-6, ,87952,C,99,LOT,0,0,NWS Storm Survey, ,1.51,50,1,WNW,0,NE,EARLVILLE,06/30/2014,2017,41.5886,-88.9526,41.5849,-88.9239,"An aerial survey from local media showed clear convergent swirling and scarring near Earlville.  A short lived tornado touched down embedded within a larger area of straight line wind damage.  Numerous trees were blown down with damage to roofs and a garage blown out on the south and southwest portions of town.  Maximum winds were estimated to 110 mph.","Extensive damage was sustained from two separate lines of thunderstorms on Monday, June 30th which was officially determined to be from two separate derecho events from Central Iowa east into Michigan and Ohio. Thunderstorms developed over Iowa during the early afternoon and organized into a forward-propagating quasi-linear convective system (QLCS) and tracked to southern Lake Michigan by early to mid evening. Meanwhile, a second complex of intense thunderstorms developed over central and eastern Iowa and also evolved into a QLCS, tracking across northern Illinois and northwest Indiana late in the evening into the overnight hours. ||Across northern Illinois and northwest Indiana, the first derecho event produced scattered straight-line wind damage, with gusts measured as high as 70 MPH.  The second derecho produced far more extensive damage, with 80 to 90 MPH straight line winds and numerous tornadoes.  Initial post-event surveys cataloged 18 tornadoes across northern Illinois and northwest Indiana, 17 of EF1 intensity and one of EF0 intensity.  Of these 18 tornadoes, 14 were associated with a pair of large mesovortices that traveled along the Kankakee River Valley in Kankakee County, Illinois and Lake, Newton, and Jasper Counties in Indiana.  ||Analysis of Google Earth satellite imagery gathered in spring of 2015 showed numerous additional areas of damage not documented in the original survey efforts.  A thorough analysis of this imagery and synthesis with the original survey information led to a complete reanalysis of the Kankakee Valley tornadoes.  Ultimately, 18 tornado tracks were identified alone in the Kankakee Valley, leading to a total of 22 tornadoes for northern Illinois and northwest Indiana. Of the 18 revised tornadoes, 16 of the paths were determined, in part, using satellite imagery. Further re-examination of the damage also led to a change in rating for several of the damage locations. Of the 18 reanalyzed Kankakee Valley tracks, two were rated EF2, 13 were rated EF1, and three were rated EF0. Additional details on this reanalysis, including the methods used, can be found in the Electronic Journal of Severe Storms Meteorology (Lyza et al. 2019, ���A Multi-Platform Reanalysis of the Kankakee Valley Tornado Cluster on 30 June 2014���).",410
530903,KENDALL CO.,NEWARK ARPT,06/30/2014,2038,Tornado, ,EF1,0,0,50000,0,IL,CST-6, ,87952,C,93,LOT,0,0,NWS Storm Survey, ,1.15,50,3,SSE,4,SSE,NEWARK ARPT,06/30/2014,2039,41.4817,-88.5843,41.4772,-88.5629,"Concentrated damage was found at two farmsteads including the destruction of an outbuilding and large trees snapped at their bases.  Maximum winds were estimated to 100 mph.","Extensive damage was sustained from two separate lines of thunderstorms on Monday, June 30th which was officially determined to be from two separate derecho events from Central Iowa east into Michigan and Ohio. Thunderstorms developed over Iowa during the early afternoon and organized into a forward-propagating quasi-linear convective system (QLCS) and tracked to southern Lake Michigan by early to mid evening. Meanwhile, a second complex of intense thunderstorms developed over central and eastern Iowa and also evolved into a QLCS, tracking across northern Illinois and northwest Indiana late in the evening into the overnight hours. ||Across northern Illinois and northwest Indiana, the first derecho event produced scattered straight-line wind damage, with gusts measured as high as 70 MPH.  The second derecho produced far more extensive damage, with 80 to 90 MPH straight line winds and numerous tornadoes.  Initial post-event surveys cataloged 18 tornadoes across northern Illinois and northwest Indiana, 17 of EF1 intensity and one of EF0 intensity.  Of these 18 tornadoes, 14 were associated with a pair of large mesovortices that traveled along the Kankakee River Valley in Kankakee County, Illinois and Lake, Newton, and Jasper Counties in Indiana.  ||Analysis of Google Earth satellite imagery gathered in spring of 2015 showed numerous additional areas of damage not documented in the original survey efforts.  A thorough analysis of this imagery and synthesis with the original survey information led to a complete reanalysis of the Kankakee Valley tornadoes.  Ultimately, 18 tornado tracks were identified alone in the Kankakee Valley, leading to a total of 22 tornadoes for northern Illinois and northwest Indiana. Of the 18 revised tornadoes, 16 of the paths were determined, in part, using satellite imagery. Further re-examination of the damage also led to a change in rating for several of the damage locations. Of the 18 reanalyzed Kankakee Valley tracks, two were rated EF2, 13 were rated EF1, and three were rated EF0. Additional details on this reanalysis, including the methods used, can be found in the Electronic Journal of Severe Storms Meteorology (Lyza et al. 2019, ���A Multi-Platform Reanalysis of the Kankakee Valley Tornado Cluster on 30 June 2014���).",411
530904,GRUNDY CO.,(C09) MORRIS MUNICIPAL AIRPORT,06/30/2014,2044,Tornado, ,EF0,0,0,0,0,IL,CST-6, ,87952,C,63,LOT,0,0,NWS Storm Survey, ,2.16,50,3,WNW,1,WNW,(C09) MORRIS MUNICIPAL AIRPORT,06/30/2014,2046,41.4411,-88.4692,41.434,-88.4285,"A storm survey team determined via an aerial survey that a tornado touched down over mainly fields north of Morris.  Maximum winds were estimated to 85 mph.","Extensive damage was sustained from two separate lines of thunderstorms on Monday, June 30th which was officially determined to be from two separate derecho events from Central Iowa east into Michigan and Ohio. Thunderstorms developed over Iowa during the early afternoon and organized into a forward-propagating quasi-linear convective system (QLCS) and tracked to southern Lake Michigan by early to mid evening. Meanwhile, a second complex of intense thunderstorms developed over central and eastern Iowa and also evolved into a QLCS, tracking across northern Illinois and northwest Indiana late in the evening into the overnight hours. ||Across northern Illinois and northwest Indiana, the first derecho event produced scattered straight-line wind damage, with gusts measured as high as 70 MPH.  The second derecho produced far more extensive damage, with 80 to 90 MPH straight line winds and numerous tornadoes.  Initial post-event surveys cataloged 18 tornadoes across northern Illinois and northwest Indiana, 17 of EF1 intensity and one of EF0 intensity.  Of these 18 tornadoes, 14 were associated with a pair of large mesovortices that traveled along the Kankakee River Valley in Kankakee County, Illinois and Lake, Newton, and Jasper Counties in Indiana.  ||Analysis of Google Earth satellite imagery gathered in spring of 2015 showed numerous additional areas of damage not documented in the original survey efforts.  A thorough analysis of this imagery and synthesis with the original survey information led to a complete reanalysis of the Kankakee Valley tornadoes.  Ultimately, 18 tornado tracks were identified alone in the Kankakee Valley, leading to a total of 22 tornadoes for northern Illinois and northwest Indiana. Of the 18 revised tornadoes, 16 of the paths were determined, in part, using satellite imagery. Further re-examination of the damage also led to a change in rating for several of the damage locations. Of the 18 reanalyzed Kankakee Valley tracks, two were rated EF2, 13 were rated EF1, and three were rated EF0. Additional details on this reanalysis, including the methods used, can be found in the Electronic Journal of Severe Storms Meteorology (Lyza et al. 2019, ���A Multi-Platform Reanalysis of the Kankakee Valley Tornado Cluster on 30 June 2014���).",412
530905,WILL CO.,WALKER,06/30/2014,2055,Tornado, ,EF1,0,0,500000,0,IL,CST-6, ,87952,C,197,LOT,0,0,NWS Storm Survey, ,3.06,75,1,ENE,3,W,ROMEOVILLE,06/30/2014,2058,41.6272,-88.1846,41.6244,-88.1255,"A tornado caused damage to trees and residences between Plainfield and Romeoville.  Over 50 trees, including many large softwood trees, were uprooted within a concentrated path.  A dozen modest to large trees were blown to the northwest against the eastward path of the storm.  Numerous roads were blocked due to fallen trees.  There was minor damage to numerous residences in the Woodlands of the Reserve and Lakewood Falls subdivisions.  This damage was mainly siding and shingles peeled off along with windows blown out.  The tornado crossed I-55 near mile marker 261.  The tornado was embedded within a larger area of straight line wind damage.  Maximum winds were estimated to 95 mph.","Extensive damage was sustained from two separate lines of thunderstorms on Monday, June 30th which was officially determined to be from two separate derecho events from Central Iowa east into Michigan and Ohio. Thunderstorms developed over Iowa during the early afternoon and organized into a forward-propagating quasi-linear convective system (QLCS) and tracked to southern Lake Michigan by early to mid evening. Meanwhile, a second complex of intense thunderstorms developed over central and eastern Iowa and also evolved into a QLCS, tracking across northern Illinois and northwest Indiana late in the evening into the overnight hours. ||Across northern Illinois and northwest Indiana, the first derecho event produced scattered straight-line wind damage, with gusts measured as high as 70 MPH.  The second derecho produced far more extensive damage, with 80 to 90 MPH straight line winds and numerous tornadoes.  Initial post-event surveys cataloged 18 tornadoes across northern Illinois and northwest Indiana, 17 of EF1 intensity and one of EF0 intensity.  Of these 18 tornadoes, 14 were associated with a pair of large mesovortices that traveled along the Kankakee River Valley in Kankakee County, Illinois and Lake, Newton, and Jasper Counties in Indiana.  ||Analysis of Google Earth satellite imagery gathered in spring of 2015 showed numerous additional areas of damage not documented in the original survey efforts.  A thorough analysis of this imagery and synthesis with the original survey information led to a complete reanalysis of the Kankakee Valley tornadoes.  Ultimately, 18 tornado tracks were identified alone in the Kankakee Valley, leading to a total of 22 tornadoes for northern Illinois and northwest Indiana. Of the 18 revised tornadoes, 16 of the paths were determined, in part, using satellite imagery. Further re-examination of the damage also led to a change in rating for several of the damage locations. Of the 18 reanalyzed Kankakee Valley tracks, two were rated EF2, 13 were rated EF1, and three were rated EF0. Additional details on this reanalysis, including the methods used, can be found in the Electronic Journal of Severe Storms Meteorology (Lyza et al. 2019, ���A Multi-Platform Reanalysis of the Kankakee Valley Tornado Cluster on 30 June 2014���).",413
531482,KANKAKEE CO.,ST GEORGE,06/30/2014,2122,Tornado, ,EF1,0,0,20000,0,IL,CST-6, ,87952,C,91,LOT,0,0,NWS Storm Survey, ,10.3,150,1,NNW,0,SW,EDGETOWN,06/30/2014,2131,41.212,-87.7746,41.1796,-87.5805,"This tornado started near the intersection of E. 6000N Rd and N. County Highway 51. Roof damage was done to a barn along with numerous trees snapped and uprooted. The tornado ended along County Highway 13.  Maximum winds were estimated to be 90 mph.","Extensive damage was sustained from two separate lines of thunderstorms on Monday, June 30th which was officially determined to be from two separate derecho events from Central Iowa east into Michigan and Ohio. Thunderstorms developed over Iowa during the early afternoon and organized into a forward-propagating quasi-linear convective system (QLCS) and tracked to southern Lake Michigan by early to mid evening. Meanwhile, a second complex of intense thunderstorms developed over central and eastern Iowa and also evolved into a QLCS, tracking across northern Illinois and northwest Indiana late in the evening into the overnight hours. ||Across northern Illinois and northwest Indiana, the first derecho event produced scattered straight-line wind damage, with gusts measured as high as 70 MPH.  The second derecho produced far more extensive damage, with 80 to 90 MPH straight line winds and numerous tornadoes.  Initial post-event surveys cataloged 18 tornadoes across northern Illinois and northwest Indiana, 17 of EF1 intensity and one of EF0 intensity.  Of these 18 tornadoes, 14 were associated with a pair of large mesovortices that traveled along the Kankakee River Valley in Kankakee County, Illinois and Lake, Newton, and Jasper Counties in Indiana.  ||Analysis of Google Earth satellite imagery gathered in spring of 2015 showed numerous additional areas of damage not documented in the original survey efforts.  A thorough analysis of this imagery and synthesis with the original survey information led to a complete reanalysis of the Kankakee Valley tornadoes.  Ultimately, 18 tornado tracks were identified alone in the Kankakee Valley, leading to a total of 22 tornadoes for northern Illinois and northwest Indiana. Of the 18 revised tornadoes, 16 of the paths were determined, in part, using satellite imagery. Further re-examination of the damage also led to a change in rating for several of the damage locations. Of the 18 reanalyzed Kankakee Valley tracks, two were rated EF2, 13 were rated EF1, and three were rated EF0. Additional details on this reanalysis, including the methods used, can be found in the Electronic Journal of Severe Storms Meteorology (Lyza et al. 2019, ���A Multi-Platform Reanalysis of the Kankakee Valley Tornado Cluster on 30 June 2014���).",414
862144,KANKAKEE CO.,MANTENO,06/30/2014,2123,Tornado, ,EF0,0,0,133000,0,IL,CST-6, ,87952,C,91,LOT,0,0,NWS Storm Survey, ,3.1,45,3,E,0,ENE,WHITAKER,06/30/2014,2125,41.2564,-87.7814,41.2532,-87.7218,"A tornado touched down near N. 5000E Rd and ended near N 8000E Rd. It snapped a wooden power pole and damaged corn along its path. Maximum winds were estimated to 85 mph.","Extensive damage was sustained from two separate lines of thunderstorms on Monday, June 30th which was officially determined to be from two separate derecho events from Central Iowa east into Michigan and Ohio. Thunderstorms developed over Iowa during the early afternoon and organized into a forward-propagating quasi-linear convective system (QLCS) and tracked to southern Lake Michigan by early to mid evening. Meanwhile, a second complex of intense thunderstorms developed over central and eastern Iowa and also evolved into a QLCS, tracking across northern Illinois and northwest Indiana late in the evening into the overnight hours. ||Across northern Illinois and northwest Indiana, the first derecho event produced scattered straight-line wind damage, with gusts measured as high as 70 MPH.  The second derecho produced far more extensive damage, with 80 to 90 MPH straight line winds and numerous tornadoes.  Initial post-event surveys cataloged 18 tornadoes across northern Illinois and northwest Indiana, 17 of EF1 intensity and one of EF0 intensity.  Of these 18 tornadoes, 14 were associated with a pair of large mesovortices that traveled along the Kankakee River Valley in Kankakee County, Illinois and Lake, Newton, and Jasper Counties in Indiana.  ||Analysis of Google Earth satellite imagery gathered in spring of 2015 showed numerous additional areas of damage not documented in the original survey efforts.  A thorough analysis of this imagery and synthesis with the original survey information led to a complete reanalysis of the Kankakee Valley tornadoes.  Ultimately, 18 tornado tracks were identified alone in the Kankakee Valley, leading to a total of 22 tornadoes for northern Illinois and northwest Indiana. Of the 18 revised tornadoes, 16 of the paths were determined, in part, using satellite imagery. Further re-examination of the damage also led to a change in rating for several of the damage locations. Of the 18 reanalyzed Kankakee Valley tracks, two were rated EF2, 13 were rated EF1, and three were rated EF0. Additional details on this reanalysis, including the methods used, can be found in the Electronic Journal of Severe Storms Meteorology (Lyza et al. 2019, ���A Multi-Platform Reanalysis of the Kankakee Valley Tornado Cluster on 30 June 2014���).",415
862145,KANKAKEE CO.,WHITAKER,06/30/2014,2124,Tornado, ,EF1,0,0,158000,0,IL,CST-6, ,87952,C,91,LOT,0,0,NWS Storm Survey, ,2.7,110,2,WNW,1,NNE,WHITAKER,06/30/2014,2125,41.2661,-87.7709,41.2622,-87.7214,"This tornado began near 10000N Rd and ended near a farmstead along N. 8000E Rd. A large machine shed was heavily damaged, and trees were snapped and uprooted. Maximum winds were estimated to 95 mph.","Extensive damage was sustained from two separate lines of thunderstorms on Monday, June 30th which was officially determined to be from two separate derecho events from Central Iowa east into Michigan and Ohio. Thunderstorms developed over Iowa during the early afternoon and organized into a forward-propagating quasi-linear convective system (QLCS) and tracked to southern Lake Michigan by early to mid evening. Meanwhile, a second complex of intense thunderstorms developed over central and eastern Iowa and also evolved into a QLCS, tracking across northern Illinois and northwest Indiana late in the evening into the overnight hours. ||Across northern Illinois and northwest Indiana, the first derecho event produced scattered straight-line wind damage, with gusts measured as high as 70 MPH.  The second derecho produced far more extensive damage, with 80 to 90 MPH straight line winds and numerous tornadoes.  Initial post-event surveys cataloged 18 tornadoes across northern Illinois and northwest Indiana, 17 of EF1 intensity and one of EF0 intensity.  Of these 18 tornadoes, 14 were associated with a pair of large mesovortices that traveled along the Kankakee River Valley in Kankakee County, Illinois and Lake, Newton, and Jasper Counties in Indiana.  ||Analysis of Google Earth satellite imagery gathered in spring of 2015 showed numerous additional areas of damage not documented in the original survey efforts.  A thorough analysis of this imagery and synthesis with the original survey information led to a complete reanalysis of the Kankakee Valley tornadoes.  Ultimately, 18 tornado tracks were identified alone in the Kankakee Valley, leading to a total of 22 tornadoes for northern Illinois and northwest Indiana. Of the 18 revised tornadoes, 16 of the paths were determined, in part, using satellite imagery. Further re-examination of the damage also led to a change in rating for several of the damage locations. Of the 18 reanalyzed Kankakee Valley tracks, two were rated EF2, 13 were rated EF1, and three were rated EF0. Additional details on this reanalysis, including the methods used, can be found in the Electronic Journal of Severe Storms Meteorology (Lyza et al. 2019, ���A Multi-Platform Reanalysis of the Kankakee Valley Tornado Cluster on 30 June 2014���).",416
862146,KANKAKEE CO.,WHITAKER,06/30/2014,2125,Tornado, ,EF1,0,0,166000,0,IL,CST-6, ,87952,C,91,LOT,0,0,NWS Storm Survey, ,5.5,450,2,N,1,WSW,PUDER,06/30/2014,2129,41.281,-87.7232,41.2643,-87.6264,"A tornado started near the intersection of 11000N Rd and N 8000E Rd. A large shed was destroyed with all of its posts and several anchors to the posts pulled from the ground. There was also minor buckling of a house's foundation, numerous trees snapped and uprooted, a snapped wooden power pole, and damage to corn crops. The tornado dissipated near Illinois Highway 1. Maximum winds were estimated to 110 mph.","Extensive damage was sustained from two separate lines of thunderstorms on Monday, June 30th which was officially determined to be from two separate derecho events from Central Iowa east into Michigan and Ohio. Thunderstorms developed over Iowa during the early afternoon and organized into a forward-propagating quasi-linear convective system (QLCS) and tracked to southern Lake Michigan by early to mid evening. Meanwhile, a second complex of intense thunderstorms developed over central and eastern Iowa and also evolved into a QLCS, tracking across northern Illinois and northwest Indiana late in the evening into the overnight hours. ||Across northern Illinois and northwest Indiana, the first derecho event produced scattered straight-line wind damage, with gusts measured as high as 70 MPH.  The second derecho produced far more extensive damage, with 80 to 90 MPH straight line winds and numerous tornadoes.  Initial post-event surveys cataloged 18 tornadoes across northern Illinois and northwest Indiana, 17 of EF1 intensity and one of EF0 intensity.  Of these 18 tornadoes, 14 were associated with a pair of large mesovortices that traveled along the Kankakee River Valley in Kankakee County, Illinois and Lake, Newton, and Jasper Counties in Indiana.  ||Analysis of Google Earth satellite imagery gathered in spring of 2015 showed numerous additional areas of damage not documented in the original survey efforts.  A thorough analysis of this imagery and synthesis with the original survey information led to a complete reanalysis of the Kankakee Valley tornadoes.  Ultimately, 18 tornado tracks were identified alone in the Kankakee Valley, leading to a total of 22 tornadoes for northern Illinois and northwest Indiana. Of the 18 revised tornadoes, 16 of the paths were determined, in part, using satellite imagery. Further re-examination of the damage also led to a change in rating for several of the damage locations. Of the 18 reanalyzed Kankakee Valley tracks, two were rated EF2, 13 were rated EF1, and three were rated EF0. Additional details on this reanalysis, including the methods used, can be found in the Electronic Journal of Severe Storms Meteorology (Lyza et al. 2019, ���A Multi-Platform Reanalysis of the Kankakee Valley Tornado Cluster on 30 June 2014���).",417
862147,KANKAKEE CO.,WHITAKER,06/30/2014,2126,Tornado, ,EF1,0,0,166000,0,IL,CST-6, ,87952,C,91,LOT,0,0,NWS Storm Survey, ,3.2,110,2,NNE,3,NNW,GRANT PARK,06/30/2014,2128,41.2741,-87.7224,41.2673,-87.663,"This tornado began near a farmstead on N. 8000E Rd and would end near the intersection of 9000N Rd and N. 11000E Rd. A barn was destroyed, a 4,000 lb. trailer moved 50 feet, and numerous hardwood trees were snapped and uprooted. Maximum winds were estimated to 105 mph.","Extensive damage was sustained from two separate lines of thunderstorms on Monday, June 30th which was officially determined to be from two separate derecho events from Central Iowa east into Michigan and Ohio. Thunderstorms developed over Iowa during the early afternoon and organized into a forward-propagating quasi-linear convective system (QLCS) and tracked to southern Lake Michigan by early to mid evening. Meanwhile, a second complex of intense thunderstorms developed over central and eastern Iowa and also evolved into a QLCS, tracking across northern Illinois and northwest Indiana late in the evening into the overnight hours. ||Across northern Illinois and northwest Indiana, the first derecho event produced scattered straight-line wind damage, with gusts measured as high as 70 MPH.  The second derecho produced far more extensive damage, with 80 to 90 MPH straight line winds and numerous tornadoes.  Initial post-event surveys cataloged 18 tornadoes across northern Illinois and northwest Indiana, 17 of EF1 intensity and one of EF0 intensity.  Of these 18 tornadoes, 14 were associated with a pair of large mesovortices that traveled along the Kankakee River Valley in Kankakee County, Illinois and Lake, Newton, and Jasper Counties in Indiana.  ||Analysis of Google Earth satellite imagery gathered in spring of 2015 showed numerous additional areas of damage not documented in the original survey efforts.  A thorough analysis of this imagery and synthesis with the original survey information led to a complete reanalysis of the Kankakee Valley tornadoes.  Ultimately, 18 tornado tracks were identified alone in the Kankakee Valley, leading to a total of 22 tornadoes for northern Illinois and northwest Indiana. Of the 18 revised tornadoes, 16 of the paths were determined, in part, using satellite imagery. Further re-examination of the damage also led to a change in rating for several of the damage locations. Of the 18 reanalyzed Kankakee Valley tracks, two were rated EF2, 13 were rated EF1, and three were rated EF0. Additional details on this reanalysis, including the methods used, can be found in the Electronic Journal of Severe Storms Meteorology (Lyza et al. 2019, ���A Multi-Platform Reanalysis of the Kankakee Valley Tornado Cluster on 30 June 2014���).",418
531481,KANKAKEE CO.,YEAGER,06/30/2014,2129,Tornado, ,EF1,0,0,0,0,IL,CST-6, ,87952,C,91,LOT,0,0,NWS Storm Survey, ,7.2,175,2,E,0,NNE,ILLINOI,06/30/2014,2136,41.2005,-87.6639,41.1856,-87.5267,"This tornado began north of Momence along Illinois Highway 17, crossed the Illinois-Indiana state line and tracked near 241st Ave. in Indiana. The tornado then passed through the far south end of the town of Schneider and ended near the Kankakee River southwest of Shelby. Damage was done to a roof of a barn along with numerous hardwood trees snapped and uprooted. Maximum winds were estimated to 110 mph.","Extensive damage was sustained from two separate lines of thunderstorms on Monday, June 30th which was officially determined to be from two separate derecho events from Central Iowa east into Michigan and Ohio. Thunderstorms developed over Iowa during the early afternoon and organized into a forward-propagating quasi-linear convective system (QLCS) and tracked to southern Lake Michigan by early to mid evening. Meanwhile, a second complex of intense thunderstorms developed over central and eastern Iowa and also evolved into a QLCS, tracking across northern Illinois and northwest Indiana late in the evening into the overnight hours. ||Across northern Illinois and northwest Indiana, the first derecho event produced scattered straight-line wind damage, with gusts measured as high as 70 MPH.  The second derecho produced far more extensive damage, with 80 to 90 MPH straight line winds and numerous tornadoes.  Initial post-event surveys cataloged 18 tornadoes across northern Illinois and northwest Indiana, 17 of EF1 intensity and one of EF0 intensity.  Of these 18 tornadoes, 14 were associated with a pair of large mesovortices that traveled along the Kankakee River Valley in Kankakee County, Illinois and Lake, Newton, and Jasper Counties in Indiana.  ||Analysis of Google Earth satellite imagery gathered in spring of 2015 showed numerous additional areas of damage not documented in the original survey efforts.  A thorough analysis of this imagery and synthesis with the original survey information led to a complete reanalysis of the Kankakee Valley tornadoes.  Ultimately, 18 tornado tracks were identified alone in the Kankakee Valley, leading to a total of 22 tornadoes for northern Illinois and northwest Indiana. Of the 18 revised tornadoes, 16 of the paths were determined, in part, using satellite imagery. Further re-examination of the damage also led to a change in rating for several of the damage locations. Of the 18 reanalyzed Kankakee Valley tracks, two were rated EF2, 13 were rated EF1, and three were rated EF0. Additional details on this reanalysis, including the methods used, can be found in the Electronic Journal of Severe Storms Meteorology (Lyza et al. 2019, ���A Multi-Platform Reanalysis of the Kankakee Valley Tornado Cluster on 30 June 2014���).",419
862148,KANKAKEE CO.,SOLLITT,06/30/2014,2130,Tornado, ,EF0,0,0,8000,0,IL,CST-6, ,87952,C,91,LOT,0,0,NWS Storm Survey, ,4.4,295,1,SW,2,ESE,PUDER,06/30/2014,2133,41.2833,-87.6452,41.2609,-87.5669,"This tornado that began near the intersection of 11000N Rd and Slaughter House Rd damaged a greenhouse and brought roof damage to a house, along with snapping large tree limbs. The tornado ended near County Highway 13. Maximum winds were estimated to 75 mph.","Extensive damage was sustained from two separate lines of thunderstorms on Monday, June 30th which was officially determined to be from two separate derecho events from Central Iowa east into Michigan and Ohio. Thunderstorms developed over Iowa during the early afternoon and organized into a forward-propagating quasi-linear convective system (QLCS) and tracked to southern Lake Michigan by early to mid evening. Meanwhile, a second complex of intense thunderstorms developed over central and eastern Iowa and also evolved into a QLCS, tracking across northern Illinois and northwest Indiana late in the evening into the overnight hours. ||Across northern Illinois and northwest Indiana, the first derecho event produced scattered straight-line wind damage, with gusts measured as high as 70 MPH.  The second derecho produced far more extensive damage, with 80 to 90 MPH straight line winds and numerous tornadoes.  Initial post-event surveys cataloged 18 tornadoes across northern Illinois and northwest Indiana, 17 of EF1 intensity and one of EF0 intensity.  Of these 18 tornadoes, 14 were associated with a pair of large mesovortices that traveled along the Kankakee River Valley in Kankakee County, Illinois and Lake, Newton, and Jasper Counties in Indiana.  ||Analysis of Google Earth satellite imagery gathered in spring of 2015 showed numerous additional areas of damage not documented in the original survey efforts.  A thorough analysis of this imagery and synthesis with the original survey information led to a complete reanalysis of the Kankakee Valley tornadoes.  Ultimately, 18 tornado tracks were identified alone in the Kankakee Valley, leading to a total of 22 tornadoes for northern Illinois and northwest Indiana. Of the 18 revised tornadoes, 16 of the paths were determined, in part, using satellite imagery. Further re-examination of the damage also led to a change in rating for several of the damage locations. Of the 18 reanalyzed Kankakee Valley tracks, two were rated EF2, 13 were rated EF1, and three were rated EF0. Additional details on this reanalysis, including the methods used, can be found in the Electronic Journal of Severe Storms Meteorology (Lyza et al. 2019, ���A Multi-Platform Reanalysis of the Kankakee Valley Tornado Cluster on 30 June 2014���).",420
862149,KANKAKEE CO.,PUDER,06/30/2014,2132,Tornado, ,EF2,0,0,500000,0,IL,CST-6, ,87952,C,91,LOT,0,0,NWS Storm Survey, ,3.9,240,1,NW,3,NNE,SHERBURNVILLE,06/30/2014,2135,41.2789,-87.6081,41.2669,-87.539,"This strong tornado touched down slightly north of the intersection between E. 10500N Rd and N. 14000E Rd. The tornado torqued a house on its foundation beyond repair and damaged a small church. There were also numerous barns and outbuildings destroyed and severe damage to several large trees. The tornado dissipated near N. 17500E Rd. Maximum winds were estimated to 115 mph.","Extensive damage was sustained from two separate lines of thunderstorms on Monday, June 30th which was officially determined to be from two separate derecho events from Central Iowa east into Michigan and Ohio. Thunderstorms developed over Iowa during the early afternoon and organized into a forward-propagating quasi-linear convective system (QLCS) and tracked to southern Lake Michigan by early to mid evening. Meanwhile, a second complex of intense thunderstorms developed over central and eastern Iowa and also evolved into a QLCS, tracking across northern Illinois and northwest Indiana late in the evening into the overnight hours. ||Across northern Illinois and northwest Indiana, the first derecho event produced scattered straight-line wind damage, with gusts measured as high as 70 MPH.  The second derecho produced far more extensive damage, with 80 to 90 MPH straight line winds and numerous tornadoes.  Initial post-event surveys cataloged 18 tornadoes across northern Illinois and northwest Indiana, 17 of EF1 intensity and one of EF0 intensity.  Of these 18 tornadoes, 14 were associated with a pair of large mesovortices that traveled along the Kankakee River Valley in Kankakee County, Illinois and Lake, Newton, and Jasper Counties in Indiana.  ||Analysis of Google Earth satellite imagery gathered in spring of 2015 showed numerous additional areas of damage not documented in the original survey efforts.  A thorough analysis of this imagery and synthesis with the original survey information led to a complete reanalysis of the Kankakee Valley tornadoes.  Ultimately, 18 tornado tracks were identified alone in the Kankakee Valley, leading to a total of 22 tornadoes for northern Illinois and northwest Indiana. Of the 18 revised tornadoes, 16 of the paths were determined, in part, using satellite imagery. Further re-examination of the damage also led to a change in rating for several of the damage locations. Of the 18 reanalyzed Kankakee Valley tracks, two were rated EF2, 13 were rated EF1, and three were rated EF0. Additional details on this reanalysis, including the methods used, can be found in the Electronic Journal of Severe Storms Meteorology (Lyza et al. 2019, ���A Multi-Platform Reanalysis of the Kankakee Valley Tornado Cluster on 30 June 2014���).",421
862150,KANKAKEE CO.,PUDER,06/30/2014,2133,Tornado, ,EF0,0,0,0,0,IL,CST-6, ,87952,C,91,LOT,0,0,NWS Storm Survey, ,0.7,120,1,ENE,2,E,PUDER,06/30/2014,2134,41.2759,-87.5744,41.2745,-87.562,"A very short-lived tornado tracked near E. 10500N Rd. Damage occurred to both a house and a barn,  to a swimming pool, and to trees. Maximum winds were estimated to 75 mph.","Extensive damage was sustained from two separate lines of thunderstorms on Monday, June 30th which was officially determined to be from two separate derecho events from Central Iowa east into Michigan and Ohio. Thunderstorms developed over Iowa during the early afternoon and organized into a forward-propagating quasi-linear convective system (QLCS) and tracked to southern Lake Michigan by early to mid evening. Meanwhile, a second complex of intense thunderstorms developed over central and eastern Iowa and also evolved into a QLCS, tracking across northern Illinois and northwest Indiana late in the evening into the overnight hours. ||Across northern Illinois and northwest Indiana, the first derecho event produced scattered straight-line wind damage, with gusts measured as high as 70 MPH.  The second derecho produced far more extensive damage, with 80 to 90 MPH straight line winds and numerous tornadoes.  Initial post-event surveys cataloged 18 tornadoes across northern Illinois and northwest Indiana, 17 of EF1 intensity and one of EF0 intensity.  Of these 18 tornadoes, 14 were associated with a pair of large mesovortices that traveled along the Kankakee River Valley in Kankakee County, Illinois and Lake, Newton, and Jasper Counties in Indiana.  ||Analysis of Google Earth satellite imagery gathered in spring of 2015 showed numerous additional areas of damage not documented in the original survey efforts.  A thorough analysis of this imagery and synthesis with the original survey information led to a complete reanalysis of the Kankakee Valley tornadoes.  Ultimately, 18 tornado tracks were identified alone in the Kankakee Valley, leading to a total of 22 tornadoes for northern Illinois and northwest Indiana. Of the 18 revised tornadoes, 16 of the paths were determined, in part, using satellite imagery. Further re-examination of the damage also led to a change in rating for several of the damage locations. Of the 18 reanalyzed Kankakee Valley tracks, two were rated EF2, 13 were rated EF1, and three were rated EF0. Additional details on this reanalysis, including the methods used, can be found in the Electronic Journal of Severe Storms Meteorology (Lyza et al. 2019, ���A Multi-Platform Reanalysis of the Kankakee Valley Tornado Cluster on 30 June 2014���).",422
862151,KANKAKEE CO.,PUDER,06/30/2014,2133,Tornado, ,EF1,0,0,128000,0,IL,CST-6, ,87952,C,91,LOT,0,0,NWS Storm Survey, ,2.4,410,2,ENE,3,NNE,SHERBURNVILLE,06/30/2014,2136,41.2834,-87.5701,41.2725,-87.5266,"This tornado began near Kankakee County Highway 13 in Illinois and crossed into Indiana just south of E. 10500N Rd. A house under construction (but sealed) had an exterior wall of the garage blown out, part of a second story exterior wall blown in, and a portion of roof removed. A barn also had substantial roof damage along with numerous large trees snapped, uprooted, and partially stripped of their branches. The tornado dissipated south of Lowell, Indiana near Colfax St. Maximum winds were estimated to 110 mph.","Extensive damage was sustained from two separate lines of thunderstorms on Monday, June 30th which was officially determined to be from two separate derecho events from Central Iowa east into Michigan and Ohio. Thunderstorms developed over Iowa during the early afternoon and organized into a forward-propagating quasi-linear convective system (QLCS) and tracked to southern Lake Michigan by early to mid evening. Meanwhile, a second complex of intense thunderstorms developed over central and eastern Iowa and also evolved into a QLCS, tracking across northern Illinois and northwest Indiana late in the evening into the overnight hours. ||Across northern Illinois and northwest Indiana, the first derecho event produced scattered straight-line wind damage, with gusts measured as high as 70 MPH.  The second derecho produced far more extensive damage, with 80 to 90 MPH straight line winds and numerous tornadoes.  Initial post-event surveys cataloged 18 tornadoes across northern Illinois and northwest Indiana, 17 of EF1 intensity and one of EF0 intensity.  Of these 18 tornadoes, 14 were associated with a pair of large mesovortices that traveled along the Kankakee River Valley in Kankakee County, Illinois and Lake, Newton, and Jasper Counties in Indiana.  ||Analysis of Google Earth satellite imagery gathered in spring of 2015 showed numerous additional areas of damage not documented in the original survey efforts.  A thorough analysis of this imagery and synthesis with the original survey information led to a complete reanalysis of the Kankakee Valley tornadoes.  Ultimately, 18 tornado tracks were identified alone in the Kankakee Valley, leading to a total of 22 tornadoes for northern Illinois and northwest Indiana. Of the 18 revised tornadoes, 16 of the paths were determined, in part, using satellite imagery. Further re-examination of the damage also led to a change in rating for several of the damage locations. Of the 18 reanalyzed Kankakee Valley tracks, two were rated EF2, 13 were rated EF1, and three were rated EF0. Additional details on this reanalysis, including the methods used, can be found in the Electronic Journal of Severe Storms Meteorology (Lyza et al. 2019, ���A Multi-Platform Reanalysis of the Kankakee Valley Tornado Cluster on 30 June 2014���).",423
862153,KANKAKEE CO.,PUDER,06/30/2014,2137,Tornado, ,EF0,0,0,0,0,IL,CST-6, ,87952,C,91,LOT,0,0,NWS Storm Survey, ,0.1,165,4,ENE,4,ENE,PUDER,06/30/2014,2138,41.2869,-87.5287,41.286,-87.5268,"This short-lived tornado began just west of the Illinois-Indiana state line and crossed the state line into a grove of trees and ended near Calumet Ave. There were multiple large trees downed with this tornado. Maximum winds were estimated to 90 mph.","Extensive damage was sustained from two separate lines of thunderstorms on Monday, June 30th which was officially determined to be from two separate derecho events from Central Iowa east into Michigan and Ohio. Thunderstorms developed over Iowa during the early afternoon and organized into a forward-propagating quasi-linear convective system (QLCS) and tracked to southern Lake Michigan by early to mid evening. Meanwhile, a second complex of intense thunderstorms developed over central and eastern Iowa and also evolved into a QLCS, tracking across northern Illinois and northwest Indiana late in the evening into the overnight hours. ||Across northern Illinois and northwest Indiana, the first derecho event produced scattered straight-line wind damage, with gusts measured as high as 70 MPH.  The second derecho produced far more extensive damage, with 80 to 90 MPH straight line winds and numerous tornadoes.  Initial post-event surveys cataloged 18 tornadoes across northern Illinois and northwest Indiana, 17 of EF1 intensity and one of EF0 intensity.  Of these 18 tornadoes, 14 were associated with a pair of large mesovortices that traveled along the Kankakee River Valley in Kankakee County, Illinois and Lake, Newton, and Jasper Counties in Indiana.  ||Analysis of Google Earth satellite imagery gathered in spring of 2015 showed numerous additional areas of damage not documented in the original survey efforts.  A thorough analysis of this imagery and synthesis with the original survey information led to a complete reanalysis of the Kankakee Valley tornadoes.  Ultimately, 18 tornado tracks were identified alone in the Kankakee Valley, leading to a total of 22 tornadoes for northern Illinois and northwest Indiana. Of the 18 revised tornadoes, 16 of the paths were determined, in part, using satellite imagery. Further re-examination of the damage also led to a change in rating for several of the damage locations. Of the 18 reanalyzed Kankakee Valley tracks, two were rated EF2, 13 were rated EF1, and three were rated EF0. Additional details on this reanalysis, including the methods used, can be found in the Electronic Journal of Severe Storms Meteorology (Lyza et al. 2019, ���A Multi-Platform Reanalysis of the Kankakee Valley Tornado Cluster on 30 June 2014���).",424
533090,MERCER CO.,ALEDO MERCER CO ARPT,07/12/2014,2020,Tornado, ,EF0,0,0,0,0,IL,CST-6, ,88385,C,131,DVN,0,0,Public, ,0.38,50,1,NNW,1,S,GINGLE CORNERS,07/12/2014,2021,41.2584,-90.7362,41.2601,-90.731,"This EF-0 tornado with peak winds of 75 mph produced damage primarily to corn crops.","A disturbance moving across the region caused a warm front to lift northward across northwest Illinois during the late afternoon and evening. Thunderstorms moving eastward from Iowa produced strong gusty winds that resulted in damage to trees in far northwest Illinois. Farther to the south across Mercer and Henry Counties, a thunderstorm produced a series of 4 tornadoes causing damage to crops, trees, and an outbuilding. Heavy rain also fell along and north of Interstate 80 where 2 to 4 inches was reported.",425
533105,MERCER CO.,OLD GILCHRIST,07/12/2014,2030,Tornado, ,EF1,0,0,0,10000,IL,CST-6, ,88385,C,131,DVN,0,0,Public, ,3.7,100,3,NW,0,NE,MATHERVILLE,07/12/2014,2040,41.2674,-90.6666,41.2731,-90.5958,"This tornado was rated EF-1 with a peak wind of 105 mph. Along its 3.6 mile path, this tornado crossed the roadway in several locations causing damage to crops, power poles and lines as well as to trees. Some branches were 1 to 3 inches in diameter and some tree trunks snapped off.","A disturbance moving across the region caused a warm front to lift northward across northwest Illinois during the late afternoon and evening. Thunderstorms moving eastward from Iowa produced strong gusty winds that resulted in damage to trees in far northwest Illinois. Farther to the south across Mercer and Henry Counties, a thunderstorm produced a series of 4 tornadoes causing damage to crops, trees, and an outbuilding. Heavy rain also fell along and north of Interstate 80 where 2 to 4 inches was reported.",426
533109,MERCER CO.,GRIFFIN,07/12/2014,2046,Tornado, ,EF1,0,0,0,0,IL,CST-6, ,88385,C,131,DVN,0,0,Public, ,2.78,50,3,WNW,2,SSE,CABLE,07/12/2014,2055,41.2387,-90.5289,41.2588,-90.4826,"This tornado was rated EF-1 with peak winds of 100 mph. Along its 2.78 mile path length, this tornado produced mainly crop and tree damage with numerous 1 to 3 inch tree limbs down as well as several large tree trunks snapped off. An outbuilding was also destroyed.","A disturbance moving across the region caused a warm front to lift northward across northwest Illinois during the late afternoon and evening. Thunderstorms moving eastward from Iowa produced strong gusty winds that resulted in damage to trees in far northwest Illinois. Farther to the south across Mercer and Henry Counties, a thunderstorm produced a series of 4 tornadoes causing damage to crops, trees, and an outbuilding. Heavy rain also fell along and north of Interstate 80 where 2 to 4 inches was reported.",427
533112,HENRY CO.,ALPHA,07/12/2014,2100,Tornado, ,EF1,0,0,0,0,IL,CST-6, ,88385,C,73,DVN,0,0,Public, ,0.66,50,3,WNW,2,NW,ALPHA,07/12/2014,2101,41.2141,-90.4256,41.2185,-90.4143,"This tornado was rated EF-1 with peak winds of 105 mph. Its path length was less than a mile. Several large trees were blown over along both sides of the road with other trees snapped off and some crop damage.","A disturbance moving across the region caused a warm front to lift northward across northwest Illinois during the late afternoon and evening. Thunderstorms moving eastward from Iowa produced strong gusty winds that resulted in damage to trees in far northwest Illinois. Farther to the south across Mercer and Henry Counties, a thunderstorm produced a series of 4 tornadoes causing damage to crops, trees, and an outbuilding. Heavy rain also fell along and north of Interstate 80 where 2 to 4 inches was reported.",428
548125,RANDOLPH CO.,RUMA,10/13/2014,1159,Tornado, ,EF0,0,0,0,0,IL,CST-6, ,91469,C,157,LSX,0,0,NWS Storm Survey, ,0.29,50,1,WSW,1,W,RUMA,10/13/2014,1200,38.1272,-90.0143,38.1313,-90.0128,"A tornado touched down near the far western extension of St. Patricks Road. In this location, a barn had one of it's walls blown out and part of the roof torn off. Several other buildings in the area sustained minor to moderate roof damage. Then the tornado tracked to the north northeast, crossing Illinois Route 155 west of Ruma, about a tenth of a mile west of intersection with Pioneer Lane.  Just north of Illinois Route 155, two large trees were snapped off.  One tree landed on a nearby house causing minor roof damage. The tornado then lifted and dissipated.","A warm front lifted north through the region triggering showers and thunderstorms. Four tornadoes occurred with the storms.",429
548126,ST. CLAIR CO.,WILDERMAN,10/13/2014,1224,Tornado, ,EF1,0,0,0,0,IL,CST-6, ,91469,C,163,LSX,0,0,NWS Storm Survey, ,1.38,100,0,E,1,NNE,WILDERMAN,10/13/2014,1227,38.4703,-89.9263,38.4895,-89.9195,"A tornado touched down around a quarter of a mile southwest of the Illinois Route 13/15 and Jefferson Road intersection, where it uprooted or snapped off several large trees.  It traveled to the north northeast and crossed Illinois Route 13/15, moving through the Maple Hills Subdivision. In this area it caused minor to moderate roof damage to several homes.  It then moved into the Orchards Golf Club where it caused minor damage to a couple of homes and either uprooted or snapped off several large trees.  The tornado then lifted and dissipated on the northern end of the golf club.","A warm front lifted north through the region triggering showers and thunderstorms. Four tornadoes occurred with the storms.",430
548154,ST. CLAIR CO.,SUMMERFIELD,10/13/2014,1243,Tornado, ,EF1,0,0,0,0,IL,CST-6, ,91469,C,163,LSX,0,0,NWS Storm Survey, ,0.25,50,5,SSE,4,SSE,SUMMERFIELD,10/13/2014,1244,38.5363,-89.7248,38.5399,-89.7238,"A tornado touched down one tenth of a mile northwest of the intersection of Illinois Route 161 and Ruth School House Road.  It moved almost due north striking a farm, destroying a couple of outbuildings before lifting and dissipating.","A warm front lifted north through the region triggering showers and thunderstorms. Four tornadoes occurred with the storms.",431
545772,SHELBY CO.,MOWEAQUA HILVETY ARP,10/13/2014,1454,Tornado, ,EF2,0,0,235000,0,IL,CST-6, ,91043,C,173,ILX,0,0,NWS Storm Survey, ,1.56,200,1,SSE,1,ENE,MOWEAQUA HILVETY ARP,10/13/2014,1456,39.631,-88.9567,39.6535,-88.9558,"A tornado touched down 3.4 miles east of Moweaqua along county road 1000E between county roads 2800N and 2900N at 3:54 PM CDT.  Two machine sheds were destroyed and several trees were broken at this location.  As the tornado tracked northward, it struck a farmstead along the Shelby/Macon county line just east of county road 1000E.  The house sustained major damage to its roof and windows on the south side of the building, with significant damage to an attached garage.  Several trees were snapped and outbuildings were destroyed before the tornado crossed into southern Macon County at 3:56 PM CDT.","A deepening area of low pressure lifting from the southern Plains towards the Great Lakes dragged a strong cold front into central Illinois during the afternoon of October 13th.  A squall line developed ahead of the front, with a few of the embedded cells becoming severe.  A total of 3 tornadoes touched down from far northern Shelby County into eastern Macon County, including an EF-2 tornado that caused significant damage to a house near the Shelby/Macon County border.",432
545775,MACON CO.,WALKER,10/13/2014,1456,Tornado, ,EF1,0,0,25000,250000,IL,CST-6, ,91043,C,115,ILX,0,0,NWS Storm Survey, ,8.44,200,3,ESE,1,SE,TURPIN,10/13/2014,1507,39.6535,-88.9558,39.7707,-88.9108,"This tornado crossed from Shelby County into southern Macon County 4.6 southeast of Macon at 3:56 PM CDT.  The tornado flattened several areas of corn and soybeans from along Crosson Road northeastward past Walker Road, with the greatest crop damage occurring along East Andrews Street Road between Cornthwaite and Sanner Roads.  The tornado continued northeastward, damaging the roof of a barn before dissipating 2 miles west-southwest of Mt. Zion at 4:07 CDT.","A deepening area of low pressure lifting from the southern Plains towards the Great Lakes dragged a strong cold front into central Illinois during the afternoon of October 13th.  A squall line developed ahead of the front, with a few of the embedded cells becoming severe.  A total of 3 tornadoes touched down from far northern Shelby County into eastern Macon County, including an EF-2 tornado that caused significant damage to a house near the Shelby/Macon County border.",433
541928,JEFFERSON CO.,DIX,10/13/2014,1506,Tornado, ,EF1,0,0,10000,0,IL,CST-6, ,90231,C,81,PAH,0,0,NWS Storm Survey, ,2.47,100,1,NNE,3,N,TEXICO,10/13/2014,1510,38.4443,-88.9185,38.4765,-88.8986,"The tornado first touched down just northeast of Dix, snapping a couple of trees and downing large limbs. The tornado moved northeast, uprooting a tree and damaging some others. At a residence at the end of County Road 2330, shingles were blown off a mobile home, several trees were uprooted, and patio furniture was thrown about 25 yards in all directions. This residence is where the strongest winds occurred, estimated near 105 mph. The tornado downed corn, broke large tree limbs, and uprooted a large oak tree as it crossed County Road 32 from Jefferson County into Marion County.","A broken squall line oriented from north to south moved slowly eastward across southern Illinois. Individual storm cells within the line raced north-northeast at 50 to 65 mph. Storm development was fostered by modest solar heating as surface dew points climbed into the mid and upper 60's. Low level confluence ahead of a slow-moving surface low over southern Missouri aided the intensification of the squall line. Strengthening wind fields associated with an upper level trough approaching from the southern Plains contributed to isolated tornadoes with the longer-lived storms. Strong low-level winds, around 50 knots at 1 kilometer above the ground, enhanced the risk of mesovortices and isolated tornadoes within the squall line despite a dearth of instability.",434
541929,JEFFERSON CO.,BLUFORD,10/13/2014,1507,Tornado, ,EF1,0,0,50000,0,IL,CST-6, ,90231,C,81,PAH,0,0,NWS Storm Survey, ,0.66,50,3,N,3,SSE,HARMONY,10/13/2014,1508,38.3715,-88.7566,38.381,-88.7553,"This brief tornado touchdown occurred along County Road 2100 north of Bluford. Power lines were blown down. A barn was damaged, with metal roofing peeled toward the north. The tornado damaged the roof of a house and destroyed a barn. Metal chairs were pushed up along a railing near the house. Trees were snapped and uprooted. Peak winds were estimated up to 105 mph.","A broken squall line oriented from north to south moved slowly eastward across southern Illinois. Individual storm cells within the line raced north-northeast at 50 to 65 mph. Storm development was fostered by modest solar heating as surface dew points climbed into the mid and upper 60's. Low level confluence ahead of a slow-moving surface low over southern Missouri aided the intensification of the squall line. Strengthening wind fields associated with an upper level trough approaching from the southern Plains contributed to isolated tornadoes with the longer-lived storms. Strong low-level winds, around 50 knots at 1 kilometer above the ground, enhanced the risk of mesovortices and isolated tornadoes within the squall line despite a dearth of instability.",435
548155,MARION CO.,KELL,10/13/2014,1510,Tornado, ,EF1,0,0,0,0,IL,CST-6, ,91469,C,121,LSX,0,0,NWS Storm Survey, ,1.05,75,2,S,1,SE,KELL,10/13/2014,1512,38.4767,-88.8985,38.491,-88.8919,"The tornado crossed the Jefferson/Marion County line from WFO Paducah's county warning area into WFO St. Louis's CWA (Walnut Hill Road) about two tenths of a mile west of the intersection of Walnut Hill Road and North Tulip Lane. In this area several large trees were blown over. The tornado continued to move north northeast. It caused moderate roof damage to an outbuilding and destroyed a carport on Kell Road, about seven tenths of a mile east of Kell.  The tornado then lifted and dissipated. The path length in Marion County was 1.05 miles with a max path width of 75 yards. This section of the tornado was rated EF1.  Overall, the path length was 3.5 miles with a max path width of 100 yards and was rated EF1.","A warm front lifted north through the region triggering showers and thunderstorms. Four tornadoes occurred with the storms.",436
545776,MACON CO.,(DEC)DECATUR ARPT,10/13/2014,1512,Tornado, ,EF1,0,0,10000,0,IL,CST-6, ,91043,C,115,ILX,0,0,NWS Storm Survey, ,0.2,50,1,SSW,1,SSW,(DEC)DECATUR ARPT,10/13/2014,1513,39.8184,-88.88,39.8207,-88.8777,"A tornado briefly touched down south of the Decatur Airport along Illinois Route 121 just south of the US-36 intersection at 4:12 PM CDT.  A traffic signal mast was snapped, power lines were knocked down, two trees were snapped, and a shed and dumpster were overturned.  The tornado quickly dissipated by 4:13 PM CDT.","A deepening area of low pressure lifting from the southern Plains towards the Great Lakes dragged a strong cold front into central Illinois during the afternoon of October 13th.  A squall line developed ahead of the front, with a few of the embedded cells becoming severe.  A total of 3 tornadoes touched down from far northern Shelby County into eastern Macon County, including an EF-2 tornado that caused significant damage to a house near the Shelby/Macon County border.",437
545777,MACON CO.,NEWBURG,10/13/2014,1529,Tornado, ,EF0,0,0,0,0,IL,CST-6, ,91043,C,115,ILX,0,0,NWS Storm Survey, ,2.75,50,3,NNE,6,NNE,NEWBURG,10/13/2014,1533,40.0188,-88.7722,40.0535,-88.7467,"A tornado touched down 3.7 miles northeast of Argenta near Friends Creek County Park at 4:29 PM CDT, then tracked northeastward to near the intersection of Macon, Piatt, and DeWitt counties along Illinois Route 48 near Lake Fork before dissipating at 4:33 PM CDT.  The tornado remained in open fields and caused no damage.","A deepening area of low pressure lifting from the southern Plains towards the Great Lakes dragged a strong cold front into central Illinois during the afternoon of October 13th.  A squall line developed ahead of the front, with a few of the embedded cells becoming severe.  A total of 3 tornadoes touched down from far northern Shelby County into eastern Macon County, including an EF-2 tornado that caused significant damage to a house near the Shelby/Macon County border.",438
