EVENT_ID,CZ_NAME_STR,BEGIN_LOCATION,BEGIN_DATE,BEGIN_TIME,EVENT_TYPE,MAGNITUDE,TOR_F_SCALE,DEATHS_DIRECT,INJURIES_DIRECT,DAMAGE_PROPERTY_NUM,DAMAGE_CROPS_NUM,STATE_ABBR,CZ_TIMEZONE,MAGNITUDE_TYPE,EPISODE_ID,CZ_TYPE,CZ_FIPS,WFO,INJURIES_INDIRECT,DEATHS_INDIRECT,SOURCE,FLOOD_CAUSE,TOR_LENGTH,TOR_WIDTH,BEGIN_RANGE,BEGIN_AZIMUTH,END_RANGE,END_AZIMUTH,END_LOCATION,END_DATE,END_TIME,BEGIN_LAT,BEGIN_LON,END_LAT,END_LON,EVENT_NARRATIVE,EPISODE_NARRATIVE,ABSOLUTE_ROWNUMBER
1016860,WHITESIDE CO.,ERIE,03/05/2022,2113,Tornado, ,EF1,0,0,0,0,IL,CST-6, ,168007,C,195,DVN,0,0,NWS Storm Survey, ,3.98,50,2,NE,0,WSW,DENROCK,03/05/2022,2118,41.6757,-90.0558,41.6984,-89.985,"An EF1 tornado tracked across rural Whiteside County. Max wind speeds were estimated at 90-95 MPH. Damage to trees and farm sheds were found along the 4 mile long path. The tornado was 50 yards at it widest.","Severe thunderstorms tracked across northwest Illinois  during the late afternoon and evening of Saturday March 5, 2022. Thunderstorms initially developed in southwest Iowa, and moved across central Iowa during the afternoon hours, before crossing the Mississippi River into northwest Illinois during evening hours. Storms produced damaging winds and a tornado in northwest Illinois. Winds around 60-75 MPH were reported from trained spotters and first responders, with confirmed reports of damage in some locations. There was an EF-1 tornado northeast of Erie, Illinois.",1
1015350,MASON CO.,BIGGS,03/05/2022,2211,Tornado, ,EF0,0,0,0,0,IL,CST-6, ,167762,C,125,ILX,0,0,NWS Storm Survey, ,6.93,50,4,SW,0,ESE,EASTON,03/05/2022,2219,40.1971,-89.9508,40.2292,-89.8263,"A tornado touched down 4.4 miles northeast of Kilbourne at 10:11pm CST.  It tracked northeastward, knocking over 6 irrigation systems and damaging several trees before dissipating 1 mile east of Easton at 10:19pm CST.","A cold front pushing across Iowa and Missouri interacted with a warm and moist environment to trigger a line of strong to severe thunderstorms during the late afternoon of March 5th.  The storms advanced eastward into central Illinois during the evening, producing wind gusts of 50-60mph and sporadic damage.  An EF-0 tornado touched down northeast of Kilbourne in Mason County causing damage to farm irrigation systems, power poles, and a few trees.",2
1014512,MONTGOMERY CO.,WAGGONER,03/05/2022,2257,Tornado, ,EF1,0,0,50000,0,IL,CST-6, ,167627,C,135,LSX,0,0,NWS Employee, ,3.89,40,2,NNW,2,E,FARMERSVILLE,03/05/2022,2300,39.403,-89.664,39.436,-89.605,"A brief tornado touched down on the evening of March 5th, 2022 just south of Farmersville, IL. The tornado first touched down near East 2nd Road, where it did damage to a one story residence. At this location, the tornado ripped the roof off the garage of a home and the awning off the front porch. The tornado continued northeast, doing some minor damage to a farm building just west of Interstate 55. As it crossed Interstate 55, it blew over a semi truck on the highway. The tornado continued east of Interstate 55, doing substantial damage to some large farm buildings along Morrisonville Avenue and East 4th Road. From there, the tornado began to weaken as it struck a newly constructed hog farm along East 5th Road, before quickly lifting near Macoupin Creek. Overall, the tornado was rated EF-1 with a path length of 3.89 miles and a max path width of 40 yards. No deaths or injuries were reported.","A strong cold front moved through the region, triggering showers and storms. Some of the storms became severe with damaging winds and an isolated tornado.",3
1008216,FRANKLIN CO.,THOMPSONVILLE,03/30/2022,1623,Tornado, ,EF0,0,0,62000,0,IL,CST-6, ,166660,C,55,PAH,0,0,NWS Storm Survey, ,4.05,100,3,NW,0,E,AKIN,03/30/2022,1631,37.9507,-88.8089,37.98,-88.7445,"Trees were uprooted and snapped. Three outbuildings were partially damaged. A few houses sustained shingle damage. There was roof and siding damage to homes in Akin. Maximum winds were estimated near 80 mph based on a storm damage survey.","A broken squall line of showers and thunderstorms produced scattered pockets of strong winds and a few tornadoes. The strongly forced squall line was accompanied by several transient meso-vortices within an environment of very strong low level wind shear. Very limited instability reduced the longevity of these meso-vortices. Dew points  in the upper 50's ahead of the line proved sufficient for a few tornadoes. A very strong low-level jet in excess of 80 knots supported the wind damage and tornado events along the line. Lightning was absent at times from the line. The line formed ahead of a strong cold front that trailed southward from a low pressure center passing north of the region. A very strong 500 mb shortwave pivoted east-northeast from the southern Plains, further enhancing the convection despite weak instability.",4
1008220,WAYNE CO.,FAIRFIELD,03/30/2022,1701,Tornado, ,EF0,0,0,30000,0,IL,CST-6, ,166660,C,191,PAH,0,0,NWS Storm Survey, ,0.3,50,2,SSW,1,SSW,FAIRFIELD,03/30/2022,1702,38.3586,-88.3813,38.3626,-88.3792,"A brief touchdown occurred along Walnut Grove Road. There was a public eyewitness of the tornado. Shingle damage occurred to a few houses. Some larger branches on a few trees were snapped. There was minor damage to a couple of outbuildings. Peak winds were estimated near 75 mph.","A broken squall line of showers and thunderstorms produced scattered pockets of strong winds and a few tornadoes. The strongly forced squall line was accompanied by several transient meso-vortices within an environment of very strong low level wind shear. Very limited instability reduced the longevity of these meso-vortices. Dew points  in the upper 50's ahead of the line proved sufficient for a few tornadoes. A very strong low-level jet in excess of 80 knots supported the wind damage and tornado events along the line. Lightning was absent at times from the line. The line formed ahead of a strong cold front that trailed southward from a low pressure center passing north of the region. A very strong 500 mb shortwave pivoted east-northeast from the southern Plains, further enhancing the convection despite weak instability.",5
1008219,WHITE CO.,NORRIS CITY,03/30/2022,1711,Tornado, ,EF1,0,0,200000,0,IL,CST-6, ,166660,C,193,PAH,0,0,NWS Storm Survey, ,6.62,400,5,ENE,1,NNE,CARMI,03/30/2022,1718,38.0077,-88.2352,38.0867,-88.1665,"This tornado formed in rural farm country several miles southwest of Carmi, then tracked northeast across residential areas in the southeast and east central parts of the city of Carmi. At least a dozen houses received shingle damage, mostly in Carmi. A few large sheds were extensively damaged, one of which was completely destroyed. Some of the debris from a shed was blown into an assisted living center in Carmi. Dozens of trees were uprooted or snapped, some of which blocked roads. One small johnboat was blown into a pond. Power poles and lines were down along the path. Peak winds based on a storm damage survey were estimated near 100 mph.","A broken squall line of showers and thunderstorms produced scattered pockets of strong winds and a few tornadoes. The strongly forced squall line was accompanied by several transient meso-vortices within an environment of very strong low level wind shear. Very limited instability reduced the longevity of these meso-vortices. Dew points  in the upper 50's ahead of the line proved sufficient for a few tornadoes. A very strong low-level jet in excess of 80 knots supported the wind damage and tornado events along the line. Lightning was absent at times from the line. The line formed ahead of a strong cold front that trailed southward from a low pressure center passing north of the region. A very strong 500 mb shortwave pivoted east-northeast from the southern Plains, further enhancing the convection despite weak instability.",6
1020525,CHRISTIAN CO.,SHARPSBURG,04/24/2022,1649,Tornado, ,EF1,0,0,0,0,IL,CST-6, ,168560,C,21,ILX,0,0,NWS Storm Survey, ,0.89,50,3,E,3,NW,WILLEYS,04/24/2022,1650,39.6236,-89.2993,39.6283,-89.2837,"A tornado touched down 3 miles east-northeast of Sharpsburg at 5:49 PM CDT.  The tornado demolished a 60 by 120-foot shed along East 1900 North Road just west of North 1300 East Road.  Damage from the shed was thrown about a mile to the east-northeast.  The tornado quickly dissipated 4 miles east-northeast of Sharpsburg at 5:50 PM CDT.","A cold front interacting with a seasonably warm and humid airmass triggered a broken line of strong to severe thunderstorms across central Illinois during the afternoon of April 24th.  One of the cells spawned a brief EF-1 tornado northeast of Sharpsburg in Christian County.  Meanwhile other storms produced wind gusts of 50 to 60mph and isolated damage across portions of Sangamon and Christian counties.",7
1015443,DU PAGE CO.,WESTMONT,04/30/2022,1544,Tornado, ,EF0,0,0,0,0,IL,CST-6, ,167550,C,43,LOT,0,0,NWS Storm Survey, ,1.9,60,2,N,0,SE,OAK BROOK,04/30/2022,1547,41.8215,-87.9751,41.837,-87.9453,"A tornado with peak winds to 75 mph touched down just west of the Hilton Hotel and Willow Crest Golf Club, where an outbuilding had its roof removed.  The tornado moved northeast, crossing Route 83 near Route 34 and then moved across Central Park where a light post was blown down.  The tornado lifted just east of Jorie Boulevard.  Tree limbs were snapped and a few trees were uprooted along the path of this tornado.","Scattered severe thunderstorms moved across northern Illinois on April 30th producing three tornadoes, large hail, localized wind damage and minor flooding.",8
1015445,BOONE CO.,CANDLEWICK LAKE,04/30/2022,1654,Tornado, ,EF0,0,0,0,0,IL,CST-6, ,167550,C,7,LOT,0,0,NWS Storm Survey, ,0.5,60,1,W,0,NNW,CANDLEWICK LAKE,04/30/2022,1655,42.3516,-88.8716,42.3555,-88.8642,"A tornado with peak winds of 80 mph touched down just west of Candlewick Lake, near the intersection of Candlewick Drive and Briar Cliff Street.  Several softwood trees were uprooted and snapped at the start of the path and laid in a convergent pattern.  The tornado continued northeast across Candlewick Lake, where several floating docks were thrown across the lake.  The tornado lifted as it reached the eastern side of the lake.","Scattered severe thunderstorms moved across northern Illinois on April 30th producing three tornadoes, large hail, localized wind damage and minor flooding.",9
1017792,BOONE CO.,BLAINE,04/30/2022,1707,Tornado, ,EFU,0,0,0,0,IL,CST-6, ,167550,C,7,LOT,0,0,Public, ,0.12,30,3,ENE,3,ENE,BLAINE,04/30/2022,1708,42.4745,-88.7432,42.4758,-88.7416,"Based on two photos, a brief tornado touched down in a field just northeast of the intersection of Coon Trail and Capron Roads.  No damage was reported.","Scattered severe thunderstorms moved across northern Illinois on April 30th producing three tornadoes, large hail, localized wind damage and minor flooding.",10
1020545,MCLEAN CO.,COLFAX,04/30/2022,1746,Tornado, ,EFU,0,0,0,0,IL,CST-6, ,168561,C,113,ILX,0,0,Trained Spotter, ,0.31,30,3,SW,3,SW,COLFAX,04/30/2022,1747,40.5399,-88.6605,40.544,-88.6583,"A tornado touched down in an open field south of 1800 North and just west of North 3200 East Road about 3 miles southwest of Colfax at 6:46 PM CDT.  It tracked north-northeastward and became shrouded in rain before quickly dissipating by 6:47 PM CDT.  No damage was observed.","A cold front triggered a line of strong to severe thunderstorms across central Illinois during the late afternoon and evening of April 30th.  One of the storms spawned a brief rain-wrapped tornado in rural McLean County southwest of Colfax.  No damage was reported.  Other storms along the line produced hail as large as half dollars and a few damaging wind gusts.  The storms primarily impacted locations from the I-55 corridor eastward to I-57 before weakening as they tracked further east later in the evening.",11
1020621,MCDONOUGH CO.,GOOD HOPE,05/13/2022,1549,Tornado, ,EFU,0,0,0,0,IL,CST-6, ,168568,C,109,DVN,0,0,Storm Chaser, ,0.15,10,2,N,2,N,GOOD HOPE,05/13/2022,1559,40.5798,-90.6815,40.5802,-90.6787,"A storm chaser reported a nearly stationary landspout on the ground, kicking up dust. There was no observable damage to assign an EF-scale rating.","A line of showers and thunderstorms developed during the late afternoon of Friday, May 13, 2022 generally along and east of the Mississippi River in northwest Illinois. Some thunderstorms did become severe along that line, and produced all modes of severe weather including hail up to one inch, wind gusts to 60 MPH and three landspout tornadoes. One occurred near Good Hope IL, with the other two just south of Monmouth IL. Some reports of flooding were also received, especially near Roseville IL.",12
1020625,WARREN CO.,MONMOUTH,05/13/2022,1608,Tornado, ,EFU,0,0,0,0,IL,CST-6, ,168568,C,187,DVN,0,0,Emergency Manager, ,0.12,10,3,SSW,3,SSW,MONMOUTH,05/13/2022,1610,40.884,-90.6606,40.8849,-90.6587,"A brief landspout tornado was reported by emergency management. No damage was observed to assign an EF-scale rating.","A line of showers and thunderstorms developed during the late afternoon of Friday, May 13, 2022 generally along and east of the Mississippi River in northwest Illinois. Some thunderstorms did become severe along that line, and produced all modes of severe weather including hail up to one inch, wind gusts to 60 MPH and three landspout tornadoes. One occurred near Good Hope IL, with the other two just south of Monmouth IL. Some reports of flooding were also received, especially near Roseville IL.",13
1020626,WARREN CO.,MONMOUTH,05/13/2022,1620,Tornado, ,EFU,0,0,0,0,IL,CST-6, ,168568,C,187,DVN,0,0,Law Enforcement, ,0.11,10,3,SW,3,SW,MONMOUTH,05/13/2022,1622,40.8897,-90.661,40.8903,-90.659,"A brief landspout tornado was reported by law enforcement. No damage was observed to assign an EF-scale rating.","A line of showers and thunderstorms developed during the late afternoon of Friday, May 13, 2022 generally along and east of the Mississippi River in northwest Illinois. Some thunderstorms did become severe along that line, and produced all modes of severe weather including hail up to one inch, wind gusts to 60 MPH and three landspout tornadoes. One occurred near Good Hope IL, with the other two just south of Monmouth IL. Some reports of flooding were also received, especially near Roseville IL.",14
1024214,MARION CO.,TEXAS CORNER,05/15/2022,1454,Tornado, ,EFU,0,0,0,0,IL,CST-6, ,169084,C,121,LSX,0,0,Emergency Manager, ,0.11,30,2,NNW,1,NNW,TEXAS CORNER,05/15/2022,1455,38.64,-89.012,38.64,-89.01,"A brief tornado was captured on several videos. It touched down about half a mile south of the intersection of Boone Street and Hoots Chapel Road, to the east of Hoots Chapel Road in an empty field. Duration was likely less than 1 minute, no damage or injuries. The tornado was rated EFU with an estimated path length of 0.11 miles and an estimated path width of 30 yards.","As a cold front moved through the region, it triggered showers and storms. Some of the storms became severe with reports of damaging winds, large hail and a brief tornado.",15
1024267,ST. CLAIR CO.,SUMMERFIELD,05/19/2022,1644,Tornado, ,EF0,0,0,10000,0,IL,CST-6, ,169090,C,163,LSX,0,0,NWS Storm Survey, ,0.23,50,1,N,1,N,SUMMERFIELD,05/19/2022,1645,38.614,-89.751,38.617,-89.749,"A weak tornado touched down over a residence just east of Summerfield Street/St. Jacob Road, 1 mile north of Summerfield, IL. Trees suffered damage on the property before the tornado continued north-northeast through a small, open field. The tornado impacted a row of trees on the north edge of the field, entered another field and lifted approximately one minute after initially developing. Overall, the tornado was rated EF0 with a path length of 0.23 miles and a max path width of 50 yards. No deaths or injuries were reported.","During the early afternoon of Thursday, May 19, 2022, a complex of thunderstorms expanded and intensified over sections of south-central Missouri. Thunderstorms quickly became strong to severe as the complex tracked east-northeast, impacting east-central Missouri, southeast Missouri, west-central Illinois and southwest Illinois. Numerous thunderstorms embedded within the broad complex exhibited signs of rotation, resulting in nine confirmed tornadoes. Of the nine tornadoes, six tornadoes occurred in Missouri and three occurred in Illinois. In Missouri, five of the six tornadoes were rated EF-0 and one tornado was rated EF-1. In Illinois, two tornadoes were rated EF-0, while the third was rated EF-1. In addition to the nine tornadoes, several locations were impacted by straight-line wind damage. The greatest impact from straight-line winds extended west to east through sections of southeast Missouri into southwest Illinois. The most extensive straight-line wind damage was in a swath from Desloge, MO through Chester, IL. Between the tornadoes and straight-line winds, much of the damage was similar in nature, taking out several trees, damaging outbuildings, machine sheds, and a few grain silos. Some residential homes also suffered damage, largely due to fallen trees, large limbs and/or flying debris. No fatalities nor injuries were reported.",16
1024268,CLINTON CO.,BARTELSO,05/19/2022,1653,Tornado, ,EF0,0,0,30000,0,IL,CST-6, ,169090,C,27,LSX,0,0,NWS Storm Survey, ,1.65,50,8,SSW,6,S,BARTELSO,05/19/2022,1654,38.424,-89.5,38.442,-89.48,"A weak tornado touched down briefly 2.8 miles east-southeast of Okawville, Illinois, traveled 1.6 miles northeast and lifted 3.9 miles east-northeast of Okawville, Illinois. A few sheds and outbuildings suffered damage along the path of the tornado, including one shed that was completely destroyed. Maximum wind speed of the tornado was estimated at 85 mph at the site of the destroyed shed. Crop damage was also observed. Overall, the tornado was rated EF0 with a path length of 1.65 miles and a max path width of 50 yards. No deaths or injuries were reported.","During the early afternoon of Thursday, May 19, 2022, a complex of thunderstorms expanded and intensified over sections of south-central Missouri. Thunderstorms quickly became strong to severe as the complex tracked east-northeast, impacting east-central Missouri, southeast Missouri, west-central Illinois and southwest Illinois. Numerous thunderstorms embedded within the broad complex exhibited signs of rotation, resulting in nine confirmed tornadoes. Of the nine tornadoes, six tornadoes occurred in Missouri and three occurred in Illinois. In Missouri, five of the six tornadoes were rated EF-0 and one tornado was rated EF-1. In Illinois, two tornadoes were rated EF-0, while the third was rated EF-1. In addition to the nine tornadoes, several locations were impacted by straight-line wind damage. The greatest impact from straight-line winds extended west to east through sections of southeast Missouri into southwest Illinois. The most extensive straight-line wind damage was in a swath from Desloge, MO through Chester, IL. Between the tornadoes and straight-line winds, much of the damage was similar in nature, taking out several trees, damaging outbuildings, machine sheds, and a few grain silos. Some residential homes also suffered damage, largely due to fallen trees, large limbs and/or flying debris. No fatalities nor injuries were reported.",17
1024271,CLINTON CO.,ST ROSE,05/19/2022,1657,Tornado, ,EF1,0,0,50000,0,IL,CST-6, ,169090,C,27,LSX,0,0,NWS Storm Survey, ,5.75,250,2,SE,2,ENE,JAMESTOWN,05/19/2022,1704,38.663,-89.519,38.741,-89.482,"A tornado with estimated maximum wind speeds of 110 mph impacted northern Clinton and southern Bond counties in Illinois. The tornado touched down around 5:57 PM 3.6 miles north of Breese (Clinton County), just west of Jamestown Road, about half a mile south of intersection with Tin Shanty Road. Three farms in this area sustained damage to a number of buildings, as well as one residence. The tornado continued to travel to the north northeast with additional damage to several more residences and outbuildings before crossing into southern Bond County, at the intersection of Keysport Road and Schrage Road. The tornado was rated EF1 in Clinton County with a path length of 5.75 miles and a max path width of 250 yards. No deaths or injuries were reported.","During the early afternoon of Thursday, May 19, 2022, a complex of thunderstorms expanded and intensified over sections of south-central Missouri. Thunderstorms quickly became strong to severe as the complex tracked east-northeast, impacting east-central Missouri, southeast Missouri, west-central Illinois and southwest Illinois. Numerous thunderstorms embedded within the broad complex exhibited signs of rotation, resulting in nine confirmed tornadoes. Of the nine tornadoes, six tornadoes occurred in Missouri and three occurred in Illinois. In Missouri, five of the six tornadoes were rated EF-0 and one tornado was rated EF-1. In Illinois, two tornadoes were rated EF-0, while the third was rated EF-1. In addition to the nine tornadoes, several locations were impacted by straight-line wind damage. The greatest impact from straight-line winds extended west to east through sections of southeast Missouri into southwest Illinois. The most extensive straight-line wind damage was in a swath from Desloge, MO through Chester, IL. Between the tornadoes and straight-line winds, much of the damage was similar in nature, taking out several trees, damaging outbuildings, machine sheds, and a few grain silos. Some residential homes also suffered damage, largely due to fallen trees, large limbs and/or flying debris. No fatalities nor injuries were reported.",18
1024276,BOND CO.,BADEN BADEN,05/19/2022,1704,Tornado, ,EF1,0,0,20000,0,IL,CST-6, ,169090,C,5,LSX,0,0,NWS Storm Survey, ,10.9,250,3,SE,1,ESE,GREENVILLE,05/19/2022,1716,38.741,-89.482,38.882,-89.391,"The tornado crossed into southern Bond County at the intersection of Keysport Road and Schrage Road. It continued to travel to the north northeast. It caused roof damage to an outbuilding as well as snapping off a couple of large trees at a farm on Drake School Road, just west of intersection with Millersburg Road. It eventually crossed Interstate 70 just southwest of Exit 45 on the southeast side of Greenville. It lifted and dissipated along Illinois Route 127 just north of intersection with Bowman Industrial Drive. The tornado was rated EF1 in Bond County with a path length of 10.9 miles and a max path width of 250 yards. No deaths or injuries were reported. Overall, the tornado was rated EF1 with a path length of 16.65 miles and a max path width of 250 yards.","During the early afternoon of Thursday, May 19, 2022, a complex of thunderstorms expanded and intensified over sections of south-central Missouri. Thunderstorms quickly became strong to severe as the complex tracked east-northeast, impacting east-central Missouri, southeast Missouri, west-central Illinois and southwest Illinois. Numerous thunderstorms embedded within the broad complex exhibited signs of rotation, resulting in nine confirmed tornadoes. Of the nine tornadoes, six tornadoes occurred in Missouri and three occurred in Illinois. In Missouri, five of the six tornadoes were rated EF-0 and one tornado was rated EF-1. In Illinois, two tornadoes were rated EF-0, while the third was rated EF-1. In addition to the nine tornadoes, several locations were impacted by straight-line wind damage. The greatest impact from straight-line winds extended west to east through sections of southeast Missouri into southwest Illinois. The most extensive straight-line wind damage was in a swath from Desloge, MO through Chester, IL. Between the tornadoes and straight-line winds, much of the damage was similar in nature, taking out several trees, damaging outbuildings, machine sheds, and a few grain silos. Some residential homes also suffered damage, largely due to fallen trees, large limbs and/or flying debris. No fatalities nor injuries were reported.",19
1018159,WABASH CO.,KEENSBURG,05/19/2022,2031,Tornado, ,EF2,0,0,500000,0,IL,CST-6, ,168199,C,185,PAH,0,0,NWS Storm Survey, ,8.52,300,1,SW,2,ESE,MT CARMEL,05/19/2022,2039,38.3439,-87.8778,38.41,-87.745,"The tornado touched down near Keensburg and moved northeast, passing across the southeast portion of Mount Carmel and across the Wabash River into Indiana. A few homes lost large portions of roofing, mainly shingles. Outbuildings and small sheds were destroyed. Numerous power lines were down. Many trees were snapped or uprooted. Many trees landed on homes and structures, causing some structural damage. Dozens of power poles were snapped off. A large machine shed lost small sections of metal roof and wall  panels. Several pivot irrigation systems were flipped. Peak winds were estimated near 115 mph in Wabash County. The tornado crossed the Wabash River into Gibson County, Indiana.","An organized complex of thunderstorms accompanied a pronounced mesoscale convective vortex (MCV) as it tracked across Missouri and Illinois. A corridor of moderate to strong instability formed ahead of the MCV from southern Missouri into southern Illinois and Indiana. The storms moved northeast from southeast Missouri across southwest Illinois in the form of a squall line early in the evening, with locally damaging winds. After weakening for a couple hours, the storms then redeveloped over the Wabash Valley region into an organized cluster with an embedded supercell. The supercell produced a tornado that tracked into southwest Indiana.",20
1021864,STEPHENSON CO.,OAKDALE NATURE PRSRVE,05/25/2022,1406,Tornado, ,EF1,0,0,0,0,IL,CST-6, ,168738,C,177,DVN,0,0,NWS Storm Survey, ,1.83,30,1,E,1,ENE,FREEPORT ALBERTUS AR,05/25/2022,1409,42.23,-89.584,42.254,-89.569,"A brief tornado caused damage at a farmstead just southeast of the Albertus Airport. The tornado caused significant damage to an outbuilding, destroyed a grain bin, and snapped tree trunks. The tornado was rated EF1 with maximum winds around 100 mph. The tornado was on the ground for nearly 2 miles. Start and end times were estimated by radar. There were no injuries reported. Assistance from Stephenson County Emergency Management in completing the survey is greatly appreciated.","A brief spin-up tornado occurred Wednesday afternoon just south of Freeport near the airport.  No injuries were reported.",21
1021358,OGLE CO.,BAILEYVILLE,05/26/2022,1320,Tornado, ,EFU,0,0,0,0,IL,CST-6, ,168451,C,141,LOT,0,0,Trained Spotter, ,0.1,20,2,S,2,S,BAILEYVILLE,05/26/2022,1321,42.1709,-89.6011,42.1702,-89.6024,"Based on multiple spotter reports, a brief tornado touched down in a field just south of Coffman Road two miles south of Baileyville.  Spotters reported rotating dust underneath a funnel cloud.  The tornado was on the ground for approximately 30 seconds.  No damage was reported.","A brief tornado occurred in northwest Ogle County during the afternoon of May 26th.",22
1020635,MCDONOUGH CO.,INDUSTRY,05/31/2022,2134,Tornado, ,EF1,0,0,0,0,IL,CST-6, ,168571,C,109,DVN,0,0,Trained Spotter, ,1.6,60,4,NW,4,NNW,INDUSTRY,05/31/2022,2138,40.3714,-90.6477,40.3788,-90.619,"A tornado touched down northwest of Industry, IL on the evening of May 31, 2022. The tornado lofted a grain bin, damaged a farm outbuilding and snapped a power pole along Highway 67. The tornado was on the ground for just over 1.5 miles. Start and end times were estimated by radar. There were no injuries/fatalities reported. Assistance from McDonough County Emergency Management in completing the survey is greatly appreciated.","Thunderstorms developed across all of eastern Iowa, northwest Illinois and far northeast Missouri on the afternoon and evening of May 31, 2022. Initially, storms were not severe as they worked through an environment that was lacking strong mid-level instability. This changed as storms reached west central Illinois, where some atmospheric recovery was able to take place during the late afternoon hours from cloud cover during the day. A strong storm developed in northwest Illinois, which spawned a brief tornado that led to some damage. In addition, torrential rain fell across the area and led to flash flooding across southern portions of Hancock and McDonough counties. Several roads were washed out and rivers were out of their banks. The La Moine River at Colmar rose to moderate flood stage as well.",23
1025269,COOK CO.,STREAMWOOD,06/13/2022,1713,Tornado, ,EF0,0,0,0,0,IL,CST-6, ,168695,C,31,LOT,0,0,NWS Storm Survey, ,0.2,30,1,NNW,1,NNW,STREAMWOOD,06/13/2022,1714,42.0459,-88.1784,42.0432,-88.1774,"A tornado with peak winds of 75 mph touched down just southeast of the intersection of Golf and Bartlett Roads.  The tornado produced only tree damage as it moved southeast through a wooded area.  The tornado lifted south of Poplar Creek.","A supercell thunderstorm moved across northeast Illinois including Chicago and the western suburbs during the late afternoon and early evening of June 13th.  Widespread significant wind damage occurred in many areas and two tornadoes occurred.  Thousands of trees were damaged and hundreds of trees were snapped or uprooted.  Several houses were damaged, some significantly, by falling trees.  Numerous vehicles were damaged or crushed by falling trees or tree limbs.",24
1025274,COOK CO.,(O6C) SCHAUMBURG REGIONAL AIRPORT,06/13/2022,1727,Tornado, ,EF0,0,0,0,0,IL,CST-6, ,168695,C,31,LOT,0,0,NWS Storm Survey, ,0.8,25,1,NE,1,NNE,ROSELLE,06/13/2022,1729,42.0016,-88.0813,41.9909,-88.0744,"A tornado with peak winds of 80 mph touched down just west of Roselle Road and just south of Lunt Avenue.  Trees were uprooted near Roselle Road just after the tornado touched down.  The tornado caused roof damage to a fast food restaurant building along Roselle Road, just south of Nerge Road.  Sporadic tree damage continued along the path until the tornado crossed Devon Avenue and into DuPage County.","A supercell thunderstorm moved across northeast Illinois including Chicago and the western suburbs during the late afternoon and early evening of June 13th.  Widespread significant wind damage occurred in many areas and two tornadoes occurred.  Thousands of trees were damaged and hundreds of trees were snapped or uprooted.  Several houses were damaged, some significantly, by falling trees.  Numerous vehicles were damaged or crushed by falling trees or tree limbs.",25
1025276,DU PAGE CO.,ROSELLE,06/13/2022,1729,Tornado, ,EF0,0,0,0,0,IL,CST-6, ,168695,C,43,LOT,0,0,NWS Storm Survey, ,1.4,25,1,NNE,1,SW,MEDINAH,06/13/2022,1732,41.9909,-88.0744,41.9747,-88.0606,"A tornado with peak winds of 80 mph which touched down in Cook County, crossed Devon Avenue into DuPage County.  The tornado produced only sporadic tree damage in DuPage County as it moved southeast.  The tornado lifted between Sunnyside Road and Turner Avenue, just west of Lake Park East High School.","A supercell thunderstorm moved across northeast Illinois including Chicago and the western suburbs during the late afternoon and early evening of June 13th.  Widespread significant wind damage occurred in many areas and two tornadoes occurred.  Thousands of trees were damaged and hundreds of trees were snapped or uprooted.  Several houses were damaged, some significantly, by falling trees.  Numerous vehicles were damaged or crushed by falling trees or tree limbs.",26
1035610,RICHLAND CO.,PASSPORT,06/17/2022,536,Tornado, ,EF1,0,0,0,0,IL,CST-6, ,170150,C,159,ILX,0,0,Emergency Manager, ,3.31,60,0,SSE,2,NNE,OLNEY NOBLE ARPT,06/17/2022,544,38.7746,-88.2455,38.76,-88.17,"A tornado touched down on Deer Farm Lane near North Passport Road 1 mile south-southeast of Passport at 6:36 AM CDT.  The tornado knocked down multiple power poles, then tracked east-southeastward causing periodic tree damage and damage to the roofing of a barn. The tornado dissipated near the intersection of County Road 1300 North and North Higgin Switch Road about 4.5 miles northwest of Olney at 6:44 AM CDT.","A strong nocturnal low-level jet interacting with a nearly stationary frontal boundary triggered a Mesoscale Convective System (MCS) over northern Missouri during the pre-dawn hours of June 17th.  The large thunderstorm cluster tracked east-southeastward along the boundary, producing significant wind damage and flash flooding.  The storms were focused along and southeast of a Rushville...to Springfield...to Shelbyville...to Robinson line.  Numerous trees and power lines were blown down.  In addition, very heavy rainfall of 3 to 5 inches along and south of a Jacksonville to Effingham line created pockets of flash flooding.",27
1046841,MCDONOUGH CO.,MACOMB MUNI ARPT,07/08/2022,1417,Tornado, ,EFU,0,0,0,0,IL,CST-6, ,172470,C,109,DVN,0,0,Trained Spotter, ,0.79,20,2,WSW,2,WSW,MACOMB MUNI ARPT,07/08/2022,1418,40.5127,-90.6922,40.5124,-90.6771,"A trained spotter observed a brief tornado in an open field. There was no observable damage to assign an EF-Scale rating.","A line of scattered showers and thunderstorms moved southeastward across McDonough County. One of these storms produced a brief tornado that occurred in an open field near the Macomb Airport. There was no visible signs of damage to assign an EF-scale rating.",28
1041750,DU PAGE CO.,AURORA,07/23/2022,440,Tornado, ,EF0,0,0,0,0,IL,CST-6, ,170430,C,43,LOT,0,0,NWS Storm Survey, ,0.1,150,4,SSE,4,SE,AURORA,07/23/2022,441,41.726,-88.2207,41.7251,-88.2195,"A tornado with peak winds of 85 mph touched down just north of the DuPage Will County line on the northwest side of the White Eagle Golf Course where it produced tree damage.  The tornado then moved southeast and crossed into Will County.","Thunderstorms developed late in the evening of July 22nd across northeast Illinois and continued into the morning of July 23rd.  Numerous thunderstorms moved over the same areas across portions of Lake County, producing torrential rain and flash flooding.  Large hail also occurred. Three tornadoes occurred in the southern suburbs of Chicago just after sunrise.  Additional thunderstorms developed during the morning and continued into the afternoon of July 23rd, producing isolated large hail and wind damage.",29
1041752,WILL CO.,NAPERVILLE,07/23/2022,441,Tornado, ,EF0,0,0,0,0,IL,CST-6, ,170430,C,197,LOT,0,0,NWS Storm Survey, ,4.4,150,4,W,3,NNE,PLAINFIELD,07/23/2022,446,41.7251,-88.2195,41.6679,-88.1862,"A tornado with peak winds of 85 mph touched down just north of the DuPage Will County line and moved southeast through the White Eagle Golf Course.  Approximately a dozen golf carts were damaged, several softwood trees were snapped and numerous tree limbs were blown down.  The tornado was likely at peak intensity of 85 mph when it moved through the golf course.  The tornado continued southeast crossing Route 59, just north of 95th Street.  Several small trees were snapped and some roofing material was blown off a shopping plaza at the intersection of Route 59 and 95th Street.  Bleachers were tossed and fencing was blown down near Neuqua Valley High School.  The tornado produced sporadic tree damage as it continued southeast through residential areas, east of Route 59.  The tornado lifted near 119th Street and Book Road.","Thunderstorms developed late in the evening of July 22nd across northeast Illinois and continued into the morning of July 23rd.  Numerous thunderstorms moved over the same areas across portions of Lake County, producing torrential rain and flash flooding.  Large hail also occurred. Three tornadoes occurred in the southern suburbs of Chicago just after sunrise.  Additional thunderstorms developed during the morning and continued into the afternoon of July 23rd, producing isolated large hail and wind damage.",30
1041749,WILL CO.,(LOT) LEWIS UNIVERSITY AIRPORT,07/23/2022,452,Tornado, ,EF0,0,0,0,0,IL,CST-6, ,170430,C,197,LOT,0,0,NWS Storm Survey, ,4.1,200,1,WSW,1,NNW,JOLIET,07/23/2022,458,41.6027,-88.1133,41.5468,-88.0968,"A tornado with peak winds of 70 mph touched down along Pinnacle Drive, just north of Renwick Road.  A construction camera at Lewis University Airport showed the tornado likely lifted then briefly touched down as it moved south into the Prairie Bluff Forest Preserve south of Renwick Road before lifting again.  The tornado touched down again near the Statesville Correctional Center where it caused minor tree damage.  The tornado continued moving south across Caton Farm Road and entered a residential area of Crest Hill.  A concentrated area of damage including several uprooted trees and numerous broken tree limbs was found in the vicinity of Elsie and Highland Avenues.  The tornado paralleled Highland Avenue and Clement Street as it crossed into the far north side of Joliet, where it produced sporadic tree limb damage.  Numerous trees were damaged in the Mount Moriah Cemetery and the tornado lifted just southeast of the cemetery.","Thunderstorms developed late in the evening of July 22nd across northeast Illinois and continued into the morning of July 23rd.  Numerous thunderstorms moved over the same areas across portions of Lake County, producing torrential rain and flash flooding.  Large hail also occurred. Three tornadoes occurred in the southern suburbs of Chicago just after sunrise.  Additional thunderstorms developed during the morning and continued into the afternoon of July 23rd, producing isolated large hail and wind damage.",31
1041748,WILL CO.,MANHATTAN,07/23/2022,505,Tornado, ,EF0,0,0,0,0,IL,CST-6, ,170430,C,197,LOT,0,0,NWS Storm Survey, ,0.7,150,3,NNW,2,NNW,MANHATTAN,07/23/2022,506,41.4563,-88.0035,41.4463,-88.002,"A brief tornado with peak winds of 75 mph touched down just north of the intersection of Baker Road and Route 52.  The tornado moved south along Route 52 producing sporadic tree damage.  Minor roof damage occurred to a building south of Baker Road and east of Route 52.  The tornado lifted just north of White Feather Drive.","Thunderstorms developed late in the evening of July 22nd across northeast Illinois and continued into the morning of July 23rd.  Numerous thunderstorms moved over the same areas across portions of Lake County, producing torrential rain and flash flooding.  Large hail also occurred. Three tornadoes occurred in the southern suburbs of Chicago just after sunrise.  Additional thunderstorms developed during the morning and continued into the afternoon of July 23rd, producing isolated large hail and wind damage.",32
1057767,MASON CO.,NATRONA,08/01/2022,346,Tornado, ,EF0,0,0,0,0,IL,CST-6, ,172996,C,125,ILX,0,0,NWS Storm Survey, ,0.41,60,3,WSW,3,WSW,NATRONA,08/01/2022,348,40.2497,-89.6847,40.2462,-89.6785,"A tornado touched down in a field just north of County Road 1300 North about 2.5 miles north of Mason City at 4:46 AM CDT.  The tornado tracked southeastward toward the intersection of County Road 1300 North and County Road 3600 East, flipping an empty trailer hopper and damaging a tractor before quickly dissipating at 4:48 AM CDT.","A cold front extending from Wisconsin into eastern Iowa triggered a line of strong to severe thunderstorms during the pre-dawn hours of August 1st.  The storms tracked southeastward, producing scattered wind damage along and north of the I-72 corridor.  One of the cells spawned a brief EF-1 tornado in the town of Beason in eastern Logan County which severely damaged a grain elevator and numerous trees before quickly lifting.  Another storm produced a brief EF-0 tornado near Mason City in Mason County that caused minor damage.",33
1050591,LOGAN CO.,BEASON,08/01/2022,412,Tornado, ,EF1,0,0,0,0,IL,CST-6, ,172996,C,107,ILX,0,0,NWS Storm Survey, ,1.88,60,0,SSE,2,SE,BEASON,08/01/2022,415,40.1441,-89.1966,40.1247,-89.1718,"A tornado touched down on the far west side of Beason at 5:12 AM CDT.  It damaged a grain elevator, some large bins, and equipment on the west end of Clinton Street...then tracked southeastward, damaging numerous trees and powerlines on the west end of County Road 1549 North and near the intersection of County Road 2143 East and County Road 1540 North.  A few homes along the track had minor roof damage and missing shingles, while one suffered a broken window.  The tornado continued southeastward through corn fields before lifting about 1.75 miles southeast of Beason at 5:15 AM CDT.","A cold front extending from Wisconsin into eastern Iowa triggered a line of strong to severe thunderstorms during the pre-dawn hours of August 1st.  The storms tracked southeastward, producing scattered wind damage along and north of the I-72 corridor.  One of the cells spawned a brief EF-1 tornado in the town of Beason in eastern Logan County which severely damaged a grain elevator and numerous trees before quickly lifting.  Another storm produced a brief EF-0 tornado near Mason City in Mason County that caused minor damage.",34
1052923,MERCER CO.,MANNON,08/20/2022,1217,Tornado, ,EFU,0,0,0,0,IL,CST-6, ,173451,C,131,DVN,0,0,Storm Chaser, ,0.27,10,2,SSE,2,SSE,MANNON,08/20/2022,1218,41.1993,-90.939,41.2004,-90.9341,"A chaser reported that a funnel cloud lasted 2 minutes at this location and eventually touched down briefly. There is photo and eyewitness evidence of the brief ground based rotation. The tornado is rated an EF-U.","The cold core low that moved into the area on August 19th lingered into the 20th.  Sufficient instability and shear were present for the formation of many mini supercells that led to many funnel cloud reports with a couple of brief tornado touch downs.",35
1052918,MERCER CO.,ALEDO,08/20/2022,1255,Tornado, ,EFU,0,0,0,0,IL,CST-6, ,173451,C,131,DVN,0,0,Storm Chaser, ,2.83,10,1,NE,2,WNW,SHALE CITY,08/20/2022,1305,41.21,-90.74,41.23,-90.69,"Eyewitness reports along with video and photographic evidence from storm chasers support an intermittent tornado path of nearly 3 miles. There are also reports of minor crop damage associated with tornado. Times were based on detailed information from chasers. With no observable damage to assess, this tornado is rated an EF-U.","The cold core low that moved into the area on August 19th lingered into the 20th.  Sufficient instability and shear were present for the formation of many mini supercells that led to many funnel cloud reports with a couple of brief tornado touch downs.",36
1056652,MCLEAN CO.,LE ROY,09/18/2022,2328,Tornado, ,EF0,0,0,0,0,IL,CST-6, ,174224,C,113,ILX,0,0,NWS Storm Survey, ,2.97,30,1,S,1,N,EMPIRE,09/18/2022,2334,40.34,-88.77,40.32,-88.72,"A tornado touched down on the southwest side of LeRoy at 12:28am CDT, knocking a power pole onto a mobile home and a tree onto another mobile home.  The tornado tracked southeastward through the southern part of town doing minor tree damage, causing partial roof damage to two duplexes, and tipping over two semis on I-74.  It continued southeastward, partially damaging a roof 2.5 miles southeast of LeRoy before dissipating in a field about 3.5 miles southeast of LeRoy at 12:34am CDT.","A cold front interacting with a warm and humid airmass triggered several clusters of strong to severe thunderstorms across parts of central Illinois during the evening of September 18th into the early morning of September 19th.  The storms were concentrated along and north of I-74 and along and southwest of a Rushville to Springfield line.  Many of the storms produced wind damage and large hail, with the largest 2.5 inch-diameter hailstones being observed in Mahomet in Champaign County.  In addition, an EF-0 tornado touched down near LeRoy in McLean County causing minor roof damage and knocking down several trees and power poles.",37
1062697,KENDALL CO.,LITTLE ROCK,11/05/2022,1006,Tornado, ,EF0,0,0,0,0,IL,CST-6, ,175159,C,93,LOT,0,0,NWS Storm Survey, ,0.2,100,0,ESE,0,E,LITTLE ROCK,11/05/2022,1007,41.7172,-88.5733,41.72,-88.572,"A tornado with peak winds of 80 mph touched down just south of Galena Road near Little Rock and moved north crossing into Kane County.  Sporadic tree and power line damage occurred along its path.","A strong cold front moved across northern Illinois during the late morning and early afternoon of November 5th with convective showers which produced thunderstorm wind damage and one tornado.  Wind damage from the convection was described as countywide across Ogle, Boone and McHenry Counties.  DuPage Airport measured a peak wind gust to 77 mph.  A handheld anemometer measured a wind gust to 80 mph near Roselle.||High winds caused tree damage both in the early morning of November 5th and then again in the afternoon of November 5th.  A large portion of a roof was blown off an apartment building in Elk Grove Village.  Some trees fell onto vehicles in Chicago.  Peak wind gusts included 62 mph at DuPage Airport; 61 mph at Aurora Municipal Airport; 59 mph at Chicago Midway and Chicago Executive Airports and 58 mph at Waukegan Airport.",38
1062698,KANE CO.,BIG ROCK,11/05/2022,1007,Tornado, ,EF0,0,0,0,0,IL,CST-6, ,175159,C,89,LOT,0,0,NWS Storm Survey, ,3.5,100,3,SSW,1,N,BIG ROCK,11/05/2022,1010,41.72,-88.572,41.7674,-88.5499,"A tornado with peak winds of 80 mph touched down near Little Rock in Kendall County and moved north into Kane County.  The tornado produced sporadic tree and power line damage along its path.  Roof damage occurred to a barn near Jericho Road.  The tornado moved across parts of northwest Big Rock and lifted just north of Route 30.","A strong cold front moved across northern Illinois during the late morning and early afternoon of November 5th with convective showers which produced thunderstorm wind damage and one tornado.  Wind damage from the convection was described as countywide across Ogle, Boone and McHenry Counties.  DuPage Airport measured a peak wind gust to 77 mph.  A handheld anemometer measured a wind gust to 80 mph near Roselle.||High winds caused tree damage both in the early morning of November 5th and then again in the afternoon of November 5th.  A large portion of a roof was blown off an apartment building in Elk Grove Village.  Some trees fell onto vehicles in Chicago.  Peak wind gusts included 62 mph at DuPage Airport; 61 mph at Aurora Municipal Airport; 59 mph at Chicago Midway and Chicago Executive Airports and 58 mph at Waukegan Airport.",39
1078128,SANGAMON CO.,LANESVILLE,01/03/2023,1552,Tornado, ,EFU,0,0,0,0,IL,CST-6, ,177319,C,167,ILX,0,0,Trained Spotter, ,0.09,10,4,ENE,4,ENE,LANESVILLE,01/03/2023,1553,39.8744,-89.2868,39.8753,-89.2855,"A trained spotter reported a brief tornado touchdown in an open field about 2 miles west-northwest of Illiopolis at 3:52 PM CST.  No damage occurred.","An area of low pressure tracking northeastward across Iowa pushed a cold front into central Illinois during the afternoon of January 3rd.  The arimass ahead of the front became moderately unstable thanks to surface temperatures climbing into the lower to middle 60s and dewpoints hovering near 60 degrees.  Given the instability and increasing amounts of deep-layer wind shear in association with a strong upper low approaching from the west, scattered supercell thunderstorms developed along the front during the afternoon.  The storms were primarily focused in a corridor from Springfield and Taylorville northeastward to near Champaign.  A total of 8 short-lived weak tornadoes touched down within this corridor, with the strongest tornadoes producing EF-1 damage near Maroa and in the Decatur area.",40
1078129,LOGAN CO.,LATHAM,01/03/2023,1605,Tornado, ,EFU,0,0,0,0,IL,CST-6, ,177319,C,107,ILX,0,0,Trained Spotter, ,0.03,10,3,SW,3,SW,LATHAM,01/03/2023,1606,39.9435,-89.2047,39.9437,-89.2042,"A trained spotter reported a brief tornado touchdown in an open field about 3 miles southwest of Lathan at 4:05 PM CST.  No damage occurred.","An area of low pressure tracking northeastward across Iowa pushed a cold front into central Illinois during the afternoon of January 3rd.  The arimass ahead of the front became moderately unstable thanks to surface temperatures climbing into the lower to middle 60s and dewpoints hovering near 60 degrees.  Given the instability and increasing amounts of deep-layer wind shear in association with a strong upper low approaching from the west, scattered supercell thunderstorms developed along the front during the afternoon.  The storms were primarily focused in a corridor from Springfield and Taylorville northeastward to near Champaign.  A total of 8 short-lived weak tornadoes touched down within this corridor, with the strongest tornadoes producing EF-1 damage near Maroa and in the Decatur area.",41
1078130,MACON CO.,MAROA,01/03/2023,1633,Tornado, ,EF0,0,0,0,0,IL,CST-6, ,177319,C,115,ILX,0,0,Trained Spotter, ,0.32,25,4,WSW,3,WSW,MAROA,01/03/2023,1634,40.0109,-89.0144,40.0136,-89.0096,"A tornado briefly touched down 3 miles southwest of Maroa along Bearsdale Road just north of School Road at 4:33 PM CST.  A power pole and irrigation unit were damaged.","An area of low pressure tracking northeastward across Iowa pushed a cold front into central Illinois during the afternoon of January 3rd.  The arimass ahead of the front became moderately unstable thanks to surface temperatures climbing into the lower to middle 60s and dewpoints hovering near 60 degrees.  Given the instability and increasing amounts of deep-layer wind shear in association with a strong upper low approaching from the west, scattered supercell thunderstorms developed along the front during the afternoon.  The storms were primarily focused in a corridor from Springfield and Taylorville northeastward to near Champaign.  A total of 8 short-lived weak tornadoes touched down within this corridor, with the strongest tornadoes producing EF-1 damage near Maroa and in the Decatur area.",42
1078133,MACON CO.,MAROA,01/03/2023,1635,Tornado, ,EF1,0,0,0,0,IL,CST-6, ,177319,C,115,ILX,0,0,NWS Storm Survey, ,0.88,75,1,WNW,1,NNW,MAROA,01/03/2023,1638,40.0373,-88.9714,40.0462,-88.9595,"A tornado touched down just west of the intersection of US-51 and Washington Street west of Maroa at 4:35 PM CST.  The tornado destroyed a barn and tossed the remains of a grain bin across the highway.  A fence was also destroyed just east of US-51 near the end of North Sycamore Street.  The tornado dissipated just southwest of the Fourwinds RV dealership about 1 mile north-northwest of Maroa at 4:38 PM CST.","An area of low pressure tracking northeastward across Iowa pushed a cold front into central Illinois during the afternoon of January 3rd.  The arimass ahead of the front became moderately unstable thanks to surface temperatures climbing into the lower to middle 60s and dewpoints hovering near 60 degrees.  Given the instability and increasing amounts of deep-layer wind shear in association with a strong upper low approaching from the west, scattered supercell thunderstorms developed along the front during the afternoon.  The storms were primarily focused in a corridor from Springfield and Taylorville northeastward to near Champaign.  A total of 8 short-lived weak tornadoes touched down within this corridor, with the strongest tornadoes producing EF-1 damage near Maroa and in the Decatur area.",43
1078134,CHRISTIAN CO.,OSBERNVILLE,01/03/2023,1705,Tornado, ,EFU,0,0,0,0,IL,CST-6, ,177319,C,21,ILX,0,0,Law Enforcement, ,0.14,10,3,NNW,3,NNW,OSBERNVILLE,01/03/2023,1706,39.7852,-89.196,39.7866,-89.1942,"Law enforcement reported a brief tornado touchdown in an open field about 3 miles east-northeast of Mt, Auburn at 5:05 PM CST.  No damage occurred.","An area of low pressure tracking northeastward across Iowa pushed a cold front into central Illinois during the afternoon of January 3rd.  The arimass ahead of the front became moderately unstable thanks to surface temperatures climbing into the lower to middle 60s and dewpoints hovering near 60 degrees.  Given the instability and increasing amounts of deep-layer wind shear in association with a strong upper low approaching from the west, scattered supercell thunderstorms developed along the front during the afternoon.  The storms were primarily focused in a corridor from Springfield and Taylorville northeastward to near Champaign.  A total of 8 short-lived weak tornadoes touched down within this corridor, with the strongest tornadoes producing EF-1 damage near Maroa and in the Decatur area.",44
1078144,MCLEAN CO.,TROSTER,01/03/2023,1738,Tornado, ,EF1,0,0,0,0,IL,CST-6, ,177319,C,113,ILX,0,0,NWS Storm Survey, ,0.46,25,0,W,0,NE,TROSTER,01/03/2023,1742,40.32,-88.481,40.324,-88.474,"A tornado touched down just southwest of a farmstead about 3 miles southeast of Bellflower at 5:38 PM CST.  The tornado moved northeastward, destroying a farm outbuilding and splattering dirt and grass on the east-facing side of a house.  Debris from the outbuilding was blown northeast for about one quarter of a mile.  The homeowner watched the tornado cross North 4100 East Road southwest of their property.  The tornado dissipated 3 miles east-southeast of Bellflower at 5:42 PM CST.","An area of low pressure tracking northeastward across Iowa pushed a cold front into central Illinois during the afternoon of January 3rd.  The arimass ahead of the front became moderately unstable thanks to surface temperatures climbing into the lower to middle 60s and dewpoints hovering near 60 degrees.  Given the instability and increasing amounts of deep-layer wind shear in association with a strong upper low approaching from the west, scattered supercell thunderstorms developed along the front during the afternoon.  The storms were primarily focused in a corridor from Springfield and Taylorville northeastward to near Champaign.  A total of 8 short-lived weak tornadoes touched down within this corridor, with the strongest tornadoes producing EF-1 damage near Maroa and in the Decatur area.",45
1069825,FORD CO.,PROCTOR,01/03/2023,1756,Tornado, ,EF1,0,0,0,0,IL,CST-6, ,176200,C,53,LOT,0,0,NWS Storm Survey, ,2.9,25,2,ENE,3,ESE,GIBSON CITY,01/03/2023,1802,40.422,-88.367,40.449,-88.324,"A tornado occurred southeast of Gibson City on the evening of January 3rd. An NWS storm survey found that the tornado touched down just south of E 200N Rd on the south side of town between N 450E Rd and N 600E Rd at approximately 5:56 PM CST. Trekking northeastward near 30 mph, the tornado carved a path spanning 2.9 miles with a maximum width of 25 yards before lifting at 6:02 PM CST north of E 300N Rd just east of N 700E Rd. Along its path, the tornado damaged the roofs of two homes, one of which was also noted to have broken windows and a wooden post penetrating the roof. Additionally, there was significant damage to a lean-to style outbuilding as well as uprooted trees and downed power lines. The tornado was assigned an EF-1 rating with maximum wind speeds of 100 mph.","On the afternoon of January 3, a cluster of thunderstorms brought small hail, one inch in diameter or less, across parts of the Chicago metropolitan area, primarily the north and northwest suburbs. Late in the afternoon into the early evening, a second cluster of storms moving through central Illinois produced embedded supercells, one of which dropped an EF-1 tornado southeast of Gibson City.",46
1078182,MACON CO.,DECATUR,01/03/2023,1800,Tornado, ,EF1,0,0,0,0,IL,CST-6, ,177319,C,115,ILX,0,0,NWS Storm Survey, ,0.21,25,1,NE,2,NE,DECATUR,01/03/2023,1801,39.8643,-88.9289,39.8656,-88.9254,"A tornado touched down on the northeast side of Decatur at 6:00 PM CST.  The tornado tracked northeastward, causing damage to an abandoned bowling alley on North 22nd Street.  Several of the wall panels on the southeast side of the building were removed and blown to the northeast.  A trained spotter watched the tornado cross 22nd Street before lifting at 6:01 PM CST.","An area of low pressure tracking northeastward across Iowa pushed a cold front into central Illinois during the afternoon of January 3rd.  The arimass ahead of the front became moderately unstable thanks to surface temperatures climbing into the lower to middle 60s and dewpoints hovering near 60 degrees.  Given the instability and increasing amounts of deep-layer wind shear in association with a strong upper low approaching from the west, scattered supercell thunderstorms developed along the front during the afternoon.  The storms were primarily focused in a corridor from Springfield and Taylorville northeastward to near Champaign.  A total of 8 short-lived weak tornadoes touched down within this corridor, with the strongest tornadoes producing EF-1 damage near Maroa and in the Decatur area.",47
1078195,MACON CO.,SANGAMON,01/03/2023,1805,Tornado, ,EF0,0,0,0,0,IL,CST-6, ,177319,C,115,ILX,0,0,NWS Storm Survey, ,1.12,20,3,W,3,WNW,SANGAMON,01/03/2023,1808,39.8822,-88.8946,39.8903,-88.8762,"A tornado touched down in a parking lot on the northeast side of Decatur at 6:05 PM CST.  It tracked northeastward through the southern and eastern parts of Richland Community College doing minor damage.  The tornado downed several trees, damaged a fence, and moved around multiple car parts on the north side of a building.  It continued northeastward, damaging several cedar trees on Christmas Tree Road before lifting just northeast of there in a forested area at 6:08 PM CST.","An area of low pressure tracking northeastward across Iowa pushed a cold front into central Illinois during the afternoon of January 3rd.  The arimass ahead of the front became moderately unstable thanks to surface temperatures climbing into the lower to middle 60s and dewpoints hovering near 60 degrees.  Given the instability and increasing amounts of deep-layer wind shear in association with a strong upper low approaching from the west, scattered supercell thunderstorms developed along the front during the afternoon.  The storms were primarily focused in a corridor from Springfield and Taylorville northeastward to near Champaign.  A total of 8 short-lived weak tornadoes touched down within this corridor, with the strongest tornadoes producing EF-1 damage near Maroa and in the Decatur area.",48
1066128,MASSAC CO.,HILLERMAN,01/12/2023,208,Tornado, ,EF0,0,0,15000,0,IL,CST-6, ,175630,C,127,PAH,0,0,NWS Storm Survey, ,1.3,100,1,E,1,SW,HILLERMAN,01/12/2023,210,37.23,-88.89,37.22,-88.91,"A weakening tornado crossed the Ohio River from McCracken County, Kentucky. About 50 percent of the metal roofing of a barn was blown off. A carport was destroyed. A shed was   heavily damaged. There was shutter and siding damage to a home. Some trees were damaged. The tornado dissipated near the small community of Hillerman.","An isolated weak tornado managed to cross the Ohio River into extreme southern Illinois during the early morning hours. Clusters of thunderstorms with transient linear structures occurred along a warm front that tracked northward across western Kentucky into the lower Ohio Valley. An isolated tornado threat existed due to modest instability as boundary layer dew points rose into the upper 50's to near 60 degrees.",49
1082307,CHAMPAIGN CO.,BONDVILLE,02/27/2023,843,Tornado, ,EF0,0,0,0,0,IL,CST-6, ,177976,C,19,ILX,0,0,Trained Spotter, ,1.14,30,2,SSE,1,ESE,BONDVILLE,02/27/2023,844,40.0975,-88.3564,40.112,-88.346,"A tornado touched down in an open field 1 mile southeast of Bondville at 8:43 AM CST.  It tracked northeastward, doing minor damage to a farm outbuilding on South Baker Road before quickly dissipating just south of Springfield Avenue 1 mile east-southeast of Bondville at 8:44 AM CST.","An unseasonably warm and humid airmass surged northward into east-central Illinois ahead of an approaching cold front during the morning of February 27th.  Temperatures climbed into the lower to middle 60s while dewpoints reached the upper 50s...producing surface-based CAPE values of 100-200J/kg.  Despite only modest instability, low-level wind shear became quite robust in advance of a short-wave trough.  As a result, a line of thunderstorms with embedded mini-supercells developed ahead of the cold front before quickly tracking into Indiana by early afternoon.  One of the cells produced 2 brief tornado touchdowns in western Champaign County.  Other storms dropped hail as large as ping-pong balls across Champaign County.",50
1082308,CHAMPAIGN CO.,CHAMPAIGN,02/27/2023,855,Tornado, ,EFU,0,0,0,0,IL,CST-6, ,177976,C,19,ILX,0,0,Trained Spotter, ,1.53,25,4,NNW,2,W,LEVERETT,02/27/2023,856,40.1694,-88.2649,40.1825,-88.2415,"A tornado touched down in an open field between I-57 and West Ford Harris Road about 5 miles northwest of Urbana at 8:55 AM CST.  It tracked northeastward and crossed I-57 at exit number 240 before quickly dissipating just east of the exit at 8:56 AM CST.  No damage was reported.","An unseasonably warm and humid airmass surged northward into east-central Illinois ahead of an approaching cold front during the morning of February 27th.  Temperatures climbed into the lower to middle 60s while dewpoints reached the upper 50s...producing surface-based CAPE values of 100-200J/kg.  Despite only modest instability, low-level wind shear became quite robust in advance of a short-wave trough.  As a result, a line of thunderstorms with embedded mini-supercells developed ahead of the cold front before quickly tracking into Indiana by early afternoon.  One of the cells produced 2 brief tornado touchdowns in western Champaign County.  Other storms dropped hail as large as ping-pong balls across Champaign County.",51
1080917,FORD CO.,CLARENCE,02/27/2023,915,Tornado, ,EFU,0,0,0,0,IL,CST-6, ,177130,C,53,LOT,0,0,Trained Spotter, ,1.6,50,2,SW,1,WSW,CLARENCE,02/27/2023,917,40.44,-88,40.4576,-87.9793,"Eyewitness accounts as well as photos and videos relayed to the National Weather Service indicate that a tornado touched down roughly two miles southwest of Clarence and tracked northeast for one to two miles before lifting.  The tornado did not cause any known damage, and thus has been assigned the EF-U (unknown) rating.","Scattered thunderstorms moved across northern Illinois during the morning of February 27th producing three tornadoes and isolated wind damage.  High winds developed during the evening of February 27th resulting in isolated wind damage in Chicago where a large tree fell onto two homes in the 1700 block of 101st Street in the Beverly neighborhood of Chicago.  Both homes suffered structural damage.  A 48 year old man was taken to the hospital in good condition, though what his injuries were and how they occurred were unknown.",52
1080919,KENDALL CO.,JOLIET,02/27/2023,941,Tornado, ,EF0,0,0,0,0,IL,CST-6, ,177130,C,93,LOT,0,0,NWS Storm Survey, ,0.8,100,0,E,1,NE,JOLIET,02/27/2023,942,41.5501,-88.2636,41.56,-88.256,"A tornado with peak winds of 85 mph touched down between Theodore Road and Kenicott Lane in Kendall County and moved northeast producing damage to trees and fences.  A few softwood trees were uprooted.  Minor roof damage occurred to several homes consisting mainly of shingles being removed.  One house in the Clublands subdivision suffered siding damage after a trampoline was blown into it, resulting in parts of the trampoline being impaled into siding.  The tornado crossed County Line Road, just north of Townsend Blvd and moved into western Will County.","Scattered thunderstorms moved across northern Illinois during the morning of February 27th producing three tornadoes and isolated wind damage.  High winds developed during the evening of February 27th resulting in isolated wind damage in Chicago where a large tree fell onto two homes in the 1700 block of 101st Street in the Beverly neighborhood of Chicago.  Both homes suffered structural damage.  A 48 year old man was taken to the hospital in good condition, though what his injuries were and how they occurred were unknown.",53
1080921,WILL CO.,SHOREWOOD,02/27/2023,942,Tornado, ,EF0,0,0,0,0,IL,CST-6, ,177130,C,197,LOT,0,0,NWS Storm Survey, ,1.4,100,4,NW,4,SSW,PLAINFIELD,02/27/2023,944,41.56,-88.256,41.5767,-88.2402,"A tornado with peak winds of 85 mph touched down in eastern Kendall County and crossed County Line Road, just north of Townsend Blvd, into western Will County.  The tornado produced tree and fence damage along its path.  A few softwood trees were uprooted.  Security camera video near County Line Road showed a 10 to 15 second period of strong winds with debris being lofted to the north.  Minor roof damage occurred to several homes consisting mainly of shingles being removed.  The tornado lifted near Art Schultz Road.","Scattered thunderstorms moved across northern Illinois during the morning of February 27th producing three tornadoes and isolated wind damage.  High winds developed during the evening of February 27th resulting in isolated wind damage in Chicago where a large tree fell onto two homes in the 1700 block of 101st Street in the Beverly neighborhood of Chicago.  Both homes suffered structural damage.  A 48 year old man was taken to the hospital in good condition, though what his injuries were and how they occurred were unknown.",54
1080918,DU PAGE CO.,NAPERVILLE,02/27/2023,952,Tornado, ,EF0,0,0,0,0,IL,CST-6, ,177130,C,43,LOT,0,0,NWS Storm Survey, ,1.4,30,1,NNW,1,SE,WARRENVILLE,02/27/2023,954,41.7839,-88.1619,41.8038,-88.1539,"A tornado with peak winds of 80 mph touched down just west of Naperville North High School, south of Route 34.  The tornado moved north northeast producing sporadic tree damage until it lifted near Interstate 88 and Mill Street.  Video showed a funnel cloud continuing for another one mile north over the Herrick Lake Forest Preserve.","Scattered thunderstorms moved across northern Illinois during the morning of February 27th producing three tornadoes and isolated wind damage.  High winds developed during the evening of February 27th resulting in isolated wind damage in Chicago where a large tree fell onto two homes in the 1700 block of 101st Street in the Beverly neighborhood of Chicago.  Both homes suffered structural damage.  A 48 year old man was taken to the hospital in good condition, though what his injuries were and how they occurred were unknown.",55
1083232,TAZEWELL CO.,PARKLAND,03/31/2023,1337,Tornado, ,EFU,0,0,0,0,IL,CST-6, ,178024,C,179,ILX,0,0,Trained Spotter, ,0.25,10,7,WNW,6,WNW,PARKLAND,03/31/2023,1338,40.4736,-89.8701,40.4758,-89.8664,"A tornado briefly touched down near the intersection of Spring Lake Road and State Park Road about 3 miles southeast of Banner at 2:37 PM CDT before quickly dissipating.  No damage was observed.","Two rounds of strong to severe thunderstorms spawned 13 tornadoes across central Illinois during the afternoon and evening of March 31st...including an EF-3 tornado that killed 3 people in Robinson in Crawford County.  The first round of convection developed along a warm front lifting northeastward through the area during the afternoon.  These storms were primarily very large hail-producers, with up to baseball-sized (2.75 diameter) hail being reported in the town of Banner in Fulton County.  Once the warm front lifted into northern Illinois, a modestly unstable but highly sheared environment was in place during the late afternoon and evening...with CAPE values of 1500-2500J/kg and 0-6km bulk shear in excess of 70kt.  As a trailing cold front approached from the west, additional supercell thunderstorms developed that produced tornadoes, very large hail, and damaging wind gusts.  The cells eventually congealed into a broken line as they pushed eastward to the I-57 corridor by mid-evening.  Meanwhile, a discrete supercell ahead of the line tracked south of I-70, dropping the EF-3 tornado in Crawford County.",56
1083266,TAZEWELL CO.,DEER CREEK,03/31/2023,1415,Tornado, ,EF1,0,0,0,0,IL,CST-6, ,178024,C,179,ILX,0,0,Trained Spotter, ,0.87,10,1,W,1,NW,DEER CREEK,03/31/2023,1416,40.63,-89.35,40.64,-89.34,"A tornado touched down just west of the intersection of Dee-Mac Road and Harding Road 1 mile west of Deer Creek at 3:15 PM CDT.  The tornado damaged a barn, then quickly dissipated in an open field 1 mile northwest of Deer Creek at 3:16 PM CDT.","Two rounds of strong to severe thunderstorms spawned 13 tornadoes across central Illinois during the afternoon and evening of March 31st...including an EF-3 tornado that killed 3 people in Robinson in Crawford County.  The first round of convection developed along a warm front lifting northeastward through the area during the afternoon.  These storms were primarily very large hail-producers, with up to baseball-sized (2.75 diameter) hail being reported in the town of Banner in Fulton County.  Once the warm front lifted into northern Illinois, a modestly unstable but highly sheared environment was in place during the late afternoon and evening...with CAPE values of 1500-2500J/kg and 0-6km bulk shear in excess of 70kt.  As a trailing cold front approached from the west, additional supercell thunderstorms developed that produced tornadoes, very large hail, and damaging wind gusts.  The cells eventually congealed into a broken line as they pushed eastward to the I-57 corridor by mid-evening.  Meanwhile, a discrete supercell ahead of the line tracked south of I-70, dropping the EF-3 tornado in Crawford County.",57
1083268,WOODFORD CO.,EUREKA COUNTRY AIRE,03/31/2023,1423,Tornado, ,EFU,0,0,0,0,IL,CST-6, ,178024,C,203,ILX,0,0,Trained Spotter, ,0.59,20,1,S,1,ESE,EUREKA COUNTRY AIRE,03/31/2023,1424,40.72,-89.22,40.726,-89.212,"A tornado briefly touched down in an open field 2.7 miles east of Eureka at 3:23 PM CDT.  No damage was observed.","Two rounds of strong to severe thunderstorms spawned 13 tornadoes across central Illinois during the afternoon and evening of March 31st...including an EF-3 tornado that killed 3 people in Robinson in Crawford County.  The first round of convection developed along a warm front lifting northeastward through the area during the afternoon.  These storms were primarily very large hail-producers, with up to baseball-sized (2.75 diameter) hail being reported in the town of Banner in Fulton County.  Once the warm front lifted into northern Illinois, a modestly unstable but highly sheared environment was in place during the late afternoon and evening...with CAPE values of 1500-2500J/kg and 0-6km bulk shear in excess of 70kt.  As a trailing cold front approached from the west, additional supercell thunderstorms developed that produced tornadoes, very large hail, and damaging wind gusts.  The cells eventually congealed into a broken line as they pushed eastward to the I-57 corridor by mid-evening.  Meanwhile, a discrete supercell ahead of the line tracked south of I-70, dropping the EF-3 tornado in Crawford County.",58
1085796,LIVINGSTON CO.,ROWE,03/31/2023,1505,Tornado, ,EFU,0,0,0,0,IL,CST-6, ,178474,C,105,LOT,0,0,NWS Storm Survey, ,0.03,15,2,NNE,2,NNE,ROWE,03/31/2023,1506,40.9559,-88.6529,40.9562,-88.6525,"A remote NWS survey found an EF-U tornado had touched down near the community of Rowe, Illinois. It's estimated that the tornado had a total lifespan of only several seconds. Aside from kicking up some dirt, the tornado had produced no damage.","During the afternoon and evening of the 31st, a wave of severe thunderstorms produced numerous tornadoes, severe hail, extensive wind damage, and localized flooding across northern and northeastern Illinois. A total of 37 tornadoes were confirmed across the state. The NWS Chicago office tied a record for the most tornadoes to occur in a single calendar day within the office's county warning area with 22, 17 of which occurred in Illinois. One EF-2 tornado occurred in south-central Lee County and two others in northwest Indiana. Some of the more notable damage includes multiple semi trucks blown over, a garage that had been completely destroyed southeast of Amboy, and the partial roof collapse of the Apollo Theatre in Belvidere which unfortunately resulted in one fatality and 40 injuries.",59
1083238,SCOTT CO.,OXVILLE,03/31/2023,1615,Tornado, ,EFU,0,0,0,0,IL,CST-6, ,178024,C,171,ILX,0,0,Trained Spotter, ,0.53,10,3,S,3,S,OXVILLE,03/31/2023,1617,39.66,-90.58,39.66,-90.57,"A tornado briefly touched down in the Illinois River bottoms about 6.5 miles west-northwest of Winchester at 5:15 PM CDT.  No damage was observed.","Two rounds of strong to severe thunderstorms spawned 13 tornadoes across central Illinois during the afternoon and evening of March 31st...including an EF-3 tornado that killed 3 people in Robinson in Crawford County.  The first round of convection developed along a warm front lifting northeastward through the area during the afternoon.  These storms were primarily very large hail-producers, with up to baseball-sized (2.75 diameter) hail being reported in the town of Banner in Fulton County.  Once the warm front lifted into northern Illinois, a modestly unstable but highly sheared environment was in place during the late afternoon and evening...with CAPE values of 1500-2500J/kg and 0-6km bulk shear in excess of 70kt.  As a trailing cold front approached from the west, additional supercell thunderstorms developed that produced tornadoes, very large hail, and damaging wind gusts.  The cells eventually congealed into a broken line as they pushed eastward to the I-57 corridor by mid-evening.  Meanwhile, a discrete supercell ahead of the line tracked south of I-70, dropping the EF-3 tornado in Crawford County.",60
1083233,MORGAN CO.,CHAPIN,03/31/2023,1627,Tornado, ,EFU,0,0,0,0,IL,CST-6, ,178024,C,137,ILX,0,0,Trained Spotter, ,0.73,10,3,E,3,E,CHAPIN,03/31/2023,1628,39.7671,-90.3526,39.7737,-90.3419,"A tornado briefly touched down north of Chapin Cemetery at 5:27 PM CDT before quickly dissipating.  No damage was observed.","Two rounds of strong to severe thunderstorms spawned 13 tornadoes across central Illinois during the afternoon and evening of March 31st...including an EF-3 tornado that killed 3 people in Robinson in Crawford County.  The first round of convection developed along a warm front lifting northeastward through the area during the afternoon.  These storms were primarily very large hail-producers, with up to baseball-sized (2.75 diameter) hail being reported in the town of Banner in Fulton County.  Once the warm front lifted into northern Illinois, a modestly unstable but highly sheared environment was in place during the late afternoon and evening...with CAPE values of 1500-2500J/kg and 0-6km bulk shear in excess of 70kt.  As a trailing cold front approached from the west, additional supercell thunderstorms developed that produced tornadoes, very large hail, and damaging wind gusts.  The cells eventually congealed into a broken line as they pushed eastward to the I-57 corridor by mid-evening.  Meanwhile, a discrete supercell ahead of the line tracked south of I-70, dropping the EF-3 tornado in Crawford County.",61
1083241,MORGAN CO.,ARCADIA,03/31/2023,1635,Tornado, ,EF0,0,0,0,0,IL,CST-6, ,178024,C,137,ILX,0,0,Trained Spotter, ,1.06,30,2,SE,3,ESE,ARCADIA,03/31/2023,1636,39.81,-90.23,39.81,-90.21,"A tornado briefly touched down north of the Jacksonville Airport at 5:35 PM CDT.  It caused minor tree damage before quickly dissipating by 5:36 PM CDT.","Two rounds of strong to severe thunderstorms spawned 13 tornadoes across central Illinois during the afternoon and evening of March 31st...including an EF-3 tornado that killed 3 people in Robinson in Crawford County.  The first round of convection developed along a warm front lifting northeastward through the area during the afternoon.  These storms were primarily very large hail-producers, with up to baseball-sized (2.75 diameter) hail being reported in the town of Banner in Fulton County.  Once the warm front lifted into northern Illinois, a modestly unstable but highly sheared environment was in place during the late afternoon and evening...with CAPE values of 1500-2500J/kg and 0-6km bulk shear in excess of 70kt.  As a trailing cold front approached from the west, additional supercell thunderstorms developed that produced tornadoes, very large hail, and damaging wind gusts.  The cells eventually congealed into a broken line as they pushed eastward to the I-57 corridor by mid-evening.  Meanwhile, a discrete supercell ahead of the line tracked south of I-70, dropping the EF-3 tornado in Crawford County.",62
1083272,SANGAMON CO.,ANDREW,03/31/2023,1712,Tornado, ,EF2,0,0,0,0,IL,CST-6, ,178024,C,167,ILX,0,0,NWS Storm Survey, ,5.42,400,1,NNE,2,SE,WILLIAMSVILLE,03/31/2023,1720,39.896,-89.6206,39.9322,-89.5298,"A tornado touched down in an open field one mile northwest of Sherman at 6:12 PM CDT.  It tracked northeastward, causing damage to two houses and two outbuildings before crossing I-55.  The tornado caused severe roof and siding damage to numerous homes and damaged many outbuildings and detached garages in a subdivision immediately east of I-55.  It continued northeastward into a largely rural area, damaging two large barns at a horse farm and throwing sheet metal into open fields before dissipating just west of Wolf Creek about 2 miles southeast of Williamsville at 6:20 PM CDT.","Two rounds of strong to severe thunderstorms spawned 13 tornadoes across central Illinois during the afternoon and evening of March 31st...including an EF-3 tornado that killed 3 people in Robinson in Crawford County.  The first round of convection developed along a warm front lifting northeastward through the area during the afternoon.  These storms were primarily very large hail-producers, with up to baseball-sized (2.75 diameter) hail being reported in the town of Banner in Fulton County.  Once the warm front lifted into northern Illinois, a modestly unstable but highly sheared environment was in place during the late afternoon and evening...with CAPE values of 1500-2500J/kg and 0-6km bulk shear in excess of 70kt.  As a trailing cold front approached from the west, additional supercell thunderstorms developed that produced tornadoes, very large hail, and damaging wind gusts.  The cells eventually congealed into a broken line as they pushed eastward to the I-57 corridor by mid-evening.  Meanwhile, a discrete supercell ahead of the line tracked south of I-70, dropping the EF-3 tornado in Crawford County.",63
1086478,JO DAVIESS CO.,BLANDING,03/31/2023,1717,Tornado, ,EFU,0,0,0,0,IL,CST-6, ,178105,C,85,DVN,0,0,NWS Storm Survey, ,1.02,100,2,WSW,2,W,BLANDING,03/31/2023,1719,42.2522,-90.4175,42.2661,-90.4108,"A tornado touched down just south of Bellevue, and moved northeast over the Mississippi River before dissipating. This tornado impacted an RV park and some cabins located nearby. Some structural damage was noted, with some RVs that were flipped and damaged. Several trees within the area were also impacted, with some uprooted. Three  injuries were noted with this tornado in the vicinity of the RV park. This tornado continued into Jo Daviess County, Illinois, but likely dissipated over the river as no damage was observed in a wooded area adjacent to the river. Peak winds were estimated around 105 mph. The tornado damage in Bellevue was rated EF-1. The rating in Jo Daviess County was EF-U as there was no observable damage.","A very strong system developed on the morning of March 31st and tracked across the state of Iowa. This system pulled unseasonably warm and moist air into the Midwest, which combined with a very favorable wind profile to create a volatile environment for severe thunderstorms.  Discrete supercell thunderstorms occurred initially, but quickly transitioned into a QLCS mode. This system produced a historic tornado outbreak for the area, with a record 29 tornadoes on the day, including 13 rated EF-2, 1 rated EF-3, and 1 rated EF-4. This was the first EF-4 tornado in the NWS Quad Cities service area since 1995. 11 injuries were reported, with no known fatalities. In addition to the numerous tornadoes, there were many large hail and damaging wind reports. Maximum straight line thunderstorm winds were estimated at 80 to 90 mph.",64
1088251,SANGAMON CO.,RIVERTON,03/31/2023,1718,Tornado, ,EF2,0,0,0,0,IL,CST-6, ,178024,C,167,ILX,0,0,NWS Storm Survey, ,10.29,200,1,SE,5,N,LANESVILLE,03/31/2023,1732,39.8448,-89.5223,39.9176,-89.353,"A tornado touched down near the intersection of Overpass Road and Old Route 36 about 1 mile east-southeast of Riverton at 6:18pm CDT.  The tornado tracked northeastward, completely removing the roof from a business and causing damage to trees and outbuildings before crossing into southern Logan County at 6:32pm CDT.","Two rounds of strong to severe thunderstorms spawned 13 tornadoes across central Illinois during the afternoon and evening of March 31st...including an EF-3 tornado that killed 3 people in Robinson in Crawford County.  The first round of convection developed along a warm front lifting northeastward through the area during the afternoon.  These storms were primarily very large hail-producers, with up to baseball-sized (2.75 diameter) hail being reported in the town of Banner in Fulton County.  Once the warm front lifted into northern Illinois, a modestly unstable but highly sheared environment was in place during the late afternoon and evening...with CAPE values of 1500-2500J/kg and 0-6km bulk shear in excess of 70kt.  As a trailing cold front approached from the west, additional supercell thunderstorms developed that produced tornadoes, very large hail, and damaging wind gusts.  The cells eventually congealed into a broken line as they pushed eastward to the I-57 corridor by mid-evening.  Meanwhile, a discrete supercell ahead of the line tracked south of I-70, dropping the EF-3 tornado in Crawford County.",65
1086458,HENRY CO.,MORRISTOWN,03/31/2023,1724,Tornado, ,EF2,0,0,0,0,IL,CST-6, ,178105,C,73,DVN,0,0,NWS Storm Survey, ,3.55,300,4,ENE,1,W,GENESEO,03/31/2023,1728,41.42,-90.23,41.45,-90.17,"A strong tornado with estimated 135 mph winds developed a few miles southwest of Geneseo, IL, and tracked into the west side of town. Ground scouring was noted in the path through the fields, heading towards town. In town, several structures were damaged to completely destroyed, including: farm outbuildings, businesses, and warehouses. Several vehicles and trees were also damaged in the path of the tornado.","A very strong system developed on the morning of March 31st and tracked across the state of Iowa. This system pulled unseasonably warm and moist air into the Midwest, which combined with a very favorable wind profile to create a volatile environment for severe thunderstorms.  Discrete supercell thunderstorms occurred initially, but quickly transitioned into a QLCS mode. This system produced a historic tornado outbreak for the area, with a record 29 tornadoes on the day, including 13 rated EF-2, 1 rated EF-3, and 1 rated EF-4. This was the first EF-4 tornado in the NWS Quad Cities service area since 1995. 11 injuries were reported, with no known fatalities. In addition to the numerous tornadoes, there were many large hail and damaging wind reports. Maximum straight line thunderstorm winds were estimated at 80 to 90 mph.",66
1088253,LOGAN CO.,CORNLAND,03/31/2023,1732,Tornado, ,EF2,0,0,0,0,IL,CST-6, ,178024,C,107,ILX,0,0,NWS Storm Survey, ,10.72,200,3,ESE,1,ESE,LATHAM,03/31/2023,1746,39.9176,-89.353,39.9657,-89.1605,"This tornado crossed into southern Logan County from Sangamon County at 6:32pm CDT.  It continued northeastward across mainly open fields damaging farm outbuildings and causing shingle damage to several homes in the town of Latham before it dissipated on the south side of Latham at 6:46pm CDT.","Two rounds of strong to severe thunderstorms spawned 13 tornadoes across central Illinois during the afternoon and evening of March 31st...including an EF-3 tornado that killed 3 people in Robinson in Crawford County.  The first round of convection developed along a warm front lifting northeastward through the area during the afternoon.  These storms were primarily very large hail-producers, with up to baseball-sized (2.75 diameter) hail being reported in the town of Banner in Fulton County.  Once the warm front lifted into northern Illinois, a modestly unstable but highly sheared environment was in place during the late afternoon and evening...with CAPE values of 1500-2500J/kg and 0-6km bulk shear in excess of 70kt.  As a trailing cold front approached from the west, additional supercell thunderstorms developed that produced tornadoes, very large hail, and damaging wind gusts.  The cells eventually congealed into a broken line as they pushed eastward to the I-57 corridor by mid-evening.  Meanwhile, a discrete supercell ahead of the line tracked south of I-70, dropping the EF-3 tornado in Crawford County.",67
1086459,HENRY CO.,ATKINSON,03/31/2023,1733,Tornado, ,EF2,0,0,0,0,IL,CST-6, ,178105,C,73,DVN,0,0,NWS Storm Survey, ,3.05,200,4,NNW,5,NNE,ATKINSON,03/31/2023,1737,41.475,-90.0584,41.486,-90.0014,"A brief, yet strong tornado tracked north of Atkinson, IL for a few miles, leading to tree damage and damage to farmsteads. Total destruction was noted on one of the outbuildings, with debris scattered throughout the nearby fields.  Peak winds estimated at 110 mph.","A very strong system developed on the morning of March 31st and tracked across the state of Iowa. This system pulled unseasonably warm and moist air into the Midwest, which combined with a very favorable wind profile to create a volatile environment for severe thunderstorms.  Discrete supercell thunderstorms occurred initially, but quickly transitioned into a QLCS mode. This system produced a historic tornado outbreak for the area, with a record 29 tornadoes on the day, including 13 rated EF-2, 1 rated EF-3, and 1 rated EF-4. This was the first EF-4 tornado in the NWS Quad Cities service area since 1995. 11 injuries were reported, with no known fatalities. In addition to the numerous tornadoes, there were many large hail and damaging wind reports. Maximum straight line thunderstorm winds were estimated at 80 to 90 mph.",68
1086465,HENRY CO.,ATKINSON,03/31/2023,1736,Tornado, ,EF2,0,0,0,0,IL,CST-6, ,178105,C,73,DVN,0,0,NWS Storm Survey, ,8.33,440,3,NNE,5,SE,HOOPPOLE,03/31/2023,1746,41.46,-90,41.518,-89.859,"An EF2 tornado developed north of Atkinson, in Henry County, and tracked northeast towards Hooppole, then tracking more easterly for another mile where it ended in western Bureau County as an EF1. For the most part, this tornado was around 200 yards wide, but maxed out at 440 yards just south of Hooppole. At the start of the path, a house sustained siding and window damage, with more damage done to the brick grain silo and outbuilding. As the tornado tracked northeast, additional barns, outbuildings, and trees were damaged. As the tornado moved just south of Hooppole, more outbuildings and barns were damaged, and a house sustained substantial damage, losing its entire roof. Near the end of the path, another grain silo collapsed. The peak estimated winds were 120 mph in Henry County. The tornado crossed into Bureau County about a third of a mile north of Highway 23, on 00 E St, then lifted about one mile to the E/NE.","A very strong system developed on the morning of March 31st and tracked across the state of Iowa. This system pulled unseasonably warm and moist air into the Midwest, which combined with a very favorable wind profile to create a volatile environment for severe thunderstorms.  Discrete supercell thunderstorms occurred initially, but quickly transitioned into a QLCS mode. This system produced a historic tornado outbreak for the area, with a record 29 tornadoes on the day, including 13 rated EF-2, 1 rated EF-3, and 1 rated EF-4. This was the first EF-4 tornado in the NWS Quad Cities service area since 1995. 11 injuries were reported, with no known fatalities. In addition to the numerous tornadoes, there were many large hail and damaging wind reports. Maximum straight line thunderstorm winds were estimated at 80 to 90 mph.",69
1086460,HENRY CO.,KEWANEE MUNI ARPT,03/31/2023,1737,Tornado, ,EF2,0,0,0,0,IL,CST-6, ,178105,C,73,DVN,0,0,NWS Storm Survey, ,6.82,650,4,W,1,WSW,BRADENBURG CORNERS,03/31/2023,1743,41.23,-90.02,41.27,-89.9,"This wide, multi-vortex EF2 tornado touched down west of Kewanee, where it damaged farm buildings and power poles. The tornado continued through the north side of Kewanee, where it primarily damaged trees and sheds. The tornado continued to the northeast of Kewanee with more significant tree and power pole damage.  Estimated peak winds were near 120 mph.","A very strong system developed on the morning of March 31st and tracked across the state of Iowa. This system pulled unseasonably warm and moist air into the Midwest, which combined with a very favorable wind profile to create a volatile environment for severe thunderstorms.  Discrete supercell thunderstorms occurred initially, but quickly transitioned into a QLCS mode. This system produced a historic tornado outbreak for the area, with a record 29 tornadoes on the day, including 13 rated EF-2, 1 rated EF-3, and 1 rated EF-4. This was the first EF-4 tornado in the NWS Quad Cities service area since 1995. 11 injuries were reported, with no known fatalities. In addition to the numerous tornadoes, there were many large hail and damaging wind reports. Maximum straight line thunderstorm winds were estimated at 80 to 90 mph.",70
1086457,CARROLL CO.,MT CARROLL,03/31/2023,1739,Tornado, ,EF1,0,0,0,0,IL,CST-6, ,178105,C,15,DVN,0,0,NWS Storm Survey, ,0.98,50,4,S,3,SSE,MT CARROLL,03/31/2023,1742,42.0489,-89.9733,42.0581,-89.9588,"A brief tornado occurred near Mt. Carroll as a line of supercell thunderstorms swept northeast over Illinois on March 31st. This tornado was found using satellite information to identify a damage track. There was confirmed powerline damage in that track.","A very strong system developed on the morning of March 31st and tracked across the state of Iowa. This system pulled unseasonably warm and moist air into the Midwest, which combined with a very favorable wind profile to create a volatile environment for severe thunderstorms.  Discrete supercell thunderstorms occurred initially, but quickly transitioned into a QLCS mode. This system produced a historic tornado outbreak for the area, with a record 29 tornadoes on the day, including 13 rated EF-2, 1 rated EF-3, and 1 rated EF-4. This was the first EF-4 tornado in the NWS Quad Cities service area since 1995. 11 injuries were reported, with no known fatalities. In addition to the numerous tornadoes, there were many large hail and damaging wind reports. Maximum straight line thunderstorm winds were estimated at 80 to 90 mph.",71
1086466,BUREAU CO.,THOMAS,03/31/2023,1746,Tornado, ,EF1,0,0,0,0,IL,CST-6, ,178105,C,11,DVN,0,0,NWS Storm Survey, ,0.99,200,2,W,1,W,THOMAS,03/31/2023,1747,41.518,-89.859,41.52,-89.84,"A tornado developed north of Atkinson, in Henry County, and tracked northeast towards Hooppole, then tracking more easterly for another mile where it ended in western Bureau County.  The tornado crossed into Bureau County about a third of a mile north of Highway 23, on 00 E St, then lifted about one mile to the E/NE. The tornado was rated EF-2 in Henry County, and EF-1 in Bureau County.","A very strong system developed on the morning of March 31st and tracked across the state of Iowa. This system pulled unseasonably warm and moist air into the Midwest, which combined with a very favorable wind profile to create a volatile environment for severe thunderstorms.  Discrete supercell thunderstorms occurred initially, but quickly transitioned into a QLCS mode. This system produced a historic tornado outbreak for the area, with a record 29 tornadoes on the day, including 13 rated EF-2, 1 rated EF-3, and 1 rated EF-4. This was the first EF-4 tornado in the NWS Quad Cities service area since 1995. 11 injuries were reported, with no known fatalities. In addition to the numerous tornadoes, there were many large hail and damaging wind reports. Maximum straight line thunderstorm winds were estimated at 80 to 90 mph.",72
1087334,MACOUPIN CO.,MC VEY,03/31/2023,1747,Tornado, ,EF0,0,0,10000,0,IL,CST-6, ,178384,C,117,LSX,0,0,NWS Storm Survey, ,0.85,50,2,ESE,3,E,MC VEY,03/31/2023,1748,39.391,-89.715,39.395,-89.7,"At 6:47 PM CDT, a weak tornado touched down in northern Macoupin County near the intersection of Waggoner and Boston Chapel Roads. Here the tornado ripped a portion of the roof off of a farm building and threw some of the debris with enough force to embed a plank of wood into the rood of a home. The tornado then traversed a few fields and wooded areas, crossing into Montgomery County at West County Line Road. In Macoupin County, the tornado was rated EF0 with a max wind speed of 74 mph. The path length was 0.85 miles and a max path width of 50 yards.","Ahead of a strong cold front, discrete supercells developed and rapidly moved northeast across the region during the early afternoon. Then as the front moved through the activity became more linear before moving out by late evening. There were numerous reports of large hail, damaging winds and two tornadoes.",73
1087335,MONTGOMERY CO.,WAGGONER,03/31/2023,1748,Tornado, ,EF0,0,0,15000,0,IL,CST-6, ,178384,C,135,LSX,0,0,NWS Storm Survey, ,5.48,150,3,WNW,2,NNE,WAGGONER HUNTMAN ARP,03/31/2023,1753,39.395,-89.7,39.4257,-89.6054,"As the tornado moved into Montgomery County, it crossed Interstate 55. On the east side of the interstate, south of Morrisonville Ave, the tornado caused minor damage to tree limbs along a hedge line before crossing East nth Rd, continuing northeast. Soon after, the tornado crossed Morrisonville Ave and struck a small metal machine shed on the northern side of the road. The tornado lofted debris across East 5th Rd into a field and drainage canal before lifting at 6:53 PM. In Montgomery County the tornado was rated EF0 with a max wind speed of 80 mph. The path length was 5.48 miles and a max path width of 150 yards. Overall, the tornado was rated EF0 with a max wind speed of 80 mph. The path length was 6.33 miles and a max path width of 150 yards. No deaths or injuries were reported. No deaths or injuries were reported.","Ahead of a strong cold front, discrete supercells developed and rapidly moved northeast across the region during the early afternoon. Then as the front moved through the activity became more linear before moving out by late evening. There were numerous reports of large hail, damaging winds and two tornadoes.",74
1087067,BUREAU CO.,NEW BEDFORD,03/31/2023,1748,Tornado, ,EF1,0,0,0,0,IL,CST-6, ,178105,C,11,DVN,0,0,NWS Storm Survey, ,5.85,150,3,NW,1,NW,NORMANDY,03/31/2023,1754,41.55,-89.77,41.585,-89.667,"This tornado began just south of Illinois highway 92 in northwest Bureau county in the NWS Quad Cities county warning area. It then moved into far southeast Whiteside county, near the intersection of Osage Road and 1050 St E. The tornado tracked for 2 miles in Whiteside County, before moving into Lee County, about a half mile south of the Green River. This tornado would continue for 6 additional miles into southwest Lee County (see NWS Chicago StormData). The damage from this tornado included numerous heavily damaged outbuildings, several snapped power poles, and dozens of trees. The worst damage was to a large farmstead outbuilding on the Whiteside and Bureau County border area, with the roof and two of the four walls destroyed and debris slung well into a field. Peak winds with this tornado were estimated at 110 mph. The tornado was rated EF1 in Bureau and Whiteside Counties.","A very strong system developed on the morning of March 31st and tracked across the state of Iowa. This system pulled unseasonably warm and moist air into the Midwest, which combined with a very favorable wind profile to create a volatile environment for severe thunderstorms.  Discrete supercell thunderstorms occurred initially, but quickly transitioned into a QLCS mode. This system produced a historic tornado outbreak for the area, with a record 29 tornadoes on the day, including 13 rated EF-2, 1 rated EF-3, and 1 rated EF-4. This was the first EF-4 tornado in the NWS Quad Cities service area since 1995. 11 injuries were reported, with no known fatalities. In addition to the numerous tornadoes, there were many large hail and damaging wind reports. Maximum straight line thunderstorm winds were estimated at 80 to 90 mph.",75
1087072,CARROLL CO.,LANARK,03/31/2023,1750,Tornado, ,EF1,0,0,0,0,IL,CST-6, ,178105,C,15,DVN,0,0,NWS Storm Survey, ,4.75,200,4,ESE,3,ESE,SHANNON,03/31/2023,1756,42.08,-89.75,42.1301,-89.6865,"This tornado began southeast of Lanark in Carroll County and tracked to the northeast before moving into Ogle County about a quarter mile north of the intersection of W White Oak Road and N Brookville Road. The tornado path then continued for about 5 miles through Ogle County (see NWS Chicago StormData). The tornado then crossed into Stephenson County, just east of the intersection of N Mt. Vernon Road and Montague Road.  This tornado caused extensive damage to several farm buildings and also downed a few trees along its path. The tornado was rated EF-1 in Carroll and Ogle Counties. In Stephenson County, there was no observable damage so the rating is |EF-U.","A very strong system developed on the morning of March 31st and tracked across the state of Iowa. This system pulled unseasonably warm and moist air into the Midwest, which combined with a very favorable wind profile to create a volatile environment for severe thunderstorms.  Discrete supercell thunderstorms occurred initially, but quickly transitioned into a QLCS mode. This system produced a historic tornado outbreak for the area, with a record 29 tornadoes on the day, including 13 rated EF-2, 1 rated EF-3, and 1 rated EF-4. This was the first EF-4 tornado in the NWS Quad Cities service area since 1995. 11 injuries were reported, with no known fatalities. In addition to the numerous tornadoes, there were many large hail and damaging wind reports. Maximum straight line thunderstorm winds were estimated at 80 to 90 mph.",76
1087069,WHITESIDE CO.,DEER GROVE,03/31/2023,1754,Tornado, ,EF1,0,0,0,0,IL,CST-6, ,178105,C,195,DVN,0,0,NWS Storm Survey, ,1.97,150,3,SE,2,S,HAHNAMAN,03/31/2023,1756,41.585,-89.667,41.5955,-89.6315,"This tornado began just south of Illinois highway 92 in northwest Bureau County, then moved into far southeast Whiteside county, near the intersection of Osage Road and 1050 St E. The tornado tracked for 2 miles in Whiteside County, before moving into Lee County, about a half mile south of the Green River. This tornado would continue for 6 additional miles into southwest Lee County (see NWS Chicago StormData). The damage from this tornado included numerous heavily damaged outbuildings, several snapped power poles, and dozens of trees. The worst damage was to a large farmstead outbuilding on the Whiteside and Bureau County border area, with the roof and two of the four walls destroyed and debris slung well into a field. Peak winds with this tornado were estimated at 110 mph. The tornado was rated EF1 in Bureau and Whiteside Counties.","A very strong system developed on the morning of March 31st and tracked across the state of Iowa. This system pulled unseasonably warm and moist air into the Midwest, which combined with a very favorable wind profile to create a volatile environment for severe thunderstorms.  Discrete supercell thunderstorms occurred initially, but quickly transitioned into a QLCS mode. This system produced a historic tornado outbreak for the area, with a record 29 tornadoes on the day, including 13 rated EF-2, 1 rated EF-3, and 1 rated EF-4. This was the first EF-4 tornado in the NWS Quad Cities service area since 1995. 11 injuries were reported, with no known fatalities. In addition to the numerous tornadoes, there were many large hail and damaging wind reports. Maximum straight line thunderstorm winds were estimated at 80 to 90 mph.",77
1086079,LEE CO.,HARMON,03/31/2023,1755,Tornado, ,EF1,0,0,0,0,IL,CST-6, ,178474,C,103,LOT,0,0,NWS Storm Survey, ,6.06,150,10,SSW,6,SSE,HARMON,03/31/2023,1801,41.5955,-89.6315,41.6287,-89.5229,"This tornado began just south of Illinois Highway 92 in northwest Bureau County. It then tracked through far southeast Whiteside County within 3 miles of the town of Deer Grove. This tornado would continue for 6 additional miles into southwest Lee County, where it dissipated near Maytown Road and Atkinson Road. The damage from this tornado included numerous heavily damaged outbuildings, several snapped power poles, and dozens of trees. The worst damage was to a large farmstead outbuilding along the Whiteside-Bureau county line with the roof and two of the four walls destroyed and debris slung well into a field.","During the afternoon and evening of the 31st, a wave of severe thunderstorms produced numerous tornadoes, severe hail, extensive wind damage, and localized flooding across northern and northeastern Illinois. A total of 37 tornadoes were confirmed across the state. The NWS Chicago office tied a record for the most tornadoes to occur in a single calendar day within the office's county warning area with 22, 17 of which occurred in Illinois. One EF-2 tornado occurred in south-central Lee County and two others in northwest Indiana. Some of the more notable damage includes multiple semi trucks blown over, a garage that had been completely destroyed southeast of Amboy, and the partial roof collapse of the Apollo Theatre in Belvidere which unfortunately resulted in one fatality and 40 injuries.",78
1086080,OGLE CO.,HARPER,03/31/2023,1756,Tornado, ,EF1,0,0,0,0,IL,CST-6, ,178474,C,141,LOT,0,0,NWS Storm Survey, ,5.26,200,2,WSW,2,W,BAILEYVILLE,03/31/2023,1801,42.1301,-89.6865,42.2001,-89.6463,"This tornado began southeast of Lanark in Carroll County near Harvest Rd west of Shannon Rte. It tracked to the northeast crossing into rural Ogle County at N Brookville Rd north of W White Oak Rd. Shortly before dissipating, the storm crossed into Stephenson County at N Mt. Vernon Rd. It then lifted as it approached Florence Rd west of IL Rt. 26 S. Extensive damage was done to several farm buildings and a few trees were downed as well.","During the afternoon and evening of the 31st, a wave of severe thunderstorms produced numerous tornadoes, severe hail, extensive wind damage, and localized flooding across northern and northeastern Illinois. A total of 37 tornadoes were confirmed across the state. The NWS Chicago office tied a record for the most tornadoes to occur in a single calendar day within the office's county warning area with 22, 17 of which occurred in Illinois. One EF-2 tornado occurred in south-central Lee County and two others in northwest Indiana. Some of the more notable damage includes multiple semi trucks blown over, a garage that had been completely destroyed southeast of Amboy, and the partial roof collapse of the Apollo Theatre in Belvidere which unfortunately resulted in one fatality and 40 injuries.",79
1087085,STEPHENSON CO.,FLORENCE,03/31/2023,1801,Tornado, ,EFU,0,0,0,0,IL,CST-6, ,178105,C,177,DVN,0,0,NWS Storm Survey, ,1,50,1,S,1,SE,FLORENCE,03/31/2023,1802,42.2001,-89.6463,42.214,-89.641,"This tornado began southeast of Lanark in Carroll County and tracked to the northeast before moving into Ogle County about a quarter mile north of the intersection of W White Oak Road and N Brookville Road. The tornado path then continued for about 5 miles through Ogle County (see NWS Chicago StormData). The tornado then crossed into Stephenson County, just east of the intersection of N Mt. Vernon Road and Montague Road.  This tornado caused extensive damage to several farm buildings and also downed a few trees along its path. The tornado dissipated near the intersection of Florence Road and Illinois Route 26. The tornado was rated EF-1 in Carroll and Ogle Counties. In Stephenson County, there was no observable damage so the rating is |EF-U.","A very strong system developed on the morning of March 31st and tracked across the state of Iowa. This system pulled unseasonably warm and moist air into the Midwest, which combined with a very favorable wind profile to create a volatile environment for severe thunderstorms.  Discrete supercell thunderstorms occurred initially, but quickly transitioned into a QLCS mode. This system produced a historic tornado outbreak for the area, with a record 29 tornadoes on the day, including 13 rated EF-2, 1 rated EF-3, and 1 rated EF-4. This was the first EF-4 tornado in the NWS Quad Cities service area since 1995. 11 injuries were reported, with no known fatalities. In addition to the numerous tornadoes, there were many large hail and damaging wind reports. Maximum straight line thunderstorm winds were estimated at 80 to 90 mph.",80
1083236,CHRISTIAN CO.,MORRISONVILLE,03/31/2023,1806,Tornado, ,EF0,0,0,0,0,IL,CST-6, ,178024,C,21,ILX,0,0,NWS Storm Survey, ,4.08,20,4,NNW,3,WNW,CLARKSDALE,03/31/2023,1808,39.4804,-89.4917,39.5037,-89.4213,"A tornado touched down just east of the intersection of East 900 North Road and North 200 East Road about 4 miles north-northwest of Morrisonville at 7:06 PM CDT.  The tornado destroyed several grain bins and carried them across an open field as it tracked northeastward before dissipating south of the intersection of East 1100 North Road and North 600 East Road 3 miles northwest of Palmer at 7:08 PM CDT.","Two rounds of strong to severe thunderstorms spawned 13 tornadoes across central Illinois during the afternoon and evening of March 31st...including an EF-3 tornado that killed 3 people in Robinson in Crawford County.  The first round of convection developed along a warm front lifting northeastward through the area during the afternoon.  These storms were primarily very large hail-producers, with up to baseball-sized (2.75 diameter) hail being reported in the town of Banner in Fulton County.  Once the warm front lifted into northern Illinois, a modestly unstable but highly sheared environment was in place during the late afternoon and evening...with CAPE values of 1500-2500J/kg and 0-6km bulk shear in excess of 70kt.  As a trailing cold front approached from the west, additional supercell thunderstorms developed that produced tornadoes, very large hail, and damaging wind gusts.  The cells eventually congealed into a broken line as they pushed eastward to the I-57 corridor by mid-evening.  Meanwhile, a discrete supercell ahead of the line tracked south of I-70, dropping the EF-3 tornado in Crawford County.",81
1085812,LEE CO.,WOODHAVEN LAKES,03/31/2023,1808,Tornado, ,EF2,0,0,0,0,IL,CST-6, ,178474,C,103,LOT,0,0,NWS Storm Survey, ,9.29,350,1,W,3,NNW,WEST BROOKLYN,03/31/2023,1818,41.6508,-89.3128,41.7302,-89.1674,"The tornado touched down in the Woodhaven Lakes campground south of Amboy. There, multiple campers were damaged by the tornado including two that were rolled. Farther along its northeastward track, two trees had fallen onto a home destroying it. The tornado appeared to have reached its maximum intensity with wind speeds estimated at 115 mph shortly after crossing US Hwy 52 where it destroyed a large garage and snapped several trees at their trunks. Several dozen other large trees were snapped and many branches sheared off along its path. Toward the end of its lifespan, the tornado also did minor damage to an outbuilding before lifting near Butler Hill Rd north of West Brooklyn.","During the afternoon and evening of the 31st, a wave of severe thunderstorms produced numerous tornadoes, severe hail, extensive wind damage, and localized flooding across northern and northeastern Illinois. A total of 37 tornadoes were confirmed across the state. The NWS Chicago office tied a record for the most tornadoes to occur in a single calendar day within the office's county warning area with 22, 17 of which occurred in Illinois. One EF-2 tornado occurred in south-central Lee County and two others in northwest Indiana. Some of the more notable damage includes multiple semi trucks blown over, a garage that had been completely destroyed southeast of Amboy, and the partial roof collapse of the Apollo Theatre in Belvidere which unfortunately resulted in one fatality and 40 injuries.",82
1085817,LEE CO.,SUBLETTE,03/31/2023,1813,Tornado, ,EF1,0,0,0,0,IL,CST-6, ,178474,C,103,LOT,0,0,NWS Storm Survey, ,7.75,75,1,S,1,NW,THE BURG,03/31/2023,1821,41.6381,-89.2287,41.7106,-89.1141,"This tornado developed just south of the town center of Sublette snapping multiple utility poles as it crossed US Rt. 52. The tornado strengthened as it progressed into the town of West Brooklyn. There, it downed several large trees, folded an approximately 120-foot tall tower, and tore the roof off of a bank in downtown West Brooklyn. A wooden beam from the roof of the bank impaled a nearby garage roof to the north-northeast of the bank. The tornado then lifted north of Shaw Rd just west of Carnahan Rd just over 2 miles northeast of West Brooklyn.","During the afternoon and evening of the 31st, a wave of severe thunderstorms produced numerous tornadoes, severe hail, extensive wind damage, and localized flooding across northern and northeastern Illinois. A total of 37 tornadoes were confirmed across the state. The NWS Chicago office tied a record for the most tornadoes to occur in a single calendar day within the office's county warning area with 22, 17 of which occurred in Illinois. One EF-2 tornado occurred in south-central Lee County and two others in northwest Indiana. Some of the more notable damage includes multiple semi trucks blown over, a garage that had been completely destroyed southeast of Amboy, and the partial roof collapse of the Apollo Theatre in Belvidere which unfortunately resulted in one fatality and 40 injuries.",83
1083270,CHRISTIAN CO.,HEWITTSVILLE,03/31/2023,1813,Tornado, ,EF1,0,0,0,0,IL,CST-6, ,178024,C,21,ILX,0,0,NWS Storm Survey, ,1.74,30,2,SSE,3,ESE,HEWITTSVILLE,03/31/2023,1814,39.5,-89.31,39.51,-89.28,"A tornado touched down 2 miles south of Taylorville at 7:13 PM CDT.  It tracked east-northeastward, knocking down about 30 power poles along North 1250 East Road (Taylorville-Nokomis Blacktop) before dissipating in an open field just east of the road at 7:14 PM CDT.","Two rounds of strong to severe thunderstorms spawned 13 tornadoes across central Illinois during the afternoon and evening of March 31st...including an EF-3 tornado that killed 3 people in Robinson in Crawford County.  The first round of convection developed along a warm front lifting northeastward through the area during the afternoon.  These storms were primarily very large hail-producers, with up to baseball-sized (2.75 diameter) hail being reported in the town of Banner in Fulton County.  Once the warm front lifted into northern Illinois, a modestly unstable but highly sheared environment was in place during the late afternoon and evening...with CAPE values of 1500-2500J/kg and 0-6km bulk shear in excess of 70kt.  As a trailing cold front approached from the west, additional supercell thunderstorms developed that produced tornadoes, very large hail, and damaging wind gusts.  The cells eventually congealed into a broken line as they pushed eastward to the I-57 corridor by mid-evening.  Meanwhile, a discrete supercell ahead of the line tracked south of I-70, dropping the EF-3 tornado in Crawford County.",84
1085827,OGLE CO.,WHITE ROCK,03/31/2023,1824,Tornado, ,EF1,0,0,0,0,IL,CST-6, ,178474,C,141,LOT,0,0,NWS Storm Survey, ,8.97,600,2,NNW,4,N,MONROE CENTER,03/31/2023,1832,42.0723,-89.1478,42.1515,-89.0092,"The tornado touched down about 3 miles southwest of Davis Junction. It then went on to track trough the Davis Junction town center where it did mostly minor, EF-0 damage. EF-1 damage was done to a single family home on the north side of town. This tornado then crossed into Winnebago County south of Rockford, and eventually on into Boone County where it would later cause the partial roof collapse of the Apollo Theatre in Belvidere resulting in one fatality and 40 injuries.","During the afternoon and evening of the 31st, a wave of severe thunderstorms produced numerous tornadoes, severe hail, extensive wind damage, and localized flooding across northern and northeastern Illinois. A total of 37 tornadoes were confirmed across the state. The NWS Chicago office tied a record for the most tornadoes to occur in a single calendar day within the office's county warning area with 22, 17 of which occurred in Illinois. One EF-2 tornado occurred in south-central Lee County and two others in northwest Indiana. Some of the more notable damage includes multiple semi trucks blown over, a garage that had been completely destroyed southeast of Amboy, and the partial roof collapse of the Apollo Theatre in Belvidere which unfortunately resulted in one fatality and 40 injuries.",85
1088418,WINNEBAGO CO.,ROCKFORD,03/31/2023,1831,Tornado, ,EF1,0,0,0,0,IL,CST-6, ,178474,C,201,LOT,0,0,NWS Storm Survey, ,5.79,300,1,S,2,SSE,HARLEM,03/31/2023,1838,42.258,-89.0796,42.3172,-88.9995,"This tornado touched down about 1 mile southeast of downtown Rockford southwest of the intersection of Railroad Ave and 8th St. It then tracked northeastward through the city of Rockford for about 7 minutes and just under 6 miles before lifting as it approached the intersection of Riverside Blvd and Mulford Rd. The tornado caused widespread tree damage, which was most concentrated at and near the Sinnissippi Golf Course, where the tornado reached its peak width of about 300 yards. Most structural damage was caused by trees that were uprooted and fell onto houses, but the tornado itself did also cause mostly minor roof damage to multiple homes.","During the afternoon and evening of the 31st, a wave of severe thunderstorms produced numerous tornadoes, severe hail, extensive wind damage, and localized flooding across northern and northeastern Illinois. A total of 37 tornadoes were confirmed across the state. The NWS Chicago office tied a record for the most tornadoes to occur in a single calendar day within the office's county warning area with 22, 17 of which occurred in Illinois. One EF-2 tornado occurred in south-central Lee County and two others in northwest Indiana. Some of the more notable damage includes multiple semi trucks blown over, a garage that had been completely destroyed southeast of Amboy, and the partial roof collapse of the Apollo Theatre in Belvidere which unfortunately resulted in one fatality and 40 injuries.",86
1085832,WINNEBAGO CO.,NEW MILFORD,03/31/2023,1832,Tornado, ,EF1,0,0,0,0,IL,CST-6, ,178474,C,201,LOT,0,0,NWS Storm Survey, ,4.53,600,4,ESE,3,S,CHERRY VALLEY,03/31/2023,1837,42.1515,-89.0092,42.1924,-88.94,"This tornado had crossed into Winnebago County from Ogle County in the far south side of Rockford along Edson Rd just west of S Mulford Rd. While in Winnebago County, the tornado caused generally EF-0 damage to farmland. The tornado had done mostly EF-0 damage while in Ogle County with one instance of EF-1 damage done to a home. The storm then crossed into Boone County south of Cherry Valley where it would later cause the partial roof collapse of the Apollo Theatre in Belvidere resulting in one fatality and 40 injuries.","During the afternoon and evening of the 31st, a wave of severe thunderstorms produced numerous tornadoes, severe hail, extensive wind damage, and localized flooding across northern and northeastern Illinois. A total of 37 tornadoes were confirmed across the state. The NWS Chicago office tied a record for the most tornadoes to occur in a single calendar day within the office's county warning area with 22, 17 of which occurred in Illinois. One EF-2 tornado occurred in south-central Lee County and two others in northwest Indiana. Some of the more notable damage includes multiple semi trucks blown over, a garage that had been completely destroyed southeast of Amboy, and the partial roof collapse of the Apollo Theatre in Belvidere which unfortunately resulted in one fatality and 40 injuries.",87
1085839,WINNEBAGO CO.,LOVES PARK,03/31/2023,1833,Tornado, ,EF1,0,0,0,0,IL,CST-6, ,178474,C,201,LOT,0,0,NWS Storm Survey, ,8.63,300,3,W,1,NNE,ROSCOE,03/31/2023,1842,42.3239,-89.1053,42.4235,-89.0033,"This tornado began southwest of the intersection of Elmwood Rd and Rockton Ave on the north side of Rockford and tracked northeastward for almost 9 miles, straddling the Rock River as it tracked through the west side of Machesney Park before weakening and lifting over Roscoe. This tornado caused damage to several trees and outbuildings, as well as multiple homes, which primarily suffered roof damage. A couple of homes had entire portions of their roofs removed where the tornado was at its peak intensity and featured 90-100 mph winds.","During the afternoon and evening of the 31st, a wave of severe thunderstorms produced numerous tornadoes, severe hail, extensive wind damage, and localized flooding across northern and northeastern Illinois. A total of 37 tornadoes were confirmed across the state. The NWS Chicago office tied a record for the most tornadoes to occur in a single calendar day within the office's county warning area with 22, 17 of which occurred in Illinois. One EF-2 tornado occurred in south-central Lee County and two others in northwest Indiana. Some of the more notable damage includes multiple semi trucks blown over, a garage that had been completely destroyed southeast of Amboy, and the partial roof collapse of the Apollo Theatre in Belvidere which unfortunately resulted in one fatality and 40 injuries.",88
1085836,BOONE CO.,IRENE,03/31/2023,1837,Tornado, ,EF1,1,40,0,0,IL,CST-6, ,178474,C,7,LOT,0,0,NWS Storm Survey, ,14.01,600,3,NW,5,E,POPLAR GROVE AIRPORT,03/31/2023,1850,42.1924,-88.94,42.3296,-88.7382,"This tornado crossed into Boone County south of Cherry Valley from Winnebago County. The tornado, which originated in Ogle County, traversed northeastward doing minor damage to farms. As it moved through the town of Belvidere, the storm produced multiple instances of damage to businesses, homes, and trees. Included in this is the partial roof collapse of the Apollo Theatre downtown which resulted in one fatality and 40 injuries. From there, the tornado would travel another 7 miles doing additional damage to trees before lifting near Orth Rd just west of the Boone-McHenry county line.","During the afternoon and evening of the 31st, a wave of severe thunderstorms produced numerous tornadoes, severe hail, extensive wind damage, and localized flooding across northern and northeastern Illinois. A total of 37 tornadoes were confirmed across the state. The NWS Chicago office tied a record for the most tornadoes to occur in a single calendar day within the office's county warning area with 22, 17 of which occurred in Illinois. One EF-2 tornado occurred in south-central Lee County and two others in northwest Indiana. Some of the more notable damage includes multiple semi trucks blown over, a garage that had been completely destroyed southeast of Amboy, and the partial roof collapse of the Apollo Theatre in Belvidere which unfortunately resulted in one fatality and 40 injuries.",89
1083273,CHAMPAIGN CO.,DEWEY,03/31/2023,1839,Tornado, ,EF1,0,0,0,0,IL,CST-6, ,178024,C,19,ILX,0,0,NWS Storm Survey, ,10.83,500,3,SSW,1,SSE,LUDLOW,03/31/2023,1848,40.2804,-88.2907,40.3642,-88.1169,"A tornado touched down three miles south of Dewey at 7:39 PM CDT.  The tornado tracked northeastward, causing significant damage to a business on US-136 between Fisher and Rantoul.  It struck a few vehicles as it crossed I-57 before dissipating just south of the intersection of County Road 3400 North and County Road 1800 East about 1 mile south-southeast of Ludlow at 7:48 PM CDT.","Two rounds of strong to severe thunderstorms spawned 13 tornadoes across central Illinois during the afternoon and evening of March 31st...including an EF-3 tornado that killed 3 people in Robinson in Crawford County.  The first round of convection developed along a warm front lifting northeastward through the area during the afternoon.  These storms were primarily very large hail-producers, with up to baseball-sized (2.75 diameter) hail being reported in the town of Banner in Fulton County.  Once the warm front lifted into northern Illinois, a modestly unstable but highly sheared environment was in place during the late afternoon and evening...with CAPE values of 1500-2500J/kg and 0-6km bulk shear in excess of 70kt.  As a trailing cold front approached from the west, additional supercell thunderstorms developed that produced tornadoes, very large hail, and damaging wind gusts.  The cells eventually congealed into a broken line as they pushed eastward to the I-57 corridor by mid-evening.  Meanwhile, a discrete supercell ahead of the line tracked south of I-70, dropping the EF-3 tornado in Crawford County.",90
1085844,BOONE CO.,CALEDONIA,03/31/2023,1844,Tornado, ,EF1,0,0,0,0,IL,CST-6, ,178474,C,7,LOT,0,0,NWS Storm Survey, ,13.54,150,1,S,5,NE,BLAINE,03/31/2023,1857,42.3489,-88.9027,42.4932,-88.7232,"This tornado touched down southwest of the village of Caledonia moving through mostly farmland along its northeastward track. The storm destroyed numerous outbuildings, heavily damaged a silo, and caused a grain bin to collapse. In the Candlewick Lake neighborhood southeast of Caledonia, a few homes sustained roof and siding damage. Several trees were also damaged. The tornado then crossed into the village of Sharon in southwestern Walworth County, Wisconsin. The storm would go on for nearly another four miles mostly doing damage to barns and trees before lifting near Town Hall Rd and Chilson Rd.","During the afternoon and evening of the 31st, a wave of severe thunderstorms produced numerous tornadoes, severe hail, extensive wind damage, and localized flooding across northern and northeastern Illinois. A total of 37 tornadoes were confirmed across the state. The NWS Chicago office tied a record for the most tornadoes to occur in a single calendar day within the office's county warning area with 22, 17 of which occurred in Illinois. One EF-2 tornado occurred in south-central Lee County and two others in northwest Indiana. Some of the more notable damage includes multiple semi trucks blown over, a garage that had been completely destroyed southeast of Amboy, and the partial roof collapse of the Apollo Theatre in Belvidere which unfortunately resulted in one fatality and 40 injuries.",91
1085846,KENDALL CO.,MONTGOMERY,03/31/2023,1855,Tornado, ,EF0,0,0,0,0,IL,CST-6, ,178474,C,93,LOT,0,0,NWS Storm Survey, ,1.83,200,2,WSW,0,WNW,MONTGOMERY,03/31/2023,1857,41.7124,-88.3913,41.7229,-88.3587,"The tornado touched down near the intersection of Concord Dr and Columbia Ln in southwestern Montgomery. It produced minor damage to an outbuilding shortly after dropping and to a few trees before crossing into Kane County just a couple of minutes after forming. The storm then continued northeastward through Montgomery damaging mostly trees before lifting on the south side of Aurora.","During the afternoon and evening of the 31st, a wave of severe thunderstorms produced numerous tornadoes, severe hail, extensive wind damage, and localized flooding across northern and northeastern Illinois. A total of 37 tornadoes were confirmed across the state. The NWS Chicago office tied a record for the most tornadoes to occur in a single calendar day within the office's county warning area with 22, 17 of which occurred in Illinois. One EF-2 tornado occurred in south-central Lee County and two others in northwest Indiana. Some of the more notable damage includes multiple semi trucks blown over, a garage that had been completely destroyed southeast of Amboy, and the partial roof collapse of the Apollo Theatre in Belvidere which unfortunately resulted in one fatality and 40 injuries.",92
1088275,VERMILION CO.,REILLY,03/31/2023,1857,Tornado, ,EF1,0,0,0,0,IL,CST-6, ,178024,C,183,ILX,0,0,NWS Storm Survey, ,7.81,300,4,WSW,3,WNW,EAST LYNN,03/31/2023,1904,40.405,-87.9245,40.4873,-87.8226,"A tornado touched down in a field northeast of the intersection of East 3700 North Road and County Road 2800 East about 4 miles south-southwest of Rankin at 7:57pm CDT.  The tornado tracked northeastward, uprooting trees and damaging a shed before crossing into the National Weather Service Chicago County Warning Area (CWA) in southern Iroquois County at 8:04pm CDT.","Two rounds of strong to severe thunderstorms spawned 13 tornadoes across central Illinois during the afternoon and evening of March 31st...including an EF-3 tornado that killed 3 people in Robinson in Crawford County.  The first round of convection developed along a warm front lifting northeastward through the area during the afternoon.  These storms were primarily very large hail-producers, with up to baseball-sized (2.75 diameter) hail being reported in the town of Banner in Fulton County.  Once the warm front lifted into northern Illinois, a modestly unstable but highly sheared environment was in place during the late afternoon and evening...with CAPE values of 1500-2500J/kg and 0-6km bulk shear in excess of 70kt.  As a trailing cold front approached from the west, additional supercell thunderstorms developed that produced tornadoes, very large hail, and damaging wind gusts.  The cells eventually congealed into a broken line as they pushed eastward to the I-57 corridor by mid-evening.  Meanwhile, a discrete supercell ahead of the line tracked south of I-70, dropping the EF-3 tornado in Crawford County.",93
1085848,KANE CO.,MONTGOMERY,03/31/2023,1857,Tornado, ,EF0,0,0,0,0,IL,CST-6, ,178474,C,89,LOT,0,0,NWS Storm Survey, ,3.77,200,1,SW,2,SE,AURORA,03/31/2023,1901,41.7229,-88.3587,41.7381,-88.2884,"Just a couple of minutes after touching down in far northern Kendall County, this tornado crossed into Kane County in Montgomery just west of Albright Rd. The tornado had caused minor damage to an outbuilding while still in Kendall County but most of the damage in Kane County was to trees. The tornado lifted on the south side of Aurora near the intersection of Hill Ave and Binder St.","During the afternoon and evening of the 31st, a wave of severe thunderstorms produced numerous tornadoes, severe hail, extensive wind damage, and localized flooding across northern and northeastern Illinois. A total of 37 tornadoes were confirmed across the state. The NWS Chicago office tied a record for the most tornadoes to occur in a single calendar day within the office's county warning area with 22, 17 of which occurred in Illinois. One EF-2 tornado occurred in south-central Lee County and two others in northwest Indiana. Some of the more notable damage includes multiple semi trucks blown over, a garage that had been completely destroyed southeast of Amboy, and the partial roof collapse of the Apollo Theatre in Belvidere which unfortunately resulted in one fatality and 40 injuries.",94
1085849,KANE CO.,BATAVIA,03/31/2023,1900,Tornado, ,EF0,0,0,0,0,IL,CST-6, ,178474,C,89,LOT,0,0,NWS Storm Survey, ,1.6,225,1,SW,1,E,BATAVIA,03/31/2023,1902,41.8414,-88.3321,41.8511,-88.3039,"This tornado began in an open field south of Engstrom Family Park and tracked east northeast towards downtown Batavia before lifting shortly after it crossed the Fox River near Wilson St. Damage along the tornado's path consisted of several uprooted and damaged trees, downed fences, downed power lines, roof shingles peeled off of houses, and a toppled chimney.","During the afternoon and evening of the 31st, a wave of severe thunderstorms produced numerous tornadoes, severe hail, extensive wind damage, and localized flooding across northern and northeastern Illinois. A total of 37 tornadoes were confirmed across the state. The NWS Chicago office tied a record for the most tornadoes to occur in a single calendar day within the office's county warning area with 22, 17 of which occurred in Illinois. One EF-2 tornado occurred in south-central Lee County and two others in northwest Indiana. Some of the more notable damage includes multiple semi trucks blown over, a garage that had been completely destroyed southeast of Amboy, and the partial roof collapse of the Apollo Theatre in Belvidere which unfortunately resulted in one fatality and 40 injuries.",95
1085851,KANE CO.,ST CHARLES,03/31/2023,1901,Tornado, ,EF0,0,0,0,0,IL,CST-6, ,178474,C,89,LOT,0,0,NWS Storm Survey, ,1.66,150,1,WNW,1,N,ST CHARLES,03/31/2023,1903,41.9149,-88.3339,41.9268,-88.3058,"This tornado began south of Dean St near 15th St in St Charles and tracked northeast. It passed over Boy Scout Island and the Fox River before lifting near the intersection of Stonehedge Rd and Persimmon Dr. Damage along the tornado's path consisted of several uprooted and damaged trees, downed power lines, roof shingles peeled off of houses, and a damaged HVAC unit on the roof of a construction facility.","During the afternoon and evening of the 31st, a wave of severe thunderstorms produced numerous tornadoes, severe hail, extensive wind damage, and localized flooding across northern and northeastern Illinois. A total of 37 tornadoes were confirmed across the state. The NWS Chicago office tied a record for the most tornadoes to occur in a single calendar day within the office's county warning area with 22, 17 of which occurred in Illinois. One EF-2 tornado occurred in south-central Lee County and two others in northwest Indiana. Some of the more notable damage includes multiple semi trucks blown over, a garage that had been completely destroyed southeast of Amboy, and the partial roof collapse of the Apollo Theatre in Belvidere which unfortunately resulted in one fatality and 40 injuries.",96
1085855,KENDALL CO.,JOLIET,03/31/2023,1903,Tornado, ,EF0,0,0,0,0,IL,CST-6, ,178474,C,93,LOT,0,0,NWS Storm Survey, ,2.02,250,1,WSW,1,ESE,JOLIET,03/31/2023,1905,41.5395,-88.2935,41.5448,-88.2551,"This tornado began near the intersection of Arbeiter and Black Roads in unincorporated Joliet. Several homes were damaged including to shingles and one chimney had collapsed. Just about a minute after touching down, the tornado crossed into Will County near Hadrian Dr and continued damaging shingles and trees lifting just before reaching IL Rt. 59.","During the afternoon and evening of the 31st, a wave of severe thunderstorms produced numerous tornadoes, severe hail, extensive wind damage, and localized flooding across northern and northeastern Illinois. A total of 37 tornadoes were confirmed across the state. The NWS Chicago office tied a record for the most tornadoes to occur in a single calendar day within the office's county warning area with 22, 17 of which occurred in Illinois. One EF-2 tornado occurred in south-central Lee County and two others in northwest Indiana. Some of the more notable damage includes multiple semi trucks blown over, a garage that had been completely destroyed southeast of Amboy, and the partial roof collapse of the Apollo Theatre in Belvidere which unfortunately resulted in one fatality and 40 injuries.",97
1086078,IROQUOIS CO.,FOUNTAIN CREEK,03/31/2023,1904,Tornado, ,EF1,0,0,0,0,IL,CST-6, ,178474,C,75,LOT,0,0,NWS Storm Survey, ,8.72,300,2,SSW,1,N,WELLINGTON,03/31/2023,1915,40.4873,-87.8226,40.5489,-87.6778,"This tornado originated in Vermillion County south of the town of Rankin east of N 2800E Rd and north of 3700 N Rd. The tornado tracked northeastward crossing into Iroquois County just west of N 1600 East Rd. The storm then dissipated about 8 miles later north of the town of Wellington just east of E 400 North Rd at N 2300 East Rd. While in Vermillion County, the tornado destroyed a couple of sheds and farm outbuildings, uprooted a number of trees, and did some roof damage to a home. In Iroquois County, a few trees were damaged along with the roofs of a couple of outbuildings.","During the afternoon and evening of the 31st, a wave of severe thunderstorms produced numerous tornadoes, severe hail, extensive wind damage, and localized flooding across northern and northeastern Illinois. A total of 37 tornadoes were confirmed across the state. The NWS Chicago office tied a record for the most tornadoes to occur in a single calendar day within the office's county warning area with 22, 17 of which occurred in Illinois. One EF-2 tornado occurred in south-central Lee County and two others in northwest Indiana. Some of the more notable damage includes multiple semi trucks blown over, a garage that had been completely destroyed southeast of Amboy, and the partial roof collapse of the Apollo Theatre in Belvidere which unfortunately resulted in one fatality and 40 injuries.",98
1085858,WILL CO.,SHOREWOOD,03/31/2023,1905,Tornado, ,EF0,0,0,0,0,IL,CST-6, ,178474,C,197,LOT,0,0,NWS Storm Survey, ,2.7,250,3,WNW,3,N,SHOREWOOD,03/31/2023,1908,41.5448,-88.2551,41.5562,-88.2051,"After dropping in far eastern Kendall County just about a minute sooner and doing damage to shingles and collapsing a chimney, this tornado crossed into Will County near Hadrian Dr in far west Joliet. It continued to do damage to shingles and trees before lifting a couple of minutes later near the intersection of Bedford Dr and Brighton Ln.","During the afternoon and evening of the 31st, a wave of severe thunderstorms produced numerous tornadoes, severe hail, extensive wind damage, and localized flooding across northern and northeastern Illinois. A total of 37 tornadoes were confirmed across the state. The NWS Chicago office tied a record for the most tornadoes to occur in a single calendar day within the office's county warning area with 22, 17 of which occurred in Illinois. One EF-2 tornado occurred in south-central Lee County and two others in northwest Indiana. Some of the more notable damage includes multiple semi trucks blown over, a garage that had been completely destroyed southeast of Amboy, and the partial roof collapse of the Apollo Theatre in Belvidere which unfortunately resulted in one fatality and 40 injuries.",99
1085863,WILL CO.,TAMARACK,03/31/2023,1905,Tornado, ,EF0,0,0,0,0,IL,CST-6, ,178474,C,197,LOT,0,0,NWS Storm Survey, ,1.58,125,1,SE,1,NNW,PLAINFIELD,03/31/2023,1907,41.6366,-88.2351,41.641,-88.2051,"The tornado began near W 135th Street just west of Meadow Lane in Plainfield and tracked east-northeast before dissipating near the intersection of Golden Meadow Dr and Golden Sunset Dr just west of IL Rt. 59. The damage was confined to primarily trees, but some shingles and siding were removed from homes along the path.","During the afternoon and evening of the 31st, a wave of severe thunderstorms produced numerous tornadoes, severe hail, extensive wind damage, and localized flooding across northern and northeastern Illinois. A total of 37 tornadoes were confirmed across the state. The NWS Chicago office tied a record for the most tornadoes to occur in a single calendar day within the office's county warning area with 22, 17 of which occurred in Illinois. One EF-2 tornado occurred in south-central Lee County and two others in northwest Indiana. Some of the more notable damage includes multiple semi trucks blown over, a garage that had been completely destroyed southeast of Amboy, and the partial roof collapse of the Apollo Theatre in Belvidere which unfortunately resulted in one fatality and 40 injuries.",100
1087336,MARION CO.,SELMAVILLE,03/31/2023,1911,Tornado, ,EF1,0,0,2000000,0,IL,CST-6, ,178384,C,121,LSX,0,0,NWS Storm Survey, ,5.95,250,0,NE,3,E,SALEM,03/31/2023,1918,38.6021,-88.998,38.6288,-88.8933,"At 8:11 PM CDT, a tornado touched down to the southwest of Salem, IL, near the intersection of Selmaville Rd and Lowery Ln. There it damaged several trees before moving through a forested area. The tornado then moved through a neighborhood, resulting in more tree damage, roofing and siding damage to a number of homes, and the collapse of a newly built large garage. Next, the tornado intensified as it moved through the southern portion of Salem, IL, damaging several homes, businesses, and numerous trees. This includes significant damage to the roof and walls of a commercial building and a home that was shifted off of its foundation. The tornado continued east of town, moving through a golf course and more wooded areas before approaching U.S. Highway 50 east of Salem. As the tornado crossed the highway, it collapsed a large outbuilding before quickly dissipating. Overall, the tornado was rated EF1 with a max wind speed of 105 mph. The path length was 5.95 miles with a max path width of 250 yards. No deaths or injuries were reported.","Ahead of a strong cold front, discrete supercells developed and rapidly moved northeast across the region during the early afternoon. Then as the front moved through the activity became more linear before moving out by late evening. There were numerous reports of large hail, damaging winds and two tornadoes.",101
1085882,DU PAGE CO.,VILLA PARK,03/31/2023,1917,Tornado, ,EF1,0,0,0,0,IL,CST-6, ,178474,C,43,LOT,0,0,NWS Storm Survey, ,1.57,175,2,NW,1,SSW,ADDISON,03/31/2023,1919,41.9072,-88.0178,41.9209,-87.9935,"The tornado dropped in an industrial park near N Main St just north of N North Ave on the far north side of Lombard. There, it caused roof damage to a couple of buildings. It continued on into the town of Addison where it caused roof damage to office buildings. The tornado then caused primarily tree damage as it tracked across a residential area of Addison south of Fullerton Ave before lifting as it crossed Fullerton Ave at Hale St. South and east of the tornado's track was a large swath of additional damage caused by straight line winds.","During the afternoon and evening of the 31st, a wave of severe thunderstorms produced numerous tornadoes, severe hail, extensive wind damage, and localized flooding across northern and northeastern Illinois. A total of 37 tornadoes were confirmed across the state. The NWS Chicago office tied a record for the most tornadoes to occur in a single calendar day within the office's county warning area with 22, 17 of which occurred in Illinois. One EF-2 tornado occurred in south-central Lee County and two others in northwest Indiana. Some of the more notable damage includes multiple semi trucks blown over, a garage that had been completely destroyed southeast of Amboy, and the partial roof collapse of the Apollo Theatre in Belvidere which unfortunately resulted in one fatality and 40 injuries.",102
1085899,IROQUOIS CO.,STOCKLAND,03/31/2023,1920,Tornado, ,EF1,0,0,0,0,IL,CST-6, ,178474,C,75,LOT,0,0,NWS Storm Survey, ,4.84,300,3,SSW,0,ENE,DAWSON PARK,03/31/2023,1924,40.572,-87.6122,40.6117,-87.5363,"A brief tornado occurred south of Stockland dropping just south of E 600 North Rd and east of N 2700 East Rd. The storm damaged trees and power poles and destroyed a small farm outbuilding. The tornado lifted after only a few minutes east of N 3100 East Rd and south of E 880 North Rd just west of the Illinois-Indiana state line.","During the afternoon and evening of the 31st, a wave of severe thunderstorms produced numerous tornadoes, severe hail, extensive wind damage, and localized flooding across northern and northeastern Illinois. A total of 37 tornadoes were confirmed across the state. The NWS Chicago office tied a record for the most tornadoes to occur in a single calendar day within the office's county warning area with 22, 17 of which occurred in Illinois. One EF-2 tornado occurred in south-central Lee County and two others in northwest Indiana. Some of the more notable damage includes multiple semi trucks blown over, a garage that had been completely destroyed southeast of Amboy, and the partial roof collapse of the Apollo Theatre in Belvidere which unfortunately resulted in one fatality and 40 injuries.",103
1088281,JASPER CO.,ST MARIE,03/31/2023,1958,Tornado, ,EF0,0,0,0,0,IL,CST-6, ,178024,C,79,ILX,0,0,NWS Storm Survey, ,6.49,200,3,SW,4,E,ST MARIE,03/31/2023,2003,38.9018,-88.0604,38.9297,-87.9451,"A tornado touched down in a field southwest of the intersection of East 390th Avenue and North 1700th Street about 2 miles southwest of Sainte Marie at 8:58pm CDT.  The tornado tracked northeastward, causing sporadic tree damage before crossing into western Crawford County between East 500th Avenue and East 600th Avenue at 9:03pm CDT.","Two rounds of strong to severe thunderstorms spawned 13 tornadoes across central Illinois during the afternoon and evening of March 31st...including an EF-3 tornado that killed 3 people in Robinson in Crawford County.  The first round of convection developed along a warm front lifting northeastward through the area during the afternoon.  These storms were primarily very large hail-producers, with up to baseball-sized (2.75 diameter) hail being reported in the town of Banner in Fulton County.  Once the warm front lifted into northern Illinois, a modestly unstable but highly sheared environment was in place during the late afternoon and evening...with CAPE values of 1500-2500J/kg and 0-6km bulk shear in excess of 70kt.  As a trailing cold front approached from the west, additional supercell thunderstorms developed that produced tornadoes, very large hail, and damaging wind gusts.  The cells eventually congealed into a broken line as they pushed eastward to the I-57 corridor by mid-evening.  Meanwhile, a discrete supercell ahead of the line tracked south of I-70, dropping the EF-3 tornado in Crawford County.",104
1088285,CRAWFORD CO.,PIERCEBURG,03/31/2023,2003,Tornado, ,EF3,3,8,0,0,IL,CST-6, ,178024,C,33,ILX,0,0,NWS Storm Survey, ,21.15,700,1,W,3,NE,PALESTINE,03/31/2023,2021,38.9297,-87.9451,39.0308,-87.5735,"This tornado crossed into western Crawford County from Jasper County at 9:03pm CDT.  The tornado tracked northeastward, doing minor structural damage to a machine shed along County Highway 1 near Pierceburg.  Numerous wooden power poles were snapped and heavy damage to trees was noted with tops sheared off about 30 feet above ground.  Structural damage to homes of the EF1-EF2 variety occurred as the tornado moved across County Highway 15 where two single family homes sustained major roof damage.  A mobile home was torn in half with its debris strewn about 20 yards in opposite directions.  Trees, while sparse in this area, were sheared about 20-30 feet above the ground.  Further east along County Highway 15, structural damage occurred to a large machine shed where a stationary semi-trailer blew into its west-facing wall causing the entire structure to fail.  The debris from the large machine shed then blew into an old, poorly anchored single-family residence and caused exterior walls to slide off its foundation.  Over the next 3 miles along the path of the tornado just before it reached the south side of Robinson, considerable tree damage was observed.||As the tornado tracked into the south side of Robinson, it narrowly missed a major oil refinery.  The tornado destroyed two manufactured homes resulting in two fatalities as it crossed County Highway 9 near the interchange of East 900th Avenue and North 1200th Street.  Damage to structures, trees, and wooden power poles was determined to be EF1-EF2.||Heavy structural damage (EF3) and an additional fatality were noted on the east side of Robinson near the interchange of State Highway 1 and East 1050th Avenue where a two-story masonry building experienced failure to its top story walls.  The adjacent properties also experienced heavy damage where the exterior walls of two |single-family homes collapsed.  Damage to trees and utility poles in this area was extensive due to the amount of debris strewn toward the northeast. ||The tornado then moved over Robinson Municipal Airport, destroying airport hangers and a small outbuilding.  The progressive collapse of the rigid frames of the metal building systems, which included steel beams measuring greater than 18 inches in diameter, caused the survey team to estimate EF3 damage at this point.||A continuous track of EF1 damage then extended northeastward across County Highway 5 where multiple single-family homes exhibited large sections of their roof structures removed.  In addition, multiple large machine sheds experienced a collapse of their wall structures. ||The survey team concluded that the storm likely maintained its intensity as it tracked northeastward toward the Wabash River, noting about a quarter-mile wide swath of heavy tree damage to distant tree lines as it continued toward the river.  The tornado then crossed the Wabash River into the National Weather Service Indianapolis County Warning Area (CWA) in western Sullivan County at 9:21pm CDT.","Two rounds of strong to severe thunderstorms spawned 13 tornadoes across central Illinois during the afternoon and evening of March 31st...including an EF-3 tornado that killed 3 people in Robinson in Crawford County.  The first round of convection developed along a warm front lifting northeastward through the area during the afternoon.  These storms were primarily very large hail-producers, with up to baseball-sized (2.75 diameter) hail being reported in the town of Banner in Fulton County.  Once the warm front lifted into northern Illinois, a modestly unstable but highly sheared environment was in place during the late afternoon and evening...with CAPE values of 1500-2500J/kg and 0-6km bulk shear in excess of 70kt.  As a trailing cold front approached from the west, additional supercell thunderstorms developed that produced tornadoes, very large hail, and damaging wind gusts.  The cells eventually congealed into a broken line as they pushed eastward to the I-57 corridor by mid-evening.  Meanwhile, a discrete supercell ahead of the line tracked south of I-70, dropping the EF-3 tornado in Crawford County.",105
1092537,ROCK ISLAND CO.,ANDALUSIA,04/04/2023,836,Tornado, ,EF1,0,0,0,0,IL,CST-6, ,179381,C,161,DVN,0,0,NWS Storm Survey, ,1.09,25,3,ENE,4,W,MILAN,04/04/2023,837,41.44,-90.66,41.44,-90.64,"A brief tornado caused sporadic damage to power poles, some trees, and some houses on its 1 mile path. Estimated max wind speeds of 105 mph.","There were two rounds of severe thunderstorms on April 4th. The first round in Illinois occurred during the morning hours.  These storms developed in eastern Iowa and moved into northwest Illinois by mid morning.  Despite the elevated nature of the storms and a very stable low level, a very strong downdraft surge occurred south of the hail core over the Illinois side of the Quad Cities metro, with the Quad City Airport ASOS measuring a wind gust near 90 MPH. Extensive damage occurred from Rock Island to Colona IL to buildings, trees and power poles, with some structures seeing ripped-off roofs. A survey team determined a brief tornadoes touched down in Moline, Colona, and near Geneseo Illinois.",106
1092536,ROCK ISLAND CO.,BLACKHAWK STATE PARK,04/04/2023,841,Tornado, ,EF1,0,0,0,0,IL,CST-6, ,179381,C,161,DVN,0,0,NWS Storm Survey, ,1.59,150,1,NW,2,WSW,MOLINE,04/04/2023,843,41.48,-90.58,41.49,-90.55,"A brief tornado occurred in the City of Rock Island, Illinois. The tornado was on the ground for 1.59 miles with a maximum width of 150 yards and a peak estimated winds of 95 MPH. The tornado knocked over and snapped large trees and produced minor damage to several roofs. Widespread damaging straight-line winds up to 90 mph also caused significant damage across the city.","There were two rounds of severe thunderstorms on April 4th. The first round in Illinois occurred during the morning hours.  These storms developed in eastern Iowa and moved into northwest Illinois by mid morning.  Despite the elevated nature of the storms and a very stable low level, a very strong downdraft surge occurred south of the hail core over the Illinois side of the Quad Cities metro, with the Quad City Airport ASOS measuring a wind gust near 90 MPH. Extensive damage occurred from Rock Island to Colona IL to buildings, trees and power poles, with some structures seeing ripped-off roofs. A survey team determined a brief tornadoes touched down in Moline, Colona, and near Geneseo Illinois.",107
1092547,ROCK ISLAND CO.,FRUITLAND,04/04/2023,847,Tornado, ,EF1,0,0,0,0,IL,CST-6, ,179381,C,161,DVN,0,0,NWS Storm Survey, ,1.62,25,1,NE,2,E,FRUITLAND,04/04/2023,849,41.48,-90.51,41.47,-90.48,"A brief EF1 tornado caused damage to trees and roofs across its 1.6 mile long path. Eyewitness reports of the tornado and debris aided in the identification of this tornado.","There were two rounds of severe thunderstorms on April 4th. The first round in Illinois occurred during the morning hours.  These storms developed in eastern Iowa and moved into northwest Illinois by mid morning.  Despite the elevated nature of the storms and a very stable low level, a very strong downdraft surge occurred south of the hail core over the Illinois side of the Quad Cities metro, with the Quad City Airport ASOS measuring a wind gust near 90 MPH. Extensive damage occurred from Rock Island to Colona IL to buildings, trees and power poles, with some structures seeing ripped-off roofs. A survey team determined a brief tornadoes touched down in Moline, Colona, and near Geneseo Illinois.",108
1092543,HENRY CO.,GREEN ROCK,04/04/2023,857,Tornado, ,EF2,0,0,0,0,IL,CST-6, ,179381,C,73,DVN,0,0,NWS Storm Survey, ,0.52,50,1,N,1,W,COLONA,04/04/2023,858,41.48,-90.37,41.48,-90.36,"A brief tornado developed Tuesday morning in Colona, Illinois, and was embedded in a broader swath of damaging straight line winds. The tornado was on the ground for 0.4 miles and west 50 yards wide.  the peak estimated winds were 115 MPH. The tornado moved through the northern portion of Colona, and was on the ground for about a half mile. The tornado was captured on video, ripping the entire roof off a gas station and tossing it into a brick building just to the south. The front wall of the building also collapsed. The tornado also uprooted trees, and caused minor house damage.The tornado was rated a low-end EF-2, with maximum winds around 115 mph.","There were two rounds of severe thunderstorms on April 4th. The first round in Illinois occurred during the morning hours.  These storms developed in eastern Iowa and moved into northwest Illinois by mid morning.  Despite the elevated nature of the storms and a very stable low level, a very strong downdraft surge occurred south of the hail core over the Illinois side of the Quad Cities metro, with the Quad City Airport ASOS measuring a wind gust near 90 MPH. Extensive damage occurred from Rock Island to Colona IL to buildings, trees and power poles, with some structures seeing ripped-off roofs. A survey team determined a brief tornadoes touched down in Moline, Colona, and near Geneseo Illinois.",109
1092545,HENRY CO.,GENESEO,04/04/2023,915,Tornado, ,EF2,0,0,0,0,IL,CST-6, ,179381,C,73,DVN,0,0,NWS Storm Survey, ,2.79,600,2,SE,3,W,ATKINSON,04/04/2023,919,41.43,-90.12,41.42,-90.07,"A localized rear flank downdraft (RFD) surge on the south side of a broader high precipitation(HP)  supercell RFD caused a tornado to form. The EF2 tornado with 115 MPH winds began just east of Geneseo. The path had sporadic damage and based on eye-witness reports it was a multiple vortex tornado. Different suction vortices caused damage to farm buildings, trees, silos and houses along its 2.8 mile long path. Many trees were uprooted or snapped in different directions. Most houses had uplift of shingles. Towards the end of the path, the tornado strengthened just before it occluded. EF2 damage was found here as a power pole was snapped, 4 farm outbuildings were destroyed and the roof on the house was lifted then put back down on the house. Many thanks to Henry County OEM for helping with the survey.","There were two rounds of severe thunderstorms on April 4th. The first round in Illinois occurred during the morning hours.  These storms developed in eastern Iowa and moved into northwest Illinois by mid morning.  Despite the elevated nature of the storms and a very stable low level, a very strong downdraft surge occurred south of the hail core over the Illinois side of the Quad Cities metro, with the Quad City Airport ASOS measuring a wind gust near 90 MPH. Extensive damage occurred from Rock Island to Colona IL to buildings, trees and power poles, with some structures seeing ripped-off roofs. A survey team determined a brief tornadoes touched down in Moline, Colona, and near Geneseo Illinois.",110
1092556,MCDONOUGH CO.,INDUSTRY,04/04/2023,1752,Tornado, ,EF1,0,0,0,0,IL,CST-6, ,179385,C,109,DVN,0,0,NWS Storm Survey, ,8.31,350,1,S,5,SSE,ADAIR,04/04/2023,1802,40.31,-90.6,40.36,-90.46,"An EF1 tornado touched down south of Industry, Illinois near highway 67 damaging barns, outbuildings, and snapping many large hardwood trees. The tornado continued to track to the northeast causing significant damage to several empty large grain bins and destroying a portion of a roof of a house. Occasional damage was found to trees, outbuildings, and grain bins across far east-central McDonough County as the tornado appeared to be dissipating just before the McDonough-Fulton County line. The tornado was on the ground for 8.31 miles with a maximum width of 350 yards.  Its peak estimated wind speed was 105 MPH.","Two rounds of severe thunderstorms occurred on April 4th. Round 2 of severe thunderstorms arrived during the late afternoon, with all modes of severe weather seen. Most notably, an EF1 tornado developed near Industry IL, and tracked northeast through McDonough County before lifting prior to entering Fulton County.",111
1093555,FULTON CO.,TABLE GROVE,04/04/2023,1802,Tornado, ,EF1,0,0,0,0,IL,CST-6, ,179611,C,57,ILX,0,0,NWS Storm Survey, ,1.93,200,3,W,1,W,TABLE GROVE,04/04/2023,1810,40.3631,-90.4329,40.3668,-90.3966,"A tornado touched down on the west edge of Table Grove along County Highway 3 at 7:02 PM CDT.  It tracked eastward just south of South Street, flattening several garages and causing damage to numerous houses and trees before crossing Rifle Range Road and lifting 1 mile east of Table Grove near East Locust Lane at 7:10 PM CDT.","As a warm front lifted northward, a highly unstable and sheared environment developed across west-central Illinois during the afternoon and evening of April 4th.  Despite the favorable parameters, thunderstorm activity was slow to initiate due to the lack of a forcing mechanism and the presence of low-level capping.  As a subtle short-wave approached from the west and weakened the cap, a large supercell thunderstorm formed over southern McDonough County then tracked east-northeast across Fulton County.  This storm produced a total of 4 tornadoes in Fulton County...including an EF-3 tornado that tracked across the northwest side of Lewistown.  Very large hail was reported as well...with the largest stone measuring 4 inches in diameter in the town of Bernadotte.",112
1093556,FULTON CO.,TABLE GROVE,04/04/2023,1809,Tornado, ,EFU,0,0,0,0,IL,CST-6, ,179611,C,57,ILX,0,0,Storm Chaser, ,0.75,20,2,SSW,1,SSE,TABLE GROVE,04/04/2023,1810,40.3484,-90.3773,40.3521,-90.3639,"A storm chaser reported a brief tornado touchdown between Table Grove and Ipava at 7:09 PM CDT.  The tornado quickly lifted and no damage was observed.","As a warm front lifted northward, a highly unstable and sheared environment developed across west-central Illinois during the afternoon and evening of April 4th.  Despite the favorable parameters, thunderstorm activity was slow to initiate due to the lack of a forcing mechanism and the presence of low-level capping.  As a subtle short-wave approached from the west and weakened the cap, a large supercell thunderstorm formed over southern McDonough County then tracked east-northeast across Fulton County.  This storm produced a total of 4 tornadoes in Fulton County...including an EF-3 tornado that tracked across the northwest side of Lewistown.  Very large hail was reported as well...with the largest stone measuring 4 inches in diameter in the town of Bernadotte.",113
1093557,FULTON CO.,IPAVA,04/04/2023,1811,Tornado, ,EF3,0,4,0,0,IL,CST-6, ,179611,C,57,ILX,0,0,NWS Storm Survey, ,19.92,600,1,S,2,S,CANTON INGERSOLL ARP,04/04/2023,1838,40.3308,-90.3233,40.5429,-90.0667,"A tornado touched down about 1 mile south of Ipava at 7:11 PM CDT.  It tracked east-northeastward causing EF-1 level damage near the intersection of East Square Road and North Summum Road where several farm buildings and a home sustained damage.  The tornado then curved northeastward and crossed the Spoon River Bottoms.  Damage began increasing about 1.5 miles west of Lewistown near County Highway 14 where several houses and outbuildings were damaged along North Milton Road.  The tornado increased in intensity, producing EF-3 damage just northwest of Lewistown where it crumpled a metal high tension transmission tower.  It crossed State Highway 97 just northwest of the intersection with State Highway 100 and damaged numerous homes and farm buildings along State Highway 100 between North Grain Bin Highway and East Epworth Spring Road.  The tornado blew down several power poles from this point northeastward to the southwest edge of Bryant.  Much of the tornado damage within the town of Bryant was west of State Highway 100 between Ash Street and Elm Street...with damage east of State Highway 100 being caused by rear-flank downdraft winds of 70 to 100 mph.  EF-3 tornado damage was observed about 1 mile southwest of Bryant near the intersection of State Highway 100 and North Wright Road where several houses were demolished.  EF-3 damage was also noted 1 mile northeast of Bryant near the west end of East Hooty Road.  Four injuries occurred in the Bryant area.  The tornado continued northeastward, damaging trees and power lines west of Saint David and a home along West Hickory Street southwest of Canton.  It dissipated about 2 miles southwest of Canton at 7:38 PM CDT.","As a warm front lifted northward, a highly unstable and sheared environment developed across west-central Illinois during the afternoon and evening of April 4th.  Despite the favorable parameters, thunderstorm activity was slow to initiate due to the lack of a forcing mechanism and the presence of low-level capping.  As a subtle short-wave approached from the west and weakened the cap, a large supercell thunderstorm formed over southern McDonough County then tracked east-northeast across Fulton County.  This storm produced a total of 4 tornadoes in Fulton County...including an EF-3 tornado that tracked across the northwest side of Lewistown.  Very large hail was reported as well...with the largest stone measuring 4 inches in diameter in the town of Bernadotte.",114
1093559,FULTON CO.,LITTLE AMERICA,04/04/2023,1829,Tornado, ,EFU,0,0,0,0,IL,CST-6, ,179611,C,57,ILX,0,0,Storm Chaser, ,0.18,20,3,WSW,3,WSW,LITTLE AMERICA,04/04/2023,1830,40.405,-90.0777,40.4065,-90.0748,"A storm chaser reported a brief tornado touchdown southeast of the main Lewistown tornado at 7:29 PM CDT.  The tornado quickly dissipated and no damage was observed.","As a warm front lifted northward, a highly unstable and sheared environment developed across west-central Illinois during the afternoon and evening of April 4th.  Despite the favorable parameters, thunderstorm activity was slow to initiate due to the lack of a forcing mechanism and the presence of low-level capping.  As a subtle short-wave approached from the west and weakened the cap, a large supercell thunderstorm formed over southern McDonough County then tracked east-northeast across Fulton County.  This storm produced a total of 4 tornadoes in Fulton County...including an EF-3 tornado that tracked across the northwest side of Lewistown.  Very large hail was reported as well...with the largest stone measuring 4 inches in diameter in the town of Bernadotte.",115
1092562,HENRY CO.,WOODHULL,04/05/2023,348,Tornado, ,EF0,0,0,0,0,IL,CST-6, ,179388,C,73,DVN,0,0,NWS Storm Survey, ,3.12,50,2,N,5,NE,WOODHULL,04/05/2023,353,41.21,-90.32,41.23,-90.26,"A brief tornado began just east of I-74 north of Woodhull, damaging trees, a few outbuildings, and a home in its path. A home lost some shingles and partial roof on one side of the residence. Large tree branches snapped on farmstead property. The tornado was on the ground for around 3 miles and was 50 yards wide. The tornado was rated EF0 with maximum winds around 85 mph.","Severe thunderstorms occurred during the early morning hours of April 5th, as a strong cold front moved across the area and produced a line of strong to severe storms. Storms became severe as they reached the Mississippi River, producing wind gusts to 60 MPH and large hail. Ping pong ball sized hail was observed near Nora IL.",116
1093828,MONROE CO.,CHALFIN BRIDGE,04/15/2023,1734,Tornado, ,EF0,0,0,0,0,IL,CST-6, ,179164,C,133,LSX,0,0,NWS Storm Survey, ,15.91,100,1,SE,1,N,HECKER,04/15/2023,1754,38.2116,-90.2623,38.308,-90.001,"At 6:34 PM CDT a tornado touched down on Bluff Road about 1.8 miles southwest of Maeystown. As it tracked to the northeast it caused minor tree damage as well as moderate damage to a farm outbuilding on the southwest side of town. It continued to the northeast across Monroe County causing sporadic tree damage and destroyed a small outbuilding. About 1.5 miles southwest of Hecker the roof of a barn was removed. The tornado crossed into southern St. Clair County about 0.4 of a mile northwest of Hecker. The tornado was rated EF0 with a max wind speed of 85 mph. The path length in Monroe County was 15.91 miles with a max path width of 100 yards. Overall, the tornado was rated EF1 with a max wind speed of 100 mph. The total path length was 19.57 miles with a max path width of 100 yards. No deaths or injuries were reported.","Several strong to severe thunderstorms moved into eastern Missouri in the afternoon hours of April 15th. These storms were initially producing copious large hail, but rapidly transitioned into tornadic storms. The first tornado was associated with a supercell ahead of a congealing line of convection moving rapidly toward the Mississippi River. A portion of this line of storms rapidly surged eastward, resulting in numerous tornadoes in Jefferson county in Missouri, and Monroe, Madison, St. Clair, and Washington counties in Illinois. In total, 12 tornadoes have been identified, including 3 EF-1s, 6 EF-0s, and 3 tornadoes of unknown intensity that produced no damage.",117
1093834,MONROE CO.,HARRISONVILLE,04/15/2023,1739,Tornado, ,EF0,0,0,0,0,IL,CST-6, ,179164,C,133,LSX,0,0,NWS Storm Survey, ,4.97,100,1,ESE,2,NNE,MADONNAVILLE,04/15/2023,1746,38.276,-90.329,38.291,-90.24,"A tornado touched down at 6:39 PM CDT just east of intersection of Harris Road and B Road and tracked to the east northeast. There was some minor roof damage to a couple of outbuildings before the tornado crossed Bluff Road, around 2.6 miles south southwest of Valmeyer. For the remainder of the tornado path the damage was mostly to trees. However, a house sustained minor roof damage on Deer Hill Road, about 2.4 miles southeast of Valmeyer. Then the tornado lifted and dissipated around 6:46 PM CDT. Overall the tornado was rated EF0 with a max wind speed of 85 mph. The tornado path length is 4.97 miles with a max path width of 100 yards. No deaths or injuries were reported.","Several strong to severe thunderstorms moved into eastern Missouri in the afternoon hours of April 15th. These storms were initially producing copious large hail, but rapidly transitioned into tornadic storms. The first tornado was associated with a supercell ahead of a congealing line of convection moving rapidly toward the Mississippi River. A portion of this line of storms rapidly surged eastward, resulting in numerous tornadoes in Jefferson county in Missouri, and Monroe, Madison, St. Clair, and Washington counties in Illinois. In total, 12 tornadoes have been identified, including 3 EF-1s, 6 EF-0s, and 3 tornadoes of unknown intensity that produced no damage.",118
1093839,MONROE CO.,COLUMBIA GEBHARDT AR,04/15/2023,1743,Tornado, ,EFU,0,0,0,0,IL,CST-6, ,179164,C,133,LSX,0,0,Broadcast Media, ,0.34,25,0,NNW,1,NNE,COLUMBIA GEBHARDT AR,04/15/2023,1744,38.454,-90.233,38.457,-90.228,"A tornado briefly touched down in the Mississippi river bottoms on the northwest side of Columbia, IL. The only evidence of this tornado was a video provided via local media. Duration was likely less than 1 minute, no damage or injuries. The tornado was rated EFU with an estimated path length of 0.34 miles and an estimated path width of 25 yards.","Several strong to severe thunderstorms moved into eastern Missouri in the afternoon hours of April 15th. These storms were initially producing copious large hail, but rapidly transitioned into tornadic storms. The first tornado was associated with a supercell ahead of a congealing line of convection moving rapidly toward the Mississippi River. A portion of this line of storms rapidly surged eastward, resulting in numerous tornadoes in Jefferson county in Missouri, and Monroe, Madison, St. Clair, and Washington counties in Illinois. In total, 12 tornadoes have been identified, including 3 EF-1s, 6 EF-0s, and 3 tornadoes of unknown intensity that produced no damage.",119
1093829,ST. CLAIR CO.,PADERBORN,04/15/2023,1754,Tornado, ,EF1,0,0,0,0,IL,CST-6, ,179164,C,163,LSX,0,0,NWS Storm Survey, ,3.66,100,5,SSE,4,SW,LEMENTON,04/15/2023,1759,38.308,-90.001,38.3306,-89.9407,"The tornado crossed into St. Clair County about 0.4 of a mile northwest of Hecker. The tornado intensified as it crossed Illinois Route 159. In this area, it destroyed a large barn, caused minor roof damage to a house and snapped off a number of trees. It continued to track to the northeast causing sporadic tree damage and minor roof damage to outbuildings before lifting and dissipating on Klein School Road just north of intersection with Illinois Route 156 at 6:59 PM CDT. The tornado was rated EF1 in St. Clair County with a max wind speed of 100 mph. The path length was 3.66 miles with a max path width of 100 yards. Overall, the tornado was rated EF1 with a max wind speed of 100 mph. The total path length was 19.57 miles with a max path width of 100 yards. No deaths or injuries were reported.","Several strong to severe thunderstorms moved into eastern Missouri in the afternoon hours of April 15th. These storms were initially producing copious large hail, but rapidly transitioned into tornadic storms. The first tornado was associated with a supercell ahead of a congealing line of convection moving rapidly toward the Mississippi River. A portion of this line of storms rapidly surged eastward, resulting in numerous tornadoes in Jefferson county in Missouri, and Monroe, Madison, St. Clair, and Washington counties in Illinois. In total, 12 tornadoes have been identified, including 3 EF-1s, 6 EF-0s, and 3 tornadoes of unknown intensity that produced no damage.",120
1094928,ST. CLAIR CO.,SIGNAL HILL,04/15/2023,1759,Tornado, ,EF0,0,0,0,0,IL,CST-6, ,179164,C,163,LSX,0,0,NWS Storm Survey, ,0.58,100,0,S,1,WSW,HILLTOP,04/15/2023,1800,38.575,-90.069,38.576,-90.059,"A brief tornado touched down at 6:59 PM CDT on Walnut Lane and tracked to the east northeast along Signal Hill Boulevard. It caused damage to numerous trees and minor structural damage. Overall, the tornado was rated EF0 with max wind speed of 84 mph. The path length was 0.58 miles and a max path width of 100 yards. No deaths or injuries were reported.","Several strong to severe thunderstorms moved into eastern Missouri in the afternoon hours of April 15th. These storms were initially producing copious large hail, but rapidly transitioned into tornadic storms. The first tornado was associated with a supercell ahead of a congealing line of convection moving rapidly toward the Mississippi River. A portion of this line of storms rapidly surged eastward, resulting in numerous tornadoes in Jefferson county in Missouri, and Monroe, Madison, St. Clair, and Washington counties in Illinois. In total, 12 tornadoes have been identified, including 3 EF-1s, 6 EF-0s, and 3 tornadoes of unknown intensity that produced no damage.",121
1094929,MADISON CO.,COLLINSVILLE,04/15/2023,1801,Tornado, ,EFU,0,0,0,0,IL,CST-6, ,179164,C,119,LSX,0,0,Broadcast Media, ,0.16,25,1,W,1,WNW,COLLINSVILLE,04/15/2023,1802,38.673,-90.0244,38.6744,-90.0221,"A tornado briefly touched down just to the west of Collinsville, IL. The only evidence of this tornado was a video provided via local media. Duration was likely less than 1 minute, no damage or injuries. The tornado was rated EFU with an estimated path length of 0.16 miles and an estimated path width of 25 yards.","Several strong to severe thunderstorms moved into eastern Missouri in the afternoon hours of April 15th. These storms were initially producing copious large hail, but rapidly transitioned into tornadic storms. The first tornado was associated with a supercell ahead of a congealing line of convection moving rapidly toward the Mississippi River. A portion of this line of storms rapidly surged eastward, resulting in numerous tornadoes in Jefferson county in Missouri, and Monroe, Madison, St. Clair, and Washington counties in Illinois. In total, 12 tornadoes have been identified, including 3 EF-1s, 6 EF-0s, and 3 tornadoes of unknown intensity that produced no damage.",122
1094931,ST. CLAIR CO.,BELLEVILLE,04/15/2023,1803,Tornado, ,EF0,0,0,0,0,IL,CST-6, ,179164,C,163,LSX,0,0,NWS Storm Survey, ,1.12,90,1,W,0,NNE,EAST SWANSEA,04/15/2023,1804,38.5195,-89.9928,38.5318,-89.9795,"A tornado touched down at 7:03 PM CDT at the intersection of West E Street and N 7th Street and tracked to the north northeast. Damage was limited to trees and power lines. The tornado lifted and dissipated on Anna Street just east of Helen Street. The tornado was rated EF0 with a max wind speed of 85 mph. The path length was 1.12 miles and a max path width of 90 yards. No deaths or injuries were reported.","Several strong to severe thunderstorms moved into eastern Missouri in the afternoon hours of April 15th. These storms were initially producing copious large hail, but rapidly transitioned into tornadic storms. The first tornado was associated with a supercell ahead of a congealing line of convection moving rapidly toward the Mississippi River. A portion of this line of storms rapidly surged eastward, resulting in numerous tornadoes in Jefferson county in Missouri, and Monroe, Madison, St. Clair, and Washington counties in Illinois. In total, 12 tornadoes have been identified, including 3 EF-1s, 6 EF-0s, and 3 tornadoes of unknown intensity that produced no damage.",123
1094934,ST. CLAIR CO.,BELLEVILLE,04/15/2023,1803,Tornado, ,EF1,0,0,0,0,IL,CST-6, ,179164,C,163,LSX,0,0,NWS Storm Survey, ,3.04,200,0,W,2,W,SHILOH,04/15/2023,1807,38.5195,-89.9871,38.5447,-89.9415,"A tornado touched down at 7:03 PM CDT just south of the intersection of N 2nd Street and West F Street and tracked to the northeast. It initially caused minor tree and power line damage. Then as it moved through moved through the Forest Hill Drive area, it briefly intensified either snapping off or uprooting several very large trees. Several of the trees fell onto homes, causing more significant structural damage. Further to the northeast there was minor structural damage to a   couple of homes, apartment buildings and businesses. Then the tornado lifted and dissipated on Adeline Drive just west of Sierra Drive at 7:07 PM CDT. The tornado was rated EF1 with a max wind speed of 98 mph. The path length was 3.04 miles and a max path width of 200 yards. No deaths or injuries were reported.","Several strong to severe thunderstorms moved into eastern Missouri in the afternoon hours of April 15th. These storms were initially producing copious large hail, but rapidly transitioned into tornadic storms. The first tornado was associated with a supercell ahead of a congealing line of convection moving rapidly toward the Mississippi River. A portion of this line of storms rapidly surged eastward, resulting in numerous tornadoes in Jefferson county in Missouri, and Monroe, Madison, St. Clair, and Washington counties in Illinois. In total, 12 tornadoes have been identified, including 3 EF-1s, 6 EF-0s, and 3 tornadoes of unknown intensity that produced no damage.",124
1094930,WASHINGTON CO.,COVINGTON,04/15/2023,1833,Tornado, ,EFU,0,0,0,0,IL,CST-6, ,179164,C,189,LSX,0,0,Social Media, ,0.17,50,1,NNW,1,NNW,COVINGTON,04/15/2023,1834,38.4606,-89.438,38.461,-89.435,"A tornado briefly touched down about a third of a mile north of Covington, IL. The only evidence of this tornado was a video provided via social media. Duration was likely less than 1 minute, no damage or injuries. The tornado was rated EFU with an estimated path length of 0.17 miles and an estimated path width of 50 yards.","Several strong to severe thunderstorms moved into eastern Missouri in the afternoon hours of April 15th. These storms were initially producing copious large hail, but rapidly transitioned into tornadic storms. The first tornado was associated with a supercell ahead of a congealing line of convection moving rapidly toward the Mississippi River. A portion of this line of storms rapidly surged eastward, resulting in numerous tornadoes in Jefferson county in Missouri, and Monroe, Madison, St. Clair, and Washington counties in Illinois. In total, 12 tornadoes have been identified, including 3 EF-1s, 6 EF-0s, and 3 tornadoes of unknown intensity that produced no damage.",125
1094775,WHITESIDE CO.,MORRISON,04/20/2023,1456,Tornado, ,EF1,0,0,0,0,IL,CST-6, ,179759,C,195,DVN,0,0,NWS Storm Survey, ,5.89,300,2,SE,2,E,MALVERN,04/20/2023,1503,41.8,-89.93,41.85,-89.84,"An isolated tornado began just east of Morrison IL around 2:56 PM CST. The tornado damaged a power pole and a tree at this location. The tornado then caused sporadic damage until it approached Fulfs Road.  It strengthened at this location and caused damage to trees, farm outbuildings, and a power pole. The tornado ended shortly after this location. Wind speeds are estimated in the 105-110 MPH range, with a rating of EF1. At it's widest, the tornado was 300 yards and was likely a multi-vortex tornado. The tornado path length was nearly 6 miles.","A powerful storm system moved across eastern Iowa into southwest Wisconsin, sweeping a strong cold front through the area during the afternoon hours of Thursday, April 20th. A line of thunderstorms developed quickly along the front, with some of them surpassing severe thresholds producing hail up to the size of a golf ball.||An EF1 tornado tracked to the northeast for about 6 miles starting just east of Morrison, IL just before 3 PM CST.",126
1100732,KANKAKEE CO.,GRANT PARK,05/07/2023,1730,Tornado, ,EFU,0,0,0,0,IL,CST-6, ,180753,C,91,LOT,0,0,Public, ,0.21,50,1,SE,1,SE,GRANT PARK,05/07/2023,1731,41.2284,-87.6351,41.2311,-87.6331,"A video shared shows a landspout-type tornado kicking up dust in a field southwest of Route 1 and Route 17 near Grant Park. Time was estimated based on radar.","On the evening of May 7th, a line of thunderstorms produced severe winds, severe hail, heavy rain, and even two landspouts across parts of the southern and southwestern Chicago metro. The heaviest of the rainfall occurred along a narrow corridor stretching from far southern Lee County southeastward into east-central Kankakee County where widespread 2+ inch rainfall totals were reported with a few spots seeing between four and five inches of rain. Additionally, strong outflow winds from nearby thunderstorms kicked up significant amounts of blowing dust across parts of southern LaSalle County and towards the I-55 corridor in Livingston County. This was preceded by an abnormally dry period stretching back to early April leading to dry soil conditions in the area. Multiple reports of near-zero visibility resulted in the issuance of two Dust Storm Warnings, the first such warnings issued by the Chicago WFO.",127
1103432,BUREAU CO.,YORKTOWN,05/07/2023,1740,Tornado, ,EFU,0,0,0,0,IL,CST-6, ,180496,C,11,DVN,0,0,Broadcast Media, ,0.1,20,3,E,3,E,YORKTOWN,05/07/2023,1741,41.57,-89.792,41.5707,-89.7889,"Broadcast media reported a brief Landspout (non-supercell) tornado about 3 miles east of Yorktown, IL or about 6 miles NW of New Bedford, IL. There was no observable damage to assign an EF-scale rating.","Several rounds of severe thunderstorms impacted the area on Sunday May 7, 2023.  Two areas of storms were present during the mid to late afternoon, one entering the Cedar Rapids and Iowa City metros and another around the Burlington and Fort Madison metros. The first was the most severe, producing hail up to baseball size in Koszta, Iowa and widespread wind damage, especially around West Liberty, Iowa. This storm, and storms to the west, eventually merged into a cluster of severe thunderstorms, producing large hail and destructive winds around 70-75 mph all the way to Mount Pleasant, Iowa and Macomb, Illinois. The latter produced sporadic reports of quarter to half dollar sized hail, along with a brief landspout tornado east of Yorktown, IL.  There was also severe blowing dust which was especially bad near I-55 in north central Illinois. Even more thunderstorms developed overnight across the area, and mainly produced torrential rain and isolated large hail reports.",128
1100733,KANKAKEE CO.,YEAGER,05/07/2023,1742,Tornado, ,EFU,0,0,0,0,IL,CST-6, ,180753,C,91,LOT,0,0,Public, ,0.97,50,2,ENE,2,E,YEAGER,05/07/2023,1746,41.2186,-87.6727,41.207,-87.6621,"A photo shared shows a landspout tornado occurring along State Route 1/17 between Grant Park and Momence. The landspout threw a car into a ditch but did not cause any known damage to structures or trees.","On the evening of May 7th, a line of thunderstorms produced severe winds, severe hail, heavy rain, and even two landspouts across parts of the southern and southwestern Chicago metro. The heaviest of the rainfall occurred along a narrow corridor stretching from far southern Lee County southeastward into east-central Kankakee County where widespread 2+ inch rainfall totals were reported with a few spots seeing between four and five inches of rain. Additionally, strong outflow winds from nearby thunderstorms kicked up significant amounts of blowing dust across parts of southern LaSalle County and towards the I-55 corridor in Livingston County. This was preceded by an abnormally dry period stretching back to early April leading to dry soil conditions in the area. Multiple reports of near-zero visibility resulted in the issuance of two Dust Storm Warnings, the first such warnings issued by the Chicago WFO.",129
1100734,LA SALLE CO.,SERENA,05/07/2023,1809,Tornado, ,EFU,0,0,0,0,IL,CST-6, ,180753,C,99,LOT,0,0,Public, ,0.09,25,2,SW,2,SW,SERENA,05/07/2023,1810,41.4719,-88.7531,41.472,-88.7513,"A video shared shows a brief landspout tornado roughly three miles southwest of Serena.  This landspout produced no known damage. The time, location, and track are all approximate.","On the evening of May 7th, a line of thunderstorms produced severe winds, severe hail, heavy rain, and even two landspouts across parts of the southern and southwestern Chicago metro. The heaviest of the rainfall occurred along a narrow corridor stretching from far southern Lee County southeastward into east-central Kankakee County where widespread 2+ inch rainfall totals were reported with a few spots seeing between four and five inches of rain. Additionally, strong outflow winds from nearby thunderstorms kicked up significant amounts of blowing dust across parts of southern LaSalle County and towards the I-55 corridor in Livingston County. This was preceded by an abnormally dry period stretching back to early April leading to dry soil conditions in the area. Multiple reports of near-zero visibility resulted in the issuance of two Dust Storm Warnings, the first such warnings issued by the Chicago WFO.",130
1093726,MACON CO.,BOODY,05/13/2023,1337,Tornado, ,EFU,0,0,0,0,IL,CST-6, ,179626,C,115,ILX,0,0,Emergency Manager, ,0.45,10,1,NW,1,N,BOODY,05/13/2023,1338,39.78,-89.06,39.7803,-89.0516,"A brief landspout tornado touched down in a field about 1 mile north-northwest of Boody at 2:37 PM CDT.  The tornado quickly dissipated, and no damage was observed.","A stationary frontal boundary draped across south-central Illinois served as the focus for clusters of thunderstorms during the afternoon and evening of May 13th.  As a shower began to develop along the boundary, a brief landspout tornado was observed northwest of the town of Boody in Macon County.  No damage was reported.",131
1102925,MCHENRY CO.,FRANKLINVILLE,05/31/2023,1450,Tornado, ,EFU,0,0,0,0,IL,CST-6, ,181076,C,111,LOT,0,0,Public, ,0.6,25,3,NNW,3,SW,HARTLAND,05/31/2023,1453,42.32,-88.5399,42.3287,-88.5397,"A brief landspout tornado was visible in an open field based on two public photos, including one from a drone, west of Woodstock. Timestamps from photos indicate that the landspout may have spanned over a period of a few minutes. The storm's path was estimated from the drone image and storm motion.","During the afternoon of May 31st, a cluster of thunderstorms produced locally damaging winds across parts of the Chicago metro as well as a landspout in west-central McHenry County.",132
1104134,SANGAMON CO.,CURRAN,06/29/2023,1112,Tornado, ,EF2,0,0,0,0,IL,CST-6, ,180221,C,167,ILX,0,0,NWS Storm Survey, ,9.07,800,1,S,2,SW,BEAMINGTON,06/29/2023,1119,39.7195,-89.7715,39.6491,-89.6276,"A tornado touched down near the intersection of Curran Road and Spaulding Orchard Road about 1 mile south of Curran at 12:12 PM CDT.  It removed large sections of the roof of a home, then continued to track southeastward into the town of Chatham where it blew down numerous trees, tree branches, and power lines.  The tornado also ripped approximately half the roof off a home in Chatham.  It downed several large trees and tore shingles off homes in a subdivision just southeast of Chatham before crossing I-55 and dissipating about 2 miles north-northeast of Glenarm at 12:19 PM CDT.","A cluster of thunderstorms that initiated during the night of June 28th across the Central Plains entered west-central Illinois by the late morning of June 29th.  Aided by an increasingly unstable airmass characterized by CAPE values of 3000-4000J/kg and a 30-40kt mid-level jet streak, the storms became linear in nature and began racing east-southeastward across central Illinois.  Widespread wind gusts of 60-80mph were observed along the line, with localized corridors of even higher gusts.  The highest measured gust of 101 mph came from a personal weather station near Taylorville that took a direct hit from a tornado.  A total of seven tornadoes were embedded within the line of storms, including an EF-2 tornado near Curran in Sangamon County.  The high winds caused extensive tree and power line damage, leading to power loss for over 200,000 customers.  Some people in the Springfield area were without power for nearly a week before all lines were restored. The winds impacted all of central and southeast Illinois, but were most concentrated between the I-74 and I-70 corridors.  Once the line of storms dropped into the Ohio River Valley, additional severe cells fired along the trailing outflow boundary south of I-70 during the late afternoon.  These storms produced hail as large as 2 inches in diameter across parts of Clay, Richland, and Lawrence counties.",133
1104146,LOGAN CO.,LINCOLN,06/29/2023,1126,Tornado, ,EF1,0,0,0,0,IL,CST-6, ,180221,C,107,ILX,0,0,NWS Storm Survey, ,4.79,100,1,NNW,2,SSW,LAWNDALE,06/29/2023,1130,40.1672,-89.3796,40.1896,-89.2936,"A tornado touched down in the southern part of Kickapoo Creek Park on the northwest side of Lincoln at 12:26 PM CDT.  It damaged several trees in the park before tracking northeastward across the Eaton Corporation property and open fields before downing large electrical poles near I-55 exit 133.  The interstate was closed in both directions for several hours while the poles were being repaired.  The tornado dissipated about 2 miles south-southwest of Lawndale at 12:30 PM CDT.","A cluster of thunderstorms that initiated during the night of June 28th across the Central Plains entered west-central Illinois by the late morning of June 29th.  Aided by an increasingly unstable airmass characterized by CAPE values of 3000-4000J/kg and a 30-40kt mid-level jet streak, the storms became linear in nature and began racing east-southeastward across central Illinois.  Widespread wind gusts of 60-80mph were observed along the line, with localized corridors of even higher gusts.  The highest measured gust of 101 mph came from a personal weather station near Taylorville that took a direct hit from a tornado.  A total of seven tornadoes were embedded within the line of storms, including an EF-2 tornado near Curran in Sangamon County.  The high winds caused extensive tree and power line damage, leading to power loss for over 200,000 customers.  Some people in the Springfield area were without power for nearly a week before all lines were restored. The winds impacted all of central and southeast Illinois, but were most concentrated between the I-74 and I-70 corridors.  Once the line of storms dropped into the Ohio River Valley, additional severe cells fired along the trailing outflow boundary south of I-70 during the late afternoon.  These storms produced hail as large as 2 inches in diameter across parts of Clay, Richland, and Lawrence counties.",134
1104167,CHRISTIAN CO.,SICILY,06/29/2023,1127,Tornado, ,EFU,0,0,0,0,IL,CST-6, ,180221,C,21,ILX,0,0,NWS Storm Survey, ,0.76,40,4,S,5,SSE,SICILY,06/29/2023,1128,39.5177,-89.4954,39.5146,-89.4818,"Sentinel-2 satellite imagery showed that a tornado touched down 6.2 miles northwest of Palmer about a half mile north of the intersection of North 200 East Road and East 1100 North Road at 12:27 PM CDT.  The tornado tracked east-southeastward through farm fields before dissipating before reaching North 300 East Road at 12:28 PM CDT.  Damage appeared limited to crops, thus no intensity could be assigned.","A cluster of thunderstorms that initiated during the night of June 28th across the Central Plains entered west-central Illinois by the late morning of June 29th.  Aided by an increasingly unstable airmass characterized by CAPE values of 3000-4000J/kg and a 30-40kt mid-level jet streak, the storms became linear in nature and began racing east-southeastward across central Illinois.  Widespread wind gusts of 60-80mph were observed along the line, with localized corridors of even higher gusts.  The highest measured gust of 101 mph came from a personal weather station near Taylorville that took a direct hit from a tornado.  A total of seven tornadoes were embedded within the line of storms, including an EF-2 tornado near Curran in Sangamon County.  The high winds caused extensive tree and power line damage, leading to power loss for over 200,000 customers.  Some people in the Springfield area were without power for nearly a week before all lines were restored. The winds impacted all of central and southeast Illinois, but were most concentrated between the I-74 and I-70 corridors.  Once the line of storms dropped into the Ohio River Valley, additional severe cells fired along the trailing outflow boundary south of I-70 during the late afternoon.  These storms produced hail as large as 2 inches in diameter across parts of Clay, Richland, and Lawrence counties.",135
1104154,CHRISTIAN CO.,BULPITT,06/29/2023,1129,Tornado, ,EF1,0,0,0,0,IL,CST-6, ,180221,C,21,ILX,0,0,NWS Storm Survey, ,3.45,200,2,N,1,SW,SHARPSBURG,06/29/2023,1132,39.6141,-89.4251,39.6097,-89.3605,"A tornado touched down east of Sangchris Lake State Park near the intersection of North 600 East Road and East 1800 North Road at 12:29 PM CDT.  It tracked eastward, damaging numerous trees and demolishing a metal farm building near the intersection of North 800 East Road and East 1800 North Road.  The tornado dissipated about 1 mile southwest of Sharpsburg at 12:32 PM CDT.","A cluster of thunderstorms that initiated during the night of June 28th across the Central Plains entered west-central Illinois by the late morning of June 29th.  Aided by an increasingly unstable airmass characterized by CAPE values of 3000-4000J/kg and a 30-40kt mid-level jet streak, the storms became linear in nature and began racing east-southeastward across central Illinois.  Widespread wind gusts of 60-80mph were observed along the line, with localized corridors of even higher gusts.  The highest measured gust of 101 mph came from a personal weather station near Taylorville that took a direct hit from a tornado.  A total of seven tornadoes were embedded within the line of storms, including an EF-2 tornado near Curran in Sangamon County.  The high winds caused extensive tree and power line damage, leading to power loss for over 200,000 customers.  Some people in the Springfield area were without power for nearly a week before all lines were restored. The winds impacted all of central and southeast Illinois, but were most concentrated between the I-74 and I-70 corridors.  Once the line of storms dropped into the Ohio River Valley, additional severe cells fired along the trailing outflow boundary south of I-70 during the late afternoon.  These storms produced hail as large as 2 inches in diameter across parts of Clay, Richland, and Lawrence counties.",136
1104168,CHRISTIAN CO.,MT AUBURN,06/29/2023,1133,Tornado, ,EF1,0,0,0,0,IL,CST-6, ,180221,C,21,ILX,0,0,NWS Storm Survey, ,0.98,150,1,S,2,SSE,MT AUBURN,06/29/2023,1134,39.7486,-89.2669,39.7453,-89.249,"Sentinel-2 satellite analysis showed a tornado touched down in a farm field 1.2 miles south-southwest of Mount Auburn just northeast of the intersection of North 1400 East Road and East 2700 North Road at 12:33 PM CDT.  The tornado tracked southeastward, damaging numerous trees along North 1500 East Road just north of its intersection with East 2700 North Road.  A car door was impaled by a piece of wooden debris as well.  The tornado dissipated about 1 mile south-southeast of Mount Auburn at 12:34 PM CDT.","A cluster of thunderstorms that initiated during the night of June 28th across the Central Plains entered west-central Illinois by the late morning of June 29th.  Aided by an increasingly unstable airmass characterized by CAPE values of 3000-4000J/kg and a 30-40kt mid-level jet streak, the storms became linear in nature and began racing east-southeastward across central Illinois.  Widespread wind gusts of 60-80mph were observed along the line, with localized corridors of even higher gusts.  The highest measured gust of 101 mph came from a personal weather station near Taylorville that took a direct hit from a tornado.  A total of seven tornadoes were embedded within the line of storms, including an EF-2 tornado near Curran in Sangamon County.  The high winds caused extensive tree and power line damage, leading to power loss for over 200,000 customers.  Some people in the Springfield area were without power for nearly a week before all lines were restored. The winds impacted all of central and southeast Illinois, but were most concentrated between the I-74 and I-70 corridors.  Once the line of storms dropped into the Ohio River Valley, additional severe cells fired along the trailing outflow boundary south of I-70 during the late afternoon.  These storms produced hail as large as 2 inches in diameter across parts of Clay, Richland, and Lawrence counties.",137
1104171,LOGAN CO.,BEASON,06/29/2023,1135,Tornado, ,EF1,0,0,0,0,IL,CST-6, ,180221,C,107,ILX,0,0,NWS Storm Survey, ,1.47,800,4,NNE,5,NNE,BEASON,06/29/2023,1137,40.2107,-89.1755,40.2115,-89.1476,"A tornado touched down just north of the intersection of County Road 2250 East and County Road 2000 North in far eastern Logan County at 12:35 PM CDT.  The tornado tracked eastward causing minor damage to a home along County Road 2000 North before crossing into DeWitt County at 12:37 PM CDT.","A cluster of thunderstorms that initiated during the night of June 28th across the Central Plains entered west-central Illinois by the late morning of June 29th.  Aided by an increasingly unstable airmass characterized by CAPE values of 3000-4000J/kg and a 30-40kt mid-level jet streak, the storms became linear in nature and began racing east-southeastward across central Illinois.  Widespread wind gusts of 60-80mph were observed along the line, with localized corridors of even higher gusts.  The highest measured gust of 101 mph came from a personal weather station near Taylorville that took a direct hit from a tornado.  A total of seven tornadoes were embedded within the line of storms, including an EF-2 tornado near Curran in Sangamon County.  The high winds caused extensive tree and power line damage, leading to power loss for over 200,000 customers.  Some people in the Springfield area were without power for nearly a week before all lines were restored. The winds impacted all of central and southeast Illinois, but were most concentrated between the I-74 and I-70 corridors.  Once the line of storms dropped into the Ohio River Valley, additional severe cells fired along the trailing outflow boundary south of I-70 during the late afternoon.  These storms produced hail as large as 2 inches in diameter across parts of Clay, Richland, and Lawrence counties.",138
1104173,DE WITT CO.,WAYNESVILLE,06/29/2023,1137,Tornado, ,EF1,0,0,0,0,IL,CST-6, ,180221,C,39,ILX,0,0,NWS Storm Survey, ,12.71,800,2,SW,3,E,WAPELLA,06/29/2023,1146,40.2115,-89.1476,40.2236,-88.9073,"This tornado crossed from far eastern Logan County into western DeWitt County just north of the intersection of 2400th Avenue and Thorps Road at 12:37 PM CDT.  It tracked eastward, collapsing a farm building near the intersection of South Road and Thorps Road before entering the town of Wapella.  The tornado was at its widest at this point and caused extensive tree damage and some home damage in Wapella before dissipating 3 miles east of Wapella at 12:46 PM CDT.","A cluster of thunderstorms that initiated during the night of June 28th across the Central Plains entered west-central Illinois by the late morning of June 29th.  Aided by an increasingly unstable airmass characterized by CAPE values of 3000-4000J/kg and a 30-40kt mid-level jet streak, the storms became linear in nature and began racing east-southeastward across central Illinois.  Widespread wind gusts of 60-80mph were observed along the line, with localized corridors of even higher gusts.  The highest measured gust of 101 mph came from a personal weather station near Taylorville that took a direct hit from a tornado.  A total of seven tornadoes were embedded within the line of storms, including an EF-2 tornado near Curran in Sangamon County.  The high winds caused extensive tree and power line damage, leading to power loss for over 200,000 customers.  Some people in the Springfield area were without power for nearly a week before all lines were restored. The winds impacted all of central and southeast Illinois, but were most concentrated between the I-74 and I-70 corridors.  Once the line of storms dropped into the Ohio River Valley, additional severe cells fired along the trailing outflow boundary south of I-70 during the late afternoon.  These storms produced hail as large as 2 inches in diameter across parts of Clay, Richland, and Lawrence counties.",139
1104161,CHRISTIAN CO.,SHARPSBURG,06/29/2023,1138,Tornado, ,EF1,0,0,0,0,IL,CST-6, ,180221,C,21,ILX,0,0,NWS Storm Survey, ,10.36,200,3,ESE,4,W,RADFORD,06/29/2023,1147,39.5987,-89.2973,39.5686,-89.1068,"A tornado touched down near the intersection of North 1250 East Road and East 1700 North Road north of Taylorville at 12:38 PM CDT.  It tracked southeastward, damaging several trees and one home before dissipating about 4 miles northwest of Assumption at 12:47 PM CDT.","A cluster of thunderstorms that initiated during the night of June 28th across the Central Plains entered west-central Illinois by the late morning of June 29th.  Aided by an increasingly unstable airmass characterized by CAPE values of 3000-4000J/kg and a 30-40kt mid-level jet streak, the storms became linear in nature and began racing east-southeastward across central Illinois.  Widespread wind gusts of 60-80mph were observed along the line, with localized corridors of even higher gusts.  The highest measured gust of 101 mph came from a personal weather station near Taylorville that took a direct hit from a tornado.  A total of seven tornadoes were embedded within the line of storms, including an EF-2 tornado near Curran in Sangamon County.  The high winds caused extensive tree and power line damage, leading to power loss for over 200,000 customers.  Some people in the Springfield area were without power for nearly a week before all lines were restored. The winds impacted all of central and southeast Illinois, but were most concentrated between the I-74 and I-70 corridors.  Once the line of storms dropped into the Ohio River Valley, additional severe cells fired along the trailing outflow boundary south of I-70 during the late afternoon.  These storms produced hail as large as 2 inches in diameter across parts of Clay, Richland, and Lawrence counties.",140
1126607,BOONE CO.,ARGYLE,07/12/2023,1625,Tornado, ,EF0,0,0,0,0,IL,CST-6, ,184189,C,7,LOT,0,0,NWS Storm Survey, ,2.46,175,2,S,2,WNW,TIMBERLANE,07/12/2023,1629,42.3274,-88.9398,42.3362,-88.8932,"An EF-0 tornado dropped on the northeast side of Orth and Argyle Roads along the Winnebago and Boone County line. The tornado then tracked east-northeast before lifting in a farm field east of Beloit Road between Dawson Lake and Orth Roads. Damage along the path of the tornado consisted of snapped and uprooted trees, in addition to minor roofing damage.","During the evening of July 12, scattered thunderstorms dropped 13 tornadoes across far northeast Illinois, primarily within the west of northwest suburbs of Chicago. Of these 13 tornadoes, three were determined to be EF-1 with the remaining 10 being EF-0.",141
1126608,KENDALL CO.,OSWEGO,07/12/2023,1636,Tornado, ,EF0,0,0,0,0,IL,CST-6, ,184189,C,93,LOT,0,0,NWS Storm Survey, ,4.14,100,1,NE,4,ENE,BOULDER HILL,07/12/2023,1644,41.6926,-88.3334,41.7221,-88.2636,"An EF-0 tornado impacted northeastern Oswego and southeastern Aurora. Damage along the tornado's path was characterized primarily by downed trees and tree limbs, as well as a few instances of exterior damage to homes.","During the evening of July 12, scattered thunderstorms dropped 13 tornadoes across far northeast Illinois, primarily within the west of northwest suburbs of Chicago. Of these 13 tornadoes, three were determined to be EF-1 with the remaining 10 being EF-0.",142
1126609,MCHENRY CO.,HARMONY,07/12/2023,1706,Tornado, ,EF1,0,0,0,0,IL,CST-6, ,184189,C,111,LOT,0,0,NWS Storm Survey, ,6.42,200,1,SE,1,ESE,HUNTLEY,07/12/2023,1717,42.1544,-88.5188,42.1631,-88.3941,"This tornado started in a field off US-20 near Getty Road along the McHenry/Kane County line. The tornado tracked east-northeast along and just south of Harmony Road, west of Huntley, snapping tree limbs and uprooting trees. The tornado continued east, just south of Main Street, damaging a small outbuilding and downing additional tree limbs. The tornado then shifted northeast into downtown Huntley while increasing to EF-1 intensity. It then continued between Main Street and Douglas Avenue causing substantial roof damage to two homes and uprooting additional trees. The tornado shifted a final time to the east-southeast, passing the Huntley Police station and causing more tree damage before lifting near Leland Lane and Central Park Boulevard on the east side of Huntley.","During the evening of July 12, scattered thunderstorms dropped 13 tornadoes across far northeast Illinois, primarily within the west of northwest suburbs of Chicago. Of these 13 tornadoes, three were determined to be EF-1 with the remaining 10 being EF-0.",143
1126615,DU PAGE CO.,BURR RIDGE,07/12/2023,1709,Tornado, ,EF1,0,0,0,0,IL,CST-6, ,184189,C,43,LOT,0,0,NWS Storm Survey, ,0.7,150,0,WSW,0,ENE,BURR RIDGE,07/12/2023,1710,41.7474,-87.9281,41.7511,-87.9155,"This tornado began near 79th and Grant streets in Burr Ridge and continued northeast, crossing into Cook County at the Burr Ridge Village Center, the intersection of Interstates 55 and 294, the southeastern side of the Progress Rail Electro-Motive facility, and into Stickney. Damage along the path of the tornado consisted of snapped trees and tree branches, damage to walls and roofs of homes and businesses, and the movement of shipping containers in industrial areas. One truck driver was injured as his truck was blown over on First Avenue in McCook. The tornado appeared to lift near Veterans Memorial Park in Stickney.","During the evening of July 12, scattered thunderstorms dropped 13 tornadoes across far northeast Illinois, primarily within the west of northwest suburbs of Chicago. Of these 13 tornadoes, three were determined to be EF-1 with the remaining 10 being EF-0.",144
1126616,COOK CO.,BURR RIDGE,07/12/2023,1710,Tornado, ,EF1,0,1,0,0,IL,CST-6, ,184189,C,31,LOT,0,0,NWS Storm Survey, ,8.36,150,0,WNW,0,E,STICKNEY,07/12/2023,1727,41.7511,-87.9155,41.8188,-87.7809,"This tornado began near 79th and Grant streets in Burr Ridge and continued northeast, crossing into Cook County at the Burr Ridge Village Center, the intersection of Interstates 55 and 294, the southeastern side of the Progress Rail Electro-Motive facility, and into Stickney. Damage along the path of the tornado consisted of snapped trees and tree branches, damage to walls and roofs of homes and businesses, and the movement of shipping containers in industrial areas. One truck driver was injured as his truck was blown over on First Avenue in McCook. The tornado appeared to lift near Veterans Memorial Park in Stickney.","During the evening of July 12, scattered thunderstorms dropped 13 tornadoes across far northeast Illinois, primarily within the west of northwest suburbs of Chicago. Of these 13 tornadoes, three were determined to be EF-1 with the remaining 10 being EF-0.",145
1126617,KANE CO.,PLATO CENTER,07/12/2023,1716,Tornado, ,EF1,0,0,0,0,IL,CST-6, ,184189,C,89,LOT,0,0,NWS Storm Survey, ,9.47,440,2,SW,2,NE,SOUTH ELGIN,07/12/2023,1732,42.0112,-88.4476,42.0119,-88.2632,"This tornado started in a farm field east of Kendall Road and continued eastward through Elgin. Damage along the path of the tornado consisted of snapped trees and tree limbs, especially between Bowes Bend Drive and Randall Road. Damage to roofs, siding, and walls of homes, a garage, and a farm building was also noted near Bowes Bend Drive and Longcommon Parkway. The roof of a church was also damaged near Nesler Road. The storm crossed into Cook County on the southwest side of Bluff Spring Fen. The tornado appeared to lift near the intersection of Gifford Road and Lake Street.","During the evening of July 12, scattered thunderstorms dropped 13 tornadoes across far northeast Illinois, primarily within the west of northwest suburbs of Chicago. Of these 13 tornadoes, three were determined to be EF-1 with the remaining 10 being EF-0.",146
1126635,KANE CO.,BOWES,07/12/2023,1718,Tornado, ,EF0,0,0,0,0,IL,CST-6, ,184189,C,89,LOT,0,0,NWS Storm Survey, ,2.6,100,2,WSW,1,ESE,BOWES,07/12/2023,1723,41.9873,-88.4125,41.9949,-88.3629,"As the Elgin EF-1 tornado was ongoing, a second tornado touched down near the intersection of McDonald and Crawford roads on the far north side of Campton Hills and continued east-northeast through the southwestern portion of Elgin. Damage along the path of this EF-0 tornado consisted almost entirely of snapped tree limbs with one home in the Bowes Creek Country Club experiencing damage to an exterior wall and roof. The tornado appeared to lift near the intersection of Hopps Road and Lisa Lane.","During the evening of July 12, scattered thunderstorms dropped 13 tornadoes across far northeast Illinois, primarily within the west of northwest suburbs of Chicago. Of these 13 tornadoes, three were determined to be EF-1 with the remaining 10 being EF-0.",147
1126633,COOK CO.,SPAULDING,07/12/2023,1732,Tornado, ,EF1,0,0,0,0,IL,CST-6, ,184189,C,31,LOT,0,0,NWS Storm Survey, ,1.47,440,1,NW,1,NE,SPAULDING,07/12/2023,1734,42.0119,-88.2632,42.0138,-88.2346,"This tornado started in a farm field east of Kendall Road and continued eastward through Elgin. Damage along the path of the tornado consisted of snapped trees and tree limbs, especially between Bowes Bend Drive and Randall Road. Damage to roofs, siding, and walls of homes, a garage, and a farm building was also noted near Bowes Bend Drive and Longcommon Parkway. The roof of a church was also damaged near Nesler Road. The storm crossed into Cook County on the southwest side of Bluff Spring Fen. The tornado appeared to lift near the intersection of Gifford Road and Lake Street.","During the evening of July 12, scattered thunderstorms dropped 13 tornadoes across far northeast Illinois, primarily within the west of northwest suburbs of Chicago. Of these 13 tornadoes, three were determined to be EF-1 with the remaining 10 being EF-0.",148
1126636,MCHENRY CO.,BARRINGTON HILLS,07/12/2023,1733,Tornado, ,EF0,0,0,0,0,IL,CST-6, ,184189,C,111,LOT,0,0,NWS Storm Survey, ,0.27,125,1,NNE,1,NE,BARRINGTON HILLS,07/12/2023,1734,42.1691,-88.2051,42.1694,-88.1998,"An EF-0 tornado began along Spring Creek Road in far southeastern McHenry County and the village of Barrington Hills before quickly moving into southwestern Lake County. Damage occurred as a farm outbuilding was struck, detaching two walls. Damage then continued with snapped trees and tree limbs along N Buckley Road and in the Chicago Highlands subdivision off of Northwest Highway. The tornado appeared to lift near W Sunset Road off IL-59, north of the Roslyn Road Elementary School in unincorporated Barrington.","During the evening of July 12, scattered thunderstorms dropped 13 tornadoes across far northeast Illinois, primarily within the west of northwest suburbs of Chicago. Of these 13 tornadoes, three were determined to be EF-1 with the remaining 10 being EF-0.",149
1126638,LAKE CO.,BARRINGTON HILLS,07/12/2023,1734,Tornado, ,EF0,0,0,0,0,IL,CST-6, ,184189,C,97,LOT,0,0,NWS Storm Survey, ,3.11,125,1,WNW,1,NNW,BARRINGTON,07/12/2023,1739,42.1694,-88.1998,42.1729,-88.1392,"An EF-0 tornado began along Spring Creek Road in far southeastern McHenry County and the village of Barrington Hills before quickly moving into southwestern Lake County. Damage occurred as a farm outbuilding was struck, detaching two walls. Damage then continued with snapped trees and tree limbs along N Buckley Road and in the Chicago Highlands subdivision off of Northwest Highway. The tornado appeared to lift near W Sunset Road off IL-59, north of the Roslyn Road Elementary School in unincorporated Barrington.","During the evening of July 12, scattered thunderstorms dropped 13 tornadoes across far northeast Illinois, primarily within the west of northwest suburbs of Chicago. Of these 13 tornadoes, three were determined to be EF-1 with the remaining 10 being EF-0.",150
1126641,COOK CO.,HANOVER PARK,07/12/2023,1741,Tornado, ,EF0,0,0,0,0,IL,CST-6, ,184189,C,31,LOT,0,0,NWS Storm Survey, ,0.47,80,1,NW,1,NNW,HANOVER PARK,07/12/2023,1742,42.0122,-88.1538,42.0137,-88.1448,"A brief EF-0 tornado began near the intersection of Yorkshire Dr. and Phoenix Lake Ave. in Streamwood and tracked east for about half a mile before lifting as it crossed Barrington Rd. This tornado stripped siding off of two walls at the Portillo's at Ramblewood Dr. and Barrington Rd. while also causing some tree damage and blowing around light debris along its track. Tree damage also continued east of Barrington Rd. into Hanover Park, though witness accounts and the broadening nature of a predominantly southwest to northeast oriented damage field suggest that this damage was caused by strong southwesterly straight-line winds of up to 75 mph that descended to ground level right as the tornado was lifting.","During the evening of July 12, scattered thunderstorms dropped 13 tornadoes across far northeast Illinois, primarily within the west of northwest suburbs of Chicago. Of these 13 tornadoes, three were determined to be EF-1 with the remaining 10 being EF-0.",151
1126643,COOK CO.,HANOVER PARK,07/12/2023,1743,Tornado, ,EF0,0,0,0,0,IL,CST-6, ,184189,C,31,LOT,0,0,NWS Storm Survey, ,1.06,80,1,NE,2,N,(O6C) SCHAUMBURG REGIONAL AIRPORT,07/12/2023,1745,42.0139,-88.1209,42.0124,-88.1004,"A brief, weak EF-0 tornado touched down near Jane Addams Junior High School in Schaumburg and tracked east for a little over a mile before lifting as it approached Salem Dr. This tornado produced sporadic and mostly minor tree damage along its track.","During the evening of July 12, scattered thunderstorms dropped 13 tornadoes across far northeast Illinois, primarily within the west of northwest suburbs of Chicago. Of these 13 tornadoes, three were determined to be EF-1 with the remaining 10 being EF-0.",152
1126644,DU PAGE CO.,CAROL STREAM,07/12/2023,1744,Tornado, ,EF0,0,0,0,0,IL,CST-6, ,184189,C,43,LOT,0,0,NWS Storm Survey, ,2.88,125,1,NNW,1,WNW,GLENDALE HEIGHTS,07/12/2023,1750,41.9271,-88.1409,41.9177,-88.0864,"An EF-0 tornado dropped at Glenbard North High School in Carol Stream and ended just east of Americana Park in Glendale Heights. This tornado primarily caused tree damage along its 2.9 mile long path, but a couple of warehouses sustained minor roofing damage, and a few houses were damaged as well losing small portions of their siding and roofs.","During the evening of July 12, scattered thunderstorms dropped 13 tornadoes across far northeast Illinois, primarily within the west of northwest suburbs of Chicago. Of these 13 tornadoes, three were determined to be EF-1 with the remaining 10 being EF-0.",153
1126649,LAKE CO.,LONG GROVE,07/12/2023,1752,Tornado, ,EF0,0,0,0,0,IL,CST-6, ,184189,C,97,LOT,0,0,NWS Storm Survey, ,2.1,125,1,NW,1,WSW,PRAIRIE VIEW,07/12/2023,1756,42.1867,-88.0123,42.1949,-87.9729,"This tornado started near Country Lane off Old McHenry Road in Long Grove. Damage along the path of the tornado consisted of snapped trees and tree limbs spread across Twin Orchard Country Club, continuing east-northeast towards Twin Groves Middle School. The tornado appeared to lift over Woodland Park in Buffalo Grove near Twin Groves Middle School.","During the evening of July 12, scattered thunderstorms dropped 13 tornadoes across far northeast Illinois, primarily within the west of northwest suburbs of Chicago. Of these 13 tornadoes, three were determined to be EF-1 with the remaining 10 being EF-0.",154
1126646,DU PAGE CO.,ITASCA,07/12/2023,1754,Tornado, ,EF0,0,0,0,0,IL,CST-6, ,184189,C,43,LOT,0,0,NWS Storm Survey, ,3.12,225,1,NNE,2,NNW,(ORD) CHICAGO O'HARE AIRPORT,07/12/2023,1759,41.9823,-87.9998,41.9935,-87.941,"This EF-0 touched down on the far northeast side of Itasca near the intersection of Prospect Ave and Thorndale Ave. It then tracked east-northeastward through a large industrial park in Wood Dale, Bensenville, and Elk Grove Village, where it caused minor damage to the roofs and fascia of a few warehouses and sporadic tree damage, which was most concentrated and severe near the intersection of Lively Blvd. and Kirk St. Eyewitness reports suggest that the tornado may have lifted intermittently along its track before it lifted for good east of Elmhurst Rd. over the far northwest side of O���Hare Airport.","During the evening of July 12, scattered thunderstorms dropped 13 tornadoes across far northeast Illinois, primarily within the west of northwest suburbs of Chicago. Of these 13 tornadoes, three were determined to be EF-1 with the remaining 10 being EF-0.",155
1126648,COOK CO.,ELK GROVE VILLAGE,07/12/2023,1759,Tornado, ,EF0,0,0,0,0,IL,CST-6, ,184189,C,31,LOT,0,0,NWS Storm Survey, ,0.32,225,2,ESE,2,E,ELK GROVE VILLAGE,07/12/2023,1800,41.9935,-87.941,41.9967,-87.9366,"This EF-0 touched down on the far northeast side of Itasca near the intersection of Prospect Ave and Thorndale Ave. It then tracked east-northeastward through a large industrial park in Wood Dale, Bensenville, and Elk Grove Village, where it caused minor damage to the roofs and fascia of a few warehouses and sporadic tree damage, which was most concentrated and severe near the intersection of Lively Blvd. and Kirk St. Eyewitness reports suggest that the tornado may have lifted intermittently along its track before it lifted for good east of Elmhurst Rd. over the far northwest side of O���Hare Airport.","During the evening of July 12, scattered thunderstorms dropped 13 tornadoes across far northeast Illinois, primarily within the west of northwest suburbs of Chicago. Of these 13 tornadoes, three were determined to be EF-1 with the remaining 10 being EF-0.",156
1135984,COOK CO.,(ORD) CHICAGO O'HARE AIRPORT,07/12/2023,1802,Tornado, ,EF0,0,0,0,0,IL,CST-6, ,184189,C,31,LOT,0,0,NWS Storm Survey, ,3.42,300,2,N,1,S,PARK RIDGE,07/12/2023,1807,42.0078,-87.9041,41.9984,-87.8387,"After the first tornado in the O'Hare area lifted, a second EF-0 tornado touched down within the confines of O'Hare Airport just south of the I-90 overpass over Touhy Ave. The tornado initially caused minor roofing and fascia damage to buildings and warehouses on the far north side of the airport. Minor tree damage also occurred in this area, and a parked car was impaled by debris that was thrown by the tornado. The tornado then tracked east across I-90 and into Rosemont, where it blew over a light pole and ticket booths in the Allstate Arena parking lot and caused damage to trees and signs along Mannheim Rd. Video footage taken in Rosemont showed the tornado (which did not necessarily have a fully condensed cloud-to-ground funnel at all times) track into a residential area on the southeast side of Des Plaines, where it produced a concentrated area of tree damage, caused minor roofing and fascia damage to some houses, and caused a few power poles to lean. The tornado may have lost contact with the ground as it crossed the Des Plaines River, but it eventually touched down again in Park Ridge, where it produced tree damage in a neighborhood east of Maine South High School before lifting for good.","During the evening of July 12, scattered thunderstorms dropped 13 tornadoes across far northeast Illinois, primarily within the west of northwest suburbs of Chicago. Of these 13 tornadoes, three were determined to be EF-1 with the remaining 10 being EF-0.",157
1126877,DU PAGE CO.,WARRENHURST,07/14/2023,1958,Tornado, ,EF0,0,0,0,0,IL,CST-6, ,184205,C,43,LOT,0,0,NWS Storm Survey, ,8.74,400,0,SE,1,NW,BUTTERFIELD,07/14/2023,2010,41.8167,-88.217,41.849,-88.0528,"This tornado began just southeast of Fermilab and tracked east-northeastward across Warrenville and Wheaton before dissipating just northeast of the College of DuPage in Glen Ellyn. Damage along the storm's path consisted mostly of downed trees and tree branches.","During the evening of July 14, severe thunderstorms brought damaging winds to northern Illinois as well as one EF-0 tornado that tracked from Warrenville to Glen Ellyn.",158
1121327,WHITESIDE CO.,EAST CLINTON,07/28/2023,2018,Tornado, ,EF0,0,0,0,0,IL,CST-6, ,183307,C,195,DVN,0,0,NWS Storm Survey, ,0.53,20,1,NNW,1,N,EAST CLINTON,07/28/2023,2019,41.8495,-90.1778,41.847,-90.168,"A brief tornado developed in Clinton, IA Friday evening, and moved into Whiteside County Illinois over the Mississippi River, before dissipating near Fulton, IL. The tornado caused sporadic tree damage, including several large trees on the Clinton County courthouse lawn. The tornado was captured on webcam video at the riverfront, where it moved a boat docked near the Candlelight Inn in Clinton. Maximum winds were estimated around 75 mph. The tornado was rated EF0.","Very hot and humid air in place across eastern Iowa, northwest Illinois, and far northeast Missouri interacted with a southward moving frontal boundary and disturbance aloft, setting the stage for development and organization of severe thunderstorms across the region. Storms initially formed from north central Iowa and southern Wisconsin along the frontal boundary, which slowly worked south into the hot, humid air in place across the region. As storms arrived across east central Iowa, they began producing winds around 70 MPH across the Hwy 20 corridor. Another storm to the south further intensified, and began producing winds of 80+ MPH as it tracked along the Hwy 30 corridor. This impacted the northern suburbs of Cedar Rapids into Clinton. These storms continued to produce wind gusts around 60-70 MPH as they progressed into northwest Illinois. One brief EF-0 tornado began in Clinton, Iowa, then moved across the Mississippi River before dissipating near Fulton, Illinois. Damage near Andrew, Iowa in Jackson County was determined to be straight-line winds. Storms additionally produced large hail around the Dubuque metro, with quarter size hail reported.",159
1120751,LA SALLE CO.,CATHARINE,07/28/2023,2125,Tornado, ,EFU,0,0,0,0,IL,CST-6, ,183070,C,99,LOT,0,0,NWS Storm Survey, ,1.68,20,4,NNW,3,NNW,SHERIDAN,07/28/2023,2127,41.571,-88.741,41.569,-88.7086,"Based on a clear path evident in high resolution satellite data, a tornado touched down near the intersection of N 44th and E 2225th roads and continued southeast before lifting west of E 2351st Road. The tornado appeared to occur along the leading edge of a gust front where radar indicated weak rotational convergence. Damage along the tornado's path was entirely to farm crops.","July 28th saw two rounds of severe storms move across the Chicago metro, one during the predawn hours of the morning and another during the evening. The first round brought isolated instances of damaging wind to the area and the second featured damaging winds, severe hail, and 13 tornadoes across the WFO Chicago CWA: 11 in Illinois and 2 in Indiana. Additionally, temperatures in the 90s and high humidity resulted in oppressively hot conditions with afternoon heat indices as high as 105-115��F.",160
1120753,DE KALB CO.,SANDWICH,07/28/2023,2132,Tornado, ,EF0,0,0,0,0,IL,CST-6, ,183070,C,37,LOT,0,0,NWS Storm Survey, ,0.45,20,1,SE,1,ESE,SANDWICH,07/28/2023,2133,41.641,-88.6109,41.6422,-88.6023,"According to high resolution satellite imagery and drone imagery provided by a private citizen, a brief tornado touched down near Harvey Creek Conservation Area Park on the southeast side of Sandwich. The tornado moved to the east-northeast crossing into Kendall County shortly after forming. The storm mainly impacted agricultural land but caused roof damage to an outbuilding south of Griswold Springs Road.","July 28th saw two rounds of severe storms move across the Chicago metro, one during the predawn hours of the morning and another during the evening. The first round brought isolated instances of damaging wind to the area and the second featured damaging winds, severe hail, and 13 tornadoes across the WFO Chicago CWA: 11 in Illinois and 2 in Indiana. Additionally, temperatures in the 90s and high humidity resulted in oppressively hot conditions with afternoon heat indices as high as 105-115��F.",161
1120762,KENDALL CO.,SANDWICH,07/28/2023,2133,Tornado, ,EF0,0,0,0,0,IL,CST-6, ,183070,C,93,LOT,0,0,NWS Storm Survey, ,0.33,20,1,ESE,1,ESE,SANDWICH,07/28/2023,2134,41.6422,-88.6023,41.6436,-88.5961,"According to high resolution satellite imagery and drone imagery provided by a private citizen, a brief tornado touched down near Harvey Creek Conservation Area Park on the southeast side of Sandwich. The tornado moved to the east-northeast crossing into Kendall County shortly after forming. The storm mainly impacted agricultural land but caused roof damage to an outbuilding south of Griswold Springs Road.","July 28th saw two rounds of severe storms move across the Chicago metro, one during the predawn hours of the morning and another during the evening. The first round brought isolated instances of damaging wind to the area and the second featured damaging winds, severe hail, and 13 tornadoes across the WFO Chicago CWA: 11 in Illinois and 2 in Indiana. Additionally, temperatures in the 90s and high humidity resulted in oppressively hot conditions with afternoon heat indices as high as 105-115��F.",162
1120755,KENDALL CO.,NEWARK,07/28/2023,2135,Tornado, ,EF0,0,0,0,0,IL,CST-6, ,183070,C,93,LOT,0,0,NWS Storm Survey, ,4.89,80,3,S,0,ESE,LISBON,07/28/2023,2141,41.4899,-88.5709,41.4792,-88.4776,"This tornado began just west of Stephens Road north of US Rt. 52 and tracked east-southeastward toward the town of Lisbon. The most significant damage occurred as the tornado initially developed and tracked along and just north of US Route 52 west of Roods Road. Damage consistent with high-end EF-0 winds occurred with this narrow tornado, including large downed trees, and a few residences sustaining removal of roofing materials and damage to farm silos. Insulation material was found plastered on the east side of a pole barn on Stephens Road, and a broken window and siding damage was seen on the north side of Duane's Motel. The tornado crossed US Route 52, causing intermittent minor damage to trees as it moved toward Lisbon. The tornado appeared to lift in a field just east of Lisbon.","July 28th saw two rounds of severe storms move across the Chicago metro, one during the predawn hours of the morning and another during the evening. The first round brought isolated instances of damaging wind to the area and the second featured damaging winds, severe hail, and 13 tornadoes across the WFO Chicago CWA: 11 in Illinois and 2 in Indiana. Additionally, temperatures in the 90s and high humidity resulted in oppressively hot conditions with afternoon heat indices as high as 105-115��F.",163
1120758,KENDALL CO.,LISBON,07/28/2023,2144,Tornado, ,EF0,0,0,0,0,IL,CST-6, ,183070,C,93,LOT,0,0,NWS Storm Survey, ,1,20,3,E,4,E,LISBON,07/28/2023,2145,41.4781,-88.4201,41.4736,-88.404,"A brief EF-0 tornado touched down in corn fields just east of Highway 47 and north of Whitewillow Rd east of Lisbon. It was on the ground for only a short time before lifting at Whitewillow Rd and Ashley Rd. Damage was confined to crops and a few trees which had large limbs broken off. High resolution satellite data showed a clear path in a corn field that corresponded to damage seen during an in-person damage survey, east of a tornado that lifted to the west. A gap in damage was noted between the tornado to the west and this tornado, giving confidence there were two separate tornadoes.","July 28th saw two rounds of severe storms move across the Chicago metro, one during the predawn hours of the morning and another during the evening. The first round brought isolated instances of damaging wind to the area and the second featured damaging winds, severe hail, and 13 tornadoes across the WFO Chicago CWA: 11 in Illinois and 2 in Indiana. Additionally, temperatures in the 90s and high humidity resulted in oppressively hot conditions with afternoon heat indices as high as 105-115��F.",164
1120759,KENDALL CO.,MINOOKA,07/28/2023,2152,Tornado, ,EF1,0,0,0,0,IL,CST-6, ,183070,C,93,LOT,0,0,NWS Storm Survey, ,1.59,225,1,NW,2,NE,MINOOKA,07/28/2023,2155,41.481,-88.2825,41.4876,-88.2531,"This tornado touched down in a subdivision just east of Hare Rd and tracked east crossing Wildy Rd just prior to moving into western Will County. After crossing into Will County, the tornado produced a concentrated region of tree damage at a single homestead consistent with high-end EF-0 winds. The tornado then proceeded northeastward and intensified as it crossed the DuPage River at River Crossing Park, where numerous large trees were snapped and some structural damage to houses occurred consistent with winds near 95 mph. The tornado crossed I-55 just north of exit 251 and continued into the west side of Joliet to produce sporadic tree damage on the far north end of Joliet Junior College. It then moved across the Inwood Soccer Complex and lifted near McDonough Street and Joyce Road.","July 28th saw two rounds of severe storms move across the Chicago metro, one during the predawn hours of the morning and another during the evening. The first round brought isolated instances of damaging wind to the area and the second featured damaging winds, severe hail, and 13 tornadoes across the WFO Chicago CWA: 11 in Illinois and 2 in Indiana. Additionally, temperatures in the 90s and high humidity resulted in oppressively hot conditions with afternoon heat indices as high as 105-115��F.",165
1120761,GRUNDY CO.,MINOOKA,07/28/2023,2153,Tornado, ,EF0,0,0,0,0,IL,CST-6, ,183070,C,63,LOT,0,0,NWS Storm Survey, ,0.82,250,1,NNE,1,ENE,MINOOKA,07/28/2023,2154,41.4579,-88.2678,41.4589,-88.252,"This tornado initially touched down near the Minooka Primary Center and tracked east, roughly along and just north of East Church Street. The most significant damage occurred at the Apostolic Church on Church Street where winds appeared to have lifted about one quarter of the south-facing portion of the roof above an open archway. This damage appeared to be consistent with high-end EF-0 winds. A concentrated corridor of tree damage was then noted between East Church Street and East Coady Drive. This tornado continued to the east-northeast, crossing into Will County just north of E Church St. before moving across the Lake Chaminwood Preserve and I-55 at Canal Road. Several large trees were uprooted at Crane Composites as the tornado crossed US Route 6. This tornado appeared to have lifted over the Des Plaines River east of Cavalea Dr.","July 28th saw two rounds of severe storms move across the Chicago metro, one during the predawn hours of the morning and another during the evening. The first round brought isolated instances of damaging wind to the area and the second featured damaging winds, severe hail, and 13 tornadoes across the WFO Chicago CWA: 11 in Illinois and 2 in Indiana. Additionally, temperatures in the 90s and high humidity resulted in oppressively hot conditions with afternoon heat indices as high as 105-115��F.",166
1135990,WILL CO.,MINOOKA,07/28/2023,2154,Tornado, ,EF0,0,0,0,0,IL,CST-6, ,183070,C,197,LOT,0,0,NWS Storm Survey, ,4.28,250,1,ENE,5,E,MINOOKA,07/28/2023,2159,41.4589,-88.252,41.461,-88.1694,"This tornado initially touched down near the Minooka Primary Center in Grundy County and tracked east, roughly along and just north of East Church Street. The most significant damage occurred at the Apostolic Church on Church Street where winds appeared to have lifted about one quarter of the south-facing portion of the roof above an open archway. This damage appeared to be consistent with high-end EF-0 winds. A concentrated corridor of tree damage was then noted between East Church Street and East Coady Drive. This tornado continued to the east-northeast, crossing into Will County just north of E Church St. before moving across the Lake Chaminwood Preserve and I-55 at Canal Road. Several large trees were uprooted at Crane Composites as the tornado crossed US Route 6. This tornado appeared to have lifted over the Des Plaines River east of Cavalea Dr.","July 28th saw two rounds of severe storms move across the Chicago metro, one during the predawn hours of the morning and another during the evening. The first round brought isolated instances of damaging wind to the area and the second featured damaging winds, severe hail, and 13 tornadoes across the WFO Chicago CWA: 11 in Illinois and 2 in Indiana. Additionally, temperatures in the 90s and high humidity resulted in oppressively hot conditions with afternoon heat indices as high as 105-115��F.",167
1135989,WILL CO.,MINOOKA,07/28/2023,2155,Tornado, ,EF1,0,0,0,0,IL,CST-6, ,183070,C,197,LOT,0,0,NWS Storm Survey, ,5.98,225,2,NE,7,ESE,JOLIET,07/28/2023,2202,41.4876,-88.2531,41.515,-88.1435,"This tornado touched down in a subdivision just east of Hare Rd in Kendall County and tracked east crossing Wildy Rd just prior to moving into western Will County. After crossing into Will County, the tornado produced a concentrated region of tree damage at a single homestead consistent with high-end EF-0 winds. The tornado then proceeded northeastward and intensified as it crossed the DuPage River at River Crossing Park, where numerous large trees were snapped and some structural damage to houses occurred consistent with winds near 95 mph. The tornado crossed I-55 just north of exit 251 and continued into the west side of Joliet to produce sporadic tree damage on the far north end of Joliet Junior College. It then moved across the Inwood Soccer Complex and lifted near McDonough Street and Joyce Road.","July 28th saw two rounds of severe storms move across the Chicago metro, one during the predawn hours of the morning and another during the evening. The first round brought isolated instances of damaging wind to the area and the second featured damaging winds, severe hail, and 13 tornadoes across the WFO Chicago CWA: 11 in Illinois and 2 in Indiana. Additionally, temperatures in the 90s and high humidity resulted in oppressively hot conditions with afternoon heat indices as high as 105-115��F.",168
1120766,WILL CO.,LORENZO,07/28/2023,2159,Tornado, ,EF0,0,0,0,0,IL,CST-6, ,183070,C,197,LOT,0,0,NWS Storm Survey, ,5.13,60,2,ENE,2,NNW,SYMERTON,07/28/2023,2205,41.3636,-88.1732,41.358,-88.0746,"This tornado occurred entirely within the Midewin National Tallgrass Prairie in Wilmington. It dropped just north of where Boathouse FS Rd crosses Prairie Creek and traversed eastward across the Prairie, crossing IL Rt. 53 in the process. Numerous instances of tree damage were noted, including several oak trees whose tops had been snapped. The storm dissipated on the east side of the Prairie shortly before a second tornado dropped near the park's eastern periphery.","July 28th saw two rounds of severe storms move across the Chicago metro, one during the predawn hours of the morning and another during the evening. The first round brought isolated instances of damaging wind to the area and the second featured damaging winds, severe hail, and 13 tornadoes across the WFO Chicago CWA: 11 in Illinois and 2 in Indiana. Additionally, temperatures in the 90s and high humidity resulted in oppressively hot conditions with afternoon heat indices as high as 105-115��F.",169
1120767,WILL CO.,SYMERTON,07/28/2023,2207,Tornado, ,EF0,0,0,0,0,IL,CST-6, ,183070,C,197,LOT,0,0,NWS Storm Survey, ,7.14,60,2,NNE,1,SW,ANDRES,07/28/2023,2215,41.3567,-88.0373,41.3545,-87.8997,"To the east of the tornado that lifted over Midewin National Tallgrass Prairie, a second tornado began near South Warner Bridge Road between Wilton Center and West Doyle Roads. Here, several trees were uprooted and numerous large limbs were downed. One tree fell onto a residence, resulting in roof damage. Shingle loss and damage to gutters, siding, fascia, and soffit were all consistent with high-end EF-0 winds near 85 mph. The tornado tracked nearly due east to the north of West Arsenal Road, causing intermittent minor damage to corn and trees. The tornado moved southeast and crossed West Arsenal Road just west of US Route 52. At this point, the tornado was likely less than 15 yards wide with winds around 60 mph. It continued eastward, crossing north of West Joliet Road near Laughton Preserve. The tornado appeared to have continued east a few more miles before dissipating in a field just west of US Route 45.","July 28th saw two rounds of severe storms move across the Chicago metro, one during the predawn hours of the morning and another during the evening. The first round brought isolated instances of damaging wind to the area and the second featured damaging winds, severe hail, and 13 tornadoes across the WFO Chicago CWA: 11 in Illinois and 2 in Indiana. Additionally, temperatures in the 90s and high humidity resulted in oppressively hot conditions with afternoon heat indices as high as 105-115��F.",170
1120847,KANKAKEE CO.,LIMESTONE,07/28/2023,2219,Tornado, ,EF0,0,0,0,0,IL,CST-6, ,183070,C,91,LOT,0,0,NWS Storm Survey, ,6.07,350,2,NE,1,ENE,KANKAKEE,07/28/2023,2224,41.1559,-87.9455,41.1272,-87.8353,"This tornado began in the area of the River Bend neighborhood south of Route 113 and west of Kankakee, where multiple trees were uprooted or had large limbs snapped. The tornado appeared to cross Route 113 near the First Baptist Church and produced concentrated tree damage along Springview Drive. It then moved east into Bradley and Kankakee, where sporadic tree damage was observed into the Pioneer Park area. The tree damage again became more significant as the tornado moved toward Hammes Avenue, especially north of Spruce Street, where numerous trees were uprooted or had limbs snapped. In the area beyond this point to the east of I-57, there was no additional damage observed, but that area is much less developed compared to areas west of the interstate. Along this entire route, little to no structural damage was observed, though the Valspar facility along Fair Street had a partial collapse of one wall. The storm lifted just after crossing I-57 near Green Street. South of the track, sporadic straight-line wind damage was observed.","July 28th saw two rounds of severe storms move across the Chicago metro, one during the predawn hours of the morning and another during the evening. The first round brought isolated instances of damaging wind to the area and the second featured damaging winds, severe hail, and 13 tornadoes across the WFO Chicago CWA: 11 in Illinois and 2 in Indiana. Additionally, temperatures in the 90s and high humidity resulted in oppressively hot conditions with afternoon heat indices as high as 105-115��F.",171
1120840,WILL CO.,PEOTONE,07/28/2023,2222,Tornado, ,EFU,0,0,0,0,IL,CST-6, ,183070,C,197,LOT,0,0,NWS Storm Survey, ,1.46,15,2,SSW,2,S,PEOTONE,07/28/2023,2224,41.3001,-87.8032,41.3031,-87.7754,"Drone footage and high resolution satellite data revealed that a tornado touched down near north of E 12000N Road just east of S Rathje Road south of Peotone and lifted in a field between S Drecksler Road and S Ridgeland Avenue. This tornado was on the ground for less than 2 minutes and was around 15 yards wide. The only damage noted was to crops, namely soybeans.","July 28th saw two rounds of severe storms move across the Chicago metro, one during the predawn hours of the morning and another during the evening. The first round brought isolated instances of damaging wind to the area and the second featured damaging winds, severe hail, and 13 tornadoes across the WFO Chicago CWA: 11 in Illinois and 2 in Indiana. Additionally, temperatures in the 90s and high humidity resulted in oppressively hot conditions with afternoon heat indices as high as 105-115��F.",172
1120844,KANKAKEE CO.,SUN RIVER TERRACE,07/28/2023,2230,Tornado, ,EF1,0,0,0,0,IL,CST-6, ,183070,C,91,LOT,0,0,NWS Storm Survey, ,5.51,90,2,NNE,1,WNW,AHERN,07/28/2023,2236,41.1551,-87.7224,41.1556,-87.6165,"This tornado began just west of 8000 East Road at 2500 North Road west of Momence, based upon drone imagery provided by the Kankakee County Emergency Management Agency. The tornado produced EF-0 damage to a farm near the aforementioned intersection with damage to tree branches and part of a metal outbuilding roof damaged. The tornado continued east just south of 2500 North Road with a narrow, convergent path evident in a corn field from drone imagery. The tornado's intensity briefly weakened in the immediate vicinity of the Kankakee River with only limited tree damage noted. Just east of River South Road, the tornado again intensified as it moved through fields toward IL-17. Drone footage again indicated a narrow path of convergent damage in corn fields until the tornado moved into the backyards of a few residences on River South Road, causing significant damage to multiple trees. As the tornado moved east, drone footage revealed additional corn flattened in the field southwest of the Van Drunen Farms building. The tornado then struck a row of two-story apartment homes on Harvard Street, removing the roof and a portion of the upper-level walls from one of them and depositing the debris over the next couple of blocks to the east. Damage to the adjacent apartment homes was very minor. East of Harvard Street, there was little to no additional structural damage, but there was considerable damage to trees and power lines, especially along Indiana Street. East of Momence, the tornado continued along Route 114. Just west of N 13250E Road, it removed part of the roof of a metal outbuilding while snapping and uprooting additional trees. Little to no additional tornado damage was observed east of the intersection of Route 114 and N 13250E Road.","July 28th saw two rounds of severe storms move across the Chicago metro, one during the predawn hours of the morning and another during the evening. The first round brought isolated instances of damaging wind to the area and the second featured damaging winds, severe hail, and 13 tornadoes across the WFO Chicago CWA: 11 in Illinois and 2 in Indiana. Additionally, temperatures in the 90s and high humidity resulted in oppressively hot conditions with afternoon heat indices as high as 105-115��F.",173
1146025,ADAMS CO.,MARCELLINE,08/05/2023,124,Tornado, ,EF1,0,0,0,0,IL,CST-6, ,186751,C,1,LSX,0,0,NWS Storm Survey, ,2.87,200,1,SSW,2,E,MARCELLINE,08/05/2023,131,40.1099,-91.3759,40.1241,-91.326,"The tornado developed about three quarters of a mile south southwest of Marcelline, IL around 2:24 AM on August 5th, 2023. It tracked to the east-northeast, crossing Illinois Route 96 just north of 2400th Avenue, snapping tree limbs and displacing power poles. Further northeast, it then crossed N 2450th Avenue where it caused damage to a few homes and trees in the area. After crossing E 900th Street north of the intersection with N 2450th Avenue, it crossed E 953rd Lane and caused additional damage to a home, an outbuilding, and trees. The tornado lifted after this damage, around 2:31 AM. Overall, the tornado was rated EF1 with a path length of 2.87 miles. The max path width was 200 yards. No deaths or injuries were reported.","An MCV moved through northern sections of Missouri during the evening of August 4th into the early morning hours of August 5th. Widespread showers and storms developed. Some of the storms became severe. There were some damaging winds reported as well as two tornadoes. One tornado moved through Baring, MO with most of the town sustaining some kind of damage. Also, two people sustained minor injuries. Another tornado developed in Adams County in Illinois near Marcelline.",174
1117005,JACKSON CO.,GRAND TOWER,08/05/2023,1615,Tornado, ,EF0,0,0,0,0,IL,CST-6, ,182284,C,77,PAH,0,0,Emergency Manager, ,0.5,25,3,NE,1,SE,JOHNS SPUR,08/05/2023,1616,37.6556,-89.4677,37.661,-89.4616,"A brief touchdown occurred in a field. No damage was observed. An eyewitness documented the tornado briefly touching down in a farm field east of Highway 3. The tornado was associated with a rapidly strengthening thunderstorm cell that moved east-southeast.","Scattered thunderstorms increased during the heat of the late afternoon hours. The storms were associated with another in a parade of 500 mb shortwaves moving east-southeast from the Missouri Valley.",175
1147720,JASPER CO.,WILLOW HILL,08/05/2023,1630,Tornado, ,EFU,0,0,0,0,IL,CST-6, ,186989,C,79,ILX,0,0,Broadcast Media, ,0.11,20,3,ENE,3,ENE,WILLOW HILL,08/05/2023,1631,39.02,-87.97,39.0214,-87.9689,"A tornado briefly touched down in an open field just south of Mound Church about 3 miles northeast of Willow Hill at 5:30 PM CDT.  It quickly dissipated about 1 minute later, with no damage being reported.","A cold front triggered a broken line of strong to severe thunderstorms across southeast Illinois during the late afternoon of August 5th.  One of the cells produced a brief tornado touchdown in rural Jasper County about 3 miles northeast of Willow Hill.  No damage was reported.",176
1129596,HANCOCK CO.,DURHAM,08/06/2023,1640,Tornado, ,EFU,0,0,0,0,IL,CST-6, ,184506,C,67,DVN,0,0,Storm Chaser, ,8.01,20,2,SSW,2,E,LA HARPE,08/06/2023,1715,40.5776,-91.0899,40.5833,-90.9385,"A storm chaser shared a video evidence of multiple brief touch downs of suction vortices. The chaser video shows three distinct tornado locations along this path. No reports of damage have been received. The touch downs were very sporadic along a path of 8 miles.","A strong storm system and its attendant surface low moved across the area during the late afternoon and evening hours. This led to a tornado briefly touching down multiple times as a storm moved eastward near the town of La Harpe. The tornado was rated EF-U as there were no visible signs of damage.",177
1130541,SANGAMON CO.,BEAMINGTON,08/06/2023,1709,Tornado, ,EF1,0,0,0,0,IL,CST-6, ,184619,C,167,ILX,0,0,NWS Storm Survey, ,1.88,200,3,SSE,3,S,NEW CITY,08/06/2023,1713,39.6341,-89.5702,39.632,-89.5349,"A tornado touched down 3 miles north of Pawnee at 6:09 PM CDT.  It caused minor roof damage and blew down several trees before it crossed into Christian County just north of the intersection of Pawnee-New City Road and Skaggs Road at 6:13 PM CDT.","A vigorous short-wave trough interacted with an approaching low pressure system and associated warm frontal boundary to trigger clusters of strong to severe thunderstorms across west-central Illinois during the late afternoon of August 6th.  Due to enhanced low-level wind shear along and north of the warm front, many of the cells began rotating and spinning up occasional funnel clouds.  One of the cells intensified as it pushed into Sangamon County, producing a long-track tornado that was on the ground for over 25 miles from just north of Pawnee in far southeastern Sangamon County to southeast of Stonington in Christian County.  The tornado produced EF-1 damage along much of its path, peaking with EF-2 damage just south of Willeys in Christian County.  This particular thunderstorm cell dropped 2-inch diameter hail north of Taylorville and went on to produce a downburst with 80 mph wind gusts in far eastern Shelby County near Lake Mattoon.  The storms eventually congealed into a line as they pushed into eastern Illinois later in the evening, with scattered wind damage, hail, and flash flooding.",178
1130550,CHRISTIAN CO.,SICILY,08/06/2023,1713,Tornado, ,EF2,0,0,0,0,IL,CST-6, ,184619,C,21,ILX,0,0,NWS Storm Survey, ,23.43,450,4,NNW,4,W,RADFORD,08/06/2023,1803,39.632,-89.5349,39.575,-89.101,"This tornado crossed from Sangamon County into far western Christian County just north of the intersection of Pawnee-New City Road and Skaggs Road at 6:13 PM CDT.  It continued east-southeastward across Sangchris Lake, damaging a home near the lakeshore and causing extensive tree damage before passing just north of Tovey and Kincaid.  The tornado crossed Route 29 southeast of Sharpsburg and tracked over mainly open fields between Routes 29 and 48.  It then strengthened and caused EF-2 damage 2 miles south of Willeys along 1600 East Road just south of 1600 North Road where it demolished about 2/3 of a house.  The tornado continued east-southeastward, then dissipated near North 2300 East Road about a half mile north of 1500 North Road at 7:03 PM CDT.","A vigorous short-wave trough interacted with an approaching low pressure system and associated warm frontal boundary to trigger clusters of strong to severe thunderstorms across west-central Illinois during the late afternoon of August 6th.  Due to enhanced low-level wind shear along and north of the warm front, many of the cells began rotating and spinning up occasional funnel clouds.  One of the cells intensified as it pushed into Sangamon County, producing a long-track tornado that was on the ground for over 25 miles from just north of Pawnee in far southeastern Sangamon County to southeast of Stonington in Christian County.  The tornado produced EF-1 damage along much of its path, peaking with EF-2 damage just south of Willeys in Christian County.  This particular thunderstorm cell dropped 2-inch diameter hail north of Taylorville and went on to produce a downburst with 80 mph wind gusts in far eastern Shelby County near Lake Mattoon.  The storms eventually congealed into a line as they pushed into eastern Illinois later in the evening, with scattered wind damage, hail, and flash flooding.",179
1146020,MONROE CO.,AMES,08/13/2023,1635,Tornado, ,EF0,0,0,0,0,IL,CST-6, ,186749,C,133,LSX,0,0,Emergency Manager, ,0.38,10,1,NNW,1,N,AMES,08/13/2023,1636,38.167,-90.057,38.167,-90.05,"A brief, weak tornado formed near Ames Road, just north of intersection with Faust Road and tracked due east. It struck a shed, producing EF0 damage. Images show the debris from the shed was thrown into the pond down wind. Further east, photos show a narrow track through a soybean field north of Faust Road where it dissipated. Overall, the tornado was rated EF0 with a path length of 0.38 miles. The max path width was 10 yards. No deaths or injuries were reported.","Widespread showers and storms moved through the region on August 13th. One storm became severe and produced a brief tornado in far southern portion of Monroe County Illinois.",180
1117140,LEE CO.,MAYTOWN,08/14/2023,1522,Tornado, ,EFU,0,0,0,0,IL,CST-6, ,182499,C,103,LOT,0,0,Trained Spotter, ,0.3,10,2,WSW,2,WSW,MAYTOWN,08/14/2023,1523,41.6226,-89.4131,41.6216,-89.4073,"A brief landspout tornado touched down in a field southwest of Amboy, causing no known damage.  Video evidence showed a funnel cloud more than half way from the cloud base to the ground just southeast of the intersection of Maytown Road and Downey Road.  A review of satellite imagery from two days later indicated a likely short path in a field coincident with the location depicted in the video.","Scattered thunderstorms moved across northern Illinois during the afternoon and evening of August 14th producing a weak landspout tornado and a few funnel clouds.  Heavy rain caused localized flash flooding in parts of Chicago.",181
1122407,FULTON CO.,MARIETTA,08/26/2023,1330,Tornado, ,EF0,0,0,0,0,IL,CST-6, ,183625,C,57,ILX,0,0,Emergency Manager, ,0.37,20,2,SSW,3,SSW,MARIETTA,08/26/2023,1335,40.4694,-90.3946,40.4642,-90.393,"The emergency manager observed a brief landspout tornado two miles south of Marietta.","A weak surface boundary was draped across the region on August 26. Thunderstorms developed and sagged south along the boundary during the early afternoon, and two brief landspout tornadoes were observed in Fulton County. Neither landspout produced any damage, and thus both were rated EF-Unknown.",182
1122406,FULTON CO.,MARIETTA,08/26/2023,1340,Tornado, ,EFU,0,0,0,0,IL,CST-6, ,183625,C,57,ILX,0,0,Emergency Manager, ,0.51,20,1,WSW,2,SW,MARIETTA,08/26/2023,1345,40.4899,-90.4032,40.4828,-90.4007,"A brief landspout tornado was observed near County Road 34 and Belville Road in rural Fulton County. No damage was observed, so an intensity rating could not be assigned.","A weak surface boundary was draped across the region on August 26. Thunderstorms developed and sagged south along the boundary during the early afternoon, and two brief landspout tornadoes were observed in Fulton County. Neither landspout produced any damage, and thus both were rated EF-Unknown.",183
1148794,BROWN CO.,GILBIRDS,10/13/2023,1708,Tornado, ,EF1,0,1,0,0,IL,CST-6, ,187165,C,9,LSX,0,0,Broadcast Media, ,0.42,25,3,NE,3,W,COOPERSTOWN,10/13/2023,1710,39.9548,-90.6636,39.9585,-90.6578,"A very weak thunderstorm amidst a multicell cluster of showers produced a tornado that caused damage to a double-wide residence, its adjacent garage, and a carport behind the home. The home experienced some roof loss. Several trees on and around the property sustained damage. The tornado was rated an EF-1 with a path length of 0.42 miles, path width of 25 yards, and maximum wind gusts of 110mph.","A marginally severe environment existed in northeast Missouri and west central Illinois ahead of a cold front. Multicellular convection developed in the afternoon, with the majority of cells existing as showers. One shower produced a weak tornado that damaged a home and caused one injury in west central Illinois.",184
1151606,MARSHALL CO.,HENRY,02/08/2024,1640,Tornado, ,EF1,0,0,0,0,IL,CST-6, ,187544,C,123,ILX,0,0,NWS Storm Survey, ,3.65,100,3,S,4,ESE,HENRY,02/08/2024,1644,41.07,-89.36,41.1038,-89.3062,"A tornado touched down in a field about 3 miles south of Henry at 4:40 PM CST.  The tornado tracked northeastward through rural northern Marshall County, damaging numerous trees and a few farm outbuildings before crossing into southern Putnam County between County Road 1220 North and Illinois Highway 18 at 4:44 PM CST.","As a deep area of low pressure tracked slowly northeastward across the Upper Midwest, a warm front surged northward through central Illinois on February 8th.  Thanks to strong southerly flow in the wake of the front, near record high temperatures in the lower to middle 60s were observed.  With modest instability in place and increasing deep-layer wind shear ahead of an approaching upper wave, scattered supercell thunderstorms developed across the Illinois River Valley during the late afternoon and evening.  One of the cells produced an EF-1 tornado in northern Marshall County near Henry that tracked northeastward into Putnam County.  Other storms dropped hail as large as quarters.",185
1152918,PUTNAM CO.,MAGNOLIA,02/08/2024,1644,Tornado, ,EF1,0,0,0,0,IL,CST-6, ,187736,C,155,DVN,0,0,NWS Storm Survey, ,6.38,100,6,WSW,2,N,MAGNOLIA,02/08/2024,1652,41.1038,-89.3062,41.15,-89.2,"A tornado touched down just east of Hwy 26 south of Henry, in northern Marshall County, at 440 pm CST. It crossed into Putnam county about 300 yards southeast of IL Highway 18, around 4:44 pm CST, and later overturned a semi on Hwy 18. Several large trees were uprooted or snapped along the path. In addition, some damage to a few outbuildings was observed. The tornado then dissipated in an open field that was seen by a chaser. Estimated peak winds reached 110 mph.","Several thunderstorms developed across much of eastern Iowa and northwest Illinois on the afternoon and early evening of February 8, 2024. Many of these storms had pea to dime size hail. The strongest storms occurred in Jackson County, IA and Jo Daviess, Stephenson, and Putnam counties in IL. Quarter to ping pong ball size fell with the storms in Jackson, Jo Daviess, and Stephenson counties, with the larger hailstones reported near Freeport, IL. A brief tornado developed just south of the Quad Cities County Warning Area in Marshall county and moved into Putnam county. A stronger tornado developed in Wisconsin.",186
1162852,HENRY CO.,ATKINSON,02/27/2024,1756,Tornado, ,EF1,0,0,0,0,IL,CST-6, ,189100,C,73,DVN,0,0,NWS Storm Survey, ,2.83,425,3,SE,2,NW,ANNAWAN,02/27/2024,1804,41.39,-89.98,41.4207,-89.9431,"A high end EF1 tornado formed about 4 miles west of Annawan, IL at 556 PM CST.  The tornado initially caused damage to tree limbs before intensifying as it approached Highway 6.  At this point the tornado hit two homesteads causing damaging to siding and shingles at each homestead.  One of the homesteads saw a shed|destroyed.  The tornado reached peak intensity just north of Highway 6, where a well constructed shop was destroyed by the tornado. This damage was rated at 110 MPH winds.  The tornado then started to occlude and move more to the left as it crossed I-80. A semi was flipped around I-80 mile marker 31.  A couple of branches were broken on the other side of I-80.  Around 604 PM CST, the tornado dissipated just north of I-80.  The overall path was 2.8 miles and the max width of the tornado was around 425 yards.","A strong cold front coupled with an anomalously warm air mass (highs in the 70s that broke records for the day, month, and season) and sufficient moisture set the stage for the development of severe thunderstorms across portions of northwest Illinois between 4 PM and 7 PM on Tuesday, February 27.||Storms quickly became severe after they developed across northwest Illinois during the late afternoon. As they tracked eastward, they produced hail up the size of golf balls, most notably around the Geneseo, IL and Atkinson, IL vicinities, and one confirmed EF1 tornado in the vicinity of Annawan, IL around 6 PM. A Tornado Warning was issued near 5:30 PM for this storm (NWS headline map at that time).||Storms progressed east across northern Illinois during the evening with several more tornadoes in the NWS Chicago County Warning Area. The storms were soon followed by strong non-thunderstorm winds gusting 40-50 MPH with the cold front passage.",187
1155954,LEE CO.,PAW PAW AIRPORT,02/27/2024,1815,Tornado, ,EF0,0,0,0,0,IL,CST-6, ,188190,C,103,LOT,0,0,NWS Storm Survey, ,0.05,10,1,W,1,W,PAW PAW AIRPORT,02/27/2024,1816,41.7168,-89.0537,41.7173,-89.0529,"A brief tornado, which was sighted by storm chasers, touched down along Beemerville Road northeast of Compton and caused roof damage to a farm outbuilding.","Following summer-like, record warmth, severe thunderstorms developed in the late afternoon of February 27th over northwest Illinois and spread east through the evening across the Chicago metro area. A total of 11 tornadoes touched down in Illinois. There were 11 tornadoes in total across the NWS Chicago area of responsibility, which is the most in a February event since official NWS tornado records began in 1950. In addition to the tornadoes, the storms produced numerous instances of severe hail and damaging straight-line wind.",188
1155956,DE KALB CO.,WATERMAN,02/27/2024,1828,Tornado, ,EFU,0,0,0,0,IL,CST-6, ,188190,C,37,LOT,0,0,NWS Storm Survey, ,1.3,120,3,NNE,2,NW,HINCKLEY AIRFIELD,02/27/2024,1830,41.8034,-88.7514,41.7982,-88.7295,"High resolution satellite imagery showed a ground swirl pattern in a field beginning near Miller Road and IL-23 northeast of Waterman. The tornado moved through a field to the southeast, then turned to the east as it crossed Crego Road. The tornado lifted just east of Crego Road. Because this tornado did not impact any buildings or trees, no intensity estimates could be made, and thus, this tornado was assigned an EF-U rating.","Following summer-like, record warmth, severe thunderstorms developed in the late afternoon of February 27th over northwest Illinois and spread east through the evening across the Chicago metro area. A total of 11 tornadoes touched down in Illinois. There were 11 tornadoes in total across the NWS Chicago area of responsibility, which is the most in a February event since official NWS tornado records began in 1950. In addition to the tornadoes, the storms produced numerous instances of severe hail and damaging straight-line wind.",189
1155959,DE KALB CO.,HINCKLEY,02/27/2024,1853,Tornado, ,EF0,0,0,0,0,IL,CST-6, ,188190,C,37,LOT,0,0,NWS Storm Survey, ,2.59,175,1,SSW,2,ESE,HINCKLEY,02/27/2024,1856,41.7507,-88.652,41.7544,-88.602,"Storm chasers documented a tornado touching down in a field south of Hinckley near Somonauk Road and Bastian Road. High resolution satellite imagery showed that this tornado first moved to the northeast mostly in open fields, but likely caused tree damage to properties just north of Bastian Road as it crossed into Kane County. The tornado then turned to the east and caused damage to multiple farm outbuildings, peeled shingles off of roofs, and caused tree damage before lifting as it tracked into Big Rock.","Following summer-like, record warmth, severe thunderstorms developed in the late afternoon of February 27th over northwest Illinois and spread east through the evening across the Chicago metro area. A total of 11 tornadoes touched down in Illinois. There were 11 tornadoes in total across the NWS Chicago area of responsibility, which is the most in a February event since official NWS tornado records began in 1950. In addition to the tornadoes, the storms produced numerous instances of severe hail and damaging straight-line wind.",190
1155961,KANE CO.,MAPLE PARK,02/27/2024,1855,Tornado, ,EF0,0,0,0,0,IL,CST-6, ,188190,C,89,LOT,0,0,NWS Storm Survey, ,7.89,125,2,SE,2,SW,CAMPTON HILLS,02/27/2024,1911,41.8799,-88.5694,41.9395,-88.4386,"This tornado touched down along Keslinger Road just west of Watson Road between Maple Park and Elburn. The tornado then may have lifted intermittently as it approached, crossed, and then eventually paralleled Route 38 before sustaining itself on the ground as it tracked northeast into the southwest side of Campton Hills. The path of the tornado was characterized by damage to trees, a grain elevator, a windmill, and roofing. The tornadic damage was consistent with an EF-0 rating with 80 mph winds.","Following summer-like, record warmth, severe thunderstorms developed in the late afternoon of February 27th over northwest Illinois and spread east through the evening across the Chicago metro area. A total of 11 tornadoes touched down in Illinois. There were 11 tornadoes in total across the NWS Chicago area of responsibility, which is the most in a February event since official NWS tornado records began in 1950. In addition to the tornadoes, the storms produced numerous instances of severe hail and damaging straight-line wind.",191
1155960,KANE CO.,BIG ROCK,02/27/2024,1856,Tornado, ,EF0,0,0,0,0,IL,CST-6, ,188190,C,89,LOT,0,0,NWS Storm Survey, ,2.8,175,3,W,0,N,BIG ROCK,02/27/2024,1859,41.7544,-88.602,41.7638,-88.5492,"Storm chasers documented a tornado touching down in a field south of Hinckley near Somonauk Road and Bastian Road. High resolution satellite imagery showed that this tornado first moved to the northeast mostly in open fields, but likely caused tree damage to properties just north of Bastian Road as it crossed into Kane County. The tornado then turned to the east and caused damage to multiple farm outbuildings, peeled shingles off of roofs, and caused tree damage before lifting as it tracked into Big Rock.","Following summer-like, record warmth, severe thunderstorms developed in the late afternoon of February 27th over northwest Illinois and spread east through the evening across the Chicago metro area. A total of 11 tornadoes touched down in Illinois. There were 11 tornadoes in total across the NWS Chicago area of responsibility, which is the most in a February event since official NWS tornado records began in 1950. In addition to the tornadoes, the storms produced numerous instances of severe hail and damaging straight-line wind.",192
1155974,KANE CO.,(ARR) AURORA MUNICIPAL AIRPORT,02/27/2024,1906,Tornado, ,EF1,0,0,0,0,IL,CST-6, ,188190,C,89,LOT,0,0,NWS Storm Survey, ,8.13,125,2,N,1,WNW,BATAVIA,02/27/2024,1916,41.7949,-88.4686,41.8543,-88.3324,"This tornado touched down near Hartner Road southwest of Waubonsee Community College and trekked northeastward eventually lifting near McKee Street and Western Avenue in Batavia. Some of the more noteworthy damage along the storm's over 8 mile path include a large wooden barn that had been displaced from its foundation and collapsed near Lake Run as well as damage to some industrial equipment. Several trees, roofs, and business signs also sustained damage along the path. The storm also moved across the Waubonsee Community College campus shortly after touching down where it damaged trees and signs and toppled one parking lot light pole.","Following summer-like, record warmth, severe thunderstorms developed in the late afternoon of February 27th over northwest Illinois and spread east through the evening across the Chicago metro area. A total of 11 tornadoes touched down in Illinois. There were 11 tornadoes in total across the NWS Chicago area of responsibility, which is the most in a February event since official NWS tornado records began in 1950. In addition to the tornadoes, the storms produced numerous instances of severe hail and damaging straight-line wind.",193
1155975,KANE CO.,GENEVA,02/27/2024,1917,Tornado, ,EF1,0,0,0,0,IL,CST-6, ,188190,C,89,LOT,0,0,NWS Storm Survey, ,1.16,125,1,WSW,0,SE,GENEVA,02/27/2024,1919,41.8827,-88.3482,41.8866,-88.3262,"This tornado touched down along Keslinger Road west of Randall Road in Geneva. The first instance of damage was noted to a metal garage/storage building, which had portions of roofing and walls damaged or removed and was shifted off its foundation. The structure did not appear to be properly anchored to its foundation. Trees and a traffic light were then damaged as the tornado crossed the intersection, with shingle, soffit, and siding damage noted at a commercial building before the tornado moved into a residential area. A concentrated corridor of damage consistent with EF-1 wind speeds near 95 mph occurred along Cambridge Drive and Essex Court, where damage to several roofs and windows was observed. In addition, nearby trees were significantly damaged with almost all large branches snapped. The tornado weakened and narrowed as it moved east just north of Kaneville Road, with tree damage noted until the tornado dissipated near Kaneville Road and Burgess Road. The tornado was on the ground for fewer than two minutes.","Following summer-like, record warmth, severe thunderstorms developed in the late afternoon of February 27th over northwest Illinois and spread east through the evening across the Chicago metro area. A total of 11 tornadoes touched down in Illinois. There were 11 tornadoes in total across the NWS Chicago area of responsibility, which is the most in a February event since official NWS tornado records began in 1950. In addition to the tornadoes, the storms produced numerous instances of severe hail and damaging straight-line wind.",194
1155976,COOK CO.,STREAMWOOD,02/27/2024,1929,Tornado, ,EF0,0,0,0,0,IL,CST-6, ,188190,C,31,LOT,0,0,NWS Storm Survey, ,3.83,300,2,NW,0,SE,SOUTH BARRINGTON,02/27/2024,1935,42.047,-88.1991,42.0855,-88.1453,"This tornado touched down just west of Sutton Road and north of Golf Road in the Carl Hansen Woods of the Arthur L. Janura Preserve, initially producing tree damage and peeling part of the roof off of a picnic shelter. The tornado may have lifted temporarily as it tracked northeast through the preserve toward Bartlett Road and Shoe Factory Road, but access to these forest preserve areas was limited. Along Higgins Road, roof and fascia damage was noted to several buildings in an office complex before the tornado caused damage at Goebbert`s Farm across the road. In the subdivision to the northeast of the farm, a few trees were uprooted along Star Lane. The tornado then moved into The Glen subdivision, where it produced a swath of concentrated tree damage and damaged roofs and chimneys at a few residences as it reached its peak width. The tornado then produced tree damage along and north of Mundhank Road before it dissipated as it entered the Terra Vita Estates subdivision.","Following summer-like, record warmth, severe thunderstorms developed in the late afternoon of February 27th over northwest Illinois and spread east through the evening across the Chicago metro area. A total of 11 tornadoes touched down in Illinois. There were 11 tornadoes in total across the NWS Chicago area of responsibility, which is the most in a February event since official NWS tornado records began in 1950. In addition to the tornadoes, the storms produced numerous instances of severe hail and damaging straight-line wind.",195
1155977,COOK CO.,HOFFMAN ESTATES,02/27/2024,1932,Tornado, ,EF1,0,0,0,0,IL,CST-6, ,188190,C,31,LOT,0,0,NWS Storm Survey, ,2.58,110,0,SSE,2,S,INVERNESS,02/27/2024,1935,42.0572,-88.1184,42.0898,-88.0937,"This tornado touched down in the area near Della Drive in Hoffman Estates and tracked northeast, snapping tree branches, downing power lines along Hassell Road, and damaging shingles, fascia, and gutters on homes. The tornado then tracked across I-90 and entered the Paul Douglas Forest Preserve, where it snapped and uprooted several trees. The tornado then exited the forest preserve and entered the subdivision to the northwest of Algonquin Road and Ela Road, where it caused roof, soffit, and fascia damage to several residences. Shortly thereafter, the tornado lifted as it entered Inverness.","Following summer-like, record warmth, severe thunderstorms developed in the late afternoon of February 27th over northwest Illinois and spread east through the evening across the Chicago metro area. A total of 11 tornadoes touched down in Illinois. There were 11 tornadoes in total across the NWS Chicago area of responsibility, which is the most in a February event since official NWS tornado records began in 1950. In addition to the tornadoes, the storms produced numerous instances of severe hail and damaging straight-line wind.",196
1155978,COOK CO.,SOUTH BARRINGTON,02/27/2024,1934,Tornado, ,EF1,0,0,0,0,IL,CST-6, ,188190,C,31,LOT,0,0,NWS Storm Survey, ,2.45,160,1,S,2,SSW,INVERNESS,02/27/2024,1937,42.0722,-88.1485,42.0994,-88.1177,"This tornado formed near Studio Drive in South Barrington, with the first damage observed at the South Barrington Tennis Club. The tornado moved northeastward through eastern sections of The Glen subdivision, producing sporadic tree damage. As the tornado crossed Barrington Road near Mundhank Road, significant tree damage occurred, with numerous branches and trunks snapped. The tornado continued northeast toward Willow Creek Church, where it uprooted at least one tree and damaged metal bus shelters. Damage became less severe as the tornado neared Algonquin Road, but increased again as the tornado turned to the east toward Whispering Trails Drive and Huntington Boulevard in Hoffman Estates. Damage was noted to residences along Chesapeake Court, Fir Court, and Crimson Drive with two residences losing a significant amount of roofing material. Other homes in the neighborhood had shingle damage, and a window was damaged at another residence. Tree damage, including broken limbs, was also observed. Roofing material removed from a home on Fir Court was deposited to the northwest, with plywood impaled into the ground and other debris penetrating the wall of a house, ending up in its living room. The tornado dissipated near Crimson Drive in Hoffman Estates.","Following summer-like, record warmth, severe thunderstorms developed in the late afternoon of February 27th over northwest Illinois and spread east through the evening across the Chicago metro area. A total of 11 tornadoes touched down in Illinois. There were 11 tornadoes in total across the NWS Chicago area of responsibility, which is the most in a February event since official NWS tornado records began in 1950. In addition to the tornadoes, the storms produced numerous instances of severe hail and damaging straight-line wind.",197
1170410,LAKE CO.,MUNDELEIN,02/27/2024,1955,Tornado, ,EF1,0,1,0,0,IL,CST-6, ,188190,C,97,LOT,0,0,NWS Storm Survey, ,0.11,40,1,ENE,1,E,MUNDELEIN,02/27/2024,1956,42.262,-87.9874,42.2619,-87.9853,"This tornado had a very short path with damage confined primarily to a single two-story apartment building. Most of the roof was removed from the building, and a portion of the brick facade also collapsed when the roof was removed. Two large softwood trees in the parking lot east of the building were uprooted. Debris was deposited to the east across the street, where a few tree branches were also snapped. In the apartment building south of the main one that was damaged, a resident described seeing a second story glass patio door on the east side being pulled out and shattered by the winds. One 13 year old resident sustained bad bruising after part of his ceiling collapsed and struck him in the arm.","Following summer-like, record warmth, severe thunderstorms developed in the late afternoon of February 27th over northwest Illinois and spread east through the evening across the Chicago metro area. A total of 11 tornadoes touched down in Illinois. There were 11 tornadoes in total across the NWS Chicago area of responsibility, which is the most in a February event since official NWS tornado records began in 1950. In addition to the tornadoes, the storms produced numerous instances of severe hail and damaging straight-line wind.",198
1167329,STEPHENSON CO.,BOLTON,03/04/2024,1359,Tornado, ,EFU,0,0,0,0,IL,CST-6, ,189645,C,177,DVN,0,0,Storm Chaser, ,0.1,30,3,WNW,3,WNW,BOLTON,03/04/2024,1400,42.24,-89.78,42.24,-89.78,"Pictures and video from a storm chaser confirm a brief tornado southeast of Pearl City Monday afternoon. The Stephenson County Emergency Manager surveyed the area and did not see any damage. Therefore, the tornado is rated EF-Unknown.","Scattered storms developed during the afternoon of March 4th, with numerous storms throughout the area by the evening. Most storms produced small hail, with several storms producing upwards to one-inch hail or larger. The largest hail seen was golf ball-sized in northeast Missouri and southern Iowa. One brief tornado was also seen, southeast of Pearl City Illinois, with no damage observed.",199
1167312,WARREN CO.,GREENBUSH,03/14/2024,336,Tornado, ,EF1,0,0,0,0,IL,CST-6, ,189648,C,187,DVN,0,0,NWS Storm Survey, ,0.95,150,4,SE,5,ESE,GREENBUSH,03/14/2024,337,40.686,-90.463,40.687,-90.445,"A brief tornado developed early Thursday morning, just northwest of Avon in Warren County Illinois. The tornado caused significant damage at two farmsteads, which included destroyed outbuildings and machine sheds, damaged grain bins, uprooted trees, and snapped power poles. The tornado was on the ground for about one mile, and dissipated just into Fulton County IL, east of North Twin Bridge Road. Maximum winds were estimated around 110 mph, and the tornado was rated a high-end EF1. There were no reports of any injuries.","Widespread severe weather was seen overnight from March 13 into 14 across southeast Iowa, northeast Missouri, and western Illinois.  Several severe wind and hail reports were received, along with an EF1 tornado in Warren County.",200
1171535,FULTON CO.,AVON,03/14/2024,336,Tornado, ,EF1,0,0,0,0,IL,CST-6, ,190303,C,57,ILX,0,0,NWS Storm Survey, ,0.11,125,1,NW,1,NNW,AVON,03/14/2024,337,40.6867,-90.4448,40.6871,-90.4427,"This tornado initially touched down in the National Weather Service Quad Cities County Warning Area (CWA) in eastern Warren County, then crossed into far northwestern Fulton County about 2 miles northwest of Avon at 4:36 AM CDT.  It broke a few large tree branches in Fulton County before quickly dissipating at 4:37 AM CDT.","A nearly stationary frontal boundary extending from northern Indiana to northern Missouri triggered several bands of thunderstorms across west-central Illinois during the pre-dawn hours of March 14th.  One of the storms produced an EF-1 tornado in eastern Warren County that crossed into far northwestern Fulton County north of Avon before dissipating.  No injuries were reported.",201
1168696,JERSEY CO.,FIELDON,03/14/2024,628,Tornado, ,EF0,0,0,0,0,IL,CST-6, ,189632,C,83,LSX,0,0,NWS Storm Survey, ,8.65,100,3,E,3,WNW,DELHI,03/14/2024,638,39.096,-90.449,39.065,-90.295,"A tornado touched down 2.8 miles southeast of Fieldon, on Richey Hollow Road, snapping off several large tree branches. As it moved to the southeast it crossed County Road 1100N. In this area numerous trees and tree limbs were snapped off. Also, an open sided barn had the majority of it���s roof ripped off and a large barn had around a quarter of it���s roof ripped off and thrown east into a nearby field. Before it crossed Beaty Mound Road it snapped off several large trees as well as numerous tree limbs. A nearby house sustained minor shingle damage. As it crossed Lodi Road it snapped off several more trees and tree limbs and began to move in a more easterly direction. As it crossed Illinois Route 109, around 3.8 miles south of Jerseyville, it snapped off a few more trees. Before lifting and dissipating 4 miles south southeast of Jerseyville, it caused a very old open sided barn to lean and minor damage to a large machine shed and roof of a chicken coop. Overall, the tornado was rated EF0 with a path length of 8.65 miles and a max path width of 100 yards. No deaths or injuries were reported.","Just after sunrise, a quasi-linear convective system (QLCS) produced five confirmed EF-0 tornadoes. Four of these occurred in rural south-central Illinois, and another tracked through Charlack, Missouri in northern St. Louis County. No reported injuries or fatalities with these tornadoes. Also, there were a few reports of damaging winds and large hail.",202
1168702,JERSEY CO.,FIDELITY,03/14/2024,644,Tornado, ,EF0,0,0,0,0,IL,CST-6, ,189632,C,83,LSX,0,0,NWS Storm Survey, ,2.28,75,1,SW,1,ESE,FIDELITY,03/14/2024,646,39.137,-90.187,39.143,-90.146,"A weak tornado touched down 1.7 miles southwest of Fidelity in Jersey County, on Bowman Station Road. In this location is destroyed a small shed, snapped off several trees and tree limbs and damaged a power pole. It then tracked east northeast. As it crossed Fidelity Road it tore a carport off of a house and threw it into a nearby field. A bit further east it caused minor roof damage to a farm house, uprooted a large tree and caused damage to two older brick grain silos. Then the tornado tracked east into Macoupin County. The tornado was rated EF0 in Jersey County with a path length of 2.28 miles and a max path width of 75 yards. No deaths or injuries were reported.","Just after sunrise, a quasi-linear convective system (QLCS) produced five confirmed EF-0 tornadoes. Four of these occurred in rural south-central Illinois, and another tracked through Charlack, Missouri in northern St. Louis County. No reported injuries or fatalities with these tornadoes. Also, there were a few reports of damaging winds and large hail.",203
1168704,MACOUPIN CO.,MEDORA,03/14/2024,646,Tornado, ,EF0,0,0,0,0,IL,CST-6, ,189632,C,117,LSX,0,0,NWS Storm Survey, ,1.62,75,2,SSW,2,N,PIASA,03/14/2024,648,39.143,-90.146,39.143,-90.116,"As it moved into Macoupin County it crossed Illinois Route 111, just north of the intersection with Three Trees Road. As it crossed Piasa Road, it damaged a farm outbuilding and threw debris to the south in a nearby field. Then before lifting and dissipating 2.7 miles southeast of Fidelity, it snapped off a few large tree limbs. In Macoupin County the tornado was rated EF0 with a path length of 1.62 miles and a max path width of 75 yards. Overall, the tornado was rated EF0 with a path length of 3.90 miles and a max path width of 75 yards. No deaths or injuries were reported.","Just after sunrise, a quasi-linear convective system (QLCS) produced five confirmed EF-0 tornadoes. Four of these occurred in rural south-central Illinois, and another tracked through Charlack, Missouri in northern St. Louis County. No reported injuries or fatalities with these tornadoes. Also, there were a few reports of damaging winds and large hail.",204
1168731,JERSEY CO.,DELHI,03/14/2024,646,Tornado, ,EF0,0,0,0,0,IL,CST-6, ,189632,C,83,LSX,0,0,NWS Storm Survey, ,0.39,200,5,ENE,5,SSE,FIDELITY,03/14/2024,647,39.071,-90.152,39.074,-90.146,"A weak tornado touched down 2.3 miles north northwest of Brighton in Jersey County, on W. Miles Station Road. In this area it destroyed a small outbuilding and damaged a pickup truck that was parked in it. It also caused minor to moderate roof damage to at least 4 other outbuildings, destroyed another small outbuilding and snapped off a couple of trees. As it tracked to the northeast, it crossed into Macoupin County. In Jersey County, the tornado was rated EF0 with a path length of  0.39 miles and a max path width of 200 yards.","Just after sunrise, a quasi-linear convective system (QLCS) produced five confirmed EF-0 tornadoes. Four of these occurred in rural south-central Illinois, and another tracked through Charlack, Missouri in northern St. Louis County. No reported injuries or fatalities with these tornadoes. Also, there were a few reports of damaging winds and large hail.",205
1168732,MACOUPIN CO.,BRIGHTON,03/14/2024,647,Tornado, ,EF0,0,0,0,0,IL,CST-6, ,189632,C,117,LSX,0,0,NWS Storm Survey, ,2.36,200,3,NNW,2,SSE,PIASA,03/14/2024,648,39.074,-90.146,39.088,-90.106,"After crossing into Macoupin County it damaged a small outbuilding throwing the debris west into a field that was just over the county line in Jersey County. As it continued to the northeast it crossed Illinois Route 111 uprooting a large tree. Before lifting and dissipating 3.8 miles north northeast of Brighton, it snapped off several power poles along Bachman Road. In Macoupin County the tornado was rated EF0 with a path length of 2.36 miles and a max path width of 200 yards. Overall, the tornado was rated EF0 with a path length of 2.75 miles and a max path width of 200 yards. No deaths or injuries were reported.","Just after sunrise, a quasi-linear convective system (QLCS) produced five confirmed EF-0 tornadoes. Four of these occurred in rural south-central Illinois, and another tracked through Charlack, Missouri in northern St. Louis County. No reported injuries or fatalities with these tornadoes. Also, there were a few reports of damaging winds and large hail.",206
1168736,MACOUPIN CO.,MACOUPIN STATION,03/14/2024,658,Tornado, ,EF0,0,0,0,0,IL,CST-6, ,189632,C,117,LSX,0,0,NWS Storm Survey, ,2.13,100,2,ENE,4,E,MACOUPIN STATION,03/14/2024,700,39.231,-89.941,39.222,-89.904,"A weak tornado touched down 4.7 miles southwest of Carlinville on Shipman Road. At this location, it damaged a couple of small sheds, snapped off several large tree limbs, blew down a large tree and caused minor shingle damage to a house. As the tornado tracked to the southeast, it snapped off several more tree limbs and caused minor roof damage to another house on Stagecoach Road before lifting and dissipating 4.2 miles south southeast of Carlinville. Overall, the tornado was rated EF0 with a path length of 2.13 miles and a maximum width of 100 yards. The maximum sustained winds were estimated to be near 80 mph. No deaths or injuries were reported.","Just after sunrise, a quasi-linear convective system (QLCS) produced five confirmed EF-0 tornadoes. Four of these occurred in rural south-central Illinois, and another tracked through Charlack, Missouri in northern St. Louis County. No reported injuries or fatalities with these tornadoes. Also, there were a few reports of damaging winds and large hail.",207
1165939,JEFFERSON CO.,MT VERNON,03/14/2024,1832,Tornado, ,EF1,0,0,700000,0,IL,CST-6, ,189631,C,81,PAH,0,0,NWS Storm Survey, ,0.5,150,2,NNW,2,S,IDLEWOOD,03/14/2024,1833,38.3445,-88.9175,38.3516,-88.9155,"A cell merger led to a brief tornado along IL Hwy 37. Two metal buildings had much of their roofs removed, bay doors blown out, and large portions of walls removed. Several buses inside sustained significant damage from debris with 6 out of 14 buses totaled. Building material was pulverized and embedded in the ground and adjacent walls downstream of the start of the damage with other debris wrapped around nearby trees, fences, and powerlines. A nearby metal building sustained roof damage. Trees were uprooted and snapped near the start and end of the path. Peak winds were estimated near 90 mph.","A cold front, which stretched from Oklahoma to Central Illinois over to Northern Ohio, progressed slowly through the Quad State region, with an MCS moving through during the evening hours. An early afternoon SGF sounding placed MLCAPE at around 2000 J/kg. Deep layer shear was 50-55 kts with 0-1 km shear of 30 kts with 200 m2/s2 SRH. In Southern Illinois, there were two lines that developed. The southern line had a more SW to NE orientation further south and was weaker than portions further south in SE Missouri and far W Kentucky. The northern line had a more west to east orientation near the I-64 corridor and was much more active. Jefferson County in particular had severe damaging wind reports, large hail, and a brief EF-1 tornado north of Mount Vernon which did significant damage to a bus depot and several of the buses inside. A microburst developed just east of that tornado, scattering debris from a metal building system. A second EF-1 tornado occurred in Wayne County northeast of Fairfield, snapping many pine trees, and causing a mobile home to lean over. Additional wind damage reports were received along the I-64 corridor.",208
1165955,WAYNE CO.,MERRIAM,03/14/2024,1911,Tornado, ,EF1,0,0,120000,0,IL,CST-6, ,189631,C,191,PAH,0,0,NWS Storm Survey, ,2.8,75,3,N,4,NNW,GOLDEN GATE,03/14/2024,1915,38.408,-88.282,38.416,-88.232,"Numerous pine trees snapped near the base along the track northeast of Fairfield. One home near the beginning of the track had roof damage (a tarp covered half of the roof) with a nearby tree having many large branches broken. Further east, an anchored mobile home was lifted up and leaned over, not overturned but uninhabitable due to sustained major damage. Another home further ENE had substantial soffit and porch damage along with an old TV tower toppled and many snapped pine trees on the property. Peak winds were estimated at 90 mph.","A cold front, which stretched from Oklahoma to Central Illinois over to Northern Ohio, progressed slowly through the Quad State region, with an MCS moving through during the evening hours. An early afternoon SGF sounding placed MLCAPE at around 2000 J/kg. Deep layer shear was 50-55 kts with 0-1 km shear of 30 kts with 200 m2/s2 SRH. In Southern Illinois, there were two lines that developed. The southern line had a more SW to NE orientation further south and was weaker than portions further south in SE Missouri and far W Kentucky. The northern line had a more west to east orientation near the I-64 corridor and was much more active. Jefferson County in particular had severe damaging wind reports, large hail, and a brief EF-1 tornado north of Mount Vernon which did significant damage to a bus depot and several of the buses inside. A microburst developed just east of that tornado, scattering debris from a metal building system. A second EF-1 tornado occurred in Wayne County northeast of Fairfield, snapping many pine trees, and causing a mobile home to lean over. Additional wind damage reports were received along the I-64 corridor.",209
1173290,WILLIAMSON CO.,NEILSON,04/02/2024,346,Tornado, ,EF2,0,0,300000,0,IL,CST-6, ,190639,C,199,PAH,0,0,NWS Storm Survey, ,6.66,250,2,WNW,2,NE,PULLEYS MILL,04/02/2024,352,37.6341,-89.0017,37.6197,-88.8814,"An EF-2 tornado impacted the Lake Of Egypt community in the early morning hours of Tuesday, April 2nd. The tornado began near Highway 148, just west of Interstate 57, damaging limbs on several trees. Roof shingle damage and a snapped tree occurred on Teske Rd with tree trunks snapped on Whitecotton Rd and IL-37. After crossing IL-37 east of Interstate 57, the tornado passed along Lake of Egypt Rd, significantly damaging the roof of a home. The most severe damage occurred near the intersection of Lake of Egypt Rd and Market Rd, where severe roof and structural damage occurred to three businesses. The Lake of Egypt Fire Protection building nearby had one of its windows blown out. Paralleling Lake of Egypt Rd, the tornado did damage to homes and outbuildings before lifting just to the west of Wagon Creek Rd. Hundreds of trees were uprooted, snapped at the base, or suffered damage to large limbs along the path. Peak winds were estimated at 130 mph.","Early morning, the surface low was located just north of St. Louis, Missouri, lifting to the NNE as it rapidly deepened. For Southern Illinois, early morning effective bulk shear was 60-65 kts, with a very high 20-30 kts of 0-1 km shear, while SRHs near the Ohio River were around 150-200 m2/s2. MLCAPE was 1000 J/kg, and mid-level lapse rates were 6.5 C/km. A 70-90 kt mid-level jet was west of the Quad State. A strong capping inversion suppressed storm activity in the evening, but the strong lift and upper level diffluence won out early morning. Two lines of storms developed after midnight in Southeast Missouri. The first progressed through the I-64 corridor from 0100-0400 CST. The latter was a very potent thunderstorm line racing eastward early morning April 2nd. This line continued throughout the day all the way to West Virginia, being designated a derecho. For Southern Illinois, widespread wind damage occurred with this line, and sections of the line that took a north-south orientation had a much more favorable line-normal component of shear promoting QLCS tornado development. Seven tornadoes originated in Southern Illinois: 2 in Williamson County (EF-2 and EF-1), 1 in Saline County (EF-2), 3 in Gallatin County (all EF-1s), and 1 in White County (EF-2 with the EF-2 damage in Posey County Indiana). Two people suffered laceration injuries due to flying debris with the Saline County tornado. A total of 19 tornadoes were found during this event, the highest single day total for the NWS Paducah forecast area since Halloween 2003 (also 19).",210
1174122,WILLIAMSON CO.,CREAL SPGS,04/02/2024,356,Tornado, ,EF1,0,0,130000,0,IL,CST-6, ,190639,C,199,PAH,0,0,NWS Storm Survey, ,6.21,250,1,ENE,4,SE,PALZO,04/02/2024,401,37.6229,-88.8215,37.6158,-88.7084,"An EF-1 tornado impacted the Stonefort community during the early morning hours of Tuesday, April 2nd. The tornado began just east of Creal Springs along Saltpetre Road. Damage was mainly to trees as the tornado moved parallel to Pleasant Valley Road. The tornado moved directly through the community of Stonefort, causing extensive tree damage. Most damage to buildings was caused by trees falling onto the building. However, a couple of homes had portions of their roofs removed. The tornado continued east into Saline County in the middle of Stonefort. Estimated peak wind gusts for the tornado as a whole and in Williamson County were 110 mph.","Early morning, the surface low was located just north of St. Louis, Missouri, lifting to the NNE as it rapidly deepened. For Southern Illinois, early morning effective bulk shear was 60-65 kts, with a very high 20-30 kts of 0-1 km shear, while SRHs near the Ohio River were around 150-200 m2/s2. MLCAPE was 1000 J/kg, and mid-level lapse rates were 6.5 C/km. A 70-90 kt mid-level jet was west of the Quad State. A strong capping inversion suppressed storm activity in the evening, but the strong lift and upper level diffluence won out early morning. Two lines of storms developed after midnight in Southeast Missouri. The first progressed through the I-64 corridor from 0100-0400 CST. The latter was a very potent thunderstorm line racing eastward early morning April 2nd. This line continued throughout the day all the way to West Virginia, being designated a derecho. For Southern Illinois, widespread wind damage occurred with this line, and sections of the line that took a north-south orientation had a much more favorable line-normal component of shear promoting QLCS tornado development. Seven tornadoes originated in Southern Illinois: 2 in Williamson County (EF-2 and EF-1), 1 in Saline County (EF-2), 3 in Gallatin County (all EF-1s), and 1 in White County (EF-2 with the EF-2 damage in Posey County Indiana). Two people suffered laceration injuries due to flying debris with the Saline County tornado. A total of 19 tornadoes were found during this event, the highest single day total for the NWS Paducah forecast area since Halloween 2003 (also 19).",211
1174123,SALINE CO.,STONEFORT,04/02/2024,401,Tornado, ,EF1,0,0,75000,0,IL,CST-6, ,190639,C,165,PAH,0,0,NWS Storm Survey, ,1.36,250,1,ESE,1,NNW,OLDTOWN,04/02/2024,403,37.6158,-88.7084,37.6141,-88.6837,"This EF-1 tornado began in Williamson County during the early morning hours of Tuesday, April 2nd, crossing over into Saline County in the middle of Stonefort. The tornado continued to produce tree and roof damage in Stonefort, then proceeded eastward along Battleford Rd damaging a few more trees before lifting around a mile east of Stonefort, past the railroad crossing on Brattleford Rd. Estimated peak wind gusts in the Saline County portion of this tornado were 105 mph.","Early morning, the surface low was located just north of St. Louis, Missouri, lifting to the NNE as it rapidly deepened. For Southern Illinois, early morning effective bulk shear was 60-65 kts, with a very high 20-30 kts of 0-1 km shear, while SRHs near the Ohio River were around 150-200 m2/s2. MLCAPE was 1000 J/kg, and mid-level lapse rates were 6.5 C/km. A 70-90 kt mid-level jet was west of the Quad State. A strong capping inversion suppressed storm activity in the evening, but the strong lift and upper level diffluence won out early morning. Two lines of storms developed after midnight in Southeast Missouri. The first progressed through the I-64 corridor from 0100-0400 CST. The latter was a very potent thunderstorm line racing eastward early morning April 2nd. This line continued throughout the day all the way to West Virginia, being designated a derecho. For Southern Illinois, widespread wind damage occurred with this line, and sections of the line that took a north-south orientation had a much more favorable line-normal component of shear promoting QLCS tornado development. Seven tornadoes originated in Southern Illinois: 2 in Williamson County (EF-2 and EF-1), 1 in Saline County (EF-2), 3 in Gallatin County (all EF-1s), and 1 in White County (EF-2 with the EF-2 damage in Posey County Indiana). Two people suffered laceration injuries due to flying debris with the Saline County tornado. A total of 19 tornadoes were found during this event, the highest single day total for the NWS Paducah forecast area since Halloween 2003 (also 19).",212
1173281,SALINE CO.,GRAYSON,04/02/2024,415,Tornado, ,EF2,0,2,225000,0,IL,CST-6, ,190639,C,165,PAH,0,0,NWS Storm Survey, ,1.14,100,1,NE,2,NE,BROOKLYN,04/02/2024,416,37.7913,-88.4029,37.7892,-88.3822,"An EF-2 tornado occurred approximately two miles southeast of Eldorado during the early morning hours of Tuesday, April 2nd. The tornado began near the intersection of Highway 142 and Ridgway Road. Here, the tornado destroyed an outbuilding, uprooted several large trees, and removed portions of the roofs of two homes. Crossing Ridgway Road and the intersection of White Road, the tornado severely damaged an industrial garage and two manufactured homes. One manufactured home was moved several feet off its foundation and had one of its walls torn open. Two occupants of the home suffered laceration injuries due to flying debris. About five large hardwood trees just behind this home were all snapped at the base. Moving east-southeast, the tornado lifted near Dusty Road just south of Ridgway Road. Peak winds were estimated at 115 mph.","Early morning, the surface low was located just north of St. Louis, Missouri, lifting to the NNE as it rapidly deepened. For Southern Illinois, early morning effective bulk shear was 60-65 kts, with a very high 20-30 kts of 0-1 km shear, while SRHs near the Ohio River were around 150-200 m2/s2. MLCAPE was 1000 J/kg, and mid-level lapse rates were 6.5 C/km. A 70-90 kt mid-level jet was west of the Quad State. A strong capping inversion suppressed storm activity in the evening, but the strong lift and upper level diffluence won out early morning. Two lines of storms developed after midnight in Southeast Missouri. The first progressed through the I-64 corridor from 0100-0400 CST. The latter was a very potent thunderstorm line racing eastward early morning April 2nd. This line continued throughout the day all the way to West Virginia, being designated a derecho. For Southern Illinois, widespread wind damage occurred with this line, and sections of the line that took a north-south orientation had a much more favorable line-normal component of shear promoting QLCS tornado development. Seven tornadoes originated in Southern Illinois: 2 in Williamson County (EF-2 and EF-1), 1 in Saline County (EF-2), 3 in Gallatin County (all EF-1s), and 1 in White County (EF-2 with the EF-2 damage in Posey County Indiana). Two people suffered laceration injuries due to flying debris with the Saline County tornado. A total of 19 tornadoes were found during this event, the highest single day total for the NWS Paducah forecast area since Halloween 2003 (also 19).",213
1173278,GALLATIN CO.,RIDGWAY,04/02/2024,421,Tornado, ,EF1,0,0,80000,0,IL,CST-6, ,190639,C,59,PAH,0,0,NWS Storm Survey, ,0.98,100,1,N,2,NNE,RIDGWAY,04/02/2024,422,37.7953,-88.2712,37.8064,-88.26,"A brief EF-1 tornado impacted the west side of Ridgway, IL, during the early morning hours of Tuesday, April 2nd. The tornado began just south of Main Street along St. Joseph Road, where one home suffered minor roof damage and several large tree limbs were downed. Moving northeast, the tornado damaged a grain bin just south of Main Street and collapsed an outbuilding just north of Main Street. The tornado did limited tree damage in the city park before lifting near the intersection of City Park Drive and Murphy Street. Peak winds were estimated at 90 mph.","Early morning, the surface low was located just north of St. Louis, Missouri, lifting to the NNE as it rapidly deepened. For Southern Illinois, early morning effective bulk shear was 60-65 kts, with a very high 20-30 kts of 0-1 km shear, while SRHs near the Ohio River were around 150-200 m2/s2. MLCAPE was 1000 J/kg, and mid-level lapse rates were 6.5 C/km. A 70-90 kt mid-level jet was west of the Quad State. A strong capping inversion suppressed storm activity in the evening, but the strong lift and upper level diffluence won out early morning. Two lines of storms developed after midnight in Southeast Missouri. The first progressed through the I-64 corridor from 0100-0400 CST. The latter was a very potent thunderstorm line racing eastward early morning April 2nd. This line continued throughout the day all the way to West Virginia, being designated a derecho. For Southern Illinois, widespread wind damage occurred with this line, and sections of the line that took a north-south orientation had a much more favorable line-normal component of shear promoting QLCS tornado development. Seven tornadoes originated in Southern Illinois: 2 in Williamson County (EF-2 and EF-1), 1 in Saline County (EF-2), 3 in Gallatin County (all EF-1s), and 1 in White County (EF-2 with the EF-2 damage in Posey County Indiana). Two people suffered laceration injuries due to flying debris with the Saline County tornado. A total of 19 tornadoes were found during this event, the highest single day total for the NWS Paducah forecast area since Halloween 2003 (also 19).",214
1174128,GALLATIN CO.,COTTONWOOD,04/02/2024,422,Tornado, ,EF1,0,0,110000,0,IL,CST-6, ,190639,C,59,PAH,0,0,NWS Storm Survey, ,7.06,100,1,NNE,6,NE,INMAN,04/02/2024,428,37.8893,-88.2139,37.8857,-88.0846,"An EF-1 tornado impacted far northeast Gallatin County, IL during the early morning hours of Tuesday, April 2nd. The tornado began in the Cottonwood community along Noel Road. Here, several large trees were uprooted, one crushing a small brick building. One manufactured home was severely damaged and a nearby outbuilding had a part of its roof removed. Moving eastward the tornado did mainly tree damage as it passed south of the community of New Haven. The tornado crossed the Wabash River into Posey County, IN, just south of the confluence of the Little Wabash and Wabash Rivers. Estimated peak winds for this tornado path as a whole and for Gallatin County were 100 mph.","Early morning, the surface low was located just north of St. Louis, Missouri, lifting to the NNE as it rapidly deepened. For Southern Illinois, early morning effective bulk shear was 60-65 kts, with a very high 20-30 kts of 0-1 km shear, while SRHs near the Ohio River were around 150-200 m2/s2. MLCAPE was 1000 J/kg, and mid-level lapse rates were 6.5 C/km. A 70-90 kt mid-level jet was west of the Quad State. A strong capping inversion suppressed storm activity in the evening, but the strong lift and upper level diffluence won out early morning. Two lines of storms developed after midnight in Southeast Missouri. The first progressed through the I-64 corridor from 0100-0400 CST. The latter was a very potent thunderstorm line racing eastward early morning April 2nd. This line continued throughout the day all the way to West Virginia, being designated a derecho. For Southern Illinois, widespread wind damage occurred with this line, and sections of the line that took a north-south orientation had a much more favorable line-normal component of shear promoting QLCS tornado development. Seven tornadoes originated in Southern Illinois: 2 in Williamson County (EF-2 and EF-1), 1 in Saline County (EF-2), 3 in Gallatin County (all EF-1s), and 1 in White County (EF-2 with the EF-2 damage in Posey County Indiana). Two people suffered laceration injuries due to flying debris with the Saline County tornado. A total of 19 tornadoes were found during this event, the highest single day total for the NWS Paducah forecast area since Halloween 2003 (also 19).",215
1173277,GALLATIN CO.,INMAN,04/02/2024,426,Tornado, ,EF1,0,0,80000,0,IL,CST-6, ,190639,C,59,PAH,0,0,NWS Storm Survey, ,1.96,75,3,S,3,SSE,INMAN,04/02/2024,428,37.7915,-88.1777,37.7892,-88.142,"A brief EF-1 tornado occurred in eastern Gallatin County during the early morning hours of Tuesday, April 2nd. The tornado began about five miles east of Ridgway along Maloney Road. A couple of large farm outbuildings had significant portions of their roofs removed, with debris tossed hundreds of feet. A cattle feed barn was knocked down. One home on Maloney Road suffered shingle damage. After crossing Big Hill Road, the tornado lifted just west of the intersection of Hulda Lake Road and Sand Road. Several trees along the path were uprooted or had large limbs broken. Peak winds were estimated at 95 mph.","Early morning, the surface low was located just north of St. Louis, Missouri, lifting to the NNE as it rapidly deepened. For Southern Illinois, early morning effective bulk shear was 60-65 kts, with a very high 20-30 kts of 0-1 km shear, while SRHs near the Ohio River were around 150-200 m2/s2. MLCAPE was 1000 J/kg, and mid-level lapse rates were 6.5 C/km. A 70-90 kt mid-level jet was west of the Quad State. A strong capping inversion suppressed storm activity in the evening, but the strong lift and upper level diffluence won out early morning. Two lines of storms developed after midnight in Southeast Missouri. The first progressed through the I-64 corridor from 0100-0400 CST. The latter was a very potent thunderstorm line racing eastward early morning April 2nd. This line continued throughout the day all the way to West Virginia, being designated a derecho. For Southern Illinois, widespread wind damage occurred with this line, and sections of the line that took a north-south orientation had a much more favorable line-normal component of shear promoting QLCS tornado development. Seven tornadoes originated in Southern Illinois: 2 in Williamson County (EF-2 and EF-1), 1 in Saline County (EF-2), 3 in Gallatin County (all EF-1s), and 1 in White County (EF-2 with the EF-2 damage in Posey County Indiana). Two people suffered laceration injuries due to flying debris with the Saline County tornado. A total of 19 tornadoes were found during this event, the highest single day total for the NWS Paducah forecast area since Halloween 2003 (also 19).",216
1174137,WHITE CO.,GARNERVILLE,04/02/2024,430,Tornado, ,EF1,0,0,5000,0,IL,CST-6, ,190639,C,193,PAH,0,0,NWS Storm Survey, ,2.67,100,4,SSE,5,ENE,MAUNIE,04/02/2024,433,38.077,-88.014,38.069,-87.966,"An EF-2 (peak of EF-1 in White County) tornado began in far eastern White County during the early morning hours of April 2nd. The path began near IL 1400 with tree damage. The tornado tracked eastward, crossing the Wabash River into Posey County, IN. Estimated peak winds on the White County portion of the path were 90 mph.","Early morning, the surface low was located just north of St. Louis, Missouri, lifting to the NNE as it rapidly deepened. For Southern Illinois, early morning effective bulk shear was 60-65 kts, with a very high 20-30 kts of 0-1 km shear, while SRHs near the Ohio River were around 150-200 m2/s2. MLCAPE was 1000 J/kg, and mid-level lapse rates were 6.5 C/km. A 70-90 kt mid-level jet was west of the Quad State. A strong capping inversion suppressed storm activity in the evening, but the strong lift and upper level diffluence won out early morning. Two lines of storms developed after midnight in Southeast Missouri. The first progressed through the I-64 corridor from 0100-0400 CST. The latter was a very potent thunderstorm line racing eastward early morning April 2nd. This line continued throughout the day all the way to West Virginia, being designated a derecho. For Southern Illinois, widespread wind damage occurred with this line, and sections of the line that took a north-south orientation had a much more favorable line-normal component of shear promoting QLCS tornado development. Seven tornadoes originated in Southern Illinois: 2 in Williamson County (EF-2 and EF-1), 1 in Saline County (EF-2), 3 in Gallatin County (all EF-1s), and 1 in White County (EF-2 with the EF-2 damage in Posey County Indiana). Two people suffered laceration injuries due to flying debris with the Saline County tornado. A total of 19 tornadoes were found during this event, the highest single day total for the NWS Paducah forecast area since Halloween 2003 (also 19).",217
1170492,KANKAKEE CO.,GOODRICH,04/02/2024,1302,Tornado, ,EF0,0,0,0,0,IL,CST-6, ,190427,C,91,LOT,0,0,NWS Storm Survey, ,4.6,50,2,S,2,WNW,LIMESTONE,04/02/2024,1308,41.0841,-88.0599,41.1373,-88.0068,"A tornado touched down northeast of Herscher and tracked northeastward for about 4-5 miles, damaging trees and barns and also tossing a grain silo into a field, before lifting for good west of Limestone.","On the afternoon of the 2nd, a line of thunderstorms produced three weak, short-lived tornadoes over parts of Kankakee County.",218
1170489,KANKAKEE CO.,HILLSIDE MANOR,04/02/2024,1310,Tornado, ,EFU,0,0,0,0,IL,CST-6, ,190427,C,91,LOT,0,0,NWS Storm Survey, ,0.65,10,2,SW,1,SW,HILLSIDE MANOR,04/02/2024,1311,41.0927,-87.9677,41.1012,-87.9625,"Several photos and videos were taken of a narrow, rope-like tornado tracking across fields along Vansiding Road south of Limestone. Eyewitness accounts indicate that this tornado was on the ground for no more than one minute. With no known damage caused by this tornado, it had been assigned the EF-Unknown (EF-U) rating.","On the afternoon of the 2nd, a line of thunderstorms produced three weak, short-lived tornadoes over parts of Kankakee County.",219
1170495,KANKAKEE CO.,WHITAKER,04/02/2024,1330,Tornado, ,EF0,0,0,0,0,IL,CST-6, ,190427,C,91,LOT,0,0,NWS Storm Survey, ,0.52,25,2,W,1,WNW,WHITAKER,04/02/2024,1331,41.2493,-87.7613,41.2542,-87.7536,"A brief tornado touched down near N 6000E Rd and E 9000N Rd east of Manteno. The tornado downed a few power poles as it crossed E 9000N Rd and partially destroyed a poorly constructed metal wastewater treatment building in the same location, depositing debris from the building into the field to the northeast of it. The tornado then lifted as it passed over this field.","On the afternoon of the 2nd, a line of thunderstorms produced three weak, short-lived tornadoes over parts of Kankakee County.",220
1172370,MARION CO.,VERNON,04/07/2024,1621,Tornado, ,EF1,0,0,30000,0,IL,CST-6, ,190667,C,121,LSX,0,0,NWS Storm Survey, ,1.26,25,3,WNW,2,NW,VERNON,04/07/2024,1623,38.812,-89.137,38.822,-89.116,"Around 5:21 pm, a brief tornado touched down just southeast of the intersection of North 600th Street and Davis Road, where it destroyed a farm outbuilding, lofting debris into surrounding trees and powerlines. The tornado continued to the northeast causing minor damage to the roof of a small farm shed on Flat Creek Drive before lifting and dissipating.  The tornado was rated EF-1 with a maximum estimated wind speed of 90 mph. The path length was 1.26 miles with a maximum path width of 25 yards. No deaths or injuries were reported.","On the afternoon of April 7th, convection fired along a cold front stretching along the Mississippi River. There was an isolated threat of severe weather through the evening hours. Portions of Clinton and Marion counties were impacted by this, seeing isolated large hail, damaging winds, and an EF-1 tornado.",221
1173217,GREENE CO.,GREENFIELD,04/18/2024,1551,Tornado, ,EFU,0,0,0,0,IL,CST-6, ,190706,C,61,LSX,0,0,NWS Storm Survey, ,3.68,10,4,N,3,SSE,ATHENSVILLE,04/18/2024,1603,39.387,-90.212,39.41,-90.152,"A tornado track was interpolated between spotter reports and storm chaser videos in Greene County, on Illinois Route 267 just south of intersection with NE 700 Street. The tornado tracked to the northeast, crossing into Macoupin County about three quarters of a mile south of Palmyra Road. The tornado may have lifted and touched down multiple times. During a storm survey no damage indicators were found, thus the tornado is rated EFU with an approximate path length of 3.68 miles in Greene County. Overall, the path length was 4.31 miles.","During the afternoon and evening of April 18, 2024, discrete supercell thunderstorms developed along a cold front moving through the bi-state area. These storms were initially mainly capable of producing large hail and damaging wind gusts, but become tornadic as additional thunderstorms formed along the front. Due to the additional thunderstorms storms congealed into a QLCS that impacted portions of southwestern Illinois. The QLCS was responsible for several tornadoes and instances of straight line wind damage in this part of the area. Fortunately, no injuries or fatalities were reported with these thunderstorms.",222
1173219,MACOUPIN CO.,BARR,04/18/2024,1603,Tornado, ,EFU,0,0,0,0,IL,CST-6, ,190706,C,117,LSX,0,0,NWS Storm Survey, ,0.63,10,3,WNW,2,WNW,BARR,04/18/2024,1604,39.41,-90.152,39.414,-90.141,"After crossing into Macoupin County, the tornado continued to the northeast before dissipating near intersection of Spruce Road and McClelland Road. The tornado may have lifted and touched down multiple times. No damage indicators were found in Macoupin County, thus the tornado was rated EFU with an approximate path length of 0.63 miles. Overall, the path length was 4.31 miles.","During the afternoon and evening of April 18, 2024, discrete supercell thunderstorms developed along a cold front moving through the bi-state area. These storms were initially mainly capable of producing large hail and damaging wind gusts, but become tornadic as additional thunderstorms formed along the front. Due to the additional thunderstorms storms congealed into a QLCS that impacted portions of southwestern Illinois. The QLCS was responsible for several tornadoes and instances of straight line wind damage in this part of the area. Fortunately, no injuries or fatalities were reported with these thunderstorms.",223
1173221,JERSEY CO.,KEMPER,04/18/2024,1636,Tornado, ,EFU,0,0,0,0,IL,CST-6, ,190706,C,83,LSX,0,0,NWS Storm Survey, ,0.02,10,1,WSW,1,WSW,KEMPER,04/18/2024,1637,39.2156,-90.1817,39.2158,-90.1815,"No damage was found but there was a trained spotter report of a brief tornado touchdown approximately nine tenths of a mile west of Kemper, just north of Appletree Road N. The approximate path length is 0.02 miles.","During the afternoon and evening of April 18, 2024, discrete supercell thunderstorms developed along a cold front moving through the bi-state area. These storms were initially mainly capable of producing large hail and damaging wind gusts, but become tornadic as additional thunderstorms formed along the front. Due to the additional thunderstorms storms congealed into a QLCS that impacted portions of southwestern Illinois. The QLCS was responsible for several tornadoes and instances of straight line wind damage in this part of the area. Fortunately, no injuries or fatalities were reported with these thunderstorms.",224
1172681,MACOUPIN CO.,STANDARD CITY,04/18/2024,1652,Tornado, ,EF1,0,0,50000,0,IL,CST-6, ,190706,C,117,LSX,0,0,NWS Storm Survey, ,0.23,75,3,S,3,N,WOMAC,04/18/2024,1653,39.31,-89.791,39.307,-89.788,"A brief, weak tornado touched down 2.7 miles south of Standard City, to the west of Standard City Road. crossing Standard City Road. In this location it caused moderate roof damage to three farm buildings before moving to the south southeast. It crossed Standard City Road and broke several large limbs off of trees before lifting and dissipating. Overall, the tornado was rated EF1 (max wind speed of 95 mph) with a path length of 0.23 miles and a max path width of 75 yards. No deaths or injuries were reported.","During the afternoon and evening of April 18, 2024, discrete supercell thunderstorms developed along a cold front moving through the bi-state area. These storms were initially mainly capable of producing large hail and damaging wind gusts, but become tornadic as additional thunderstorms formed along the front. Due to the additional thunderstorms storms congealed into a QLCS that impacted portions of southwestern Illinois. The QLCS was responsible for several tornadoes and instances of straight line wind damage in this part of the area. Fortunately, no injuries or fatalities were reported with these thunderstorms.",225
1172682,MADISON CO.,STALLINGS,04/18/2024,1652,Tornado, ,EF0,0,0,0,0,IL,CST-6, ,190706,C,119,LSX,0,0,NWS Storm Survey, ,0.91,100,1,SSE,2,SE,STALLINGS,04/18/2024,1653,38.706,-90.06,38.706,-90.044,"A weak tornado touched down just east of Horseshoe Lake and moved along Arlington Road. The damage was confined to tree limbs before lifting and dissipating near Hanson Drive. Overall, the tornado was rated EF0 with a path length of 0.91 miles and a max path width of 100 yards. No deaths or injuries were reported.","During the afternoon and evening of April 18, 2024, discrete supercell thunderstorms developed along a cold front moving through the bi-state area. These storms were initially mainly capable of producing large hail and damaging wind gusts, but become tornadic as additional thunderstorms formed along the front. Due to the additional thunderstorms storms congealed into a QLCS that impacted portions of southwestern Illinois. The QLCS was responsible for several tornadoes and instances of straight line wind damage in this part of the area. Fortunately, no injuries or fatalities were reported with these thunderstorms.",226
1172688,MADISON CO.,MIDWAY,04/18/2024,1657,Tornado, ,EF1,0,0,100000,0,IL,CST-6, ,190706,C,119,LSX,0,0,NWS Storm Survey, ,3.14,75,1,NNW,1,S,PRAIRIETOWN,04/18/2024,1701,38.947,-89.976,38.95,-89.919,"A tornado touched down near Cooper Road, 4.3 miles northeast of Bethalto, damaging the roof on two farm buildings. Then it tracked to the east-northeast crossing Illinois Route 159. In this location, it caused considerable damage to two out buildings as well as trees and fences. It continued to the east northeast for another 2.7 miles before crossing Prairietown Road, causing minor roof damage to a house and major damage to an outbuilding, before lifting and dissipating. Overall, the tornado was rated EF1 (max wind speed of 95 mph) with a path length of 3.14 miles and a max path width of 75 yards. No deaths or injuries were reported.","During the afternoon and evening of April 18, 2024, discrete supercell thunderstorms developed along a cold front moving through the bi-state area. These storms were initially mainly capable of producing large hail and damaging wind gusts, but become tornadic as additional thunderstorms formed along the front. Due to the additional thunderstorms storms congealed into a QLCS that impacted portions of southwestern Illinois. The QLCS was responsible for several tornadoes and instances of straight line wind damage in this part of the area. Fortunately, no injuries or fatalities were reported with these thunderstorms.",227
1172694,ST. CLAIR CO.,PARKFIELD TERRACE,04/18/2024,1658,Tornado, ,EF0,0,0,10000,0,IL,CST-6, ,190706,C,163,LSX,0,0,NWS Storm Survey, ,1.09,35,0,NE,1,ENE,STOLLE,04/18/2024,1659,38.552,-90.177,38.554,-90.157,"A tornado touched down near Reiber Drive on The Prairies Golf Club, snapping off or uprooting several large trees there and in a nearby subdivision. One of the uprooted trees landed on a house causing moderate roof damage. The tornado tracked to the east crossing Camp Jackson Road and I-255. Some more tree damage occurred on Lynn Street, just east of I-255, before lifting and dissipating. Overall, the tornado was rated EF0 (max wind speed of 76 mph) with a path length of 1.09 miles and a max path width of 35 yards. No deaths or injuries were reported.","During the afternoon and evening of April 18, 2024, discrete supercell thunderstorms developed along a cold front moving through the bi-state area. These storms were initially mainly capable of producing large hail and damaging wind gusts, but become tornadic as additional thunderstorms formed along the front. Due to the additional thunderstorms storms congealed into a QLCS that impacted portions of southwestern Illinois. The QLCS was responsible for several tornadoes and instances of straight line wind damage in this part of the area. Fortunately, no injuries or fatalities were reported with these thunderstorms.",228
1172691,MADISON CO.,TROY,04/18/2024,1709,Tornado, ,EF0,0,0,5000,0,IL,CST-6, ,190706,C,119,LSX,0,0,NWS Storm Survey, ,0.33,75,3,NE,3,NE,TROY,04/18/2024,1710,38.752,-89.831,38.754,-89.826,"A tornado touched down along Lower Marine Road, around 3 miles northeast of Troy. It snapped off numerous tree limbs and uprooted several large trees as it tracked northeast along Lower Marine Road. One residence sustained minor roof damage. The tornado lifted and dissipated just west of Silver Creek. Overall, the was rated EF0 (max wind speed of 80 mph) with a path length of 0.33 miles and a max path width of 75 yards. No deaths or injuries were reported.","During the afternoon and evening of April 18, 2024, discrete supercell thunderstorms developed along a cold front moving through the bi-state area. These storms were initially mainly capable of producing large hail and damaging wind gusts, but become tornadic as additional thunderstorms formed along the front. Due to the additional thunderstorms storms congealed into a QLCS that impacted portions of southwestern Illinois. The QLCS was responsible for several tornadoes and instances of straight line wind damage in this part of the area. Fortunately, no injuries or fatalities were reported with these thunderstorms.",229
1172693,MADISON CO.,MARINE,04/18/2024,1713,Tornado, ,EF0,0,0,10000,0,IL,CST-6, ,190706,C,119,LSX,0,0,NWS Storm Survey, ,4.37,100,2,NW,3,ENE,MARINE,04/18/2024,1716,38.798,-89.808,38.804,-89.728,"A tornado touched down on Loos Road, about 1.7 miles northwest of Marine. In this location it blew down several tree limbs, metal canopy off a roof and blew shed doors down. It then tracked to the east northeast crossing Illinois Route 4, then crossed Pocahontas Road. It snapped off a large pine tree before lifting and dissipating on Brothers Lane just west of Buffalo Road. Overall, the was rated EF0 (max wind speed of 74 mph) with a path length of 4.37 miles and a max path width of 100 yards. No deaths or injuries were reported.","During the afternoon and evening of April 18, 2024, discrete supercell thunderstorms developed along a cold front moving through the bi-state area. These storms were initially mainly capable of producing large hail and damaging wind gusts, but become tornadic as additional thunderstorms formed along the front. Due to the additional thunderstorms storms congealed into a QLCS that impacted portions of southwestern Illinois. The QLCS was responsible for several tornadoes and instances of straight line wind damage in this part of the area. Fortunately, no injuries or fatalities were reported with these thunderstorms.",230
1166919,LOGAN CO.,NARITA,04/18/2024,1818,Tornado, ,EF1,0,1,0,0,IL,CST-6, ,189853,C,107,ILX,0,0,NWS Storm Survey, ,3.77,200,1,SSE,1,E,LATHAM,04/18/2024,1823,39.96,-89.22,39.97,-89.15,"The tornado touched down about three mile west-southwest of Latham where it snapped off around 10 trees. The tornado was eventually sighted by a spotter about a half mile southwest of Latham, damaging some trees by a home and scouring the ground in the field as it headed toward Latham. The damage in Latham was mainly to trees, with one business having its roof blown off. The tornado dissipated on the east side of Latham at Highway 121. A semi truck was overturned on Route 121, resulting in minor injuries to the driver.","A slow moving frontal system aided the development of supercell thunderstorms by mid-afternoon, which eventually grew upscale into a line segment as they progressed across central and southeastern Illinois during the evening. A total of four tornadoes occurred across Logan and Macon counties in central Illinois. One injury occurred in Logan County when a semi-truck was blown over by one of the tornadoes. In addition to the tornadoes, scattered wind damage also occurred.",231
1166921,LOGAN CO.,LATHAM,04/18/2024,1823,Tornado, ,EF1,0,0,0,0,IL,CST-6, ,189853,C,107,ILX,0,0,NWS Storm Survey, ,0.89,300,1,SSE,2,SE,LATHAM,04/18/2024,1824,39.95,-89.16,39.947,-89.1437,"The tornado touched down just east of the intersection of 2300th Avenue and 200th Street, about 1.5 miles south-southeast of Latham in Logan County, where it produced damage to the roof of an outbuilding. The tornado continued east, crossing into Macon County at the intersection of 2400th Avenue and Heman Street, about two miles southeast of Latham. The tornado eventually dissipated 0.9 miles west of Heman. Softwood and hardwood trees were uprooted along 2400th Avenue, which is the county line between Logan and Macon counties.","A slow moving frontal system aided the development of supercell thunderstorms by mid-afternoon, which eventually grew upscale into a line segment as they progressed across central and southeastern Illinois during the evening. A total of four tornadoes occurred across Logan and Macon counties in central Illinois. One injury occurred in Logan County when a semi-truck was blown over by one of the tornadoes. In addition to the tornadoes, scattered wind damage also occurred.",232
1166922,MACON CO.,HEMAN,04/18/2024,1824,Tornado, ,EF1,0,0,0,0,IL,CST-6, ,189853,C,115,ILX,0,0,NWS Storm Survey, ,1.26,300,2,SSW,2,SSE,HEMAN,04/18/2024,1825,39.947,-89.1437,39.947,-89.12,"The tornado began in Logan County, about 1.5 miles south-southeast of Latham. It progressed east into Macon County, entering the county at the intersection of 2400th Avenue and Heman Street, about 1.75 miles south-southwest of Heman. The tornado uprooted softwood and hardwood trees along 2400th Avenue, which is the county line between Logan and Macon counties. As the tornado progressed east along Heman Street it produced extensive damage to several outbuildings, including knocking down several walls and throwing debris for a mile downstream. The tornado snapped some trees and damaged an outbuilding on 500E Road before dissipating a few hundred yards east of there.","A slow moving frontal system aided the development of supercell thunderstorms by mid-afternoon, which eventually grew upscale into a line segment as they progressed across central and southeastern Illinois during the evening. A total of four tornadoes occurred across Logan and Macon counties in central Illinois. One injury occurred in Logan County when a semi-truck was blown over by one of the tornadoes. In addition to the tornadoes, scattered wind damage also occurred.",233
1166923,MACON CO.,WARRENSBURG,04/18/2024,1827,Tornado, ,EF1,0,0,0,0,IL,CST-6, ,189853,C,115,ILX,0,0,NWS Storm Survey, ,3.71,200,1,W,3,E,WARRENSBURG,04/18/2024,1832,39.93,-89.09,39.93,-89.02,"The tornado began about one mile west of Warrensburg along North Kenney Road. It was photographed by the fire chief from Warrensburg as it approached town. The tornado produced roof damage to several homes and damaged numerous trees in Warrensburg. It then traveled along west Illiniwick Road, snapping a couple of large trees before dissipating about a half mile east of north Wyckles Road, which was about 2.5 miles east of Warrensburg.","A slow moving frontal system aided the development of supercell thunderstorms by mid-afternoon, which eventually grew upscale into a line segment as they progressed across central and southeastern Illinois during the evening. A total of four tornadoes occurred across Logan and Macon counties in central Illinois. One injury occurred in Logan County when a semi-truck was blown over by one of the tornadoes. In addition to the tornadoes, scattered wind damage also occurred.",234
1166924,MACON CO.,EMERY,04/18/2024,1837,Tornado, ,EF1,0,0,0,0,IL,CST-6, ,189853,C,115,ILX,0,0,NWS Storm Survey, ,7.19,500,2,SW,1,WNW,ARGENTA,04/18/2024,1845,39.96,-88.97,39.99,-88.84,"The tornado began two miles north of Forsyth along east Wise Road, damaging numerous trees around a residence. It progressed eastward, damaging grain bins and six power poles just east of Highway 51 along and north of Wise Road. The tornado continued east along east Wise Road and east Emery Road as it progressed towards Argenta. A semi-truck was blown over on Emery Road near Route 51. Debris was strewn all along the path into the adjacent fields. The tornado eventually dissipated about one mile west of Argenta.","A slow moving frontal system aided the development of supercell thunderstorms by mid-afternoon, which eventually grew upscale into a line segment as they progressed across central and southeastern Illinois during the evening. A total of four tornadoes occurred across Logan and Macon counties in central Illinois. One injury occurred in Logan County when a semi-truck was blown over by one of the tornadoes. In addition to the tornadoes, scattered wind damage also occurred.",235
1178612,BOONE CO.,BLAINE,05/07/2024,1305,Tornado, ,EF0,0,0,0,0,IL,CST-6, ,190146,C,7,LOT,0,0,NWS Storm Survey, ,5.3,50,1,SSW,5,ENE,BLAINE,05/07/2024,1313,42.4401,-88.8039,42.467,-88.707,"A weak tornado touched down just west of Beaverton Road, about halfway between Hunter Road and Blaine Road.  The tornado moved northeast producing sporadic tree damage in Boone County and crossed into McHenry County just north of Engelhardt Road.","Scattered thunderstorms moved across parts of northern Illinois during the afternoon of May 7th producing large hail, localized flooding and one tornado.  Additional scattered thunderstorms developed during the evening of May 7th producing locally severe winds.",236
1178613,MCHENRY CO.,CHEMUNG,05/07/2024,1313,Tornado, ,EF0,0,0,0,0,IL,CST-6, ,190146,C,111,LOT,0,0,NWS Storm Survey, ,3.8,50,4,NNW,2,W,BIG FOOT,05/07/2024,1318,42.467,-88.707,42.4949,-88.643,"A tornado that touched down in Boone County crossed into McHenry County just north of Perkins Road.  The tornado produced scattered tree damage along its path.  A barn collaspsed along Weidner Road. Several sheep were inside the barn when the tornado struck and two of the sheep were killed.  It is at this location where the tornado was likely at peak intensity with estimated wind speeds of 85 mph.  The tornado continued moving northeast and crossed into Walworth County in southern Wisconsin west of Lilja Road where a silo and barn were damaged.","Scattered thunderstorms moved across parts of northern Illinois during the afternoon of May 7th producing large hail, localized flooding and one tornado.  Additional scattered thunderstorms developed during the evening of May 7th producing locally severe winds.",237
1182948,JACKSON CO.,CORA,05/08/2024,1101,Tornado, ,EF1,0,1,75000,0,IL,CST-6, ,191473,C,77,PAH,0,0,NWS Storm Survey, ,1.26,100,1,S,0,N,CORA,05/08/2024,1103,37.8067,-89.6716,37.8249,-89.6705,"An EF-1 tornado impacted the the community of Cora in extreme western Jackson County, IL. The tornado began south of Cora where it uprooted a tree in the Mississippi River bottomlands and did roof damage to a nearby barn. Moving north, the tornado did significant tree damage in Cora and did roof, siding, and fascia damage to a few homes. A couple small barns and a carport were destroyed as well. One manufactured home slid about a foot off its foundation. One person caught outside by the tornado was injured by a falling tree limb. The tornado ended immediately north of Cora. Peak winds with this tornado were estimated at 108 mph.","A major outbreak of severe weather occurred on the 8th for the Quad State region. On the synoptic scale, a longwave trough was centered across the Rockies with deep-layer southwesterly flow from the Southern Plains to the Ohio Valley. A 110 kt upper jet extended from northern KS to IA while a 60 kt mid-level jet was positioned across northern MZ into IA. Surface low pressure near the MZ/KS border lifted to St. Louis around 12am CST on the 9th. A warm frontal boundary stretched across the Quad State, with a cold front extending southward from the surface low. ||The environment became unstable by early afternoon, especially in far Southern Illinois, with MLCAPE of 2000-3000 J/kg. Deep-layer shear was on the order of 55-65 kts, though low-level shear was 15 kts, increasing to 20 kts later in the day. SRH was around 100-150 m2/s2 with higher values north towards St. Louis. STP values were 2-4 due to deep-layer shear and instability. Supercell activity was more prominent during the afternoon in Southern Illinois with lapse rates of 6.5-7 C/km aiding with hail production.||For Southern Illinois, storms moved through with the cold front late evening on the 7th through the overnight hours with tree and power line damage in Joppa. The front reversed and lifted north during the morning, with storms entering Southwest Illinois late morning. A brief EF-1 tornado in Cora damaged trees and a few homes while injuring one person due to a falling tree limb. The afternoon brought a significant ramping up of supercell development and the arrival of a line of storms from the west. An EF-0 tornado crossed from Jackson County into Williamson County. An EF-0 tornado went through central subdivisions of the Lake of Egypt community, while an EF-1 tornado progressed eastward in Saline County with a broader area of straight-line wind damage around it. An initial evening round of storms swept through the northern half of Southern Illinois with wind damage most prominent in northern Wayne County with a swath of 75 to 85 mph straight-line wind damage and an embedded downburst.||Training heavy rainfall during the afternoon produced flash flooding from Jackson County eastward with rainfall totals commonly in the 2.5-4 inch range for northern Jackson, Williamson, Saline, Gallatin, and northern Union County. Hardest hit by flooding were Eldorado and Harrisburg in Saline County which received 1.5-2 inches within an hour. In Eldorado, Ferrell Hospital had floodwaters intrude on 55,000 sq ft of hospital space, necessitating transfer of patients. The high school had water in the entrance areas, and numerous roads flooded. Harrisburg avoided some of the higher end impacts of Eldorado but had many roads flooded for much of the afternoon and evening.",238
1182949,JACKSON CO.,BOSKYDELL,05/08/2024,1410,Tornado, ,EF0,0,0,2000,0,IL,CST-6, ,191473,C,77,PAH,0,0,NWS Storm Survey, ,1.15,75,3,E,4,E,BOSKYDELL,05/08/2024,1415,37.6647,-89.1739,37.666,-89.153,"An EF-1 tornado (max of EF-0 in Jackson County) began southeast of Carbondale at Giant City Rd. Several large tree limbs were downed on Wagon Wheel Road and County Line Rd as the tornado crossed into Williamson County. Peak winds for the Jackson County portion of this tornado were estimated at 80 mph.","A major outbreak of severe weather occurred on the 8th for the Quad State region. On the synoptic scale, a longwave trough was centered across the Rockies with deep-layer southwesterly flow from the Southern Plains to the Ohio Valley. A 110 kt upper jet extended from northern KS to IA while a 60 kt mid-level jet was positioned across northern MZ into IA. Surface low pressure near the MZ/KS border lifted to St. Louis around 12am CST on the 9th. A warm frontal boundary stretched across the Quad State, with a cold front extending southward from the surface low. ||The environment became unstable by early afternoon, especially in far Southern Illinois, with MLCAPE of 2000-3000 J/kg. Deep-layer shear was on the order of 55-65 kts, though low-level shear was 15 kts, increasing to 20 kts later in the day. SRH was around 100-150 m2/s2 with higher values north towards St. Louis. STP values were 2-4 due to deep-layer shear and instability. Supercell activity was more prominent during the afternoon in Southern Illinois with lapse rates of 6.5-7 C/km aiding with hail production.||For Southern Illinois, storms moved through with the cold front late evening on the 7th through the overnight hours with tree and power line damage in Joppa. The front reversed and lifted north during the morning, with storms entering Southwest Illinois late morning. A brief EF-1 tornado in Cora damaged trees and a few homes while injuring one person due to a falling tree limb. The afternoon brought a significant ramping up of supercell development and the arrival of a line of storms from the west. An EF-0 tornado crossed from Jackson County into Williamson County. An EF-0 tornado went through central subdivisions of the Lake of Egypt community, while an EF-1 tornado progressed eastward in Saline County with a broader area of straight-line wind damage around it. An initial evening round of storms swept through the northern half of Southern Illinois with wind damage most prominent in northern Wayne County with a swath of 75 to 85 mph straight-line wind damage and an embedded downburst.||Training heavy rainfall during the afternoon produced flash flooding from Jackson County eastward with rainfall totals commonly in the 2.5-4 inch range for northern Jackson, Williamson, Saline, Gallatin, and northern Union County. Hardest hit by flooding were Eldorado and Harrisburg in Saline County which received 1.5-2 inches within an hour. In Eldorado, Ferrell Hospital had floodwaters intrude on 55,000 sq ft of hospital space, necessitating transfer of patients. The high school had water in the entrance areas, and numerous roads flooded. Harrisburg avoided some of the higher end impacts of Eldorado but had many roads flooded for much of the afternoon and evening.",239
1182954,WILLIAMSON CO.,WOLF CREEK,05/08/2024,1415,Tornado, ,EF1,0,0,10000,0,IL,CST-6, ,191473,C,199,PAH,0,0,NWS Storm Survey, ,3.41,75,6,WNW,4,NNW,WOLF CREEK,05/08/2024,1426,37.666,-89.153,37.6688,-89.0907,"An EF-1 tornado entered into Williamson County from Jackson County at S. County Line Rd. Damage was primarily to tree limbs along a path continuing eastward. A large tree was uprooted on Skyhawk Road. Moving east, a barn suffered roof damage on New Hope Road. The tornado lifted after crossing Spillway Road on the southwest side of Crab Orchard National Wildlife Refuge. Video of this tornado was shared on social media. Peak winds for the Williamson County portion of this tornado, and for the tornado as a whole, were estimated at 90 mph.","A major outbreak of severe weather occurred on the 8th for the Quad State region. On the synoptic scale, a longwave trough was centered across the Rockies with deep-layer southwesterly flow from the Southern Plains to the Ohio Valley. A 110 kt upper jet extended from northern KS to IA while a 60 kt mid-level jet was positioned across northern MZ into IA. Surface low pressure near the MZ/KS border lifted to St. Louis around 12am CST on the 9th. A warm frontal boundary stretched across the Quad State, with a cold front extending southward from the surface low. ||The environment became unstable by early afternoon, especially in far Southern Illinois, with MLCAPE of 2000-3000 J/kg. Deep-layer shear was on the order of 55-65 kts, though low-level shear was 15 kts, increasing to 20 kts later in the day. SRH was around 100-150 m2/s2 with higher values north towards St. Louis. STP values were 2-4 due to deep-layer shear and instability. Supercell activity was more prominent during the afternoon in Southern Illinois with lapse rates of 6.5-7 C/km aiding with hail production.||For Southern Illinois, storms moved through with the cold front late evening on the 7th through the overnight hours with tree and power line damage in Joppa. The front reversed and lifted north during the morning, with storms entering Southwest Illinois late morning. A brief EF-1 tornado in Cora damaged trees and a few homes while injuring one person due to a falling tree limb. The afternoon brought a significant ramping up of supercell development and the arrival of a line of storms from the west. An EF-0 tornado crossed from Jackson County into Williamson County. An EF-0 tornado went through central subdivisions of the Lake of Egypt community, while an EF-1 tornado progressed eastward in Saline County with a broader area of straight-line wind damage around it. An initial evening round of storms swept through the northern half of Southern Illinois with wind damage most prominent in northern Wayne County with a swath of 75 to 85 mph straight-line wind damage and an embedded downburst.||Training heavy rainfall during the afternoon produced flash flooding from Jackson County eastward with rainfall totals commonly in the 2.5-4 inch range for northern Jackson, Williamson, Saline, Gallatin, and northern Union County. Hardest hit by flooding were Eldorado and Harrisburg in Saline County which received 1.5-2 inches within an hour. In Eldorado, Ferrell Hospital had floodwaters intrude on 55,000 sq ft of hospital space, necessitating transfer of patients. The high school had water in the entrance areas, and numerous roads flooded. Harrisburg avoided some of the higher end impacts of Eldorado but had many roads flooded for much of the afternoon and evening.",240
1182976,WILLIAMSON CO.,NEILSON,05/08/2024,1504,Tornado, ,EF0,0,0,10000,0,IL,CST-6, ,191473,C,199,PAH,0,0,NWS Storm Survey, ,6.57,25,1,SSE,1,SW,CREAL SPGS,05/08/2024,1511,37.6031,-88.959,37.6125,-88.8395,"An EF-0 tornado did intermittent damage from the central subdivisions of the Lake of Egypt community to just south of Creal Springs in Williamson County, IL. The great majority of the damage was from downed tree limbs. A couple trees in waterlogged soil were also uprooted. Peak winds from this tornado were estimated at 80 mph.","A major outbreak of severe weather occurred on the 8th for the Quad State region. On the synoptic scale, a longwave trough was centered across the Rockies with deep-layer southwesterly flow from the Southern Plains to the Ohio Valley. A 110 kt upper jet extended from northern KS to IA while a 60 kt mid-level jet was positioned across northern MZ into IA. Surface low pressure near the MZ/KS border lifted to St. Louis around 12am CST on the 9th. A warm frontal boundary stretched across the Quad State, with a cold front extending southward from the surface low. ||The environment became unstable by early afternoon, especially in far Southern Illinois, with MLCAPE of 2000-3000 J/kg. Deep-layer shear was on the order of 55-65 kts, though low-level shear was 15 kts, increasing to 20 kts later in the day. SRH was around 100-150 m2/s2 with higher values north towards St. Louis. STP values were 2-4 due to deep-layer shear and instability. Supercell activity was more prominent during the afternoon in Southern Illinois with lapse rates of 6.5-7 C/km aiding with hail production.||For Southern Illinois, storms moved through with the cold front late evening on the 7th through the overnight hours with tree and power line damage in Joppa. The front reversed and lifted north during the morning, with storms entering Southwest Illinois late morning. A brief EF-1 tornado in Cora damaged trees and a few homes while injuring one person due to a falling tree limb. The afternoon brought a significant ramping up of supercell development and the arrival of a line of storms from the west. An EF-0 tornado crossed from Jackson County into Williamson County. An EF-0 tornado went through central subdivisions of the Lake of Egypt community, while an EF-1 tornado progressed eastward in Saline County with a broader area of straight-line wind damage around it. An initial evening round of storms swept through the northern half of Southern Illinois with wind damage most prominent in northern Wayne County with a swath of 75 to 85 mph straight-line wind damage and an embedded downburst.||Training heavy rainfall during the afternoon produced flash flooding from Jackson County eastward with rainfall totals commonly in the 2.5-4 inch range for northern Jackson, Williamson, Saline, Gallatin, and northern Union County. Hardest hit by flooding were Eldorado and Harrisburg in Saline County which received 1.5-2 inches within an hour. In Eldorado, Ferrell Hospital had floodwaters intrude on 55,000 sq ft of hospital space, necessitating transfer of patients. The high school had water in the entrance areas, and numerous roads flooded. Harrisburg avoided some of the higher end impacts of Eldorado but had many roads flooded for much of the afternoon and evening.",241
1183191,SALINE CO.,LEDFORD,05/08/2024,1511,Tornado, ,EF1,0,0,80000,0,IL,CST-6, ,191473,C,165,PAH,0,0,NWS Storm Survey, ,7.74,150,2,SSW,0,N,SOMERSET,05/08/2024,1526,37.677,-88.5875,37.6565,-88.4484,"An EF-1 tornado formed southeast of Carrier Mills with tree damage north of Walnut Grove Rd. The tornado tracked east-southeastward. Several dozen trees were snapped or uprooted along with many large branches broken along the path. A few homes and barns with minor roof damage. One home was slightly shifted off its foundation on Walnut Grove Rd. The heaviest concentration of tree damage was on Willow Grove Rd. Damage became more sparse as the tornado crossed fields east of Hwy 145, with tree damage visible on the South Fork Saline River. Additional tree damage occurred in Somerset, with the tornado lifting at Shawnee Rd. Peak winds with this tornado were estimated at 95 mph. Many locations experienced straight-line wind damage north and south of the track from inflow regions of the supercell.","A major outbreak of severe weather occurred on the 8th for the Quad State region. On the synoptic scale, a longwave trough was centered across the Rockies with deep-layer southwesterly flow from the Southern Plains to the Ohio Valley. A 110 kt upper jet extended from northern KS to IA while a 60 kt mid-level jet was positioned across northern MZ into IA. Surface low pressure near the MZ/KS border lifted to St. Louis around 12am CST on the 9th. A warm frontal boundary stretched across the Quad State, with a cold front extending southward from the surface low. ||The environment became unstable by early afternoon, especially in far Southern Illinois, with MLCAPE of 2000-3000 J/kg. Deep-layer shear was on the order of 55-65 kts, though low-level shear was 15 kts, increasing to 20 kts later in the day. SRH was around 100-150 m2/s2 with higher values north towards St. Louis. STP values were 2-4 due to deep-layer shear and instability. Supercell activity was more prominent during the afternoon in Southern Illinois with lapse rates of 6.5-7 C/km aiding with hail production.||For Southern Illinois, storms moved through with the cold front late evening on the 7th through the overnight hours with tree and power line damage in Joppa. The front reversed and lifted north during the morning, with storms entering Southwest Illinois late morning. A brief EF-1 tornado in Cora damaged trees and a few homes while injuring one person due to a falling tree limb. The afternoon brought a significant ramping up of supercell development and the arrival of a line of storms from the west. An EF-0 tornado crossed from Jackson County into Williamson County. An EF-0 tornado went through central subdivisions of the Lake of Egypt community, while an EF-1 tornado progressed eastward in Saline County with a broader area of straight-line wind damage around it. An initial evening round of storms swept through the northern half of Southern Illinois with wind damage most prominent in northern Wayne County with a swath of 75 to 85 mph straight-line wind damage and an embedded downburst.||Training heavy rainfall during the afternoon produced flash flooding from Jackson County eastward with rainfall totals commonly in the 2.5-4 inch range for northern Jackson, Williamson, Saline, Gallatin, and northern Union County. Hardest hit by flooding were Eldorado and Harrisburg in Saline County which received 1.5-2 inches within an hour. In Eldorado, Ferrell Hospital had floodwaters intrude on 55,000 sq ft of hospital space, necessitating transfer of patients. The high school had water in the entrance areas, and numerous roads flooded. Harrisburg avoided some of the higher end impacts of Eldorado but had many roads flooded for much of the afternoon and evening.",242
1170548,MCDONOUGH CO.,ADAIR,05/19/2024,1735,Tornado, ,EFU,0,0,0,0,IL,CST-6, ,190438,C,109,DVN,0,0,Public, ,0.63,20,2,NE,2,NE,ADAIR,05/19/2024,1740,40.44,-90.48,40.44,-90.47,"Pictures and video from social media indicated a brief landspout tornado in open fields. No damage has been reported. Times and location estimated.","An isolated storm produced a weak tornado in east of Macomb Illinois, before a more widespread line of storms moved east through Iowa into Illinois in the overnight hours. The line of storms brought reports of large hail and damaging wind to portions of the area.",243
1177452,ROCK ISLAND CO.,TAYLOR RIDGE,05/24/2024,652,Tornado, ,EF1,0,0,0,0,IL,CST-6, ,191243,C,161,DVN,0,0,NWS Storm Survey, ,11.75,50,1,ENE,2,ENE,COAL VLY,05/24/2024,706,41.39,-90.65,41.437,-90.432,"A tornado developed southwest of Coyne Center, IL, in Rock Island County and followed an intermittent path around 20 miles at a speed of around 50 mph. Fire and ambulance personnel last spotted the tornado near Green River, IL in Henry County. The most significant damage, to a large outbuilding and trees, occurred in Coyne Center. Maximum winds were estimated around 110 mph and the tornado was rated EF-1. No injuries were reported. The tornado crossed into Henry County, Illinois at 7:06 am,  1.5 miles east northeast of Coal Valley Illinois.   Thanks to emergency management for assistance in completing the survey.","A long-lasting complex of severe thunderstorms, known as a derecho, tracked from central Nebraska through northwest Illinois during the late night hours May 23rd, to the morning of May 24th. This resulted in frequent wind damage reports and embedded tornadoes. There were 16 tornadoes confirmed in the NWS Quad Cities warning area. The four strongest tornadoes all had maximum winds near 110 mph (EF1), and those were the Delta, IA; Wellman to Frytown, IA; Bennett to Lowden, IA; and Coyne Center, IL tornadoes. This was the most tornadoes in a single event for the NWS Quad Cities warning area since the March 31, 2023 outbreak.",244
1211600,HENRY CO.,SUNNY HILL,05/24/2024,706,Tornado, ,EFU,0,0,0,0,IL,CST-6, ,191243,C,73,DVN,0,0,NWS Storm Survey, ,8.41,50,3,N,2,E,DAYTON,05/24/2024,716,41.437,-90.432,41.48,-90.28,"A tornado developed southwest of Coyne Center, IL, in Rock Island County and followed an intermittent path around 20 miles at a speed of around 50 mph. Fire and ambulance personnel last spotted the tornado near Green River, IL in Henry County. The tornado crossed into Henry County, Illinois at 7:06 am,  1.5 miles east northeast of Coal Valley Illinois.  Within Henry County, this tornado is rated EF-U, as no damage was found.  In Rock Island County, the tornado damaged a large outbuilding and trees near Coyne Center. Maximum winds were estimated around 110 mph and the tornado was rated EF-1. No injuries were reported. Thanks to emergency management for assistance in completing the survey.","A long-lasting complex of severe thunderstorms, known as a derecho, tracked from central Nebraska through northwest Illinois during the late night hours May 23rd, to the morning of May 24th. This resulted in frequent wind damage reports and embedded tornadoes. There were 16 tornadoes confirmed in the NWS Quad Cities warning area. The four strongest tornadoes all had maximum winds near 110 mph (EF1), and those were the Delta, IA; Wellman to Frytown, IA; Bennett to Lowden, IA; and Coyne Center, IL tornadoes. This was the most tornadoes in a single event for the NWS Quad Cities warning area since the March 31, 2023 outbreak.",245
1177438,HENRY CO.,HOOPPOLE,05/24/2024,750,Tornado, ,EFU,0,0,0,0,IL,CST-6, ,191243,C,73,DVN,0,0,Public, ,0.32,10,2,SSW,2,S,HOOPPOLE,05/24/2024,751,41.5461,-89.9302,41.548,-89.9255,"A video from the public showed a tornado crossing Route 78, northwest of Hooppole, IL. There was no damage reported. The tornado is rated EF-unknown.","A long-lasting complex of severe thunderstorms, known as a derecho, tracked from central Nebraska through northwest Illinois during the late night hours May 23rd, to the morning of May 24th. This resulted in frequent wind damage reports and embedded tornadoes. There were 16 tornadoes confirmed in the NWS Quad Cities warning area. The four strongest tornadoes all had maximum winds near 110 mph (EF1), and those were the Delta, IA; Wellman to Frytown, IA; Bennett to Lowden, IA; and Coyne Center, IL tornadoes. This was the most tornadoes in a single event for the NWS Quad Cities warning area since the March 31, 2023 outbreak.",246
1177425,WHITESIDE CO.,DEER GROVE,05/24/2024,812,Tornado, ,EFU,0,0,0,0,IL,CST-6, ,191243,C,195,DVN,0,0,Public, ,1,10,1,NNE,2,NE,DEER GROVE,05/24/2024,813,41.6334,-89.693,41.6414,-89.6782,"Public picture of a tornado near Deer Valley golf course, north of Deer Grove, IL in Whiteside County. There was no damage to assign a rating and the tornado is classified as an EF-Unknown.","A long-lasting complex of severe thunderstorms, known as a derecho, tracked from central Nebraska through northwest Illinois during the late night hours May 23rd, to the morning of May 24th. This resulted in frequent wind damage reports and embedded tornadoes. There were 16 tornadoes confirmed in the NWS Quad Cities warning area. The four strongest tornadoes all had maximum winds near 110 mph (EF1), and those were the Delta, IA; Wellman to Frytown, IA; Bennett to Lowden, IA; and Coyne Center, IL tornadoes. This was the most tornadoes in a single event for the NWS Quad Cities warning area since the March 31, 2023 outbreak.",247
1177427,BUREAU CO.,OHIO,05/24/2024,831,Tornado, ,EFU,0,0,0,0,IL,CST-6, ,191243,C,11,DVN,0,0,Public, ,0.53,10,0,W,0,NNW,OHIO,05/24/2024,832,41.5499,-89.4794,41.5512,-89.4707,"Public video of a brief tornado. No known damage, therefore rated an EF-Unknown.","A long-lasting complex of severe thunderstorms, known as a derecho, tracked from central Nebraska through northwest Illinois during the late night hours May 23rd, to the morning of May 24th. This resulted in frequent wind damage reports and embedded tornadoes. There were 16 tornadoes confirmed in the NWS Quad Cities warning area. The four strongest tornadoes all had maximum winds near 110 mph (EF1), and those were the Delta, IA; Wellman to Frytown, IA; Bennett to Lowden, IA; and Coyne Center, IL tornadoes. This was the most tornadoes in a single event for the NWS Quad Cities warning area since the March 31, 2023 outbreak.",248
1181711,MONROE CO.,BIXBY,05/26/2024,1657,Tornado, ,EF0,0,0,10000,0,IL,CST-6, ,190917,C,133,LSX,0,0,NWS Storm Survey, ,3.47,25,2,WSW,1,NE,COLUMBIA GEBHARDT AR,05/26/2024,1702,38.4642,-90.2811,38.4585,-90.2177,"The tornado crossed from St. Louis County into Monroe County (Illinois) about 3.5 miles west of Columbia. As it tracked to the east it snapped off several tree limbs and caused a small farm shed to collapse after the walls were blown out along DD Road, just west of intersection with Westgate Drive. Then as it moved into the northern portions of Columbia, it uprooted a large tree before lifting and dissipating. In Monroe County, the tornado was rated EF0 with a path length of 3.47 miles and a max path width of 25 yards. Overall, the tornado was rated EF1 with a path length of 8.81 miles and a max path width of 172 yards. No deaths or injuries were reported.","During the afternoon and early evening of May 26, 2024, ten tornadoes touched down in the St. Louis metropolitan area and southwest Illinois from a mix of supercells and QLCS modes. This occurred alongside numerous reports of large hail of up to 2.5 inches in diameter and damaging winds of up to 81 mph. Thankfully, there were no reported injuries or fatalities with these thunderstorms.",249
1181713,ST. CLAIR CO.,SUMMERFIELD,05/26/2024,1734,Tornado, ,EF0,0,0,500,0,IL,CST-6, ,190917,C,163,LSX,0,0,NWS Storm Survey, ,2.94,285,3,S,5,SSE,SUMMERFIELD,05/26/2024,1737,38.551,-89.752,38.53,-89.7051,"A tornado touched down 3 miles northwest of New Baden on Summerfield South Road, about a third of a mile north of I-64. In this location there was minor shingle damage to an outbuilding roof and a large tree limb was snapped off. The tornado tracked to the southeast and crossed into Clinton County, about a third of a mile south of the Illinois Route 161. The tornado was rated EF0 in Clinton County with a path length of 2.94 miles and a max path width of 285 yards.","During the afternoon and early evening of May 26, 2024, ten tornadoes touched down in the St. Louis metropolitan area and southwest Illinois from a mix of supercells and QLCS modes. This occurred alongside numerous reports of large hail of up to 2.5 inches in diameter and damaging winds of up to 81 mph. Thankfully, there were no reported injuries or fatalities with these thunderstorms.",250
1181719,CLINTON CO.,NEW BADEN,05/26/2024,1737,Tornado, ,EF0,0,0,25000,0,IL,CST-6, ,190917,C,27,LSX,0,0,NWS Storm Survey, ,7.56,500,0,W,3,SE,DAMIANSVILLE,05/26/2024,1744,38.53,-89.7051,38.4951,-89.5733,"After crossing into Clinton County, the tornado tracked through the far southern portions of New Baden. On Illinois Route 160 on the southeast side of New Baden half the roof of a business was ripped off. Also, a small shed had minor shingle damage. As the tornado tracked through Damiansville it broke off numerous large tree limbs around town. It continued to track to the southeast. After crossing Boot Hill Road it snapped off a few more large tree limbs before lifting and dissipating. The tornado was rated EF1 in Clinton County with a path length of 7.56 miles and a max path width of 500 yards. Overall, the tornado was rated EF1 with a path length of 10.5 miles and a max path width of 500 yards. No deaths or injuries were reported.","During the afternoon and early evening of May 26, 2024, ten tornadoes touched down in the St. Louis metropolitan area and southwest Illinois from a mix of supercells and QLCS modes. This occurred alongside numerous reports of large hail of up to 2.5 inches in diameter and damaging winds of up to 81 mph. Thankfully, there were no reported injuries or fatalities with these thunderstorms.",251
1185420,JOHNSON CO.,GOREVILLE,05/26/2024,1738,Tornado, ,EF3,0,1,750000,0,IL,CST-6, ,191488,C,87,PAH,0,0,NWS Storm Survey, ,4.87,300,3,NW,3,NE,GOREVILLE,05/26/2024,1748,37.5804,-89.0161,37.5875,-88.9276,"An EF-3 tornado began north of Goreville, IL, where a security camera at a house on Newton Lane captured the tornado's formation. Crossing I-57, the tornado snapped large tree limbs and damaged an outbuilding on Pulley's Mill Ln. The tornado was again filmed crossing I-24 northeast of Goreville. Along IL-37, the tornado did roof damage to two homes and snapped a few wooden power poles. Nearby trees suffered extreme damage, with debarking noted on a few trees near the intersection of IL-37 and Orchared Ln, along with numerous large trees snapped. To the east on Orchard Ln, a home suffered a direct hit by the tornado, with the roof being removed and most of the exterior walls collapsed. A nearby outbuilding was also destroyed, along with several large snapped trees. As the tornado approached the Eagle Point Bay subdivision on Lake of Egypt, it snapped several large trees and wooden electrical poles on Deaton Rd and Greentree Dr. Two manufactured homes were severely damaged or destroyed. One resident here suffered broken bone injuries. Another house had its roof uplifted slightly and was slightly moved off its foundation. Continuing east-southeast into the Eagle Point Bay subdivision, the tornado weakened then dissipated, doing mainly tree damage and minor roof damage to homes along and near John Able Dr and Thunderhead Dr. Peak winds with this tornado were estimated at 150 mph.","The second major severe weather outbreak for the month occurred on the 26th for the Quad State region. On the synoptic scale, a shortwave trough centered in the middle of the country with a 60 kt mid-level jet moved across northern Arkansas. A weak surface low was moving into SE Missouri during the morning with a secondary low located further northwest. A warm frontal boundary was draped across our area. A bowing line progressed east across SE Missouri into W Kentucky and far S Illinois between 0500-1000CST, followed by a mostly sub-severe second line that exited the region by 1300CST. The environment recovered producing fuel for more severe storms, starting with supercells 1800-2100CST with a line of storms moving east-southeastward across the entire Quad State after 1900CST, crossing through by midnight. Across the Quad State, this event produced the record for most tornado track miles in a single day in office history, along with the second most warnings issued in a day (just behind the May 8, 2024 event). Widespread straight-line wind and tornado damage resulted in over 100,000 customers without power across the Quad State. ||For the morning, MLCAPE values at 0700CST were 1000-1500 J/kg in S Illinois. Effective bulk shear was 40-50 kts with STP of 1. Precipitable water was 1.5-1.75 in. The morning storms mostly missed just south of S Illinois with some street flooding in Johnston City. ||Heading into the evening, MLCAPE values at 1800CST were 2000-3500 J/kg in S Illinois. For S Illinois, effective bulk shear rose to 50 kts, with SRH around 150-250 m2/s2 and STP of 2-3.5. 0-1 km shear was 20 kts. Mid-level lapse rates were 7-7.5 C/km. DCAPE of 1200-1400 J/kg provided ample opportunity for downburst winds. ||Three tornadoes occurred in S Illinois. Two of these were with the late afternoon to early evening supercells. An EF-3 in the Lake of Egypt area of Johnson County debarked some trees, damaged several homes in the Eagle Point Bay subdivision, and injured one person. An EF-1 tornado in Johnson and Union Counties ahead of the approaching cold front tracked southeastward to Buncombe. The third tornado, an EF-1, was with the cold front in the Grayville area, tracking into Gibson County, IN. The supercells produced several hail reports, with a 2 inch hail report near the Williamson/Saline County border. Training heavy rain produced significant flash flooding for the second time in a month in Saline County, focused on Harrisburg with U.S. 45 flooded and at least one water rescue. Rainfall amounts in Southern Illinois were 1-4 inches, with the highest amounts in Alexander/Pulaski County and along a line from Williamson to Gallatin County. Numerous trees and power lines were damaged with the supercells and the frontal passage. Late evening power outages amounted to roughly a third of Williamson, Union, Johnson, and Alexander Counties.",252
1181720,CLINTON CO.,FROGTOWN,05/26/2024,1750,Tornado, ,EF1,0,0,118000,0,IL,CST-6, ,190917,C,27,LSX,0,0,NWS Storm Survey, ,17.64,325,2,NE,5,ESE,BOULDER,05/26/2024,1805,38.665,-89.46,38.681,-89.139,"A tornado touched down north of Carlyle and tracked eastward significantly damaging a garage and shed, removing portions of a roof on a home, and breaking large branches off of trees. This tornado continued on the east side of the Carlyle Lake, where there were reports and photos of power lines down, multiple trees down, at least partial removal of a house's roof, a barn destroyed, and the majority of another barn's roof removed. The tornado was rated EF1 in Clinton County with a path length of 17.64 miles and a max path width of 325 yards. No deaths or injuries were reported.","During the afternoon and early evening of May 26, 2024, ten tornadoes touched down in the St. Louis metropolitan area and southwest Illinois from a mix of supercells and QLCS modes. This occurred alongside numerous reports of large hail of up to 2.5 inches in diameter and damaging winds of up to 81 mph. Thankfully, there were no reported injuries or fatalities with these thunderstorms.",253
1181721,MARION CO.,FAIRMAN,05/26/2024,1805,Tornado, ,EF0,0,0,5000,0,IL,CST-6, ,190917,C,121,LSX,0,0,NWS Storm Survey, ,0.86,25,1,W,0,NW,FAIRMAN,05/26/2024,1807,38.681,-89.139,38.683,-89.124,"The damage survey was not completed on the east side of Carlyle Lake including the portion of the track in Marion County. The survey relies on the support of subsequent reports until the tornado was suspected to have lifted just west of Hwy 51 north of Fairman where a small barn or farm outbuilding sustained major loss of its roof panels. The tornado was rated an EF1 in Marion County with a path length of 0.86 miles and a max path width of 25 yards. No deaths or injuries were reported. Overall, the tornado was rated EF1 with a path length of 18.5 miles and a max path width of 325 yards.","During the afternoon and early evening of May 26, 2024, ten tornadoes touched down in the St. Louis metropolitan area and southwest Illinois from a mix of supercells and QLCS modes. This occurred alongside numerous reports of large hail of up to 2.5 inches in diameter and damaging winds of up to 81 mph. Thankfully, there were no reported injuries or fatalities with these thunderstorms.",254
1181722,MARION CO.,OMEGA FORBES ARPT,05/26/2024,1828,Tornado, ,EF1,0,0,0,0,IL,CST-6, ,190917,C,121,LSX,0,0,NWS Storm Survey, ,1.12,325,1,WNW,1,N,OMEGA FORBES ARPT,05/26/2024,1830,38.7288,-88.7881,38.7318,-88.768,"A brief, weak tornado touched down just west of Forbes Lake, uprooting and snapping several trees before dissipating just east of the Oak Ridge Trailhead. Overall, the tornado was rated EF1 with a path length of 1.12 miles and a max path width of 325 yards. No deaths or injuries were reported.","During the afternoon and early evening of May 26, 2024, ten tornadoes touched down in the St. Louis metropolitan area and southwest Illinois from a mix of supercells and QLCS modes. This occurred alongside numerous reports of large hail of up to 2.5 inches in diameter and damaging winds of up to 81 mph. Thankfully, there were no reported injuries or fatalities with these thunderstorms.",255
1181723,MARION CO.,OMEGA,05/26/2024,1829,Tornado, ,EF1,0,0,5000,0,IL,CST-6, ,190917,C,121,LSX,0,0,NWS Storm Survey, ,4.66,500,1,N,4,ESE,OMEGA FORBES ARPT,05/26/2024,1835,38.7081,-88.781,38.6963,-88.6976,"A tornado touched down just northwest of Omega and tracked eastward south of Forbes Lake primarily uprooting and snapping trees along its path and causing minor roof damage to a farm outbuilding on Seavers Road. The tornado then crossed into Clay County (WFO ILX) and strengthened to EF2 intensity. The tornado was rated EF1 in Marion County with a path length of 4.66 miles and a max path width of 500 yards. Overall, the tornado was rated EF2 with a path length of 8.28 miles and a max path width of 500 yards. No deaths or injuries were reported.","During the afternoon and early evening of May 26, 2024, ten tornadoes touched down in the St. Louis metropolitan area and southwest Illinois from a mix of supercells and QLCS modes. This occurred alongside numerous reports of large hail of up to 2.5 inches in diameter and damaging winds of up to 81 mph. Thankfully, there were no reported injuries or fatalities with these thunderstorms.",256
1183320,CLAY CO.,OSKALOOSA,05/26/2024,1835,Tornado, ,EF2,0,0,10000000,0,IL,CST-6, ,192029,C,25,ILX,0,0,NWS Storm Survey, ,3.6,300,5,SW,3,SSE,OSKALOOSA,05/26/2024,1843,38.6963,-88.6977,38.7031,-88.6315,"This tornado originally touched down in Marion County in the National Weather Service Saint Louis County Warning Area (CWA), then crossed into southwestern Clay County just north of the intersection of Beard Road and Songer Township Lane at 7:35 PM CDT.  It knocked down several trees and power lines before tracking northeastward and doing its greatest damage at a farm on the north end of Penguin Drive where several large metal buildings were demolished.  The tornado then lifted just east of Xenia-Iola Road between Songer Township Lane and Hickory Hill Lane at 7:43 PM CDT.","Supercell thunderstorms developed along an outflow boundary from central Missouri into south-central Illinois along the I-70 corridor during the late afternoon and evening of May 26th.  The storms eventually congealed into a line and swept eastward, causing significant wind damage across the southern portions of Clay, Richland, and Lawrence counties.  Damage surveys revealed two tornadoes touched down...an EF-2 in Clay County northwest of Xenia and an EF-1 in Lawrence County south of Sumner.",257
1185511,UNION CO.,LICK CREEK,05/26/2024,1913,Tornado, ,EF1,0,0,28000,0,IL,CST-6, ,191488,C,181,PAH,0,0,NWS Storm Survey, ,2.24,100,1,SW,2,SE,LICK CREEK,05/26/2024,1916,37.5096,-89.0815,37.4968,-89.0439,"An EF-1 tornado began just east of I-57 in Union County. A power pole needed replacing near Texas Eastern Rd marking the start of the tornado track. The tornado proceeded southeastward, heavily damaging a few outbuildings and a barn two and a half miles northwest of Elvira, near South Lick Creek Rd. The tornado continued, damaging trees before crossing into Johnson County. Peak estimated winds for the Union County portion of the tornado, and the tornado as a whole, were 100 mph.","The second major severe weather outbreak for the month occurred on the 26th for the Quad State region. On the synoptic scale, a shortwave trough centered in the middle of the country with a 60 kt mid-level jet moved across northern Arkansas. A weak surface low was moving into SE Missouri during the morning with a secondary low located further northwest. A warm frontal boundary was draped across our area. A bowing line progressed east across SE Missouri into W Kentucky and far S Illinois between 0500-1000CST, followed by a mostly sub-severe second line that exited the region by 1300CST. The environment recovered producing fuel for more severe storms, starting with supercells 1800-2100CST with a line of storms moving east-southeastward across the entire Quad State after 1900CST, crossing through by midnight. Across the Quad State, this event produced the record for most tornado track miles in a single day in office history, along with the second most warnings issued in a day (just behind the May 8, 2024 event). Widespread straight-line wind and tornado damage resulted in over 100,000 customers without power across the Quad State. ||For the morning, MLCAPE values at 0700CST were 1000-1500 J/kg in S Illinois. Effective bulk shear was 40-50 kts with STP of 1. Precipitable water was 1.5-1.75 in. The morning storms mostly missed just south of S Illinois with some street flooding in Johnston City. ||Heading into the evening, MLCAPE values at 1800CST were 2000-3500 J/kg in S Illinois. For S Illinois, effective bulk shear rose to 50 kts, with SRH around 150-250 m2/s2 and STP of 2-3.5. 0-1 km shear was 20 kts. Mid-level lapse rates were 7-7.5 C/km. DCAPE of 1200-1400 J/kg provided ample opportunity for downburst winds. ||Three tornadoes occurred in S Illinois. Two of these were with the late afternoon to early evening supercells. An EF-3 in the Lake of Egypt area of Johnson County debarked some trees, damaged several homes in the Eagle Point Bay subdivision, and injured one person. An EF-1 tornado in Johnson and Union Counties ahead of the approaching cold front tracked southeastward to Buncombe. The third tornado, an EF-1, was with the cold front in the Grayville area, tracking into Gibson County, IN. The supercells produced several hail reports, with a 2 inch hail report near the Williamson/Saline County border. Training heavy rain produced significant flash flooding for the second time in a month in Saline County, focused on Harrisburg with U.S. 45 flooded and at least one water rescue. Rainfall amounts in Southern Illinois were 1-4 inches, with the highest amounts in Alexander/Pulaski County and along a line from Williamson to Gallatin County. Numerous trees and power lines were damaged with the supercells and the frontal passage. Late evening power outages amounted to roughly a third of Williamson, Union, Johnson, and Alexander Counties.",258
1185516,JOHNSON CO.,ELVIRA,05/26/2024,1916,Tornado, ,EF1,0,0,15000,0,IL,CST-6, ,191488,C,87,PAH,0,0,NWS Storm Survey, ,4.7,100,1,W,0,E,BUNCOMBE,05/26/2024,1922,37.4968,-89.0439,37.4695,-88.9655,"An EF-1 tornado crossed into Johnson County from Union County during the evening, progressing southeastward. Tree damage was found near Buncombe where several trees were uprooted and snapped. A carport was flipped over onto its side in Buncombe. The tornado lifted just east of Buncombe. Peak estimated winds for the Johnson County portion of the tornado, were 95 mph.","The second major severe weather outbreak for the month occurred on the 26th for the Quad State region. On the synoptic scale, a shortwave trough centered in the middle of the country with a 60 kt mid-level jet moved across northern Arkansas. A weak surface low was moving into SE Missouri during the morning with a secondary low located further northwest. A warm frontal boundary was draped across our area. A bowing line progressed east across SE Missouri into W Kentucky and far S Illinois between 0500-1000CST, followed by a mostly sub-severe second line that exited the region by 1300CST. The environment recovered producing fuel for more severe storms, starting with supercells 1800-2100CST with a line of storms moving east-southeastward across the entire Quad State after 1900CST, crossing through by midnight. Across the Quad State, this event produced the record for most tornado track miles in a single day in office history, along with the second most warnings issued in a day (just behind the May 8, 2024 event). Widespread straight-line wind and tornado damage resulted in over 100,000 customers without power across the Quad State. ||For the morning, MLCAPE values at 0700CST were 1000-1500 J/kg in S Illinois. Effective bulk shear was 40-50 kts with STP of 1. Precipitable water was 1.5-1.75 in. The morning storms mostly missed just south of S Illinois with some street flooding in Johnston City. ||Heading into the evening, MLCAPE values at 1800CST were 2000-3500 J/kg in S Illinois. For S Illinois, effective bulk shear rose to 50 kts, with SRH around 150-250 m2/s2 and STP of 2-3.5. 0-1 km shear was 20 kts. Mid-level lapse rates were 7-7.5 C/km. DCAPE of 1200-1400 J/kg provided ample opportunity for downburst winds. ||Three tornadoes occurred in S Illinois. Two of these were with the late afternoon to early evening supercells. An EF-3 in the Lake of Egypt area of Johnson County debarked some trees, damaged several homes in the Eagle Point Bay subdivision, and injured one person. An EF-1 tornado in Johnson and Union Counties ahead of the approaching cold front tracked southeastward to Buncombe. The third tornado, an EF-1, was with the cold front in the Grayville area, tracking into Gibson County, IN. The supercells produced several hail reports, with a 2 inch hail report near the Williamson/Saline County border. Training heavy rain produced significant flash flooding for the second time in a month in Saline County, focused on Harrisburg with U.S. 45 flooded and at least one water rescue. Rainfall amounts in Southern Illinois were 1-4 inches, with the highest amounts in Alexander/Pulaski County and along a line from Williamson to Gallatin County. Numerous trees and power lines were damaged with the supercells and the frontal passage. Late evening power outages amounted to roughly a third of Williamson, Union, Johnson, and Alexander Counties.",259
1185373,WHITE CO.,GRAYVILLE,05/26/2024,1926,Tornado, ,EF1,0,0,30000,0,IL,CST-6, ,191488,C,193,PAH,0,0,NWS Storm Survey, ,1.02,125,2,S,2,SSE,GRAYVILLE,05/26/2024,1927,38.243,-87.9994,38.2442,-87.9808,"An EF-1 tornado began in far northeastern White County south of Grayville. As it progressed eastward, the tornado damaged numerous trees and produced minor damage to homes in the area. A carport was damaged with damage to vehicles due to debris falling on them. The tornado crossed an offshoot of the Wabash River, reaching the portion of Gibson County, Indiana on Kingdom Island. Peak estimated winds with the White County segment, and the tornado as a whole, were 110 mph.","The second major severe weather outbreak for the month occurred on the 26th for the Quad State region. On the synoptic scale, a shortwave trough centered in the middle of the country with a 60 kt mid-level jet moved across northern Arkansas. A weak surface low was moving into SE Missouri during the morning with a secondary low located further northwest. A warm frontal boundary was draped across our area. A bowing line progressed east across SE Missouri into W Kentucky and far S Illinois between 0500-1000CST, followed by a mostly sub-severe second line that exited the region by 1300CST. The environment recovered producing fuel for more severe storms, starting with supercells 1800-2100CST with a line of storms moving east-southeastward across the entire Quad State after 1900CST, crossing through by midnight. Across the Quad State, this event produced the record for most tornado track miles in a single day in office history, along with the second most warnings issued in a day (just behind the May 8, 2024 event). Widespread straight-line wind and tornado damage resulted in over 100,000 customers without power across the Quad State. ||For the morning, MLCAPE values at 0700CST were 1000-1500 J/kg in S Illinois. Effective bulk shear was 40-50 kts with STP of 1. Precipitable water was 1.5-1.75 in. The morning storms mostly missed just south of S Illinois with some street flooding in Johnston City. ||Heading into the evening, MLCAPE values at 1800CST were 2000-3500 J/kg in S Illinois. For S Illinois, effective bulk shear rose to 50 kts, with SRH around 150-250 m2/s2 and STP of 2-3.5. 0-1 km shear was 20 kts. Mid-level lapse rates were 7-7.5 C/km. DCAPE of 1200-1400 J/kg provided ample opportunity for downburst winds. ||Three tornadoes occurred in S Illinois. Two of these were with the late afternoon to early evening supercells. An EF-3 in the Lake of Egypt area of Johnson County debarked some trees, damaged several homes in the Eagle Point Bay subdivision, and injured one person. An EF-1 tornado in Johnson and Union Counties ahead of the approaching cold front tracked southeastward to Buncombe. The third tornado, an EF-1, was with the cold front in the Grayville area, tracking into Gibson County, IN. The supercells produced several hail reports, with a 2 inch hail report near the Williamson/Saline County border. Training heavy rain produced significant flash flooding for the second time in a month in Saline County, focused on Harrisburg with U.S. 45 flooded and at least one water rescue. Rainfall amounts in Southern Illinois were 1-4 inches, with the highest amounts in Alexander/Pulaski County and along a line from Williamson to Gallatin County. Numerous trees and power lines were damaged with the supercells and the frontal passage. Late evening power outages amounted to roughly a third of Williamson, Union, Johnson, and Alexander Counties.",260
1183330,LAWRENCE CO.,SUMNER,05/26/2024,1927,Tornado, ,EF1,0,0,0,0,IL,CST-6, ,192029,C,101,ILX,0,0,NWS Storm Survey, ,6.79,250,3,SSW,2,SSE,BRIDGEPORT,05/26/2024,1937,38.6741,-87.8635,38.6956,-87.7406,"A tornado touched down along East 250th Avenue just north of North 700th Street at 8:27 PM CDT.  It damaged numerous trees as it tracked northeastward, then destroyed a small outbuilding and tore part of the roof off a house near the intersection of North 800th Street and East 450th Avenue.  The tornado then caused minor damage to a home along North 850th Street before lifting just north of the intersection of North 850th Street and East 900th Avenue at 8:37 PM CDT.","Supercell thunderstorms developed along an outflow boundary from central Missouri into south-central Illinois along the I-70 corridor during the late afternoon and evening of May 26th.  The storms eventually congealed into a line and swept eastward, causing significant wind damage across the southern portions of Clay, Richland, and Lawrence counties.  Damage surveys revealed two tornadoes touched down...an EF-2 in Clay County northwest of Xenia and an EF-1 in Lawrence County south of Sumner.",261
1185377,WABASH CO.,COWLING,05/26/2024,1928,Tornado, ,EF0,0,0,1000,0,IL,CST-6, ,191488,C,185,PAH,0,0,NWS Storm Survey, ,0.66,200,6,SSW,6,SSW,COWLING,05/26/2024,1929,38.2438,-87.9703,38.2424,-87.9582,"An EF-1 tornado (peak of EF-0 in Wabash County), which began in far northeastern White County south of Grayville, crossed into Wabash County from the Kingdom Island portion of Gibson County. The tornado produced minor tree damage before crossing the Wabash River into Gibson County, IN. Peak estimated winds with this short Wabash County segment were 75 mph.","The second major severe weather outbreak for the month occurred on the 26th for the Quad State region. On the synoptic scale, a shortwave trough centered in the middle of the country with a 60 kt mid-level jet moved across northern Arkansas. A weak surface low was moving into SE Missouri during the morning with a secondary low located further northwest. A warm frontal boundary was draped across our area. A bowing line progressed east across SE Missouri into W Kentucky and far S Illinois between 0500-1000CST, followed by a mostly sub-severe second line that exited the region by 1300CST. The environment recovered producing fuel for more severe storms, starting with supercells 1800-2100CST with a line of storms moving east-southeastward across the entire Quad State after 1900CST, crossing through by midnight. Across the Quad State, this event produced the record for most tornado track miles in a single day in office history, along with the second most warnings issued in a day (just behind the May 8, 2024 event). Widespread straight-line wind and tornado damage resulted in over 100,000 customers without power across the Quad State. ||For the morning, MLCAPE values at 0700CST were 1000-1500 J/kg in S Illinois. Effective bulk shear was 40-50 kts with STP of 1. Precipitable water was 1.5-1.75 in. The morning storms mostly missed just south of S Illinois with some street flooding in Johnston City. ||Heading into the evening, MLCAPE values at 1800CST were 2000-3500 J/kg in S Illinois. For S Illinois, effective bulk shear rose to 50 kts, with SRH around 150-250 m2/s2 and STP of 2-3.5. 0-1 km shear was 20 kts. Mid-level lapse rates were 7-7.5 C/km. DCAPE of 1200-1400 J/kg provided ample opportunity for downburst winds. ||Three tornadoes occurred in S Illinois. Two of these were with the late afternoon to early evening supercells. An EF-3 in the Lake of Egypt area of Johnson County debarked some trees, damaged several homes in the Eagle Point Bay subdivision, and injured one person. An EF-1 tornado in Johnson and Union Counties ahead of the approaching cold front tracked southeastward to Buncombe. The third tornado, an EF-1, was with the cold front in the Grayville area, tracking into Gibson County, IN. The supercells produced several hail reports, with a 2 inch hail report near the Williamson/Saline County border. Training heavy rain produced significant flash flooding for the second time in a month in Saline County, focused on Harrisburg with U.S. 45 flooded and at least one water rescue. Rainfall amounts in Southern Illinois were 1-4 inches, with the highest amounts in Alexander/Pulaski County and along a line from Williamson to Gallatin County. Numerous trees and power lines were damaged with the supercells and the frontal passage. Late evening power outages amounted to roughly a third of Williamson, Union, Johnson, and Alexander Counties.",262
1185851,VERMILION CO.,REILLY,06/05/2024,727,Tornado, ,EF1,0,0,0,0,IL,CST-6, ,192259,C,183,ILX,0,0,NWS Storm Survey, ,1.17,100,2,E,3,E,REILLY,06/05/2024,729,40.4146,-87.8138,40.4255,-87.7969,"An EF-1 tornado touched down about 3.5 miles south of East Lynn along E 3800 North Road, where it completely destroyed seven grain bins and tossed the debris for about a half mile to the east-northeast. A couple power poles were snapped at that location as well. The tornado moved to the east-northeast as it damaged trees, home siding, and the roof of an outbuilding along N 770 East Road. The tornado then progressed in a more northerly direction as it damaged some trees at a residence about a half mile to the north, before dissipating in the field to the northeast after being on the ground for a total of two minutes.","A cluster of thunderstorms developed ahead of a cold front during the pre-dawn hours, and eventually formed a small bowing segment as they progressed across central Illinois during the morning. These storms produced isolated instances of wind damage, as well as a brief EF-1 tornado in Vermilion County.",263
1189480,MCDONOUGH CO.,GOOD HOPE,06/13/2024,1756,Tornado, ,EFU,0,0,0,0,IL,CST-6, ,192745,C,109,DVN,0,0,NWS Storm Survey, ,0.06,10,2,E,2,E,GOOD HOPE,06/13/2024,1757,40.547,-90.649,40.547,-90.648,"A brief tornado touchdown was observed by a chaser northeast of the Macomb Municipal Airport. This tornado occurred in an open field and no damage was observed. Therefore, the tornado is rated EF-Unknown.","A warm, moist, and unstable air mass across the region ahead of a southward sinking cold front resulted in thunderstorm development, with several being severe. These produced large hail and scattered damaging winds. Most hail reports ranged in size from quarter to golf ball size hail. The largest hail fell in Van Buren County near Keosauqua where 2 to 3 inch diameter hail fell. There were also a few reports of 60 to 80 MPH across far southeast Iowa into west central Illinois, which damaged trees and knocked down several outbuildings.  The most widespread damage occurred near Oakville, IA.  Two brief, non-damaging tornadoes were also seen north of Macomb, IL.",264
1189481,MCDONOUGH CO.,BARDOLPH,06/13/2024,1800,Tornado, ,EFU,0,0,0,0,IL,CST-6, ,192745,C,109,DVN,0,0,NWS Storm Survey, ,0.08,10,1,NE,1,NE,BARDOLPH,06/13/2024,1802,40.514,-90.556,40.513,-90.555,"A brief tornado was observed in an open field between Bushnell and Bardolph. There was no observed damage with the tornado, and therefore has been assigned an EF-Unknown.","A warm, moist, and unstable air mass across the region ahead of a southward sinking cold front resulted in thunderstorm development, with several being severe. These produced large hail and scattered damaging winds. Most hail reports ranged in size from quarter to golf ball size hail. The largest hail fell in Van Buren County near Keosauqua where 2 to 3 inch diameter hail fell. There were also a few reports of 60 to 80 MPH across far southeast Iowa into west central Illinois, which damaged trees and knocked down several outbuildings.  The most widespread damage occurred near Oakville, IA.  Two brief, non-damaging tornadoes were also seen north of Macomb, IL.",265
1186170,MCLEAN CO.,BALLARD,06/13/2024,1928,Tornado, ,EF1,0,0,0,0,IL,CST-6, ,192296,C,113,ILX,0,0,NWS Storm Survey, ,0.71,60,1,SSE,1,SE,BALLARD,06/13/2024,1929,40.6691,-88.7426,40.6694,-88.7291,"A tornado touched down along East 2600 North Road northeast of Lexington at 8:28 PM CDT.  The tornado tracked eastward, ripping much of the roof off a farm outbuilding and snapping an antenna and breaking a few windows in a home before quickly dissipating less than a mile east from its initial touchdown at 8:29 PM CDT.","A cold front triggered clusters of strong to severe thunderstorms across north-central Illinois during the evening of June 13th into the pre-dawn hours of June 14th.  Most of the activity was focused along and north of a Beardstown to Champaign line.  Numerous trees and power lines were blown down thanks to 60-70 mph wind gusts, while a few reports of hail as large as quarters were also received.  The most significant wind damage occurred across northeastern McLean County from Chenoa and Lexington southeastward through Cropsey and Anchor where a damage survey team determined widespread wind gusts of 80-110 mph as well as 5 tornado touchdowns.  A total of 33 high-tension electrical transmission towers were severely damaged as a result of the powerful winds across this area.",266
1186184,MCLEAN CO.,BALLARD,06/13/2024,1929,Tornado, ,EF1,0,0,0,0,IL,CST-6, ,192296,C,113,ILX,0,0,NWS Storm Survey, ,0.61,60,4,E,4,SE,CHENOA,06/13/2024,1930,40.6828,-88.6773,40.6836,-88.6657,"A tornado touched down near the intersection of North 3050 East Road and East 2700 North Road at 8:29 PM CDT.  The tornado tracked eastward and destroyed a barn before quickly dissipating less than 1 mile from its initial touchdown at 8:30 PM CDT.","A cold front triggered clusters of strong to severe thunderstorms across north-central Illinois during the evening of June 13th into the pre-dawn hours of June 14th.  Most of the activity was focused along and north of a Beardstown to Champaign line.  Numerous trees and power lines were blown down thanks to 60-70 mph wind gusts, while a few reports of hail as large as quarters were also received.  The most significant wind damage occurred across northeastern McLean County from Chenoa and Lexington southeastward through Cropsey and Anchor where a damage survey team determined widespread wind gusts of 80-110 mph as well as 5 tornado touchdowns.  A total of 33 high-tension electrical transmission towers were severely damaged as a result of the powerful winds across this area.",267
1186197,MCLEAN CO.,BALLARD,06/13/2024,1931,Tornado, ,EF1,0,0,0,0,IL,CST-6, ,192296,C,113,ILX,0,0,NWS Storm Survey, ,1.27,80,4,ESE,6,ESE,BALLARD,06/13/2024,1932,40.6649,-88.6698,40.6623,-88.6458,"A tornado touched down just south of the intersection of North 3100 East Road and East 2600 North Road at 8:31 PM CDT.  The tornado tracked east-southeastward, tearing a significant portion of the roof off a farm outbuilding before quickly dissipating east of North 3200 East Road northeast of Lawndale Cemetery at 8:32 PM CDT.","A cold front triggered clusters of strong to severe thunderstorms across north-central Illinois during the evening of June 13th into the pre-dawn hours of June 14th.  Most of the activity was focused along and north of a Beardstown to Champaign line.  Numerous trees and power lines were blown down thanks to 60-70 mph wind gusts, while a few reports of hail as large as quarters were also received.  The most significant wind damage occurred across northeastern McLean County from Chenoa and Lexington southeastward through Cropsey and Anchor where a damage survey team determined widespread wind gusts of 80-110 mph as well as 5 tornado touchdowns.  A total of 33 high-tension electrical transmission towers were severely damaged as a result of the powerful winds across this area.",268
1186206,MCLEAN CO.,ANCHOR,06/13/2024,1945,Tornado, ,EF1,0,0,0,0,IL,CST-6, ,192296,C,113,ILX,0,0,NWS Storm Survey, ,0.94,60,1,ESE,2,ESE,ANCHOR,06/13/2024,1946,40.5602,-88.5059,40.5602,-88.4879,"A tornado touched down just north of East 1900 North Road and west of North 4000 East Road at 8:45 PM CDT.  The tornado tracked eastward, destroying a machine shed and throwing debris from the shed a half mile eastward before quickly dissipating at 8:46 PM CDT.","A cold front triggered clusters of strong to severe thunderstorms across north-central Illinois during the evening of June 13th into the pre-dawn hours of June 14th.  Most of the activity was focused along and north of a Beardstown to Champaign line.  Numerous trees and power lines were blown down thanks to 60-70 mph wind gusts, while a few reports of hail as large as quarters were also received.  The most significant wind damage occurred across northeastern McLean County from Chenoa and Lexington southeastward through Cropsey and Anchor where a damage survey team determined widespread wind gusts of 80-110 mph as well as 5 tornado touchdowns.  A total of 33 high-tension electrical transmission towers were severely damaged as a result of the powerful winds across this area.",269
1186207,MCLEAN CO.,ANCHOR,06/13/2024,1946,Tornado, ,EF1,0,0,0,0,IL,CST-6, ,192296,C,113,ILX,0,0,NWS Storm Survey, ,4.2,1300,2,S,6,SE,ANCHOR,06/13/2024,1950,40.5395,-88.5256,40.5056,-88.4592,"A tornado touched down about 2 miles south of Anchor at 8:46 PM CDT.  The tornado tracked southeastward, severely damaging or destroying several farm buildings.  It then crossed into the National Weather Service Chicago County Warning Area (CWA) into western Ford County just north of East 1500 North Road at 8:50 PM CDT.","A cold front triggered clusters of strong to severe thunderstorms across north-central Illinois during the evening of June 13th into the pre-dawn hours of June 14th.  Most of the activity was focused along and north of a Beardstown to Champaign line.  Numerous trees and power lines were blown down thanks to 60-70 mph wind gusts, while a few reports of hail as large as quarters were also received.  The most significant wind damage occurred across northeastern McLean County from Chenoa and Lexington southeastward through Cropsey and Anchor where a damage survey team determined widespread wind gusts of 80-110 mph as well as 5 tornado touchdowns.  A total of 33 high-tension electrical transmission towers were severely damaged as a result of the powerful winds across this area.",270
1186814,FORD CO.,GARBER,06/13/2024,1950,Tornado, ,EF1,0,0,0,0,IL,CST-6, ,192346,C,53,LOT,0,0,NWS Storm Survey, ,3.35,1300,4,WSW,2,WNW,GIBSON CITY,06/13/2024,1952,40.5056,-88.4592,40.4785,-88.4064,"An NWS damage survey confirmed an EF-1 tornado with peak winds around 110 mph began in McLean County and crossed into Ford County before lifting just northwest of Gibson City. While in the WFO Chicago CWA, the tornado produced mostly tree and power line damage in addition to damage to a few grain bins.","One lone thunderstorm on the morning of the 13th produced severe winds over portions of the Chicago metro. Additional clusters of strong to severe storms developed that  afternoon and evening mainly impacting areas south of I-80 with severe winds and one tornado.",271
1188557,KANE CO.,ELBURN,06/22/2024,2137,Tornado, ,EF0,0,0,0,0,IL,CST-6, ,192573,C,89,LOT,0,0,NWS Storm Survey, ,2.34,300,1,NW,1,WSW,LA FOX,06/22/2024,2141,41.891,-88.4804,41.886,-88.4355,"An EF0 tornado started just west of downtown Elburn, south of the railroad tracks, where concentrated tree damage was found. Crop damage was noted in the vicinity of Anderson Road. Pockets of tree damage continued to just east of Pauley Road just to the west of La Fox.","A line of severe thunderstorms dropped south across northern Illinois during the evening and night of the 22nd. The line produced four EF-0 tornadoes in addition to widespread wind damage across the Chicago metro. Many also saw torrential rainfall and localized flash flooding, particularly in extreme northeast Illinois north of the I-90 corridor where a widespread 3-6 of rain fell.",272
1188558,DU PAGE CO.,WEST CHICAGO,06/22/2024,2158,Tornado, ,EF0,0,0,0,0,IL,CST-6, ,192573,C,43,LOT,0,0,NWS Storm Survey, ,7.82,300,2,S,0,SW,THE MORTON ARBORETUM,06/22/2024,2208,41.8538,-88.1967,41.8186,-88.0523,"This tornado began in the Blackwell Forest Preserve in Warrenville and tracked southeastward through the south side of Wheaton before lifting soon after it entered the Morton Arboretum. The tornado primarily caused tree damage along its path, though it also caused some minor damage to signs at a shopping center.","A line of severe thunderstorms dropped south across northern Illinois during the evening and night of the 22nd. The line produced four EF-0 tornadoes in addition to widespread wind damage across the Chicago metro. Many also saw torrential rainfall and localized flash flooding, particularly in extreme northeast Illinois north of the I-90 corridor where a widespread 3-6 of rain fell.",273
1188559,DU PAGE CO.,BUTTERFIELD,06/22/2024,2208,Tornado, ,EF0,0,0,0,0,IL,CST-6, ,192573,C,43,LOT,0,0,NWS Storm Survey, ,1.19,50,1,WNW,0,SE,BUTTERFIELD,06/22/2024,2210,41.8471,-88.0563,41.8377,-88.0373,"This brief tornado produced a narrow corridor of minor damage to trees and residences in the Butterfield West subdivision before lifting just northeast of the Butterfield Elementary School. Damage was consistent with EF0 winds near 70 mph.","A line of severe thunderstorms dropped south across northern Illinois during the evening and night of the 22nd. The line produced four EF-0 tornadoes in addition to widespread wind damage across the Chicago metro. Many also saw torrential rainfall and localized flash flooding, particularly in extreme northeast Illinois north of the I-90 corridor where a widespread 3-6 of rain fell.",274
1188560,DU PAGE CO.,DOWNERS GROVE,06/22/2024,2213,Tornado, ,EF0,0,0,0,0,IL,CST-6, ,192573,C,43,LOT,0,0,NWS Storm Survey, ,0.86,50,1,NE,1,NW,WESTMONT,06/22/2024,2214,41.8206,-87.9948,41.8113,-87.9842,"A brief tornado touched down near Fairview Avenue and 38th Street in Oak Brook. The first damage was noted along Ridgewood Court and 38th Street, where multiple trees had large branches broken. The tornado moved generally to the southeast, entering Downers Grove near Cumnor Road and 39th Street, where damage was noted to numerous trees. Minor damage was also noted to the cupola of a nearby residence. The tornado moved through the Longmeadow neighborhood, continuing to damage numerous trees. In some areas, the most significant tree damage was noted just above roof level. The tornado slightly intensified near 41st Street and Williams Street, where a few homes had minor roofing damage and numerous trees had large branches broken. Debris from damaged fences was blown in a somewhat convergent pattern toward 41st Street on opposite sides of the street. The tornado appeared to dissipate just southeast of this area as it approached Westmont. The peak wind of this tornado was estimated at 80 mph.","A line of severe thunderstorms dropped south across northern Illinois during the evening and night of the 22nd. The line produced four EF-0 tornadoes in addition to widespread wind damage across the Chicago metro. Many also saw torrential rainfall and localized flash flooding, particularly in extreme northeast Illinois north of the I-90 corridor where a widespread 3-6 of rain fell.",275
1194912,VERMILION CO.,CHENEYVILLE,06/29/2024,1715,Tornado, ,EF0,0,0,0,0,IL,CST-6, ,193411,C,183,ILX,0,0,Storm Chaser, ,2.28,30,1,SSE,3,ESE,CHENEYVILLE,06/29/2024,1723,40.45,-87.57,40.4456,-87.5271,"A storm chaser monitored a landspout tornado that maintained connection to the ground for a total of 15 minutes along a track from eastern Vermilion County in Illinois to northwestern Warren County in Indiana. The landspout tornado crossed the Illinois-Indiana state line at 1723 CST. Video from the storm chaser captured minor damage to tree branches, resulting in an EF0 rating.","Scattered showers developed during the late afternoon and early evening along a slow-moving cold front that was draped from northern Indiana to near the I-72 corridor in central Illinois. Trained spotters reported that many of these showers exhibited weak rotation and brief funnel clouds, and one produced a landspout tornado in Vermilion County, which eventually tracked into Indiana. This tornado was on the ground for a total of 15 minutes and was rated EF0 after producing minor tree damage.",276
1183513,FORD CO.,MELVIN,07/04/2024,1237,Tornado, ,EFU,0,0,0,0,IL,CST-6, ,192045,C,53,LOT,0,0,Emergency Manager, ,1.3,30,3,SSE,3,SE,MELVIN,07/04/2024,1251,40.5297,-88.2202,40.5471,-88.2115,"Video and photos showed a slow moving landspout tornado that developed near County Road E 9000N between N 1200E and N 1300E.  It was intermittently in contact with the ground before it dissipated over a field northeast of the intersection of County Roads N 1300E and E 1000N.  No damage was reported.","Isolated thunderstorms produced a landspout tornado near Melvin in Ford County during the afternoon of July 4th.",277
1190469,OGLE CO.,LINDENWOOD,07/14/2024,1958,Tornado, ,EF0,0,0,0,0,IL,CST-6, ,192055,C,141,LOT,0,0,NWS Storm Survey, ,0.4,100,4,ESE,5,ESE,LINDENWOOD,07/14/2024,1959,42.0304,-88.95,42.028,-88.942,"A tornado with estimated peak winds of 75 mph touched down in far eastern Ogle County, just southwest of Esmond producing mainly crop damage before it quickly crossed into De Kalb County.","Thunderstorms developed during the evening of July 14th and continued into the early morning of July 15th, as they moved across all of northern and central Illinois.  Nine tornadoes occurred, along with widespread wind damage.  In the City of Chicago, there were 2,810 tree emergency calls and 1,430 calls for tree debris.  Localized flash flooding also occurred, for a second night in a row in the Rockford area.",278
1190473,DE KALB CO.,ESMOND,07/14/2024,1959,Tornado, ,EF0,0,0,0,0,IL,CST-6, ,192055,C,37,LOT,0,0,NWS Storm Survey, ,3,100,1,WSW,2,ESE,ESMOND,07/14/2024,2002,42.028,-88.942,42.0139,-88.888,"A tornado with estimated peak winds of 75 mph touched down in far eastern Ogle County southwest of Esmond and quickly crossed into De Kalb County.  Tree and crop damage occurred along the path.  Trees were uprooted just east of Esmond Road.  One farm outbuilding was destroyed just east of McQueen Road and the tornado ended in a field just southeast of this location.","Thunderstorms developed during the evening of July 14th and continued into the early morning of July 15th, as they moved across all of northern and central Illinois.  Nine tornadoes occurred, along with widespread wind damage.  In the City of Chicago, there were 2,810 tree emergency calls and 1,430 calls for tree debris.  Localized flash flooding also occurred, for a second night in a row in the Rockford area.",279
1190480,KANE CO.,VIRGIL,07/14/2024,2028,Tornado, ,EF1,0,0,0,0,IL,CST-6, ,192055,C,89,LOT,0,0,NWS Storm Survey, ,9,150,2,SSW,2,E,LA FOX,07/14/2024,2040,41.9191,-88.5396,41.894,-88.3746,"A tornado with estimated peak winds of 100 mph touched down just northwest of the intersection of McNulty Road and Meredith Road, where crop damage was evident in high resolution satellite imagery.  The tornado moved southeast producing tree damage and then began moving to the east as it moved through Elburn where trees were blown down and damage occurred to a few farm buildings and houses.  The tornado moved to the east northeast after passing Elburn and destroyed a metal farm building at an equestrian center.  Several trees were blown down and several 2x4 boards were driven at least one foot into the ground.  It is at this location where the tornado was likely at peak intensity.  The tornado ended halfway between Brundige Road and Peck Road, south of Route 38.","Thunderstorms developed during the evening of July 14th and continued into the early morning of July 15th, as they moved across all of northern and central Illinois.  Nine tornadoes occurred, along with widespread wind damage.  In the City of Chicago, there were 2,810 tree emergency calls and 1,430 calls for tree debris.  Localized flash flooding also occurred, for a second night in a row in the Rockford area.",280
1190542,KANE CO.,GENEVA,07/14/2024,2043,Tornado, ,EF0,0,0,0,0,IL,CST-6, ,192055,C,89,LOT,0,0,NWS Storm Survey, ,0.8,150,1,NW,1,NW,GENEVA,07/14/2024,2044,41.9041,-88.3519,41.8988,-88.3379,"A brief tornado with estimated peak winds of 80 mph touched down just northwest of Route 38, about halfway between Peck Road and Randall Road.  The tornado moved southeast causing roof damage to a self storage building, damaging a greenhouse and tossing shopping cart corrals around at a grocery store.  A light pole was knocked over and several trees were snapped and uprooted.  The tornado ended just northeast of the intersection of Randall Road and Bricher Road.","Thunderstorms developed during the evening of July 14th and continued into the early morning of July 15th, as they moved across all of northern and central Illinois.  Nine tornadoes occurred, along with widespread wind damage.  In the City of Chicago, there were 2,810 tree emergency calls and 1,430 calls for tree debris.  Localized flash flooding also occurred, for a second night in a row in the Rockford area.",281
1190857,COOK CO.,WESTERN SPRINGS,07/14/2024,2123,Tornado, ,EF0,0,0,0,0,IL,CST-6, ,192055,C,31,LOT,0,0,NWS Storm Survey, ,7.4,250,1,ENE,0,ENE,CICERO,07/14/2024,2133,41.8151,-87.8858,41.8519,-87.7518,"A tornado with estimated peak winds of 75 mph touched down near 41st Street and Poplar Place in La Grange and moved northeast through Brookfield, Riverside and Berwyn before ending just northeast of the intersection of Cermak Road and Laramie Road.  Damage along the tornado's path was entirely confined to trees.","Thunderstorms developed during the evening of July 14th and continued into the early morning of July 15th, as they moved across all of northern and central Illinois.  Nine tornadoes occurred, along with widespread wind damage.  In the City of Chicago, there were 2,810 tree emergency calls and 1,430 calls for tree debris.  Localized flash flooding also occurred, for a second night in a row in the Rockford area.",282
1190858,COOK CO.,(MDW) CHICAGO MIDWAY AIRPORT,07/14/2024,2133,Tornado, ,EF0,0,0,0,0,IL,CST-6, ,192055,C,31,LOT,0,0,NWS Storm Survey, ,8,300,1,NNE,1,NE,KENWOOD,07/14/2024,2143,41.79,-87.7425,41.8178,-87.5923,"A tornado with estimated peak winds of 85 mph began on the northeast side of Midway Airport and moved northeast across West Elsdon, Gage Park, New City, and Fuller Park where it primarily caused tree and minor roof damage.  The tornado crossed Interstate 90/94 producing additional tree damage as it moved through the Grand Boulevard and Kenwood neighborhoods.  Numerous large tree limbs and several trees were blown down near 48th Street and State Street.  The tornado crossed Lake Shore Drive and then moved out over Lake Michigan as a waterspout.","Thunderstorms developed during the evening of July 14th and continued into the early morning of July 15th, as they moved across all of northern and central Illinois.  Nine tornadoes occurred, along with widespread wind damage.  In the City of Chicago, there were 2,810 tree emergency calls and 1,430 calls for tree debris.  Localized flash flooding also occurred, for a second night in a row in the Rockford area.",283
1190866,COOK CO.,ENGLEWOOD,07/14/2024,2140,Tornado, ,EF0,0,0,0,0,IL,CST-6, ,192055,C,31,LOT,0,0,NWS Storm Survey, ,3.6,200,0,ESE,1,E,JACKSON PARK,07/14/2024,2144,41.768,-87.634,41.7814,-87.5683,"A tornado with estimated peak winds of 80 mph began near Harvard Avenue between 69th Street and 70th Street near the Englewood neighborhood of Chicago.  The tornado moved northeast crossing Interstate 94 then crossed Interstate 90, where a railroad car was reported to be knocked over.  A roof was damaged on a building near 68th Street and Rhodes Avenue with debris scattered onto the street.  The tornado continued across the Woodlawn and Jackson Park neighborhoods of Chicago where numerous trees were damaged, some snapped, some uprooted.  Minor roof damage was also reported.  A large tree was uprooted and fell onto two houses in the 6600 block of South University Avenue.  A large tree was snapped and fell onto a roadway near Marquette Road and Kimbark Avenue.  The tornado moved out over Lake Michigan as a waterspout near the 63rd Street Beach.","Thunderstorms developed during the evening of July 14th and continued into the early morning of July 15th, as they moved across all of northern and central Illinois.  Nine tornadoes occurred, along with widespread wind damage.  In the City of Chicago, there were 2,810 tree emergency calls and 1,430 calls for tree debris.  Localized flash flooding also occurred, for a second night in a row in the Rockford area.",284
1187366,MARSHALL CO.,HENRY,07/14/2024,2240,Tornado, ,EF1,0,0,0,0,IL,CST-6, ,192448,C,123,ILX,0,0,NWS Storm Survey, ,0.45,50,1,ENE,1,ENE,HENRY,07/14/2024,2242,41.1254,-89.3572,41.1257,-89.3486,"A tornado touched down just north of Henry at 11:40 PM CDT.  The tornado tracked eastward through the Marshall Mobile Estates mobile home park, heavily damaging nearly all of the trailers in the park.  The damage was mostly due to hardwood debris and straight-line winds.  Several trees were also snapped and blown over before the tornado quickly dissipated along County Road 1400 North east of the park at 11:42 PM CDT.","Thunderstorms initiated across central and northern Iowa during the afternoon of July 14th.  A highly unstable and sheared environment quickly led to upscale growth into a Mesoscale Convective System (MCS) that tracked east-southeastward along the northern periphery of a prominent upper-level ridge centered over the southern Plains into the lower Mississippi River Valley.  Widespread wind damage occurred within the path of the MCS during the evening of July 14th into the pre-dawn hours of July 15th...mainly north of the I-74 corridor.  National Weather Service Lincoln damage survey teams found 3 tornado touchdowns along the leading edge of the storms in Marshall County, all 3 of which were rated EF-1. Additional analysis of Sentinel satellite data found two more brief tornadoes occurred in rural Marshall County. These two were rated EF-Unknown.",285
1187368,MARSHALL CO.,HENRY,07/14/2024,2242,Tornado, ,EF1,0,0,0,0,IL,CST-6, ,192448,C,123,ILX,0,0,NWS Storm Survey, ,6.28,100,2,SSE,2,N,VARNA,07/14/2024,2245,41.0915,-89.3481,41.0633,-89.2335,"A tornado touched down just east of the Illinois River near the north edge of Billsbach Lake at 11:42 PM CDT.  The tornado tracked southeastward causing extensive tree damage in the Lake Wildwood area before dissipating southeast of the intersection of Lake Wildwood Drive and County Road 2100 East about 2 miles north-northwest of Varna at 11:45 PM CDT.","Thunderstorms initiated across central and northern Iowa during the afternoon of July 14th.  A highly unstable and sheared environment quickly led to upscale growth into a Mesoscale Convective System (MCS) that tracked east-southeastward along the northern periphery of a prominent upper-level ridge centered over the southern Plains into the lower Mississippi River Valley.  Widespread wind damage occurred within the path of the MCS during the evening of July 14th into the pre-dawn hours of July 15th...mainly north of the I-74 corridor.  National Weather Service Lincoln damage survey teams found 3 tornado touchdowns along the leading edge of the storms in Marshall County, all 3 of which were rated EF-1. Additional analysis of Sentinel satellite data found two more brief tornadoes occurred in rural Marshall County. These two were rated EF-Unknown.",286
1220971,MARSHALL CO.,VARNA,07/14/2024,2248,Tornado, ,EFU,0,0,0,0,IL,CST-6, ,192448,C,123,ILX,0,0,NWS Employee, ,0.87,60,3,ENE,3,ENE,VARNA,07/14/2024,2249,41.05,-89.19,41.04,-89.18,"Sentinel satellite data showed that a tornado developed northeast of Varna, near county road 2350E between 800N and County Highway 14, tracking southeast across farm fields before ending at 800N. Due to a lack of damage indicators, this tornado was rated EF-Unknown.","Thunderstorms initiated across central and northern Iowa during the afternoon of July 14th.  A highly unstable and sheared environment quickly led to upscale growth into a Mesoscale Convective System (MCS) that tracked east-southeastward along the northern periphery of a prominent upper-level ridge centered over the southern Plains into the lower Mississippi River Valley.  Widespread wind damage occurred within the path of the MCS during the evening of July 14th into the pre-dawn hours of July 15th...mainly north of the I-74 corridor.  National Weather Service Lincoln damage survey teams found 3 tornado touchdowns along the leading edge of the storms in Marshall County, all 3 of which were rated EF-1. Additional analysis of Sentinel satellite data found two more brief tornadoes occurred in rural Marshall County. These two were rated EF-Unknown.",287
1220972,MARSHALL CO.,VARNA,07/14/2024,2248,Tornado, ,EFU,0,0,0,0,IL,CST-6, ,192448,C,123,ILX,0,0,NWS Employee, ,0.87,60,3,ENE,3,ENE,VARNA,07/14/2024,2249,41.05,-89.18,41.04,-89.17,"Sentinel satellite imagery showed that another tornado developed northeast of Varna, just north of where the previous tornado ended. This second tornado crossed county road 800N near a farmstead and lifted shortly after crossing the road. An enhanced area of wind damage was seen in a corn field near the end of the track, just west of the intersection of 800N and 2500E. Due to a lack of damage indicators, this tornado was rated EF-Unknown.","Thunderstorms initiated across central and northern Iowa during the afternoon of July 14th.  A highly unstable and sheared environment quickly led to upscale growth into a Mesoscale Convective System (MCS) that tracked east-southeastward along the northern periphery of a prominent upper-level ridge centered over the southern Plains into the lower Mississippi River Valley.  Widespread wind damage occurred within the path of the MCS during the evening of July 14th into the pre-dawn hours of July 15th...mainly north of the I-74 corridor.  National Weather Service Lincoln damage survey teams found 3 tornado touchdowns along the leading edge of the storms in Marshall County, all 3 of which were rated EF-1. Additional analysis of Sentinel satellite data found two more brief tornadoes occurred in rural Marshall County. These two were rated EF-Unknown.",288
1190895,LA SALLE CO.,LEEDS,07/14/2024,2302,Tornado, ,EFU,0,0,0,0,IL,CST-6, ,192055,C,99,LOT,0,0,NWS Storm Survey, ,2.2,150,1,NE,3,E,LEEDS,07/14/2024,2304,41.0292,-88.9718,41.024,-88.9307,"High resolution satellite imagery showed a tornado began near the intersection of N 7th Road and E 10th Road and moved east southeast causing damage to crops.  The damage was most pronounced at the start of the tornado between E 10th Road and E 11th Road, where a clear and continuous damage path was evident in the crops.  The tornado crossed into Livingston County just south of Prairie Creek.  Since the only known damage from this tornado was to crops, it was assigned the EF-U (unknown) rating.","Thunderstorms developed during the evening of July 14th and continued into the early morning of July 15th, as they moved across all of northern and central Illinois.  Nine tornadoes occurred, along with widespread wind damage.  In the City of Chicago, there were 2,810 tree emergency calls and 1,430 calls for tree debris.  Localized flash flooding also occurred, for a second night in a row in the Rockford area.",289
1191117,LA SALLE CO.,LEEDS,07/14/2024,2303,Tornado, ,EFU,0,0,0,0,IL,CST-6, ,192055,C,99,LOT,0,0,NWS Storm Survey, ,2.1,100,2,SSE,2,NNE,DANA,07/14/2024,2305,40.9943,-88.9686,40.984,-88.9308,"High resolution satellite imagery showed a tornado that touched down near E 10th Road between N 4th Road and N 5th Road and then moved southeast damaging only crops.  The tornado crossed into Livingston County just south of N 4th Road.  Since the only known damage from this tornado was to crops, it was assigned the EF-U (unknown) rating.","Thunderstorms developed during the evening of July 14th and continued into the early morning of July 15th, as they moved across all of northern and central Illinois.  Nine tornadoes occurred, along with widespread wind damage.  In the City of Chicago, there were 2,810 tree emergency calls and 1,430 calls for tree debris.  Localized flash flooding also occurred, for a second night in a row in the Rockford area.",290
1190886,LIVINGSTON CO.,LONG POINT,07/14/2024,2304,Tornado, ,EFU,0,0,0,0,IL,CST-6, ,192055,C,105,LOT,0,0,NWS Storm Survey, ,2,150,3,WNW,2,NNW,LONG POINT,07/14/2024,2306,41.024,-88.9307,41.0224,-88.8922,"High resolution satellite imagery showed a tornado which began in La Salle County and crossed into Livingston County just south of Prairie Creek.  The only damage was to crops, which became more sporadic and subtle along the path in Livingston County.  The last instance of crop damage appeared to occur just west of N 200 East Road and south of E 2800 North Road.  Since the only known damage from this tornado was to crops, it was assigned the EF-U (unknown) rating.","Thunderstorms developed during the evening of July 14th and continued into the early morning of July 15th, as they moved across all of northern and central Illinois.  Nine tornadoes occurred, along with widespread wind damage.  In the City of Chicago, there were 2,810 tree emergency calls and 1,430 calls for tree debris.  Localized flash flooding also occurred, for a second night in a row in the Rockford area.",291
1191134,LIVINGSTON CO.,LONG POINT,07/14/2024,2305,Tornado, ,EFU,0,0,0,0,IL,CST-6, ,192055,C,105,LOT,0,0,NWS Storm Survey, ,1.8,100,3,WSW,2,SSW,LONG POINT,07/14/2024,2307,40.984,-88.9308,40.9691,-88.9023,"High resolution satellite imagery showed a tornado which began in La Salle County and crossed into Livingston County just south of N 4th Road.  The only damage was to crops, with the last instance of crop damage just south of E 2400 North Road between N 100 East Road and N 200 East Road.  Since the only known damage from this tornado was to crops, it was assigned the EF-U (unknown) rating.","Thunderstorms developed during the evening of July 14th and continued into the early morning of July 15th, as they moved across all of northern and central Illinois.  Nine tornadoes occurred, along with widespread wind damage.  In the City of Chicago, there were 2,810 tree emergency calls and 1,430 calls for tree debris.  Localized flash flooding also occurred, for a second night in a row in the Rockford area.",292
1190896,LIVINGSTON CO.,ANCONA,07/14/2024,2306,Tornado, ,EFU,0,0,0,0,IL,CST-6, ,192055,C,105,LOT,0,0,NWS Storm Survey, ,1.9,225,1,WSW,1,SSE,ANCONA,07/14/2024,2308,41.0307,-88.8916,41.0206,-88.859,"High resolution satellite imagery showed a tornado touched down near the intersection of N 200 East Road and E 2800 North Road.  This tornado moved southeast damaging only crops along its path.  The tornado ended just west of N 400 East Road.  Since the only known damage from this tornado was to crops, it was assigned the EF-U (unknown) rating.","Thunderstorms developed during the evening of July 14th and continued into the early morning of July 15th, as they moved across all of northern and central Illinois.  Nine tornadoes occurred, along with widespread wind damage.  In the City of Chicago, there were 2,810 tree emergency calls and 1,430 calls for tree debris.  Localized flash flooding also occurred, for a second night in a row in the Rockford area.",293
1187375,MARSHALL CO.,LACON MARSHALL CO AR,07/14/2024,2310,Tornado, ,EF1,0,0,0,0,IL,CST-6, ,192448,C,123,ILX,0,0,NWS Storm Survey, ,0.71,50,2,SSE,2,SSW,HELD,07/14/2024,2311,40.9971,-89.3629,40.9913,-89.3516,"A tornado touched down in a farm field north of Hickory Grove Road and west of 1475 East Road just southwest of Strawn Cemetery at 12:10 AM CDT.  The tornado tracked southeastward, snapping off a row of large pine trees and damaging an outbuilding before quickly dissipating in an open field at 12:11 AM CDT.","Thunderstorms initiated across central and northern Iowa during the afternoon of July 14th.  A highly unstable and sheared environment quickly led to upscale growth into a Mesoscale Convective System (MCS) that tracked east-southeastward along the northern periphery of a prominent upper-level ridge centered over the southern Plains into the lower Mississippi River Valley.  Widespread wind damage occurred within the path of the MCS during the evening of July 14th into the pre-dawn hours of July 15th...mainly north of the I-74 corridor.  National Weather Service Lincoln damage survey teams found 3 tornado touchdowns along the leading edge of the storms in Marshall County, all 3 of which were rated EF-1. Additional analysis of Sentinel satellite data found two more brief tornadoes occurred in rural Marshall County. These two were rated EF-Unknown.",294
1204538,JO DAVIESS CO.,NORTH HANOVER,07/15/2024,1740,Tornado, ,EF1,0,0,0,0,IL,CST-6, ,194804,C,85,DVN,0,0,NWS Storm Survey, ,17.66,100,1,SE,6,S,WILLOW,07/15/2024,1802,42.29,-90.26,42.196,-89.939,"A tornado developed just northeast of Hanover in Jo Daviess County, and tracked to the southeast around 50 mph along an intermittent path. The tornado caused significant roof damage to a home east of Hanover that was rated EF-1. The tornado then moved into Carroll County near S. Breyer Road, around 18:02 CST.  The tornado caused EF-1 damage around Lake Carroll, including damage to a garage, gazebo, and boat dock, and numerous trees downed. The tornado then downed trees in Shannon before lifting around 18:16 CST. The tornado was rated EF-1 with maximum winds around 100 mph, in both Jo Daviess and Carroll Counties.","Thunderstorms rapidly developed over northern Iowa during the afternoon and organized into a powerful line of wind producing storms that surged through the Quad Cities and into northern and central Illinois through the evening hours.  These storms brought widespread damaging winds up to 100 mph for many locations, extending across eastern Iowa, much of Illinois, and into Indiana.  The Storm Prediction Center has classified this event as a Derecho which by definition is a swath of wind damage at least 400 miles long and at least 60 miles wide including several well-separated significant wind gusts over 75 mph.  Corridors of significant wind damage occurred along Highway 20. 10 tornadoes also occurred with these storms in the NWS Quad Cities service area. ||In addition to the wind, very heavy rainfall fell in a short amount of time with many locations seeing over an inch.  The highest totals fell in McDonough and Warren counties in Illinois where amounts between 2 and 3 inches fell.",295
1204515,JO DAVIESS CO.,WOODBINE,07/15/2024,1748,Tornado, ,EF1,0,0,0,0,IL,CST-6, ,194804,C,85,DVN,0,0,NWS Storm Survey, ,8.07,50,1,NE,1,SW,PLUM RIVER,07/15/2024,1758,42.34,-90.13,42.29,-89.99,"A tornado developed just east of Woodbine in Jo Daviess County, and moved southeast along an intermittent 8 mile path. The tornado downed numerous trees along S. Massbach Road. The tornado was rated EF-1 with maximum winds around 100 mph and was 50 yards wide.","Thunderstorms rapidly developed over northern Iowa during the afternoon and organized into a powerful line of wind producing storms that surged through the Quad Cities and into northern and central Illinois through the evening hours.  These storms brought widespread damaging winds up to 100 mph for many locations, extending across eastern Iowa, much of Illinois, and into Indiana.  The Storm Prediction Center has classified this event as a Derecho which by definition is a swath of wind damage at least 400 miles long and at least 60 miles wide including several well-separated significant wind gusts over 75 mph.  Corridors of significant wind damage occurred along Highway 20. 10 tornadoes also occurred with these storms in the NWS Quad Cities service area. ||In addition to the wind, very heavy rainfall fell in a short amount of time with many locations seeing over an inch.  The highest totals fell in McDonough and Warren counties in Illinois where amounts between 2 and 3 inches fell.",296
1204513,JO DAVIESS CO.,APPLE CANYON LAKE,07/15/2024,1750,Tornado, ,EF2,0,0,0,0,IL,CST-6, ,194804,C,85,DVN,0,0,NWS Storm Survey, ,9.08,150,3,ESE,4,S,NORA,07/15/2024,1801,42.41,-90.1,42.391,-89.924,"A tornado developed northwest of Stockton in Jo Daviess County, and moved E/SE along an intermittent 15 mile path, before lifting near Lena in Stephenson County. In Jo Daviess County, the tornado snapped a wooden power pole near the base, snapped tree trunks, and impacted a farmstead, with damage to an outbuilding and grain elevator supports. The most significant damage in Jo Daviess County was rated EF-2, with maximum winds around 115 mph. The tornado crossed into Stephenson County about a third of a mile south of W. Gerbick Road, around 18:01 CST. A public photo showed the tornado near Lena before it dissipated around 18:09 CST. There was no observable damage in Stephenson County.","Thunderstorms rapidly developed over northern Iowa during the afternoon and organized into a powerful line of wind producing storms that surged through the Quad Cities and into northern and central Illinois through the evening hours.  These storms brought widespread damaging winds up to 100 mph for many locations, extending across eastern Iowa, much of Illinois, and into Indiana.  The Storm Prediction Center has classified this event as a Derecho which by definition is a swath of wind damage at least 400 miles long and at least 60 miles wide including several well-separated significant wind gusts over 75 mph.  Corridors of significant wind damage occurred along Highway 20. 10 tornadoes also occurred with these storms in the NWS Quad Cities service area. ||In addition to the wind, very heavy rainfall fell in a short amount of time with many locations seeing over an inch.  The highest totals fell in McDonough and Warren counties in Illinois where amounts between 2 and 3 inches fell.",297
1204546,STEPHENSON CO.,WADDAMS GROVE,07/15/2024,1801,Tornado, ,EFU,0,0,0,0,IL,CST-6, ,194804,C,177,DVN,0,0,NWS Storm Survey, ,6.33,20,3,SW,2,ENE,LENA,07/15/2024,1809,42.391,-89.924,42.39,-89.8,"A tornado developed northwest of Stockton in Jo Daviess County, and moved E/SE along an intermittent 15 mile path, before lifting near Lena in Stephenson County. In Jo Daviess County, the tornado snapped a wooden power pole near the base, snapped tree trunks, and impacted a farmstead, with damage to an outbuilding and grain elevator supports. The most significant damage in Jo Daviess County was rated EF-2, with maximum winds around 115 mph. The tornado crossed into Stephenson County about a third of a mile south of W. Gerbick Road, around 18:01 CST. A public photo showed the tornado near Lena before it dissipated around 18:09 CST. There was no observable damage in Stephenson County.","Thunderstorms rapidly developed over northern Iowa during the afternoon and organized into a powerful line of wind producing storms that surged through the Quad Cities and into northern and central Illinois through the evening hours.  These storms brought widespread damaging winds up to 100 mph for many locations, extending across eastern Iowa, much of Illinois, and into Indiana.  The Storm Prediction Center has classified this event as a Derecho which by definition is a swath of wind damage at least 400 miles long and at least 60 miles wide including several well-separated significant wind gusts over 75 mph.  Corridors of significant wind damage occurred along Highway 20. 10 tornadoes also occurred with these storms in the NWS Quad Cities service area. ||In addition to the wind, very heavy rainfall fell in a short amount of time with many locations seeing over an inch.  The highest totals fell in McDonough and Warren counties in Illinois where amounts between 2 and 3 inches fell.",298
1204530,CARROLL CO.,MT CARROLL,07/15/2024,1802,Tornado, ,EF1,0,0,0,0,IL,CST-6, ,194804,C,15,DVN,0,0,NWS Storm Survey, ,12.15,100,7,NNE,1,E,SHANNON,07/15/2024,1816,42.196,-89.939,42.15,-89.71,"A tornado developed just northeast of Hanover in Jo Daviess County, and tracked to the southeast around 50 mph along an intermittent path. The tornado caused significant roof damage to a home east of Hanover that was rated EF-1. The tornado then moved into Carroll County near S. Breyer Road, around 18:02 CST.  The tornado caused EF-1 damage around Lake Carroll, including damage to a garage, gazebo, and boat dock, and numerous trees downed. The tornado then downed trees in Shannon before lifting around 18:16 CST. The tornado was rated EF-1 with maximum winds around 100 mph, in both Jo Daviess and Carroll Counties.","Thunderstorms rapidly developed over northern Iowa during the afternoon and organized into a powerful line of wind producing storms that surged through the Quad Cities and into northern and central Illinois through the evening hours.  These storms brought widespread damaging winds up to 100 mph for many locations, extending across eastern Iowa, much of Illinois, and into Indiana.  The Storm Prediction Center has classified this event as a Derecho which by definition is a swath of wind damage at least 400 miles long and at least 60 miles wide including several well-separated significant wind gusts over 75 mph.  Corridors of significant wind damage occurred along Highway 20. 10 tornadoes also occurred with these storms in the NWS Quad Cities service area. ||In addition to the wind, very heavy rainfall fell in a short amount of time with many locations seeing over an inch.  The highest totals fell in McDonough and Warren counties in Illinois where amounts between 2 and 3 inches fell.",299
1204456,ROCK ISLAND CO.,ILLINOIS CITY,07/15/2024,1803,Tornado, ,EF0,0,0,0,0,IL,CST-6, ,194804,C,161,DVN,0,0,NWS Storm Survey, ,1.86,50,2,N,2,W,LOUD THUNDER PARK,07/15/2024,1805,41.43,-90.907,41.43,-90.87,"A tornado was captured on video near the shore of the Mississippi River in Muscatine County Iowa. The tornado crossed the Mississippi River and moved onshore in Rock Island County Illinois, just west of the Loud Thunder Forest Preserve, where it uprooted trees and downed large branches. No rating is assigned for the path of the tornado over the Mississippi River. Once onshore, the tornado was rated EF-0 with maximum winds around 75 mph.","Thunderstorms rapidly developed over northern Iowa during the afternoon and organized into a powerful line of wind producing storms that surged through the Quad Cities and into northern and central Illinois through the evening hours.  These storms brought widespread damaging winds up to 100 mph for many locations, extending across eastern Iowa, much of Illinois, and into Indiana.  The Storm Prediction Center has classified this event as a Derecho which by definition is a swath of wind damage at least 400 miles long and at least 60 miles wide including several well-separated significant wind gusts over 75 mph.  Corridors of significant wind damage occurred along Highway 20. 10 tornadoes also occurred with these storms in the NWS Quad Cities service area. ||In addition to the wind, very heavy rainfall fell in a short amount of time with many locations seeing over an inch.  The highest totals fell in McDonough and Warren counties in Illinois where amounts between 2 and 3 inches fell.",300
1204484,ROCK ISLAND CO.,ANDALUSIA,07/15/2024,1817,Tornado, ,EF1,0,0,0,0,IL,CST-6, ,194804,C,161,DVN,0,0,NWS Storm Survey, ,8.97,100,2,SSW,4,E,REYNOLDS,07/15/2024,1827,41.4,-90.73,41.328,-90.586,"An NWS Storm Survey found a tornado touched down northwest of Taylor Ridge in Rock Island County. The tornado damaged trees, dented two large grain bins, and damaged power poles. The tornado then moved into Mercer County around 18:27 CST, about a third of a mile west of US Route 67 on 190th Ave W. In Mercer County, the tornado damaged trees, power poles, and small farm outbuildings. The tornado then moved into Henry County around 18:36 CST, about 0.4 miles south of Camp Creek Road. The tornado continued to damage trees, power poles, and small farm outbuildings, before crossing Interstate 74 and lifting south of Andover. In all three counties (Rock Island, Mercer, Henry) the tornado was rated an EF-1 with maximum winds around 100 mph.","Thunderstorms rapidly developed over northern Iowa during the afternoon and organized into a powerful line of wind producing storms that surged through the Quad Cities and into northern and central Illinois through the evening hours.  These storms brought widespread damaging winds up to 100 mph for many locations, extending across eastern Iowa, much of Illinois, and into Indiana.  The Storm Prediction Center has classified this event as a Derecho which by definition is a swath of wind damage at least 400 miles long and at least 60 miles wide including several well-separated significant wind gusts over 75 mph.  Corridors of significant wind damage occurred along Highway 20. 10 tornadoes also occurred with these storms in the NWS Quad Cities service area. ||In addition to the wind, very heavy rainfall fell in a short amount of time with many locations seeing over an inch.  The highest totals fell in McDonough and Warren counties in Illinois where amounts between 2 and 3 inches fell.",301
1204494,STEPHENSON CO.,DAKOTA DORNINK ARPT,07/15/2024,1826,Tornado, ,EFU,0,0,0,0,IL,CST-6, ,194804,C,177,DVN,0,0,NWS Storm Survey, ,1.01,10,1,SW,1,SE,DAKOTA DORNINK ARPT,07/15/2024,1827,42.37,-89.58,42.37,-89.56,"A trained spotter video confirmed a short-lived tornado southwest of Dakota, or northeast of Freeport. There was no observed damage to assign a rating.","Thunderstorms rapidly developed over northern Iowa during the afternoon and organized into a powerful line of wind producing storms that surged through the Quad Cities and into northern and central Illinois through the evening hours.  These storms brought widespread damaging winds up to 100 mph for many locations, extending across eastern Iowa, much of Illinois, and into Indiana.  The Storm Prediction Center has classified this event as a Derecho which by definition is a swath of wind damage at least 400 miles long and at least 60 miles wide including several well-separated significant wind gusts over 75 mph.  Corridors of significant wind damage occurred along Highway 20. 10 tornadoes also occurred with these storms in the NWS Quad Cities service area. ||In addition to the wind, very heavy rainfall fell in a short amount of time with many locations seeing over an inch.  The highest totals fell in McDonough and Warren counties in Illinois where amounts between 2 and 3 inches fell.",302
1204486,MERCER CO.,PREEMPTION,07/15/2024,1827,Tornado, ,EF1,0,0,0,0,IL,CST-6, ,194804,C,131,DVN,0,0,NWS Storm Survey, ,8.36,100,1,NNW,1,ENE,SWEDONA,07/15/2024,1836,41.328,-90.586,41.286,-90.435,"An NWS Storm Survey found a tornado touched down northwest of Taylor Ridge in Rock Island County. The tornado damaged trees, dented two large grain bins, and damaged power poles. The tornado then moved into Mercer County around 18:27 CST, about a third of a mile west of US Route 67 on 190th Ave W. In Mercer County, the tornado damaged trees, power poles, and small farm outbuildings. The tornado then moved into Henry County around 18:36 CST, about 0.4 miles south of Camp Creek Road. The tornado continued to damage trees, power poles, and small farm outbuildings, before crossing Interstate 74 and lifting south of Andover. In all three counties (Rock Island, Mercer, Henry) the tornado was rated an EF-1 with maximum winds around 100 mph.","Thunderstorms rapidly developed over northern Iowa during the afternoon and organized into a powerful line of wind producing storms that surged through the Quad Cities and into northern and central Illinois through the evening hours.  These storms brought widespread damaging winds up to 100 mph for many locations, extending across eastern Iowa, much of Illinois, and into Indiana.  The Storm Prediction Center has classified this event as a Derecho which by definition is a swath of wind damage at least 400 miles long and at least 60 miles wide including several well-separated significant wind gusts over 75 mph.  Corridors of significant wind damage occurred along Highway 20. 10 tornadoes also occurred with these storms in the NWS Quad Cities service area. ||In addition to the wind, very heavy rainfall fell in a short amount of time with many locations seeing over an inch.  The highest totals fell in McDonough and Warren counties in Illinois where amounts between 2 and 3 inches fell.",303
1204472,ROCK ISLAND CO.,EAST MOLINE,07/15/2024,1828,Tornado, ,EF1,0,0,0,0,IL,CST-6, ,194804,C,161,DVN,0,0,NWS Storm Survey, ,2.51,50,1,W,1,NW,SILVIS HGTS,07/15/2024,1832,41.518,-90.491,41.51,-90.44,"Nearly continuous damage was surveyed consistent with a tornado producing 85-100 mph winds. In Davenport, Iowa, damage occurred to dozens of large trees, including several large healthy snapped trees. Some trees fell on homes and at least one on a car. A large section of an apartment roof was also torn off. Damage in Scott County Iowa was rated EF1 with maximum winds around 100 mph. The tornado crossed the Mississippi River and moved into Rock Island County Illinois along River Drive in East Moline, around 18:28 CST. The tornado snapped some tree trunks before dissipating around 18:32 CST. The tornado was also rated EF-1 in Rock Island County, with maximum winds around 90 mph.","Thunderstorms rapidly developed over northern Iowa during the afternoon and organized into a powerful line of wind producing storms that surged through the Quad Cities and into northern and central Illinois through the evening hours.  These storms brought widespread damaging winds up to 100 mph for many locations, extending across eastern Iowa, much of Illinois, and into Indiana.  The Storm Prediction Center has classified this event as a Derecho which by definition is a swath of wind damage at least 400 miles long and at least 60 miles wide including several well-separated significant wind gusts over 75 mph.  Corridors of significant wind damage occurred along Highway 20. 10 tornadoes also occurred with these storms in the NWS Quad Cities service area. ||In addition to the wind, very heavy rainfall fell in a short amount of time with many locations seeing over an inch.  The highest totals fell in McDonough and Warren counties in Illinois where amounts between 2 and 3 inches fell.",304
1204489,HENRY CO.,LYNN CENTER,07/15/2024,1836,Tornado, ,EF1,0,0,0,0,IL,CST-6, ,194804,C,73,DVN,0,0,NWS Storm Survey, ,7.36,100,4,WSW,1,SSE,ANDOVER,07/15/2024,1845,41.286,-90.435,41.28,-90.29,"An NWS Storm Survey found a tornado touched down northwest of Taylor Ridge in Rock Island County. The tornado damaged trees, dented two large grain bins, and damaged power poles. The tornado then moved into Mercer County around 18:27 CST, about a third of a mile west of US Route 67 on 190th Ave W. In Mercer County, the tornado damaged trees, power poles, and small farm outbuildings. The tornado then moved into Henry County around 18:36 CST, about 0.4 miles south of Camp Creek Road. The tornado continued to damage trees, power poles, and small farm outbuildings, before crossing Interstate 74 and lifting south of Andover. In all three counties (Rock Island, Mercer, Henry) the tornado was rated an EF-1 with maximum winds around 100 mph.","Thunderstorms rapidly developed over northern Iowa during the afternoon and organized into a powerful line of wind producing storms that surged through the Quad Cities and into northern and central Illinois through the evening hours.  These storms brought widespread damaging winds up to 100 mph for many locations, extending across eastern Iowa, much of Illinois, and into Indiana.  The Storm Prediction Center has classified this event as a Derecho which by definition is a swath of wind damage at least 400 miles long and at least 60 miles wide including several well-separated significant wind gusts over 75 mph.  Corridors of significant wind damage occurred along Highway 20. 10 tornadoes also occurred with these storms in the NWS Quad Cities service area. ||In addition to the wind, very heavy rainfall fell in a short amount of time with many locations seeing over an inch.  The highest totals fell in McDonough and Warren counties in Illinois where amounts between 2 and 3 inches fell.",305
1193927,OGLE CO.,BYRON,07/15/2024,1844,Tornado, ,EF0,0,0,0,0,IL,CST-6, ,192058,C,141,LOT,0,0,NWS Storm Survey, ,5.3,200,4,WNW,2,E,BYRON,07/15/2024,1851,42.1432,-89.3159,42.1271,-89.2195,"A tornado with estimated peak winds of 80 mph touched down in a corn field just southeast of the intersection of Lightsville Road and Conger Road, as seen in high resolution satellite imagery.  The tornado moved southeast and then turned to the east as it moved through Bryon where it produced tree damage.  Roofing material was blown off of a car wash near the corner of Route 2 and Colfax Street.  The tornado crossed the Rock River and ended just east of Hales Corner Road.","A derecho moved across northern Illinois during the evening of July 15th producing widespread wind damage and 30 tornadoes in northeast Illinois.  One of these tornadoes crossed into northwest Indiana.  At the height of the storms, 430,000 customers lost power with some power not restored for four days, on July 19th.",306
1193928,OGLE CO.,DAVIS JUNCTION,07/15/2024,1858,Tornado, ,EF0,0,0,0,0,IL,CST-6, ,192058,C,141,LOT,0,0,NWS Storm Survey, ,1.7,150,1,WNW,1,ENE,DAVIS JUNCTION,07/15/2024,1900,42.1032,-89.1214,42.1023,-89.0881,"A tornado with estimated peak winds of 80 mph touched down northwest of the intersection of Moulton Road and Route 72 and moved east through Davis Junction producing tree damage.  The tornado ended east of Davis Junction and just north of Route 72.","A derecho moved across northern Illinois during the evening of July 15th producing widespread wind damage and 30 tornadoes in northeast Illinois.  One of these tornadoes crossed into northwest Indiana.  At the height of the storms, 430,000 customers lost power with some power not restored for four days, on July 19th.",307
1193925,WINNEBAGO CO.,WESTFIELD CORNERS,07/15/2024,1858,Tornado, ,EF0,0,0,0,0,IL,CST-6, ,192058,C,201,LOT,0,0,NWS Storm Survey, ,1.2,100,1,ENE,3,ENE,WESTFIELD CORNERS,07/15/2024,1900,42.217,-89.2027,42.2238,-89.1836,"A tornado with estimated peak winds of 75 mph touched down just north of the entrance to a forest preserve off Montague Road.  The tornado initially moved southeast and then turned northeast moving along Montague Road.  Damage to trees, power lines and crops occurred along the path of this tornado.  A car was reported to have been pushed off Montague Road just south of Highlands Drive.  The tornado ended just southeast of Highlands Drive.","A derecho moved across northern Illinois during the evening of July 15th producing widespread wind damage and 30 tornadoes in northeast Illinois.  One of these tornadoes crossed into northwest Indiana.  At the height of the storms, 430,000 customers lost power with some power not restored for four days, on July 19th.",308
1193929,WINNEBAGO CO.,NEW MILFORD,07/15/2024,1901,Tornado, ,EF0,0,0,0,0,IL,CST-6, ,192058,C,201,LOT,0,0,NWS Storm Survey, ,0.2,25,1,SW,1,SW,NEW MILFORD,07/15/2024,1902,42.1687,-89.092,42.1691,-89.0888,"A brief tornado with estimated peak winds of 80 mph touched down southeast of the intersection of Bend Road and Baxter Road, moved northeast crossing Baxter Road and ended just northeast of Baxter Road.  Photos and videos of a funnel cloud looking south southwest from the east side of Rockford and looking west from near Interstate 39 and Baxter Road lined up with drone footage of tree damage along the path of this brief tornado.  Tree limbs were blown down in various directions and onto power lines.","A derecho moved across northern Illinois during the evening of July 15th producing widespread wind damage and 30 tornadoes in northeast Illinois.  One of these tornadoes crossed into northwest Indiana.  At the height of the storms, 430,000 customers lost power with some power not restored for four days, on July 19th.",309
1204491,HENRY CO.,KEWANEE MUNI ARPT,07/15/2024,1902,Tornado, ,EF1,0,0,100000,100000,IL,CST-6, ,194804,C,73,DVN,0,0,NWS Storm Survey, ,5.24,200,2,WNW,2,ENE,KEWANEE,07/15/2024,1909,41.23,-89.99,41.24,-89.89,"An NWS Storm Survey found that an EF-1 tornado with peak winds of 100 MPH and was 200 yards wide  caused extensive tree damage occurred through the city of Kewanee. Many homesteads had minor roof damage. A couple of the homes had large sections of the roofs removed.","Thunderstorms rapidly developed over northern Iowa during the afternoon and organized into a powerful line of wind producing storms that surged through the Quad Cities and into northern and central Illinois through the evening hours.  These storms brought widespread damaging winds up to 100 mph for many locations, extending across eastern Iowa, much of Illinois, and into Indiana.  The Storm Prediction Center has classified this event as a Derecho which by definition is a swath of wind damage at least 400 miles long and at least 60 miles wide including several well-separated significant wind gusts over 75 mph.  Corridors of significant wind damage occurred along Highway 20. 10 tornadoes also occurred with these storms in the NWS Quad Cities service area. ||In addition to the wind, very heavy rainfall fell in a short amount of time with many locations seeing over an inch.  The highest totals fell in McDonough and Warren counties in Illinois where amounts between 2 and 3 inches fell.",310
1193926,OGLE CO.,MONROE CENTER,07/15/2024,1905,Tornado, ,EF0,0,0,0,0,IL,CST-6, ,192058,C,141,LOT,0,0,NWS Storm Survey, ,2.2,150,1,W,1,ENE,MONROE CENTER,07/15/2024,1908,42.1018,-89.0234,42.1046,-88.9821,"A tornado with estimated peak winds of 85 mph touched down near Interstate 39 and Route 72 where vehicles were reported flipped over on the northbound ramp from Route 72 to Interstate 39.  The tornado moved east through Monroe Center where trees were snapped and uprooted as well as power lines blown down.  The tornado turned to the northeast with a narrow path of crop damage observed in high resolution satellite imagery.  The tornado ended in a field, north of Route 72 about halfway between Mulford Road and Willoughby Road.","A derecho moved across northern Illinois during the evening of July 15th producing widespread wind damage and 30 tornadoes in northeast Illinois.  One of these tornadoes crossed into northwest Indiana.  At the height of the storms, 430,000 customers lost power with some power not restored for four days, on July 19th.",311
1204492,HENRY CO.,KEWANEE,07/15/2024,1907,Tornado, ,EF1,0,0,50000,50000,IL,CST-6, ,194804,C,73,DVN,0,0,NWS Storm Survey, ,1.7,50,2,NNW,1,NNE,KEWANEE,07/15/2024,1910,41.26,-89.95,41.25,-89.92,"An NWS Storm Survey found a second tornado in Kewanee. The tornado was 50 yards wide with peak winds of 105 MPH, which caused damage on the north side of Kewanee. Damage was noted to several large trees including large ones snapped in a park and golf course. There was also some roof damage to a couple of businesses and a storage building.","Thunderstorms rapidly developed over northern Iowa during the afternoon and organized into a powerful line of wind producing storms that surged through the Quad Cities and into northern and central Illinois through the evening hours.  These storms brought widespread damaging winds up to 100 mph for many locations, extending across eastern Iowa, much of Illinois, and into Indiana.  The Storm Prediction Center has classified this event as a Derecho which by definition is a swath of wind damage at least 400 miles long and at least 60 miles wide including several well-separated significant wind gusts over 75 mph.  Corridors of significant wind damage occurred along Highway 20. 10 tornadoes also occurred with these storms in the NWS Quad Cities service area. ||In addition to the wind, very heavy rainfall fell in a short amount of time with many locations seeing over an inch.  The highest totals fell in McDonough and Warren counties in Illinois where amounts between 2 and 3 inches fell.",312
1200018,KNOX CO.,WILLIAMSFIELD,07/15/2024,1907,Tornado, ,EF1,0,0,0,0,IL,CST-6, ,194063,C,95,ILX,0,0,NWS Storm Survey, ,1.25,150,3,N,2,NNE,WILLIAMSFIELD,07/15/2024,1908,40.96,-90.02,40.95,-90,"This short tornado touched down two miles north of Williamsfield, west of North State Route 180, and moved southeast for one mile while producing significant tree damage along Route 180 and in the field to the east. Many of the trees were blocking Route 180. The tornado lifted just south of County Road 1660 North.","On the evening of July 15, 2024, a derecho brought very strong winds, several tornadoes, and heavy rainfall to a good portion of the Midwest. Thunderstorms initiated over central Iowa during the late afternoon hours then quickly spread east-southeast through southern Wisconsin, the northern half of Illinois, southern Michigan, and the northern/central Indiana. The event produced significant tree damage, some structural damage, and 10 tornadoes within the NWS Lincoln County Warning Area, most of which were rated EF-0 or EF-1. Back building of storms into the morning of July 16, 2024, brought very heavy rainfall and flash flooding near and south of a Galesburg to Sullivan line. The heaviest rain fell over Fulton and Mason counties where 4-8 was reported, necessitating some road closures and producing damage to roadways in Fulton County. One indirect death occurred in Peoria County as part of this thunderstorm event.",313
1200019,PEORIA CO.,LAURA,07/15/2024,1915,Tornado, ,EF0,0,0,0,0,IL,CST-6, ,194063,C,143,ILX,0,0,NWS Storm Survey, ,4.35,80,0,NNW,1,S,PRINCEVILLE,07/15/2024,1919,40.925,-89.833,40.92,-89.75,"The tornado began in Monica, damaging a couple of roofs and trees in that area. It then progressed south of Princeville, damaging several large trees before dissipating along W Drive south of Princeville.","On the evening of July 15, 2024, a derecho brought very strong winds, several tornadoes, and heavy rainfall to a good portion of the Midwest. Thunderstorms initiated over central Iowa during the late afternoon hours then quickly spread east-southeast through southern Wisconsin, the northern half of Illinois, southern Michigan, and the northern/central Indiana. The event produced significant tree damage, some structural damage, and 10 tornadoes within the NWS Lincoln County Warning Area, most of which were rated EF-0 or EF-1. Back building of storms into the morning of July 16, 2024, brought very heavy rainfall and flash flooding near and south of a Galesburg to Sullivan line. The heaviest rain fell over Fulton and Mason counties where 4-8 was reported, necessitating some road closures and producing damage to roadways in Fulton County. One indirect death occurred in Peoria County as part of this thunderstorm event.",314
1200020,PEORIA CO.,DUNLAP,07/15/2024,1921,Tornado, ,EF1,0,0,0,0,IL,CST-6, ,194063,C,143,ILX,0,0,NWS Storm Survey, ,2.4,150,5,W,3,SW,DUNLAP,07/15/2024,1923,40.86,-89.758,40.846,-89.716,"This tornado began four miles west of Dunlap in a wooded area northwest of the corner of west Legion Hall Road and north Mendenhall Road. It moved southeast where it produced significant tree damage on five different properties, and one homestead lost 40 trees. Many of the trees were very tall pine trees which were snapped. The tornado continued southeast, knocking a tree onto power lines along Evans Mill Road. It produced more tree damage along Fuecht Road, and then lifted in a field east of the road about two miles west-southwest of Dunlap.","On the evening of July 15, 2024, a derecho brought very strong winds, several tornadoes, and heavy rainfall to a good portion of the Midwest. Thunderstorms initiated over central Iowa during the late afternoon hours then quickly spread east-southeast through southern Wisconsin, the northern half of Illinois, southern Michigan, and the northern/central Indiana. The event produced significant tree damage, some structural damage, and 10 tornadoes within the NWS Lincoln County Warning Area, most of which were rated EF-0 or EF-1. Back building of storms into the morning of July 16, 2024, brought very heavy rainfall and flash flooding near and south of a Galesburg to Sullivan line. The heaviest rain fell over Fulton and Mason counties where 4-8 was reported, necessitating some road closures and producing damage to roadways in Fulton County. One indirect death occurred in Peoria County as part of this thunderstorm event.",315
1200022,PEORIA CO.,ALTA,07/15/2024,1925,Tornado, ,EF0,0,0,0,0,IL,CST-6, ,194063,C,143,ILX,0,0,NWS Storm Survey, ,2.54,100,3,W,1,SW,ALTA,07/15/2024,1928,40.825,-89.684,40.813,-89.638,"The tornado began three miles northwest of Alta, along west Club Road near the intersection with Route 91. It damaged several trees in that neighborhood. The tornado then progressed east, producing additional tree damage as well as roof and siding damage to a home in the Trail View Estates neighborhood. Additional tree damage occurred along west Alta Lane before the tornado dissipated as it reached Alta.","On the evening of July 15, 2024, a derecho brought very strong winds, several tornadoes, and heavy rainfall to a good portion of the Midwest. Thunderstorms initiated over central Iowa during the late afternoon hours then quickly spread east-southeast through southern Wisconsin, the northern half of Illinois, southern Michigan, and the northern/central Indiana. The event produced significant tree damage, some structural damage, and 10 tornadoes within the NWS Lincoln County Warning Area, most of which were rated EF-0 or EF-1. Back building of storms into the morning of July 16, 2024, brought very heavy rainfall and flash flooding near and south of a Galesburg to Sullivan line. The heaviest rain fell over Fulton and Mason counties where 4-8 was reported, necessitating some road closures and producing damage to roadways in Fulton County. One indirect death occurred in Peoria County as part of this thunderstorm event.",316
1200023,WOODFORD CO.,GERMANTOWN HILLS,07/15/2024,1936,Tornado, ,EF1,0,0,0,0,IL,CST-6, ,194063,C,203,ILX,0,0,NWS Storm Survey, ,0.38,100,1,SW,1,NNW,EDGEWOOD HILLS,07/15/2024,1937,40.76,-89.489,40.757,-89.483,"The tornado began one mile southwest of Germantown Hills, on the northwest side of State Route 116, producing tree damage before moving southeast to the other side of the highway and causing more tree damage. The top of one pine tree was broken off and driven into the ground, about 30 yards northeast of the original tree. The tornado continued southeast into a heavily wooded area and dissipated.","On the evening of July 15, 2024, a derecho brought very strong winds, several tornadoes, and heavy rainfall to a good portion of the Midwest. Thunderstorms initiated over central Iowa during the late afternoon hours then quickly spread east-southeast through southern Wisconsin, the northern half of Illinois, southern Michigan, and the northern/central Indiana. The event produced significant tree damage, some structural damage, and 10 tornadoes within the NWS Lincoln County Warning Area, most of which were rated EF-0 or EF-1. Back building of storms into the morning of July 16, 2024, brought very heavy rainfall and flash flooding near and south of a Galesburg to Sullivan line. The heaviest rain fell over Fulton and Mason counties where 4-8 was reported, necessitating some road closures and producing damage to roadways in Fulton County. One indirect death occurred in Peoria County as part of this thunderstorm event.",317
1200027,WOODFORD CO.,CAZENOVIA,07/15/2024,1938,Tornado, ,EF0,0,0,0,0,IL,CST-6, ,194063,C,203,ILX,0,0,NWS Storm Survey, ,1.37,80,2,WSW,1,SW,CAZENOVIA,07/15/2024,1939,40.843,-89.376,40.837,-89.351,"This tornado began two miles west-southwest of Cazenovia, north of Black Partridge Road, and moved southeast producing tree damage at three properties along the road. The worst tree damage was to a property west-northwest of the intersection of Black Partridge Road and Wienman Road. At this property, dozens of trees were damaged. The tornado continued southeast and produced damage to a cornfield. The damage could be seen in Sentinel satellite data. The tornado dissipated about three tenths of a mile southeast of the intersection of Black Partridge Road and Wienman Road.","On the evening of July 15, 2024, a derecho brought very strong winds, several tornadoes, and heavy rainfall to a good portion of the Midwest. Thunderstorms initiated over central Iowa during the late afternoon hours then quickly spread east-southeast through southern Wisconsin, the northern half of Illinois, southern Michigan, and the northern/central Indiana. The event produced significant tree damage, some structural damage, and 10 tornadoes within the NWS Lincoln County Warning Area, most of which were rated EF-0 or EF-1. Back building of storms into the morning of July 16, 2024, brought very heavy rainfall and flash flooding near and south of a Galesburg to Sullivan line. The heaviest rain fell over Fulton and Mason counties where 4-8 was reported, necessitating some road closures and producing damage to roadways in Fulton County. One indirect death occurred in Peoria County as part of this thunderstorm event.",318
1193930,DE KALB CO.,MAPLE PARK,07/15/2024,1938,Tornado, ,EFU,0,0,0,0,IL,CST-6, ,192058,C,37,LOT,0,0,NWS Storm Survey, ,1.4,50,1,NNW,2,NNE,MAPLE PARK,07/15/2024,1940,41.9101,-88.6181,41.9257,-88.6013,"High resolution satellite imagery showed a tornado began near the intersection of Maple Park Road and Pritchard Road and moved northeast producing damage to crops.  The tornado crossed into Kane County just south of the intersection of County Line Road and Pleasant Street.  Since the only known damage from this tornado was to crops, it was assigned the EF-U (unknown) rating.","A derecho moved across northern Illinois during the evening of July 15th producing widespread wind damage and 30 tornadoes in northeast Illinois.  One of these tornadoes crossed into northwest Indiana.  At the height of the storms, 430,000 customers lost power with some power not restored for four days, on July 19th.",319
1200028,TAZEWELL CO.,CLOVERDALE,07/15/2024,1939,Tornado, ,EF1,0,0,0,0,IL,CST-6, ,194063,C,179,ILX,0,0,NWS Storm Survey, ,12.2,100,1,W,3,NE,MACKINAW,07/15/2024,1954,40.65,-89.52,40.56,-89.32,"The tornado began in East Peoria, near Bloomington Road and Pleasant Hill Road. It continued along Interstate 74 toward the north side of Morton where it damaged an industrial complex. The tornado then continued toward the east side of Morton near the high school, snapping several hardwood trees along the way. The tornado continued southeast into rural Tazewell County, mainly north of Mackinaw near Dee Mack Road and toward the American Legion post where siding was ripped off the east side of the building. The tornado dissipated shortly after that time.","On the evening of July 15, 2024, a derecho brought very strong winds, several tornadoes, and heavy rainfall to a good portion of the Midwest. Thunderstorms initiated over central Iowa during the late afternoon hours then quickly spread east-southeast through southern Wisconsin, the northern half of Illinois, southern Michigan, and the northern/central Indiana. The event produced significant tree damage, some structural damage, and 10 tornadoes within the NWS Lincoln County Warning Area, most of which were rated EF-0 or EF-1. Back building of storms into the morning of July 16, 2024, brought very heavy rainfall and flash flooding near and south of a Galesburg to Sullivan line. The heaviest rain fell over Fulton and Mason counties where 4-8 was reported, necessitating some road closures and producing damage to roadways in Fulton County. One indirect death occurred in Peoria County as part of this thunderstorm event.",320
1200025,WOODFORD CO.,GERMANTOWN,07/15/2024,1939,Tornado, ,EF1,0,0,0,0,IL,CST-6, ,194063,C,203,ILX,0,0,NWS Storm Survey, ,1.16,100,2,SE,3,SE,GERMANTOWN,07/15/2024,1940,40.753,-89.448,40.7477,-89.427,"This tornado began one mile southeast of Germantown Hills in a wooded subdivision along Woodford Way, producing tree damage to multiple trees. The tornado continued to the southeast through a newer subdivision along Tazewood Road. It damaged multiple trees on one property at the end of Olivia Court, and resulted in damage to siding and a hole in the roof. This house also had one window blown in on the back side of the house. The tornado continued southeast, uprooting two trees at the corner of Tazewood and Nofsinger Road as it continued into Tazewell County. The tornado dissipated briefly after crossing the county line. The damage produced by this tornado was rated EF-1 in both Woodford and Tazewell counties.","On the evening of July 15, 2024, a derecho brought very strong winds, several tornadoes, and heavy rainfall to a good portion of the Midwest. Thunderstorms initiated over central Iowa during the late afternoon hours then quickly spread east-southeast through southern Wisconsin, the northern half of Illinois, southern Michigan, and the northern/central Indiana. The event produced significant tree damage, some structural damage, and 10 tornadoes within the NWS Lincoln County Warning Area, most of which were rated EF-0 or EF-1. Back building of storms into the morning of July 16, 2024, brought very heavy rainfall and flash flooding near and south of a Galesburg to Sullivan line. The heaviest rain fell over Fulton and Mason counties where 4-8 was reported, necessitating some road closures and producing damage to roadways in Fulton County. One indirect death occurred in Peoria County as part of this thunderstorm event.",321
1200026,TAZEWELL CO.,HARVARD HILLS,07/15/2024,1940,Tornado, ,EF1,0,0,0,0,IL,CST-6, ,194063,C,179,ILX,0,0,NWS Storm Survey, ,0.07,100,3,ENE,3,ENE,HARVARD HILLS,07/15/2024,1941,40.7477,-89.427,40.747,-89.426,"This tornado began in Woodford County, forming one mile southeast of Germantown Hills. As it crossed into Tazewell County, it uprooted two trees at the intersection of Tazewood and Nofsinger Roads. It dissipated briefly after crossing the county line. The damage produced by this tornado was rated EF-1 in both Woodford and Tazewell counties.","On the evening of July 15, 2024, a derecho brought very strong winds, several tornadoes, and heavy rainfall to a good portion of the Midwest. Thunderstorms initiated over central Iowa during the late afternoon hours then quickly spread east-southeast through southern Wisconsin, the northern half of Illinois, southern Michigan, and the northern/central Indiana. The event produced significant tree damage, some structural damage, and 10 tornadoes within the NWS Lincoln County Warning Area, most of which were rated EF-0 or EF-1. Back building of storms into the morning of July 16, 2024, brought very heavy rainfall and flash flooding near and south of a Galesburg to Sullivan line. The heaviest rain fell over Fulton and Mason counties where 4-8 was reported, necessitating some road closures and producing damage to roadways in Fulton County. One indirect death occurred in Peoria County as part of this thunderstorm event.",322
1193931,KANE CO.,MAPLE PARK,07/15/2024,1940,Tornado, ,EFU,0,0,0,0,IL,CST-6, ,192058,C,89,LOT,0,0,NWS Storm Survey, ,0.4,50,2,N,2,N,MAPLE PARK,07/15/2024,1941,41.9257,-88.6013,41.9298,-88.5973,"High resolution satellite imagery showed a tornado which began in De Kalb County and crossed into Kane County just south of the intersection of County Line Road and Pleasant Street, produced only crop damage.  The tornado ended in a field east of County Line Road and south of Union Ditch 3.  Since the only known damage from this tornado was to crops, it was assigned the EF-U (unknown) rating.","A derecho moved across northern Illinois during the evening of July 15th producing widespread wind damage and 30 tornadoes in northeast Illinois.  One of these tornadoes crossed into northwest Indiana.  At the height of the storms, 430,000 customers lost power with some power not restored for four days, on July 19th.",323
1193932,KANE CO.,BIG ROCK,07/15/2024,1949,Tornado, ,EF1,0,0,0,0,IL,CST-6, ,192058,C,89,LOT,0,0,NWS Storm Survey, ,8.4,300,2,E,2,SW,NORTH AURORA,07/15/2024,2000,41.756,-88.5173,41.7769,-88.3569,"A tornado with estimated peak winds of 95 mph touched down just inside the entrance to the Big Rock Campground near Granart Road.  Extensive, primarily EF-0, tree damage occurred along the path of this tornado.  The tornado was likely at peak intensity as it moved through Sugar Grove, just south of Route 30.  Several homes had minor roof damage near Ridgeview Lane.  Several healthy trees were uprooted and snapped. The tornado passed over the Sugar Grove Fire Department building near Municipal Drive which suffered minor structural damage, some of which appeared to be caused by flying tree debris.  An approximately 2,000 pound partial roof for firefighter training was lifted and moved a couple of feet.  Additional minor structural damage occurred at some residences in nearby subdivisions.  The tornado continued moving east northeast, crossing Route 56 twice, before moving into the west side of Aurora.  The tornado crossed Route 83 where it produced sporadic shingle and fascia damage along with continued tree damage.  Several fences were also blown down.  The tornado appeared to end just east of Edgelawn Drive.","A derecho moved across northern Illinois during the evening of July 15th producing widespread wind damage and 30 tornadoes in northeast Illinois.  One of these tornadoes crossed into northwest Indiana.  At the height of the storms, 430,000 customers lost power with some power not restored for four days, on July 19th.",324
1200029,TAZEWELL CO.,DEER CREEK,07/15/2024,1951,Tornado, ,EFU,0,0,0,0,IL,CST-6, ,194063,C,179,ILX,0,0,NWS Storm Survey, ,0.87,80,2,SSW,3,S,DEER CREEK,07/15/2024,1952,40.6,-89.35,40.59,-89.34,"Sentinel satellite data revealed a tornado began south of Deer Creek, near the intersection of Victory Hills Road and Dee-Mack Road, traveling southeast through a cornfield and ending just shy of Wurster Road. The maximum width occurred near Wurster Road.","On the evening of July 15, 2024, a derecho brought very strong winds, several tornadoes, and heavy rainfall to a good portion of the Midwest. Thunderstorms initiated over central Iowa during the late afternoon hours then quickly spread east-southeast through southern Wisconsin, the northern half of Illinois, southern Michigan, and the northern/central Indiana. The event produced significant tree damage, some structural damage, and 10 tornadoes within the NWS Lincoln County Warning Area, most of which were rated EF-0 or EF-1. Back building of storms into the morning of July 16, 2024, brought very heavy rainfall and flash flooding near and south of a Galesburg to Sullivan line. The heaviest rain fell over Fulton and Mason counties where 4-8 was reported, necessitating some road closures and producing damage to roadways in Fulton County. One indirect death occurred in Peoria County as part of this thunderstorm event.",325
1193933,KANE CO.,(ARR) AURORA MUNICIPAL AIRPORT,07/15/2024,1952,Tornado, ,EF0,0,0,0,0,IL,CST-6, ,192058,C,89,LOT,0,0,NWS Storm Survey, ,10.1,250,1,NNW,0,W,MARYWOOD,07/15/2024,2005,41.7895,-88.4774,41.8003,-88.2844,"A tornado with estimated peak winds of 85 mph touched down west of Esker Road, just north of the Aurora Municipal Airport and moved northeast crossing Route 47 onto the campus of Waubonsee Community College where several trees and trees limbs were snapped and blown down.  The tornado then moved through a subdivision just south of Interstate 88 where it produced sporadic minor roof damage to some homes and continued producing tree damage including uprooted and some snapped trees.  Utility poles were also damaged.  The tornado crossed Interstate 88 then crossed Route 83 where it produced tree damage and minor fascia damage to some homes between Oak Street and Interstate 88.  Minor damage was reported to houses and to cars from the fallen tree limbs.  Power lines were also blown down in this area.  The tornado crossed the Fox River and continued to produce sporadic tree damage until it ended near Interstate 88 and Farnsworth Avenue.","A derecho moved across northern Illinois during the evening of July 15th producing widespread wind damage and 30 tornadoes in northeast Illinois.  One of these tornadoes crossed into northwest Indiana.  At the height of the storms, 430,000 customers lost power with some power not restored for four days, on July 19th.",326
1200030,WOODFORD CO.,SPIRES,07/15/2024,1955,Tornado, ,EF0,0,0,0,0,IL,CST-6, ,194063,C,203,ILX,0,0,NWS Storm Survey, ,3.58,30,2,WNW,3,NE,SPIRES,07/15/2024,1959,40.883,-88.996,40.9003,-88.9314,"The tornado began two miles east-southeast of Minonk, near a residence on County Road 2000, producing damage to several trees. Sentinel satellite data showed the tornado tracked northeast through several corn fields, producing damage to the corn. The tornado damaged more trees at a residence on County Road 2100, very close to the Woodford-Livingston county line. The tornado then continued into Livingston County, where it produced damage to trees, corn, and utility poles before quickly dissipating after two tenths of a mile. The damage was rated EF-0 in both Woodford and Livingston counties.","On the evening of July 15, 2024, a derecho brought very strong winds, several tornadoes, and heavy rainfall to a good portion of the Midwest. Thunderstorms initiated over central Iowa during the late afternoon hours then quickly spread east-southeast through southern Wisconsin, the northern half of Illinois, southern Michigan, and the northern/central Indiana. The event produced significant tree damage, some structural damage, and 10 tornadoes within the NWS Lincoln County Warning Area, most of which were rated EF-0 or EF-1. Back building of storms into the morning of July 16, 2024, brought very heavy rainfall and flash flooding near and south of a Galesburg to Sullivan line. The heaviest rain fell over Fulton and Mason counties where 4-8 was reported, necessitating some road closures and producing damage to roadways in Fulton County. One indirect death occurred in Peoria County as part of this thunderstorm event.",327
1193934,KENDALL CO.,BRISTOL,07/15/2024,1955,Tornado, ,EF1,0,0,0,0,IL,CST-6, ,192058,C,93,LOT,0,0,NWS Storm Survey, ,10.9,200,2,W,3,N,PLAINFIELD,07/15/2024,2007,41.6848,-88.4695,41.689,-88.261,"A tornado with estimated peak winds of 100 mph touched down between Beecher Road and Rob Roy Creek on the north side of Yorkville.  The tornado moved east through Bristol producing tree damage and then moved through Oswego where extensive tree damage occurred.  Numerous large trees were uprooted and snapped in a subdivision near Route 71.  Some of the trees fell onto houses and other trees brought down utility poles and power lines.  It is at this location, just east of the Fox River, where the tornado was likely at peak intensity.  Roof damage to multiple homes occurred near Southbury Boulevard and Lakeshore Drive.  The tornado continued moving east northeast producing sporadic tree damage and crossed into Will County just west of the intersection of Route 30 and Eola Road.","A derecho moved across northern Illinois during the evening of July 15th producing widespread wind damage and 30 tornadoes in northeast Illinois.  One of these tornadoes crossed into northwest Indiana.  At the height of the storms, 430,000 customers lost power with some power not restored for four days, on July 19th.",328
1193924,LIVINGSTON CO.,FLANAGAN,07/15/2024,1959,Tornado, ,EF0,0,0,0,0,IL,CST-6, ,192058,C,105,LOT,0,0,NWS Storm Survey, ,0.2,30,4,WNW,4,WNW,FLANAGAN,07/15/2024,2000,40.9003,-88.9314,40.9009,-88.9286,"A tornado with estimated peak winds of 85 mph touched down in Woodford County and then crossed into Livingston County just north of E 1900 North Road.  Damage in Livingston County consisted of utility poles leaning and crop damage.  The tornado ended just west of Mole Creek.","A derecho moved across northern Illinois during the evening of July 15th producing widespread wind damage and 30 tornadoes in northeast Illinois.  One of these tornadoes crossed into northwest Indiana.  At the height of the storms, 430,000 customers lost power with some power not restored for four days, on July 19th.",329
1194165,KENDALL CO.,LISBON,07/15/2024,2006,Tornado, ,EF1,0,0,0,0,IL,CST-6, ,192058,C,93,LOT,0,0,NWS Storm Survey, ,8,250,4,ESE,2,NNE,MINOOKA,07/15/2024,2014,41.465,-88.4033,41.4911,-88.2532,"A tornado with estimated peak winds of 110 mph touched down just east of Ashley Road about halfway between Sherrill Road and Whitewillow Road.  The tornado moved east northeast producing sporadic tree damage until it crossed County Line Road and moved into Will County, just south of Mound Road.","A derecho moved across northern Illinois during the evening of July 15th producing widespread wind damage and 30 tornadoes in northeast Illinois.  One of these tornadoes crossed into northwest Indiana.  At the height of the storms, 430,000 customers lost power with some power not restored for four days, on July 19th.",330
1193935,WILL CO.,TAMARACK,07/15/2024,2007,Tornado, ,EF1,0,0,0,0,IL,CST-6, ,192058,C,197,LOT,0,0,NWS Storm Survey, ,8.3,200,3,NNW,2,NE,(1C5) BOLINGBROOK CLOW AIRPORT,07/15/2024,2018,41.689,-88.261,41.72,-88.1113,"A tornado with estimated peak winds of 100 mph which touched down in Kendall County crossed into Will County just west of the intersection of Route 30 and Eola Road.  The tornado moved east northeast producing tree damage along its path.  Several small trees were snapped between 95th Street and 103rd Street.  The tornado crossed Route 14 and numerous tree limbs were blown down just north of Knoch Knolls Road.  The tornado crossed Washington Street and continued producing tree damage until it ended near Kelm Road just south of Walnut Ridge Park.","A derecho moved across northern Illinois during the evening of July 15th producing widespread wind damage and 30 tornadoes in northeast Illinois.  One of these tornadoes crossed into northwest Indiana.  At the height of the storms, 430,000 customers lost power with some power not restored for four days, on July 19th.",331
1194175,GRUNDY CO.,AUX SABLE,07/15/2024,2009,Tornado, ,EF2,0,0,0,0,IL,CST-6, ,192058,C,63,LOT,0,0,NWS Storm Survey, ,6.6,325,3,WSW,1,S,CHANNAHON,07/15/2024,2015,41.3876,-88.3755,41.398,-88.2499,"A tornado with estimated peak winds of 130 mph touched down along Bungalow Road, east of Gun Club Road producing sporadic tree damage.  The tornado moved east northeast along the Illinois River and just before it crossed into Will County, the tornado expanded in size and was likely at its maximum path width of 325 yards as it was crossing into Will County between Lauren Drive and Old Kerry Grove Road.  Several trees and utility poles were blown down in this area.","A derecho moved across northern Illinois during the evening of July 15th producing widespread wind damage and 30 tornadoes in northeast Illinois.  One of these tornadoes crossed into northwest Indiana.  At the height of the storms, 430,000 customers lost power with some power not restored for four days, on July 19th.",332
1194145,KENDALL CO.,JOLIET,07/15/2024,2010,Tornado, ,EF0,0,0,0,0,IL,CST-6, ,192058,C,93,LOT,0,0,NWS Storm Survey, ,2.4,300,2,WNW,1,NNE,JOLIET,07/15/2024,2013,41.5586,-88.3015,41.566,-88.2561,"A tornado with estimated peak winds of 80 mph touched down in a field south of Caton Farm Road and west of Arbeiter Road.  The tornado moved east northeast through the Greywell Club subdivision where it caused damage to trees and fences as well as minor roof damage.  The tornado crossed Ridge Road where it snapped a tall tree trunk in the middle and then damaged the roof of the Plainfield South High School.  The tornado crossed Caton Farm Road and moved east northeast crossing into Will County just south of Desert Drive.","A derecho moved across northern Illinois during the evening of July 15th producing widespread wind damage and 30 tornadoes in northeast Illinois.  One of these tornadoes crossed into northwest Indiana.  At the height of the storms, 430,000 customers lost power with some power not restored for four days, on July 19th.",333
1194154,WILL CO.,SHOREWOOD,07/15/2024,2013,Tornado, ,EF0,0,0,0,0,IL,CST-6, ,192058,C,197,LOT,0,0,NWS Storm Survey, ,14.6,300,4,NW,2,SW,HOMER GLEN,07/15/2024,2030,41.566,-88.2561,41.5787,-87.9774,"A tornado with estimated peak winds of 80 mph touched down in Kendall County and crossed into Will County between Caton Farm Road and Desert Drive.  The tornado produced sporadic tree damage north of Caton Farm Road, then crossed Route 59 and produced quite a bit of tree damage on Arbor Creek Drive.  The tornado crossed Interstate 55 and moved over the Louis Joliet Mall.  Roof and fascia damage occurred to a church just east of the mall at the corner of Route 30 and Hennepin Drive.  The tornado jogged northeast and crossed the intersection of Weber Road and Division Street, where it produced minor roof and fascia damage to homes along with continued sporadic tree damage.  The tornado continued producing sporadic tree damage as it moved east crossing Route 53 and then the Des Plaines River.  The tornado moved across Lockport where tree limbs and fences were blown down.  Tree damage continued as the tornado crossed Interstate 355.  Numerous trees were snapped and fences were blown down east through Cedar Road where the tornado ended.","A derecho moved across northern Illinois during the evening of July 15th producing widespread wind damage and 30 tornadoes in northeast Illinois.  One of these tornadoes crossed into northwest Indiana.  At the height of the storms, 430,000 customers lost power with some power not restored for four days, on July 19th.",334
1194173,WILL CO.,MINOOKA,07/15/2024,2014,Tornado, ,EF1,0,2,0,0,IL,CST-6, ,192058,C,197,LOT,0,0,NWS Storm Survey, ,11.5,250,3,N,1,SSE,FOREST PARK,07/15/2024,2026,41.4911,-88.2532,41.5414,-88.0433,"A tornado with estimated peak winds of 110 mph which touched down in Kendall County crossed into Will County just south of Mound Road.  It quickly crossed Mound Road where it produced damage to numerous trees and outbuildings.  The tornado continued to produce tree damage in Shorewood, including snapped trees.  It crossed the Fox River and caused a partial roof collapse to a home on Canterbury Street.  Two people inside the house were injured.  The tornado continued moving northeast, crossing Interstate 55 and snapping trees in a forest preserve south of the Joliet Regional Airport.  Several trees were uprooted in a subdivision near McDonough Street and Houbolt Road.  Damage to corn crops also occurred in this area.  The tornado continued moving northeast across the Inwood Golf Course.  Over 100 trees were damaged, some snapped, others uprooted.  Some of the trees that were damaged were 70 years old.  The tornado crossed the intersection of Route 52 and Larkin Avenue.  Significant tree damage, power line damage and utility pole damage occurred in this area.  Numerous roofs were also damaged including a church on Midland Avenue just north of Route 52.  The tornado was likely at peak intensity as it moved through the golf course to areas east of Larkin Avenue.  The tornado continued producing tree damage as it moved northeast and crossed the Des Plaines River.  After crossing the river, the tornado began to weaken producing sporadic tree damage until it ended near the intersection of Route 6 and Briggs Street.","A derecho moved across northern Illinois during the evening of July 15th producing widespread wind damage and 30 tornadoes in northeast Illinois.  One of these tornadoes crossed into northwest Indiana.  At the height of the storms, 430,000 customers lost power with some power not restored for four days, on July 19th.",335
1194176,WILL CO.,CHANNAHON,07/15/2024,2015,Tornado, ,EF2,0,2,0,0,IL,CST-6, ,192058,C,197,LOT,0,0,NWS Storm Survey, ,24.9,325,2,SSW,1,ENE,LINCOLN ESTATES,07/15/2024,2038,41.398,-88.2499,41.5019,-87.7903,"A tornado with estimated peak winds of 130 mph which touched down in Grundy County and crossed into Will County between Lauren Drive and Old Kerry Grove Road.  The tornado was likely at its maximum path width of 325 yards as it was crossing into Will County.  Several trees and utility poles were blown down in this area.  Some homes suffered minor roof damage just west of McKinley Woods Road.  Peak wind speeds of 90 mph were estimated in this area.  The tornado crossed Durkee Road and increased to its peak intensity of 130 mph as it moved across Interstate 55.  In this area, two metal trusses collapsed which caused several high tension power lines to fall across Interstate 55.  When these high tension lines fell, two semi trucks hit the lines and crashed into each other.  Five other vehicles were involved and stuck under and between the high tension lines.  Two people were injured and another person had to wait several hours before it was safe to exit their car.  Interstate 55 was closed until the morning of July 18th while the high tension lines were repaired and debris was removed.  Just west of Interstate 55, several parked semi trucks and trailers were overturned and an office building suffered significant roof damage.  A pickup truck was flipped over and a van was blown onto its side.  Significant damage to trees, utility poles and power lines also occurred in this area.  The tornado continued moving northeast and produced significant tree and utility pole damage along and south of Manhattan Road, just west of Route 53, including damage to mature oak trees and several utility poles snapped along Munch Lane.  Several homes in this area suffered roof damage consisting of numerous shingles removed.  The tornado moved through the Ranch Oaks subdivision just west of Route 52 and south of Jackson Creek causing widespread tree and power line damage.  Some trees fell onto houses, other trees fell onto cars.  Significant tree damage continued as the tornado crossed Route 52.  At least one house suffered structural damage when a large tree fell on it.  Roof damage occurred to several large farm storage buildings as the tornado crossed Baker Road just west of Eastern Avenue.  Tree damage continued along the rest of the path of the tornado in Will County with the tornado crossing Route 45 and then several trees were snapped and uprooted near the Prestwick Country Club.  The tornado crossed Harlem Avenue and moved into Cook County.","A derecho moved across northern Illinois during the evening of July 15th producing widespread wind damage and 30 tornadoes in northeast Illinois.  One of these tornadoes crossed into northwest Indiana.  At the height of the storms, 430,000 customers lost power with some power not restored for four days, on July 19th.",336
1194210,DU PAGE CO.,FLOWERFIELD,07/15/2024,2023,Tornado, ,EF0,0,0,0,0,IL,CST-6, ,192058,C,43,LOT,0,0,NWS Storm Survey, ,3.1,150,1,W,1,ENE,LOMBARD,07/15/2024,2027,41.8675,-88.0533,41.882,-87.998,"A tornado with estimated peak winds of 85 mph touched near Bryant Avenue and Wingate Road and moved northeast where it produced a corridor of concentrated tree damage between Spring Avenue and Woodstock Avenue, just south of Roslyn Road.  Several large, healthy trees were either snapped or had limbs removed.  Structural damage was limited to gouges in stucco on the northwest corner of a house on Cumnor Avenue.  The tornado then crossed Interstate 355 and produced significant tree damage near Madison Street and Edson Street.  A few houses suffered minor roof and fascia damage in this area.  A house on Elizabeth Street had a portion of its roof damaged.  The tornado continued moving northeast in the vicinity of Madison Elementary School where some trees were snapped.  The tornado began to weaken with damage becoming more sparse and the tornado ended near South Broadway Street and Highland Avenue.","A derecho moved across northern Illinois during the evening of July 15th producing widespread wind damage and 30 tornadoes in northeast Illinois.  One of these tornadoes crossed into northwest Indiana.  At the height of the storms, 430,000 customers lost power with some power not restored for four days, on July 19th.",337
1194261,DU PAGE CO.,VILLA PARK,07/15/2024,2029,Tornado, ,EF0,0,0,0,0,IL,CST-6, ,192058,C,43,LOT,0,0,NWS Storm Survey, ,0.8,50,1,ESE,1,WSW,ELMHURST,07/15/2024,2030,41.8867,-87.9777,41.8906,-87.9632,"A brief tornado with estimated peak winds of 75 mph touched down near Kenilworth Avenue and Ardmore Avenue where a highly localized corridor of tree damage occurred including multiple tree limbs and power lines blown down.  The tornado moved northeast crossing St. Charles Road then Salt Creek and ended just west of Kingery Highway.","A derecho moved across northern Illinois during the evening of July 15th producing widespread wind damage and 30 tornadoes in northeast Illinois.  One of these tornadoes crossed into northwest Indiana.  At the height of the storms, 430,000 customers lost power with some power not restored for four days, on July 19th.",338
1194202,WILL CO.,MOKENA,07/15/2024,2033,Tornado, ,EF0,0,0,0,0,IL,CST-6, ,192058,C,197,LOT,0,0,NWS Storm Survey, ,2.9,300,1,W,1,N,ARBURY HILLS,07/15/2024,2036,41.5278,-87.8985,41.5478,-87.8505,"A tornado with estimated peak winds of 85 mph touched down near Francis Road just west of Front Street, then roughly paralleled Front Street and the railroad tracks through downtown Mokena.  Damage along the path consisted of numerous trees, tree limbs and fences blown down, as well as a few instances of structural damage, mainly to roofs of a few buildings.  Utility poles and power lines were also damaged.  The tornado crossed Route 45 and ended near 96th Avenue.","A derecho moved across northern Illinois during the evening of July 15th producing widespread wind damage and 30 tornadoes in northeast Illinois.  One of these tornadoes crossed into northwest Indiana.  At the height of the storms, 430,000 customers lost power with some power not restored for four days, on July 19th.",339
1194263,DU PAGE CO.,BENSENVILLE,07/15/2024,2034,Tornado, ,EF0,0,0,0,0,IL,CST-6, ,192058,C,43,LOT,0,0,NWS Storm Survey, ,1.3,250,1,NW,1,ESE,(ORD) CHICAGO O'HARE AIRPORT,07/15/2024,2037,41.9546,-87.938,41.968,-87.9204,"A tornado with estimated peak winds of 80 mph touched down just southwest of O'Hare Airport in Bensenville where it damaged trees.  The tornado then moved across O'Hare Airport, crossing from DuPage County into Cook County.","A derecho moved across northern Illinois during the evening of July 15th producing widespread wind damage and 30 tornadoes in northeast Illinois.  One of these tornadoes crossed into northwest Indiana.  At the height of the storms, 430,000 customers lost power with some power not restored for four days, on July 19th.",340
1194340,KANKAKEE CO.,DESELM,07/15/2024,2035,Tornado, ,EF0,0,0,0,0,IL,CST-6, ,192058,C,91,LOT,0,0,NWS Storm Survey, ,12.3,275,3,SE,2,ENE,WHITAKER,07/15/2024,2045,41.2252,-87.9257,41.2555,-87.6958,"A tornado with estimated peak winds of 85 mph touched down in a field west of County Road N 2250 W and north of County Road W 7000 N.  The tornado caused tree damage on a farm just after it touched down.  The tornado produced sporadic tree damage, crossing Route 45 where a utility pole was blown down.  It then crossed Interstate 57 and produced extensive tree damage across southern Manteno.  Several homes had minor roof and fascia damage and several fences were damaged.  The tornado continued moving east with several modular homes sustaining skirt and siding damage in a subdivision just west of Sycamore Road. Roofing material was torn off of two distribution warehouse buildings near Boudreau Road.  The tornado then continued east along County Road E 9000 N damaging trees, power lines and farm outbuildings.  The tornado ended in a field just west of Tower Creek.","A derecho moved across northern Illinois during the evening of July 15th producing widespread wind damage and 30 tornadoes in northeast Illinois.  One of these tornadoes crossed into northwest Indiana.  At the height of the storms, 430,000 customers lost power with some power not restored for four days, on July 19th.",341
1194270,COOK CO.,BROADVIEW,07/15/2024,2036,Tornado, ,EF0,0,0,0,0,IL,CST-6, ,192058,C,31,LOT,0,0,NWS Storm Survey, ,1.2,175,1,WNW,1,NNE,BROADVIEW,07/15/2024,2038,41.8641,-87.8692,41.867,-87.8468,"A tornado with estimated peak winds of 85 mph touched down near Roosevelt Road and Bristol Avenue and moved east northeast.  Surveillance video showed roof, siding and window damage occurring to a warehouse building on Gardener Road, just north of Roosevelt Road.  The tornado continued east peeling off portions of the roofs of three apartment buildings along 25th Avenue, north of Roosevelt Road and depositing the roofing material into an adjacent alley.  A garage partially collapsed on 25th Avenue.  The tornado then produced only tree damage before it ended near 12th Street between Harvard Street and Fillmore Street.","A derecho moved across northern Illinois during the evening of July 15th producing widespread wind damage and 30 tornadoes in northeast Illinois.  One of these tornadoes crossed into northwest Indiana.  At the height of the storms, 430,000 customers lost power with some power not restored for four days, on July 19th.",342
1194265,COOK CO.,BENSENVILLE,07/15/2024,2037,Tornado, ,EF0,0,0,0,0,IL,CST-6, ,192058,C,31,LOT,0,0,NWS Storm Survey, ,2.8,250,1,N,0,S,ROSEMONT,07/15/2024,2042,41.968,-87.9204,41.9831,-87.8708,"A tornado with estimated peak winds of 80 mph touched down just southwest of O'Hare Airport in DuPage County then continued moving east northeast across O'Hare Airport after crossing into Cook County.  While the tornado was moving across the airport, windows, doors and exterior paneling and roofing of multiple terminals and gates were damaged.  Carts and loose objects were also pushed around or thrown.  The tornado continued moving east near Interstate 190 where at least one tree was blown down.  The tornado ended just west of Interstate 294.","A derecho moved across northern Illinois during the evening of July 15th producing widespread wind damage and 30 tornadoes in northeast Illinois.  One of these tornadoes crossed into northwest Indiana.  At the height of the storms, 430,000 customers lost power with some power not restored for four days, on July 19th.",343
1194272,COOK CO.,WILLOW SPRINGS,07/15/2024,2037,Tornado, ,EF1,0,0,0,0,IL,CST-6, ,192058,C,31,LOT,0,0,NWS Storm Survey, ,2.1,75,1,N,1,SSW,BEDFORD PARK,07/15/2024,2040,41.7513,-87.8573,41.7564,-87.8181,"A tornado with estimated peak winds of 90 mph touched down near the Chicago Sanitary and Ship Canal immediately north of Interstate 294.  It moved across a mobile home park where it caused damage to trees and homes north of Park Avenue.  The tornado crossed Garden Lane where several large, healthy trees were either uprooted or snapped.  Minor shingle, siding and fascia damage to homes also occurred.  A greenhouse was blown about 75 feet to the north.  The tornado was likely at peak intensity in this area.  The tornado continued through a cemetery and broadened considerably as it ended east of Roberts Road near 74th Place.","A derecho moved across northern Illinois during the evening of July 15th producing widespread wind damage and 30 tornadoes in northeast Illinois.  One of these tornadoes crossed into northwest Indiana.  At the height of the storms, 430,000 customers lost power with some power not restored for four days, on July 19th.",344
1194196,COOK CO.,MATTESON,07/15/2024,2038,Tornado, ,EF2,0,0,0,0,IL,CST-6, ,192058,C,31,LOT,0,0,NWS Storm Survey, ,3.1,325,4,W,2,NW,MATTESON,07/15/2024,2041,41.5019,-87.7903,41.521,-87.7378,"A tornado with estimated peak winds of 130 mph touched down in Grundy County, moved northeast across Will County and crossed Harlem Avenue and into Cook County between Route 30 and Old Plank Road.  The tornado had weakened as it moved into Cook County but still produced tree damage along its path, crossing Route 30, then crossing Interstate 57 and ending near Matteson Avenue just west of Cicero Avenue.","A derecho moved across northern Illinois during the evening of July 15th producing widespread wind damage and 30 tornadoes in northeast Illinois.  One of these tornadoes crossed into northwest Indiana.  At the height of the storms, 430,000 customers lost power with some power not restored for four days, on July 19th.",345
1194346,WILL CO.,PEOTONE,07/15/2024,2041,Tornado, ,EF0,0,0,0,0,IL,CST-6, ,192058,C,197,LOT,0,0,NWS Storm Survey, ,6.4,100,2,SSW,3,WSW,BEECHER,07/15/2024,2046,41.3082,-87.7869,41.3268,-87.6681,"A tornado with estimated peak winds of 85 mph touched down near the intersection of Drecksler Road and Kennedy Road where numerous large tree limbs were blown down.  The tops of approximately 20 trees were sheared off about a quarter mile south of Kennedy Road.  The tornado tracked nearly due east along Kennedy Road producing tree damage until it crossed Egyptian Trail where it turned to the northeast.  A collapsed outbuilding and broken windows were observed to two homes near Egyptian Trail.  The tornado continued producing tree damage and caused significant roof damage to a house on Will Center Road.  The tornado began moving to the east near Crawford Avenue and Corning Road, producing significant tree damage in this area.  Shingles were blown off a roof and a chicken coop was destroyed along Corning Road, just west of Western Avenue.  The tornado then ended east of Western Avenue.","A derecho moved across northern Illinois during the evening of July 15th producing widespread wind damage and 30 tornadoes in northeast Illinois.  One of these tornadoes crossed into northwest Indiana.  At the height of the storms, 430,000 customers lost power with some power not restored for four days, on July 19th.",346
1194280,COOK CO.,PALOS HEIGHTS,07/15/2024,2041,Tornado, ,EF0,0,0,0,0,IL,CST-6, ,192058,C,31,LOT,0,0,NWS Storm Survey, ,5.7,300,2,S,1,WSW,BLUE ISLAND,07/15/2024,2048,41.6438,-87.8004,41.6482,-87.6902,"A tornado with estimated peak winds of 85 mph touched down near Harlem Avenue and 135th Street and moved nearly due east, paralleling 135th Street.  Numerous tree limbs were blown down along trails in a forest preserve south of 135th Street.  Significant tree damage occurred near 135th Street and Central Avenue.  Minor roof damage to a home and a large uprooted tree occurred near Laramie Avenue.  Tree damage occurred during the rest of the path of the tornado, which crossed Interstate 294 and then ended near Mozart Street and 135th Street.","A derecho moved across northern Illinois during the evening of July 15th producing widespread wind damage and 30 tornadoes in northeast Illinois.  One of these tornadoes crossed into northwest Indiana.  At the height of the storms, 430,000 customers lost power with some power not restored for four days, on July 19th.",347
1194291,COOK CO.,OAK FOREST,07/15/2024,2043,Tornado, ,EF0,0,0,0,0,IL,CST-6, ,192058,C,31,LOT,0,0,NWS Storm Survey, ,0.4,85,1,WNW,1,WNW,OAK FOREST,07/15/2024,2044,41.6039,-87.7714,41.6045,-87.7631,"A brief tornado with estimated peak winds of 85 mph touched down just north of 159th Street near Rob Roy Drive.  In addition to tree damage, minor roof and fascia damage occurred to some homes, primarily confined to areas along Brookwood and Arroyo Drives.  One home just west of Arroyo Drive suffered damage to siding, gutters, a vinyl fence and a broken window.  The tornado ended near Terrace Drive and 158th Place.","A derecho moved across northern Illinois during the evening of July 15th producing widespread wind damage and 30 tornadoes in northeast Illinois.  One of these tornadoes crossed into northwest Indiana.  At the height of the storms, 430,000 customers lost power with some power not restored for four days, on July 19th.",348
1194293,COOK CO.,FLOSSMOOR,07/15/2024,2043,Tornado, ,EF1,0,0,0,0,IL,CST-6, ,192058,C,31,LOT,0,0,NWS Storm Survey, ,5.5,250,1,WSW,1,NNE,THORNTON,07/15/2024,2049,41.5379,-87.6939,41.5793,-87.6063,"A tornado with estimated peak winds of 100 mph touched down near Kedzie Avenue and 194th Street.  Extensive tree damage occurred near Hawthorne Lane including large trees snapped and other trees uprooted.  The tornado began moving northeast, crossing Flossmoor Road with more trees uprooted and snapped near Hagen Lane.  Trees were snapped south of Willow Road and some homes suffered minor roof damage as well as had windows blown out.  Tree damage continued along the path and then the tornado partially ripped off the roof to the Thornton Recreation Center on Laura Lane.  Trees were snapped and utility poles were blown down in this area along with a large tree limb that fell onto a house.  The tornado ended near Interstate 294 and Chicago Road.","A derecho moved across northern Illinois during the evening of July 15th producing widespread wind damage and 30 tornadoes in northeast Illinois.  One of these tornadoes crossed into northwest Indiana.  At the height of the storms, 430,000 customers lost power with some power not restored for four days, on July 19th.",349
1194302,COOK CO.,MARKHAM,07/15/2024,2045,Tornado, ,EF0,0,0,0,0,IL,CST-6, ,192058,C,31,LOT,0,0,NWS Storm Survey, ,0.4,125,1,WSW,1,WSW,MARKHAM,07/15/2024,2046,41.5825,-87.7151,41.5855,-87.7086,"A brief tornado with estimated peak winds of 80 mph touched down near 169th Street and Crawford Avenue.  The tornado produced tree damage along its path, which brought down power lines.  A large pine tree was uprooted on Briargate Drive, which fell onto a house.  The tornado ended just after this location, just south of 167th Street.","A derecho moved across northern Illinois during the evening of July 15th producing widespread wind damage and 30 tornadoes in northeast Illinois.  One of these tornadoes crossed into northwest Indiana.  At the height of the storms, 430,000 customers lost power with some power not restored for four days, on July 19th.",350
1194326,COOK CO.,ASHBURN,07/15/2024,2047,Tornado, ,EF1,0,0,0,0,IL,CST-6, ,192058,C,31,LOT,0,0,NWS Storm Survey, ,3.2,150,1,N,1,NW,ENGLEWOOD,07/15/2024,2051,41.7645,-87.7104,41.7772,-87.6536,"A tornado with estimated peak winds of 90 mph touched down in the southwest side of Marquette Park, where several willow trees were snapped near their bases. A concentrated corridor of tree damage continued northeast across the park and golf course.  The tornado was likely at peak intensity as it moved through the park.  Significant tree damage occurred near 66th Street and Artesian Street where residential streets were blocked due to numerous tree limbs and trees down.  At least one light pole was broken.  The tornado turned to the east and produced mainly tree damage when it crossed William Ogden Park, where some healthy trees were snapped.  The tornado ended just northeast of the park, near May Street and 64th Street.","A derecho moved across northern Illinois during the evening of July 15th producing widespread wind damage and 30 tornadoes in northeast Illinois.  One of these tornadoes crossed into northwest Indiana.  At the height of the storms, 430,000 customers lost power with some power not restored for four days, on July 19th.",351
1194315,COOK CO.,EAST GARFIELD PARK,07/15/2024,2047,Tornado, ,EF1,0,0,0,0,IL,CST-6, ,192058,C,31,LOT,0,0,NWS Storm Survey, ,3.1,400,0,S,1,WNW,CHICAGO,07/15/2024,2053,41.8744,-87.6998,41.8817,-87.6408,"A tornado with estimated peak winds of 95 mph touched down just south of Interstate 290 near Francisco Avenue and moved east, until it turned northeast and crossed Interstate 290 between Damen Avenue and Ashland Avenue.  Tree damage occurred along the path of the tornado.  Minor roof damage occurred to a building on Flournoy Street.  More extensive tree damage including healthy trees uprooted occurred near Rush and Stroger Hospitals.  After crossing Interstate 290, the tornado turned east near Skinner Park where the most significant damage occurred.  Numerous large healthy trees were uprooted, one falling on a fence.  Roof damage occurred to a building in Skinner Park and the Chicago Police Academy building sustained minor fascia damage.  The tornado was likely at peak intensity in this area.  The tornado continued producing tree damage, crossed Interstate 90/94 and then ended before reaching the Chicago River.","A derecho moved across northern Illinois during the evening of July 15th producing widespread wind damage and 30 tornadoes in northeast Illinois.  One of these tornadoes crossed into northwest Indiana.  At the height of the storms, 430,000 customers lost power with some power not restored for four days, on July 19th.",352
1194339,COOK CO.,UKRAINIAN VILLAGE,07/15/2024,2050,Tornado, ,EF0,0,0,0,0,IL,CST-6, ,192058,C,31,LOT,0,0,NWS Storm Survey, ,1.4,150,1,WSW,0,NW,WEST TOWN,07/15/2024,2052,41.8974,-87.7035,41.8941,-87.677,"A tornado with estimated peak winds of 85 mph touched down near Sacramento Boulevard and Grand Avenue.  Damage along the path of the tornado consisted of uprooted and snapped trees, tree limbs blown down, utility poles damaged and a few windows blown out of homes.  Minor damage to roofs and siding also occurred.  Photos shared on social media showed a large tree that was uprooted and fell onto the roof of car on Superior Street between Western Avenue and Rockwell Street.  The tornado ended near Huron Street and Damen Avenue.","A derecho moved across northern Illinois during the evening of July 15th producing widespread wind damage and 30 tornadoes in northeast Illinois.  One of these tornadoes crossed into northwest Indiana.  At the height of the storms, 430,000 customers lost power with some power not restored for four days, on July 19th.",353
1194674,KANKAKEE CO.,SHERBURNVILLE,07/15/2024,2051,Tornado, ,EF1,0,0,0,0,IL,CST-6, ,192058,C,91,LOT,0,0,NWS Storm Survey, ,2.6,100,3,NW,3,N,SHERBURNVILLE,07/15/2024,2053,41.2636,-87.5866,41.2781,-87.5406,"A tornado with estimated peak winds of 90 mph touched down in a field just east of County Road N 14500 E and north of County Road E 9000 N. Just after touch down, the tornado peeled off a significant portion of roofing material off a building at a food facility near County Road N 16000 E.  A semi trailer was rolled over in an adjacent parking lot.  The tornado was likely at peak intensity in this area.  The tornado moved northeast across mainly open fields resulting in little damage until after it crossed County Road N 16750 E where numerous trees were damaged and a few homes sustained shingle and fascia damage.  The tornado ended just northeast of this area, in a field just west of County Road N 17500 E.","A derecho moved across northern Illinois during the evening of July 15th producing widespread wind damage and 30 tornadoes in northeast Illinois.  One of these tornadoes crossed into northwest Indiana.  At the height of the storms, 430,000 customers lost power with some power not restored for four days, on July 19th.",354
1194693,WILL CO.,EAGLE LAKE,07/15/2024,2052,Tornado, ,EF0,0,0,0,0,IL,CST-6, ,192058,C,197,LOT,0,0,NWS Storm Survey, ,1.8,300,1,SW,1,E,EAGLE LAKE,07/15/2024,2054,41.3608,-87.5595,41.3699,-87.5263,"A tornado with estimated peak winds of 90 mph touched down west of Yates Avenue, southwest of Eagle Lake where several trees and an outbuilding were damaged.  The tornado moved northeast and crossed into Lake County in northwest Indiana south of Brunswick Road.","A derecho moved across northern Illinois during the evening of July 15th producing widespread wind damage and 30 tornadoes in northeast Illinois.  One of these tornadoes crossed into northwest Indiana.  At the height of the storms, 430,000 customers lost power with some power not restored for four days, on July 19th.",355
1212884,STARK CO.,WEST JERSEY,08/15/2024,2206,Tornado, ,EF1,0,0,0,0,IL,CST-6, ,196043,C,175,ILX,0,0,NWS Storm Survey, ,3.2,50,3,WNW,2,NNE,WEST JERSEY,08/15/2024,2212,41.04,-89.98,41.05,-89.92,"A tornado touched down along Walnut Creek near the Knox County-Stark County line about 3 miles northwest of West Jersey at 11:06pm CDT.  It moved east-northeastward through farm fields before crossing over Walnut Creek again and snapping trees as it progressed across 250 East Road.  The tornado then crossed State Route 78 and dissipated in a field at 11:12pm CDT.","A cold front interacting with a highly unstable airmass triggered a line of severe thunderstorms across west-central Illinois during the evening of August 15th.  The storms swept across Knox County, northern Peoria County, and Stark County...producing scattered wind damage and hail as large as quarters.  One cell spawned a brief EF-1 tornado northwest of West Jersey in Stark County.  The tornado caused mainly tree damage before quickly dissipating.",356
1201319,RANDOLPH CO.,MENARD,08/30/2024,1145,Tornado, ,EF0,0,0,2000,0,IL,CST-6, ,194062,C,157,LSX,0,0,NWS Storm Survey, ,0.08,20,2,NW,2,NNW,MENARD,08/30/2024,1146,37.9389,-89.8463,37.94,-89.8457,"A brief landspout tornado developed along the outflow boundary of a cluster of thunderstorms just north of Chester, IL. The landspout formed just east of Bodes Ln and tracked eastward, impacting several trees and two outbuildings before dissipating in an adjacent field.","Numerous thunderstorms developed ahead of a cold front during the afternoon of August 30th. Due to a modest instability - low wind shear environment, these thunderstorms were pulse in nature with wet microbursts being the primary threat. Although an abundance of microbursts occurred, only one was severe in Macoupin, producing tree damage. A landspout also developed along outflow passing through Randolph County, producing minor damage along its path.",357
1217082,ADAMS CO.,QUINCY,10/30/2024,2230,Tornado, ,EF0,0,0,25000,0,IL,CST-6, ,196732,C,1,LSX,0,0,NWS Storm Survey, ,0.35,100,3,SSE,3,SE,QUINCY,10/30/2024,2231,39.895,-91.3754,39.8962,-91.369,"An EF-0 tornado formed at 1130pm CDT just east of South 24th St. off of Lake Dr. North. As it quickly moved eastward, it produced sporadic tree damage and then minor structural in Payson Heights. From there, it continued eastward, producing sporadic tree damage, including several trees uprooted or snapped, before dissipating at Schildt Ln. The tornado had a path length of 0.35 miles and a max path width of 100 yards. No deaths or injuries were reported.","During the very late evening and early morning hours of October 30th and 31st, a severe QLCS passed through the forecast area. This line produced wind gusts of up to 81 mph east of Quincy. It also produced one tornado during its passage.",358
